Code searched,Matched code,Part Category on Michele,Link to Michele product
MC35,51021E,FILTRO OLIO#,https://e-commerce.michelecaroli.com/wso/pages/user/wso0205.jsf?idaa=369090&codart=51021E&marart=218&seopth=WIX-INDUSTRIAL-HD-51021E-FILTRO-OLIO-
MC3216100R1,27.055.00,FILTRO ARIA DIV.,https://e-commerce.michelecaroli.com/wso/pages/user/wso0205.jsf?idaa=150114&codart=27.055.00&marart=UFIHD&seopth=UFI-HD-27-055-00-FILTRO-ARIA-DIV-
MC3214797R1,2654407-ATS,FILTRO OLIO/OIL FILTER,https://e-commerce.michelecaroli.com/wso/pages/user/wso0205.jsf?idaa=485768&codart=2654407-ATS&marart=156&seopth=ATS-RICAMBI-PERKINS-CC-2654407-ATS-FILTRO-OLIO-OIL-FILTER
MC3146939R1,SA14008,FILTRO ARIA P181088 HIFI,https://e-commerce.michelecaroli.com/wso/pages/user/wso0205.jsf?idaa=288853&codart=SA14008&marart=230&seopth=HIFI-FILTRI-SA14008-FILTRO-ARIA-P181088-HIFI
MC3146576R1,SA14085,FILTRO ARIA P181089 HIFI,https://e-commerce.michelecaroli.com/wso/pages/user/wso0205.jsf?idaa=288874&codart=SA14085&marart=230&seopth=HIFI-FILTRI-SA14085-FILTRO-ARIA-P181089-HIFI
MC311811R91,2654403-ATS,FILTRO OLIO/OIL FILTER# PERKINS,https://e-commerce.michelecaroli.com/wso/pages/user/wso0205.jsf?idaa=485766&codart=2654403-ATS&marart=156&seopth=ATS-RICAMBI-PERKINS-CC-2654403-ATS-FILTRO-OLIO-OIL-FILTER-PERKINS
MC3115569R2,SA14604,FILTRO ARIA P770181 HIFI,https://e-commerce.michelecaroli.com/wso/pages/user/wso0205.jsf?idaa=288937&codart=SA14604&marart=230&seopth=HIFI-FILTRI-SA14604-FILTRO-ARIA-P770181-HIFI
MC306353R91,33080,FILTRO NAFTA esaurito wix,https://e-commerce.michelecaroli.com/wso/pages/user/wso0205.jsf?idaa=365765&codart=33080&marart=218&seopth=WIX-INDUSTRIAL-HD-33080-FILTRO-NAFTA-esaurito-wix
MC249987A1,SA16348,FILTRO ARIA P532966 HIFI ESTERNO ABBINATO CON SA16349,https://e-commerce.michelecaroli.com/wso/pages/user/wso0205.jsf?idaa=289225&codart=SA16348&marart=230&seopth=HIFI-FILTRI-SA16348-FILTRO-ARIA-P532966-HIFI-ESTERNO
MC222422A1,46569E,FILTRO ARIA# P775302,https://e-commerce.michelecaroli.com/wso/pages/user/wso0205.jsf?idaa=369066&codart=46569E&marart=218&seopth=WIX-INDUSTRIAL-HD-46569E-FILTRO-ARIA-P775302
MC222421A1,93326E,FILTRO ARIA P772580,https://e-commerce.michelecaroli.com/wso/pages/user/wso0205.jsf?idaa=369553&codart=93326E&marart=218&seopth=WIX-INDUSTRIAL-HD-93326E-FILTRO-ARIA-P772580
MC221,26540153,FILTRO OLIO/OIL FILTER,https://e-commerce.michelecaroli.com/wso/pages/user/wso0205.jsf?idaa=46765&codart=26540153&marart=155&seopth=PERKINS-26540153-FILTRO-OLIO-OIL-FILTER
MC2078,MC2078,,https://e-commerce.michelecaroli.com/wso/pages/user/wso0205.jsf?idaa=470193&codart=MC2078&marart=955&seopth=REGGISPINTA-MCB-MC2078-REGGISP-HOLDER
MC1966279C1,SP-907,FILTRO OLIO,https://e-commerce.michelecaroli.com/wso/pages/user/wso0205.jsf?idaa=466379&codart=SP-907&marart=ALCO&seopth=ALCO-SP-907-FILTRO-OLIO
MC1701232C91,SN149,FILTRO NAFTA P550012 HIFI,https://e-commerce.michelecaroli.com/wso/pages/user/wso0205.jsf?idaa=298903&codart=SN149&marart=230&seopth=HIFI-FILTRI-SN149-FILTRO-NAFTA-P550012-HIFI
MC162000080845,SN70132,FILTRO SEPAR/W P551430 HIFI,https://e-commerce.michelecaroli.com/wso/pages/user/wso0205.jsf?idaa=299461&codart=SN70132&marart=230&seopth=HIFI-FILTRI-SN70132-FILTRO-SEPAR-W-P551430-HIFI
MC135,51404,FILTRO IDRAULICO,https://e-commerce.michelecaroli.com/wso/pages/user/wso0205.jsf?idaa=368309&codart=51404&marart=218&seopth=WIX-INDUSTRIAL-HD-51404-FILTRO-IDRAULICO
MC133720A1,SA16069,FILTRO ARIA P532410 HIFI ESTERNO ABBINATO CON SA16252,https://e-commerce.michelecaroli.com/wso/pages/user/wso0205.jsf?idaa=289054&codart=SA16069&marart=230&seopth=HIFI-FILTRI-SA16069-FILTRO-ARIA-P532410-HIFI-ESTERNO
MC1329020C2,P552819,FILTRO OLIO DONALDSON P55-2819,https://e-commerce.michelecaroli.com/wso/pages/user/wso0205.jsf?idaa=157063&codart=P552819&marart=227&seopth=DONALDSON-FILTRI-P552819-FILTRO-OLIO-DONALDSON-P55-2819
MC128781A1,MD-7508,FILTRO ARIA,https://e-commerce.michelecaroli.com/wso/pages/user/wso0205.jsf?idaa=464294&codart=MD-7508&marart=ALCO&seopth=ALCO-MD-7508-FILTRO-ARIA
MC10863,SO689,FILTRO OLIO P552518 HIFI,https://e-commerce.michelecaroli.com/wso/pages/user/wso0205.jsf?idaa=300375&codart=SO689&marart=230&seopth=HIFI-FILTRI-SO689-FILTRO-OLIO-P552518-HIFI
MC1,SP4464,,https://e-commerce.michelecaroli.com/wso/pages/user/wso0205.jsf?idaa=414708&codart=SP4464&marart=233&seopth=SF-FILTER-SP4464-FILTRO-OLIO
MC031805,P550173,FILTRO OLIO ATTUALE P550935,https://e-commerce.michelecaroli.com/wso/pages/user/wso0205.jsf?idaa=156489&codart=P550173&marart=227&seopth=DONALDSON-FILTRI-P550173-FILTRO-OLIO-ATTUALE-P550935
MBTA3764921940,X007830,"SEAL CLAMP, 3 IN 76 MM STAINLESS",https://e-commerce.michelecaroli.com/wso/pages/user/wso0205.jsf?idaa=443389&codart=X007830&marart=227&seopth=DONALDSON-FILTRI-X007830-SEAL-CLAMP-3-IN-76-MM-STAINLESS
MBTA3764921340,X007784,"SEAL CLAMP, 4 IN 102 MM STAINLESS",https://e-commerce.michelecaroli.com/wso/pages/user/wso0205.jsf?idaa=443384&codart=X007784&marart=227&seopth=DONALDSON-FILTRI-X007784-SEAL-CLAMP-4-IN-102-MM-STAINLESS
MBTA3764920159,P206554,"FLEX TUBE, 4 IN (102 MM) ID X 18 IN",https://e-commerce.michelecaroli.com/wso/pages/user/wso0205.jsf?idaa=441229&codart=P206554&marart=227&seopth=DONALDSON-FILTRI-P206554-FLEX-TUBE-4-IN-102-MM-ID-X-18-IN
MBTA0416422000,M120365,,https://e-commerce.michelecaroli.com/wso/pages/user/wso0205.jsf?idaa=442946&codart=M120365&marart=227&seopth=DONALDSON-FILTRI-M120365-MUFFLER-OVAL-STYLE-2
MBNA972,P552398,"FUEL FILTER, IN-LINE",https://e-commerce.michelecaroli.com/wso/pages/user/wso0205.jsf?idaa=441614&codart=P552398&marart=227&seopth=DONALDSON-FILTRI-P552398-FUEL-FILTER-IN-LINE
MBF1622100100,MBF1622100100,,https://e-commerce.michelecaroli.com/wso/pages/user/wso0205.jsf?idaa=397747&codart=MBF1622100100&marart=230&seopth=HIFI-FILTRI-MBF1622100100-MEDIA-HIFI
MB868457,P552398,"FUEL FILTER, IN-LINE",https://e-commerce.michelecaroli.com/wso/pages/user/wso0205.jsf?idaa=441614&codart=P552398&marart=227&seopth=DONALDSON-FILTRI-P552398-FUEL-FILTER-IN-LINE
MB868455,P551006,FILTRO NAFTA ATTUALE P552006,https://e-commerce.michelecaroli.com/wso/pages/user/wso0205.jsf?idaa=156888&codart=P551006&marart=227&seopth=DONALDSON-FILTRI-P551006-FILTRO-NAFTA-ATTUALE-P552006
MB8,MB8,,https://e-commerce.michelecaroli.com/wso/pages/user/wso0205.jsf?idaa=131165&codart=MB8&marart=180&seopth=SKF-CUSCINETTI-MB8-ROSETTA
MB8,MB8,,https://e-commerce.michelecaroli.com/wso/pages/user/wso0205.jsf?idaa=131165&codart=MB8&marart=180&seopth=SKF-CUSCINETTI-MB8-ROSETTA
MB6A,SH56231,FILTRO HYDR. P172460 HIFI,https://e-commerce.michelecaroli.com/wso/pages/user/wso0205.jsf?idaa=294078&codart=SH56231&marart=230&seopth=HIFI-FILTRI-SH56231-FILTRO-HYDR-P172460-HIFI
MB6598903,SH56613,FILTRO HYDR. P177047/P163323 HIFI,https://e-commerce.michelecaroli.com/wso/pages/user/wso0205.jsf?idaa=294202&codart=SH56613&marart=230&seopth=HIFI-FILTRI-SH56613-FILTRO-HYDR-P177047-P163323-HIFI
MB6598898,MD-7102,FILTRO ARIA,https://e-commerce.michelecaroli.com/wso/pages/user/wso0205.jsf?idaa=464129&codart=MD-7102&marart=ALCO&seopth=ALCO-MD-7102-FILTRO-ARIA
MB554970,33031,FILTRO NAFTA,https://e-commerce.michelecaroli.com/wso/pages/user/wso0205.jsf?idaa=365728&codart=33031&marart=218&seopth=WIX-INDUSTRIAL-HD-33031-FILTRO-NAFTA
MB551660,P004307,FASCIA MONTAGGIO P00-4307,https://e-commerce.michelecaroli.com/wso/pages/user/wso0205.jsf?idaa=154486&codart=P004307&marart=227&seopth=DONALDSON-FILTRI-P004307-FASCIA-MONTAGGIO-P00-4307
MB504766,P552398,"FUEL FILTER, IN-LINE",https://e-commerce.michelecaroli.com/wso/pages/user/wso0205.jsf?idaa=441614&codart=P552398&marart=227&seopth=DONALDSON-FILTRI-P552398-FUEL-FILTER-IN-LINE
MB504762,P552398,"FUEL FILTER, IN-LINE",https://e-commerce.michelecaroli.com/wso/pages/user/wso0205.jsf?idaa=441614&codart=P552398&marart=227&seopth=DONALDSON-FILTRI-P552398-FUEL-FILTER-IN-LINE
MB504759,P552398,"FUEL FILTER, IN-LINE",https://e-commerce.michelecaroli.com/wso/pages/user/wso0205.jsf?idaa=441614&codart=P552398&marart=227&seopth=DONALDSON-FILTRI-P552398-FUEL-FILTER-IN-LINE
MB4280099,SA14009K,FILTRO ARIA HIFI,https://e-commerce.michelecaroli.com/wso/pages/user/wso0205.jsf?idaa=288854&codart=SA14009K&marart=230&seopth=HIFI-FILTRI-SA14009K-FILTRO-ARIA-HIFI
MB390181,SA8290,FILTRO ARIA HIFI,https://e-commerce.michelecaroli.com/wso/pages/user/wso0205.jsf?idaa=291326&codart=SA8290&marart=230&seopth=HIFI-FILTRI-SA8290-FILTRO-ARIA-HIFI
MB220790,SP-970,FILTRO CARB. ALCO,https://e-commerce.michelecaroli.com/wso/pages/user/wso0205.jsf?idaa=466431&codart=SP-970&marart=ALCO&seopth=ALCO-SP-970-FILTRO-CARB-ALCO
MB22,MB22,,https://e-commerce.michelecaroli.com/wso/pages/user/wso0205.jsf?idaa=131145&codart=MB22&marart=180&seopth=SKF-CUSCINETTI-MB22-ROSETTA
MB22,MB22,,https://e-commerce.michelecaroli.com/wso/pages/user/wso0205.jsf?idaa=131145&codart=MB22&marart=180&seopth=SKF-CUSCINETTI-MB22-ROSETTA
MB2,MB2,,https://e-commerce.michelecaroli.com/wso/pages/user/wso0205.jsf?idaa=131142&codart=MB2&marart=180&seopth=SKF-CUSCINETTI-MB2-ROSETTA
MB2,MB2,,https://e-commerce.michelecaroli.com/wso/pages/user/wso0205.jsf?idaa=131142&codart=MB2&marart=180&seopth=SKF-CUSCINETTI-MB2-ROSETTA
MB2,MB2,,https://e-commerce.michelecaroli.com/wso/pages/user/wso0205.jsf?idaa=131142&codart=MB2&marart=180&seopth=SKF-CUSCINETTI-MB2-ROSETTA
MB1992366,SN5038,FILTRO NAFTA P551329 HIFI,https://e-commerce.michelecaroli.com/wso/pages/user/wso0205.jsf?idaa=299361&codart=SN5038&marart=230&seopth=HIFI-FILTRI-SN5038-FILTRO-NAFTA-P551329-HIFI
MB18,MB18,,https://e-commerce.michelecaroli.com/wso/pages/user/wso0205.jsf?idaa=131140&codart=MB18&marart=180&seopth=SKF-CUSCINETTI-MB18-ROSETTA
MB18,MB18,,https://e-commerce.michelecaroli.com/wso/pages/user/wso0205.jsf?idaa=131140&codart=MB18&marart=180&seopth=SKF-CUSCINETTI-MB18-ROSETTA
MB15,MB15,,https://e-commerce.michelecaroli.com/wso/pages/user/wso0205.jsf?idaa=131137&codart=MB15&marart=180&seopth=SKF-CUSCINETTI-MB15-ROSETTA
MB15,MB15,,https://e-commerce.michelecaroli.com/wso/pages/user/wso0205.jsf?idaa=131137&codart=MB15&marart=180&seopth=SKF-CUSCINETTI-MB15-ROSETTA
MB14,MB14,,https://e-commerce.michelecaroli.com/wso/pages/user/wso0205.jsf?idaa=131136&codart=MB14&marart=180&seopth=SKF-CUSCINETTI-MB14-ROSETTA
MB14,MB14,,https://e-commerce.michelecaroli.com/wso/pages/user/wso0205.jsf?idaa=131136&codart=MB14&marart=180&seopth=SKF-CUSCINETTI-MB14-ROSETTA
MB13,MB13,,https://e-commerce.michelecaroli.com/wso/pages/user/wso0205.jsf?idaa=131135&codart=MB13&marart=180&seopth=SKF-CUSCINETTI-MB13-ROSETTA
MB13,MB13,,https://e-commerce.michelecaroli.com/wso/pages/user/wso0205.jsf?idaa=131135&codart=MB13&marart=180&seopth=SKF-CUSCINETTI-MB13-ROSETTA
MB12,MB12,,https://e-commerce.michelecaroli.com/wso/pages/user/wso0205.jsf?idaa=131134&codart=MB12&marart=180&seopth=SKF-CUSCINETTI-MB12-ROSETTA
MB12,MB12,,https://e-commerce.michelecaroli.com/wso/pages/user/wso0205.jsf?idaa=131134&codart=MB12&marart=180&seopth=SKF-CUSCINETTI-MB12-ROSETTA
MB1,MB1,,https://e-commerce.michelecaroli.com/wso/pages/user/wso0205.jsf?idaa=131131&codart=MB1&marart=180&seopth=SKF-CUSCINETTI-MB1-ROSETTA
MB1,MB1,,https://e-commerce.michelecaroli.com/wso/pages/user/wso0205.jsf?idaa=131131&codart=MB1&marart=180&seopth=SKF-CUSCINETTI-MB1-ROSETTA
MB1,MB1,,https://e-commerce.michelecaroli.com/wso/pages/user/wso0205.jsf?idaa=131131&codart=MB1&marart=180&seopth=SKF-CUSCINETTI-MB1-ROSETTA
MB0715,M090091,SPARK ARRESTOR,https://e-commerce.michelecaroli.com/wso/pages/user/wso0205.jsf?idaa=442894&codart=M090091&marart=227&seopth=DONALDSON-FILTRI-M090091-SPARK-ARRESTOR
MAWK8422,MAWK842/2,,https://e-commerce.michelecaroli.com/wso/pages/user/wso0205.jsf?idaa=397746&codart=MAWK842%2F2&marart=230&seopth=HIFI-FILTRI-MAWK842-2-FILTRO-NAFTA-HIFI
MAWK7122,MAWK712/2,,https://e-commerce.michelecaroli.com/wso/pages/user/wso0205.jsf?idaa=397744&codart=MAWK712%2F2&marart=230&seopth=HIFI-FILTRI-MAWK712-2-FILTRO-NAFTA-HIFI
MAW962,MAW962,,https://e-commerce.michelecaroli.com/wso/pages/user/wso0205.jsf?idaa=397742&codart=MAW962&marart=230&seopth=HIFI-FILTRI-MAW962-FILTRO-OLIO-HIFI
MAW9405,MAW940/5,,https://e-commerce.michelecaroli.com/wso/pages/user/wso0205.jsf?idaa=397741&codart=MAW940%2F5&marart=230&seopth=HIFI-FILTRI-MAW940-5-FILTRO-OLIO-HIFI
MAW71946,MAW719/46,,https://e-commerce.michelecaroli.com/wso/pages/user/wso0205.jsf?idaa=397740&codart=MAW719%2F46&marart=230&seopth=HIFI-FILTRI-MAW719-46-FILTRO-OLIO-HIFI
MAW7124,MAW712/4,,https://e-commerce.michelecaroli.com/wso/pages/user/wso0205.jsf?idaa=397738&codart=MAW712%2F4&marart=230&seopth=HIFI-FILTRI-MAW712-4-FILTRO-OLIO-HIFI
MAW11102,MAW11102,,https://e-commerce.michelecaroli.com/wso/pages/user/wso0205.jsf?idaa=397737&codart=MAW11102&marart=230&seopth=HIFI-FILTRI-MAW11102-FILTRO-OLIO-HIFI
MAO1065,26540153,FILTRO OLIO/OIL FILTER,https://e-commerce.michelecaroli.com/wso/pages/user/wso0205.jsf?idaa=46765&codart=26540153&marart=155&seopth=PERKINS-26540153-FILTRO-OLIO-OIL-FILTER
MAK6714A,SO580,FILTRO OLIO P550008# HIFI,https://e-commerce.michelecaroli.com/wso/pages/user/wso0205.jsf?idaa=300199&codart=SO580&marart=230&seopth=HIFI-FILTRI-SO580-FILTRO-OLIO-P550008-HIFI
MAK5214,SAT01SCB102001,,https://e-commerce.michelecaroli.com/wso/pages/user/wso0205.jsf?idaa=438560&codart=SAT01SCB102001&marart=230&seopth=HIFI-FILTRI-SAT01SCB102001-FILTRO
MAK5123,P105612,MANICOTTO S/ RIDUZIONE 152X152X165,https://e-commerce.michelecaroli.com/wso/pages/user/wso0205.jsf?idaa=154542&codart=P105612&marart=227&seopth=DONALDSON-FILTRI-P105612-MANICOTTO-S-RIDUZIONE-152X152X165
MAK1646,P112611,RIDUTTORE DONALDSON 127X152X152,https://e-commerce.michelecaroli.com/wso/pages/user/wso0205.jsf?idaa=154569&codart=P112611&marart=227&seopth=DONALDSON-FILTRI-P112611-RIDUTTORE-DONALDSON-127X152X152
MAHU9315X,MAHU931/5X,,https://e-commerce.michelecaroli.com/wso/pages/user/wso0205.jsf?idaa=397735&codart=MAHU931%2F5X&marart=230&seopth=HIFI-FILTRI-MAHU931-5X-FILTRO-OLIO-HIFI
MAF83,42116,FILTRO ARIA,https://e-commerce.michelecaroli.com/wso/pages/user/wso0205.jsf?idaa=366331&codart=42116&marart=218&seopth=WIX-INDUSTRIAL-HD-42116-FILTRO-ARIA
MAF4,42020,FILTRO ARIA,https://e-commerce.michelecaroli.com/wso/pages/user/wso0205.jsf?idaa=366254&codart=42020&marart=218&seopth=WIX-INDUSTRIAL-HD-42020-FILTRO-ARIA
MAF3660,SA7005,FILTRO ARIA HIFI,https://e-commerce.michelecaroli.com/wso/pages/user/wso0205.jsf?idaa=291036&codart=SA7005&marart=230&seopth=HIFI-FILTRI-SA7005-FILTRO-ARIA-HIFI
MAA59,42782,FILTRO ARIA P142810,https://e-commerce.michelecaroli.com/wso/pages/user/wso0205.jsf?idaa=366812&codart=42782&marart=218&seopth=WIX-INDUSTRIAL-HD-42782-FILTRO-ARIA-P142810
MAA5,42050,FILTRO ARIA,https://e-commerce.michelecaroli.com/wso/pages/user/wso0205.jsf?idaa=366276&codart=42050&marart=218&seopth=WIX-INDUSTRIAL-HD-42050-FILTRO-ARIA
MAA4,42020,FILTRO ARIA,https://e-commerce.michelecaroli.com/wso/pages/user/wso0205.jsf?idaa=366254&codart=42020&marart=218&seopth=WIX-INDUSTRIAL-HD-42020-FILTRO-ARIA
MA91,P524355,FILTRO ARIA DONALDSON P52-4355 OBSOLETO,https://e-commerce.michelecaroli.com/wso/pages/user/wso0205.jsf?idaa=156142&codart=P524355&marart=227&seopth=DONALDSON-FILTRI-P524355-FILTRO-ARIA-DONALDSON-P52-4355
MA831,42116,FILTRO ARIA,https://e-commerce.michelecaroli.com/wso/pages/user/wso0205.jsf?idaa=366331&codart=42116&marart=218&seopth=WIX-INDUSTRIAL-HD-42116-FILTRO-ARIA
MA798,42393E,,https://e-commerce.michelecaroli.com/wso/pages/user/wso0205.jsf?idaa=369026&codart=42393E&marart=218&seopth=WIX-INDUSTRIAL-HD-42393E-FILTRO-ARIA
MA796,27.130.00,FILTRO ARIA DIV.,https://e-commerce.michelecaroli.com/wso/pages/user/wso0205.jsf?idaa=150183&codart=27.130.00&marart=UFIHD&seopth=UFI-HD-27-130-00-FILTRO-ARIA-DIV-
MA794,93092E,FILTRO ARIA P778336,https://e-commerce.michelecaroli.com/wso/pages/user/wso0205.jsf?idaa=369342&codart=93092E&marart=218&seopth=WIX-INDUSTRIAL-HD-93092E-FILTRO-ARIA-P778336
MA791,MA791,,https://e-commerce.michelecaroli.com/wso/pages/user/wso0205.jsf?idaa=265226&codart=MA791&marart=MONR&seopth=MONROE-AMMORTIZZATORI-MA791-OBSOLETO
MA789,MA789,,https://e-commerce.michelecaroli.com/wso/pages/user/wso0205.jsf?idaa=265225&codart=MA789&marart=MONR&seopth=MONROE-AMMORTIZZATORI-MA789-OBSOLETO
MA787,42348E,,https://e-commerce.michelecaroli.com/wso/pages/user/wso0205.jsf?idaa=369020&codart=42348E&marart=218&seopth=WIX-INDUSTRIAL-HD-42348E-FILTRO-ARIA
MA786,SA16168,FILTRO ARIA HIFI,https://e-commerce.michelecaroli.com/wso/pages/user/wso0205.jsf?idaa=289111&codart=SA16168&marart=230&seopth=HIFI-FILTRI-SA16168-FILTRO-ARIA-HIFI
MA785,42482E,FILTRO ARIA,https://e-commerce.michelecaroli.com/wso/pages/user/wso0205.jsf?idaa=369039&codart=42482E&marart=218&seopth=WIX-INDUSTRIAL-HD-42482E-FILTRO-ARIA
MA778,MA778,,https://e-commerce.michelecaroli.com/wso/pages/user/wso0205.jsf?idaa=265222&codart=MA778&marart=MONR&seopth=MONROE-AMMORTIZZATORI-MA778-OBSOLETO
MA778,MA778,,https://e-commerce.michelecaroli.com/wso/pages/user/wso0205.jsf?idaa=265222&codart=MA778&marart=MONR&seopth=MONROE-AMMORTIZZATORI-MA778-OBSOLETO
MA777,MA777,,https://e-commerce.michelecaroli.com/wso/pages/user/wso0205.jsf?idaa=265221&codart=MA777&marart=MONR&seopth=MONROE-AMMORTIZZATORI-MA777-OBSOLETO
MA777,MA777,,https://e-commerce.michelecaroli.com/wso/pages/user/wso0205.jsf?idaa=265221&codart=MA777&marart=MONR&seopth=MONROE-AMMORTIZZATORI-MA777-OBSOLETO
MA775,MA775,,https://e-commerce.michelecaroli.com/wso/pages/user/wso0205.jsf?idaa=265219&codart=MA775&marart=MONR&seopth=MONROE-AMMORTIZZATORI-MA775-OBSOLETO
MA775,MA775,,https://e-commerce.michelecaroli.com/wso/pages/user/wso0205.jsf?idaa=265219&codart=MA775&marart=MONR&seopth=MONROE-AMMORTIZZATORI-MA775-OBSOLETO
MA773,MA773,,https://e-commerce.michelecaroli.com/wso/pages/user/wso0205.jsf?idaa=265218&codart=MA773&marart=MONR&seopth=MONROE-AMMORTIZZATORI-MA773-OBSOLETO
MA773,MA773,,https://e-commerce.michelecaroli.com/wso/pages/user/wso0205.jsf?idaa=265218&codart=MA773&marart=MONR&seopth=MONROE-AMMORTIZZATORI-MA773-OBSOLETO
MA772,MA772,,https://e-commerce.michelecaroli.com/wso/pages/user/wso0205.jsf?idaa=265217&codart=MA772&marart=MONR&seopth=MONROE-AMMORTIZZATORI-MA772-OBSOLETO
MA769,MA769,,https://e-commerce.michelecaroli.com/wso/pages/user/wso0205.jsf?idaa=265214&codart=MA769&marart=MONR&seopth=MONROE-AMMORTIZZATORI-MA769-OBSOLETO
MA769,MA769,,https://e-commerce.michelecaroli.com/wso/pages/user/wso0205.jsf?idaa=265214&codart=MA769&marart=MONR&seopth=MONROE-AMMORTIZZATORI-MA769-OBSOLETO
MA768,MA768,,https://e-commerce.michelecaroli.com/wso/pages/user/wso0205.jsf?idaa=265213&codart=MA768&marart=MONR&seopth=MONROE-AMMORTIZZATORI-MA768-OBSOLETO
MA765,MA765,MOLLE RIDE LEVELLERPOST.JEEP CHERO KEE,https://e-commerce.michelecaroli.com/wso/pages/user/wso0205.jsf?idaa=362382&codart=MA765&marart=MONR&seopth=MONROE-AMMORTIZZATORI-MA765-MOLLE-RIDE-LEVELLERPOST-JEEP-CHERO
MA762,46313,FILTRO ARIA,https://e-commerce.michelecaroli.com/wso/pages/user/wso0205.jsf?idaa=367119&codart=46313&marart=218&seopth=WIX-INDUSTRIAL-HD-46313-FILTRO-ARIA
MA76,51076,FILTRO OLIO,https://e-commerce.michelecaroli.com/wso/pages/user/wso0205.jsf?idaa=368095&codart=51076&marart=218&seopth=WIX-INDUSTRIAL-HD-51076-FILTRO-OLIO
MA759,42342,FILTRO ARIA,https://e-commerce.michelecaroli.com/wso/pages/user/wso0205.jsf?idaa=366466&codart=42342&marart=218&seopth=WIX-INDUSTRIAL-HD-42342-FILTRO-ARIA
MA758,MA758,,https://e-commerce.michelecaroli.com/wso/pages/user/wso0205.jsf?idaa=265210&codart=MA758&marart=MONR&seopth=MONROE-AMMORTIZZATORI-MA758-OBSOLETO
MA756,SA10120,FILTRO ARIA SICUREZZA P775704 HIFI ABBINATO CON SA14087,https://e-commerce.michelecaroli.com/wso/pages/user/wso0205.jsf?idaa=335946&codart=SA10120&marart=230&seopth=HIFI-FILTRI-SA10120-FILTRO-ARIA-SICUREZZA-P775704-HIFI
MA753,42853,FILTRO ARIA,https://e-commerce.michelecaroli.com/wso/pages/user/wso0205.jsf?idaa=366853&codart=42853&marart=218&seopth=WIX-INDUSTRIAL-HD-42853-FILTRO-ARIA
MA752,MA752,,https://e-commerce.michelecaroli.com/wso/pages/user/wso0205.jsf?idaa=265209&codart=MA752&marart=MONR&seopth=MONROE-AMMORTIZZATORI-MA752-OBSOLETO
MA752,MA752,,https://e-commerce.michelecaroli.com/wso/pages/user/wso0205.jsf?idaa=265209&codart=MA752&marart=MONR&seopth=MONROE-AMMORTIZZATORI-MA752-OBSOLETO
MA751,46375,FILTRO ARIA# P131394,https://e-commerce.michelecaroli.com/wso/pages/user/wso0205.jsf?idaa=367162&codart=46375&marart=218&seopth=WIX-INDUSTRIAL-HD-46375-FILTRO-ARIA-P131394
MA745,27.129.00,FILTRO ARIA DIV.,https://e-commerce.michelecaroli.com/wso/pages/user/wso0205.jsf?idaa=150182&codart=27.129.00&marart=UFIHD&seopth=UFI-HD-27-129-00-FILTRO-ARIA-DIV-
MA743,MA743,,https://e-commerce.michelecaroli.com/wso/pages/user/wso0205.jsf?idaa=265207&codart=MA743&marart=MONR&seopth=MONROE-AMMORTIZZATORI-MA743-OBSOLETO
MA743,MA743,,https://e-commerce.michelecaroli.com/wso/pages/user/wso0205.jsf?idaa=265207&codart=MA743&marart=MONR&seopth=MONROE-AMMORTIZZATORI-MA743-OBSOLETO
MA742,46534,FILTRO ARIA,https://e-commerce.michelecaroli.com/wso/pages/user/wso0205.jsf?idaa=367297&codart=46534&marart=218&seopth=WIX-INDUSTRIAL-HD-46534-FILTRO-ARIA
MA738,SA11805,FILTRO ARIA ESTERNO P526505 HIFI ACCOPPIATO CON SA11785,https://e-commerce.michelecaroli.com/wso/pages/user/wso0205.jsf?idaa=336275&codart=SA11805&marart=230&seopth=HIFI-FILTRI-SA11805-FILTRO-ARIA-ESTERNO-P526505-HIFI
MA736,SA10785K,,https://e-commerce.michelecaroli.com/wso/pages/user/wso0205.jsf?idaa=355491&codart=SA10785K&marart=230&seopth=HIFI-FILTRI-SA10785K-FILTRO-ARIA-P113703-HIFI
MA734,46733,FILTRO ARIA,https://e-commerce.michelecaroli.com/wso/pages/user/wso0205.jsf?idaa=367468&codart=46733&marart=218&seopth=WIX-INDUSTRIAL-HD-46733-FILTRO-ARIA
MA731,SA11790,FILTRO ARIA P776695 HIFI,https://e-commerce.michelecaroli.com/wso/pages/user/wso0205.jsf?idaa=336267&codart=SA11790&marart=230&seopth=HIFI-FILTRI-SA11790-FILTRO-ARIA-P776695-HIFI
MA730,MD-290,FILTRO ARIA,https://e-commerce.michelecaroli.com/wso/pages/user/wso0205.jsf?idaa=463573&codart=MD-290&marart=ALCO&seopth=ALCO-MD-290-FILTRO-ARIA
MA726,SA11793,FILTRO ARIA P776697 HIFI,https://e-commerce.michelecaroli.com/wso/pages/user/wso0205.jsf?idaa=336270&codart=SA11793&marart=230&seopth=HIFI-FILTRI-SA11793-FILTRO-ARIA-P776697-HIFI
MA724,P182000,"AIR FILTER, PRIMARY FINNED",https://e-commerce.michelecaroli.com/wso/pages/user/wso0205.jsf?idaa=441114&codart=P182000&marart=227&seopth=DONALDSON-FILTRI-P182000-AIR-FILTER-PRIMARY-FINNED
MA723,42290,FILTRO ARIA,https://e-commerce.michelecaroli.com/wso/pages/user/wso0205.jsf?idaa=366434&codart=42290&marart=218&seopth=WIX-INDUSTRIAL-HD-42290-FILTRO-ARIA
MA722,42865,FILTRO ARIA,https://e-commerce.michelecaroli.com/wso/pages/user/wso0205.jsf?idaa=366863&codart=42865&marart=218&seopth=WIX-INDUSTRIAL-HD-42865-FILTRO-ARIA
MA719,SA14593,FILTRO ARIA P181092 HIFI,https://e-commerce.michelecaroli.com/wso/pages/user/wso0205.jsf?idaa=288934&codart=SA14593&marart=230&seopth=HIFI-FILTRI-SA14593-FILTRO-ARIA-P181092-HIFI
MA718,42890,FILTRO ARIA,https://e-commerce.michelecaroli.com/wso/pages/user/wso0205.jsf?idaa=366876&codart=42890&marart=218&seopth=WIX-INDUSTRIAL-HD-42890-FILTRO-ARIA
MA713,42139,FILTRO ARIA,https://e-commerce.michelecaroli.com/wso/pages/user/wso0205.jsf?idaa=366351&codart=42139&marart=218&seopth=WIX-INDUSTRIAL-HD-42139-FILTRO-ARIA
MA712,MD-494,FILTRO ARIA,https://e-commerce.michelecaroli.com/wso/pages/user/wso0205.jsf?idaa=463720&codart=MD-494&marart=ALCO&seopth=ALCO-MD-494-FILTRO-ARIA
MA711,MA711,,https://e-commerce.michelecaroli.com/wso/pages/user/wso0205.jsf?idaa=265205&codart=MA711&marart=MONR&seopth=MONROE-AMMORTIZZATORI-MA711-OBSOLETO
MA709,MA709,,https://e-commerce.michelecaroli.com/wso/pages/user/wso0205.jsf?idaa=265204&codart=MA709&marart=MONR&seopth=MONROE-AMMORTIZZATORI-MA709-OBSOLETO
MA709,MA709,,https://e-commerce.michelecaroli.com/wso/pages/user/wso0205.jsf?idaa=265204&codart=MA709&marart=MONR&seopth=MONROE-AMMORTIZZATORI-MA709-OBSOLETO
MA707,MD-372,FILTRO ARIA,https://e-commerce.michelecaroli.com/wso/pages/user/wso0205.jsf?idaa=463642&codart=MD-372&marart=ALCO&seopth=ALCO-MD-372-FILTRO-ARIA
MA705,42707,FILTRO ARIA,https://e-commerce.michelecaroli.com/wso/pages/user/wso0205.jsf?idaa=366746&codart=42707&marart=218&seopth=WIX-INDUSTRIAL-HD-42707-FILTRO-ARIA
MA680,42370,FILTRO ARIA,https://e-commerce.michelecaroli.com/wso/pages/user/wso0205.jsf?idaa=366478&codart=42370&marart=218&seopth=WIX-INDUSTRIAL-HD-42370-FILTRO-ARIA
MA67,42088,FILTRO ARIA,https://e-commerce.michelecaroli.com/wso/pages/user/wso0205.jsf?idaa=366305&codart=42088&marart=218&seopth=WIX-INDUSTRIAL-HD-42088-FILTRO-ARIA
MA604,SA1304,,https://e-commerce.michelecaroli.com/wso/pages/user/wso0205.jsf?idaa=288799&codart=SA1304&marart=230&seopth=HIFI-FILTRI-SA1304-FILTRO-ARIA-P526756-HIFI
MA602,SA11723,FILTRO ARIA P524382 HIFI,https://e-commerce.michelecaroli.com/wso/pages/user/wso0205.jsf?idaa=336237&codart=SA11723&marart=230&seopth=HIFI-FILTRI-SA11723-FILTRO-ARIA-P524382-HIFI
MA599,P500056,FILTRO ARIA,https://e-commerce.michelecaroli.com/wso/pages/user/wso0205.jsf?idaa=155958&codart=P500056&marart=227&seopth=DONALDSON-FILTRI-P500056-FILTRO-ARIA
MA582,SA14114K,FILTRO ARIA P772564 HIFI,https://e-commerce.michelecaroli.com/wso/pages/user/wso0205.jsf?idaa=288877&codart=SA14114K&marart=230&seopth=HIFI-FILTRI-SA14114K-FILTRO-ARIA-P772564-HIFI
MA579,P775945,FILTRO ARIA CONICO,https://e-commerce.michelecaroli.com/wso/pages/user/wso0205.jsf?idaa=158465&codart=P775945&marart=227&seopth=DONALDSON-FILTRI-P775945-FILTRO-ARIA-CONICO
MA575,SA10833,FILTRO ARIA P114931 HIFI,https://e-commerce.michelecaroli.com/wso/pages/user/wso0205.jsf?idaa=336071&codart=SA10833&marart=230&seopth=HIFI-FILTRI-SA10833-FILTRO-ARIA-P114931-HIFI
MA571,SA3711,FILTRO ARIA HIFI,https://e-commerce.michelecaroli.com/wso/pages/user/wso0205.jsf?idaa=290499&codart=SA3711&marart=230&seopth=HIFI-FILTRI-SA3711-FILTRO-ARIA-HIFI
MA570,MD-566K,FILTRO ARIA,https://e-commerce.michelecaroli.com/wso/pages/user/wso0205.jsf?idaa=464017&codart=MD-566K&marart=ALCO&seopth=ALCO-MD-566K-FILTRO-ARIA
MA568,P533232,FILTRO ARIA DONALDSON P53-3232,https://e-commerce.michelecaroli.com/wso/pages/user/wso0205.jsf?idaa=156969&codart=P533232&marart=227&seopth=DONALDSON-FILTRI-P533232-FILTRO-ARIA-DONALDSON-P53-3232
MA568,P533232,FILTRO ARIA DONALDSON P53-3232,https://e-commerce.michelecaroli.com/wso/pages/user/wso0205.jsf?idaa=156969&codart=P533232&marart=227&seopth=DONALDSON-FILTRI-P533232-FILTRO-ARIA-DONALDSON-P53-3232
MA568,P533232,FILTRO ARIA DONALDSON P53-3232,https://e-commerce.michelecaroli.com/wso/pages/user/wso0205.jsf?idaa=156969&codart=P533232&marart=227&seopth=DONALDSON-FILTRI-P533232-FILTRO-ARIA-DONALDSON-P53-3232
MA567,SA17372,,https://e-commerce.michelecaroli.com/wso/pages/user/wso0205.jsf?idaa=289688&codart=SA17372&marart=230&seopth=HIFI-FILTRI-SA17372-FILTRO-ARIA-HIFI
MA562,46019,FILTRO ARIA,https://e-commerce.michelecaroli.com/wso/pages/user/wso0205.jsf?idaa=366965&codart=46019&marart=218&seopth=WIX-INDUSTRIAL-HD-46019-FILTRO-ARIA
MA561,42490,FILTRO ARIA,https://e-commerce.michelecaroli.com/wso/pages/user/wso0205.jsf?idaa=366557&codart=42490&marart=218&seopth=WIX-INDUSTRIAL-HD-42490-FILTRO-ARIA
MA560,46594E,FILTRO ARIA,https://e-commerce.michelecaroli.com/wso/pages/user/wso0205.jsf?idaa=369067&codart=46594E&marart=218&seopth=WIX-INDUSTRIAL-HD-46594E-FILTRO-ARIA
MA556,42540,FILTRO ARIA,https://e-commerce.michelecaroli.com/wso/pages/user/wso0205.jsf?idaa=366604&codart=42540&marart=218&seopth=WIX-INDUSTRIAL-HD-42540-FILTRO-ARIA
MA555,SA11854,FILTRO ARIA P119373 HIFI,https://e-commerce.michelecaroli.com/wso/pages/user/wso0205.jsf?idaa=336297&codart=SA11854&marart=230&seopth=HIFI-FILTRI-SA11854-FILTRO-ARIA-P119373-HIFI
MA547,SA11591,FILTRO ARIA ESTERNO P771546 HIFI ACCOPPIATO CON SA11590,https://e-commerce.michelecaroli.com/wso/pages/user/wso0205.jsf?idaa=336186&codart=SA11591&marart=230&seopth=HIFI-FILTRI-SA11591-FILTRO-ARIA-ESTERNO-P771546-HIFI
MA546,MD-7102,FILTRO ARIA,https://e-commerce.michelecaroli.com/wso/pages/user/wso0205.jsf?idaa=464129&codart=MD-7102&marart=ALCO&seopth=ALCO-MD-7102-FILTRO-ARIA
MA545,MD-7126K,,https://e-commerce.michelecaroli.com/wso/pages/user/wso0205.jsf?idaa=464142&codart=MD-7126K&marart=ALCO&seopth=ALCO-MD-7126K-FILTRO-ARIA
MA541,P182045,,https://e-commerce.michelecaroli.com/wso/pages/user/wso0205.jsf?idaa=155911&codart=P182045&marart=227&seopth=DONALDSON-FILTRI-P182045-FILTRO-ARIA-SOSTITUITO-DA-P181045
MA5400,46573,FILTRO ARIA,https://e-commerce.michelecaroli.com/wso/pages/user/wso0205.jsf?idaa=367329&codart=46573&marart=218&seopth=WIX-INDUSTRIAL-HD-46573-FILTRO-ARIA
MA530,42325E,,https://e-commerce.michelecaroli.com/wso/pages/user/wso0205.jsf?idaa=369017&codart=42325E&marart=218&seopth=WIX-INDUSTRIAL-HD-42325E-FILTRO-ARIA
MA517,SA10769K,FILTRO ARIA P108736# HIFI ABBIMNATO CON SA14762,https://e-commerce.michelecaroli.com/wso/pages/user/wso0205.jsf?idaa=336046&codart=SA10769K&marart=230&seopth=HIFI-FILTRI-SA10769K-FILTRO-ARIA-P108736-HIFI
MA515,46263,FILTRO ARIA# P120949,https://e-commerce.michelecaroli.com/wso/pages/user/wso0205.jsf?idaa=367083&codart=46263&marart=218&seopth=WIX-INDUSTRIAL-HD-46263-FILTRO-ARIA-P120949
MA5090,46440,FILTRO ARIA,https://e-commerce.michelecaroli.com/wso/pages/user/wso0205.jsf?idaa=367213&codart=46440&marart=218&seopth=WIX-INDUSTRIAL-HD-46440-FILTRO-ARIA
MA508,42379,FILTRO ARIA,https://e-commerce.michelecaroli.com/wso/pages/user/wso0205.jsf?idaa=366487&codart=42379&marart=218&seopth=WIX-INDUSTRIAL-HD-42379-FILTRO-ARIA
MA505,42046,FILTRO ARIA,https://e-commerce.michelecaroli.com/wso/pages/user/wso0205.jsf?idaa=366272&codart=42046&marart=218&seopth=WIX-INDUSTRIAL-HD-42046-FILTRO-ARIA
MA5042,P536434,FILTRO ARIA,https://e-commerce.michelecaroli.com/wso/pages/user/wso0205.jsf?idaa=157016&codart=P536434&marart=227&seopth=DONALDSON-FILTRI-P536434-FILTRO-ARIA
MA502,SA10293,FILTRO ARIA P158661 HIFI,https://e-commerce.michelecaroli.com/wso/pages/user/wso0205.jsf?idaa=335980&codart=SA10293&marart=230&seopth=HIFI-FILTRI-SA10293-FILTRO-ARIA-P158661-HIFI
MA4883,46316,FILTRO ARIA,https://e-commerce.michelecaroli.com/wso/pages/user/wso0205.jsf?idaa=367122&codart=46316&marart=218&seopth=WIX-INDUSTRIAL-HD-46316-FILTRO-ARIA
MA4879,SA6063,FILTRO ARIA HIFI,https://e-commerce.michelecaroli.com/wso/pages/user/wso0205.jsf?idaa=290925&codart=SA6063&marart=230&seopth=HIFI-FILTRI-SA6063-FILTRO-ARIA-HIFI
MA4852,46316,FILTRO ARIA,https://e-commerce.michelecaroli.com/wso/pages/user/wso0205.jsf?idaa=367122&codart=46316&marart=218&seopth=WIX-INDUSTRIAL-HD-46316-FILTRO-ARIA
MA484,P500010,,https://e-commerce.michelecaroli.com/wso/pages/user/wso0205.jsf?idaa=155949&codart=P500010&marart=227&seopth=DONALDSON-FILTRI-P500010-FILTRO-ARIA-DONALDSON-P50-0010
MA482,P526753,FILTRO ARIA DONALDSON P52-6753,https://e-commerce.michelecaroli.com/wso/pages/user/wso0205.jsf?idaa=156212&codart=P526753&marart=227&seopth=DONALDSON-FILTRI-P526753-FILTRO-ARIA-DONALDSON-P52-6753
MA479,42539,FILTRO ARIA INTERNO ABBINATO CON 42505,https://e-commerce.michelecaroli.com/wso/pages/user/wso0205.jsf?idaa=366603&codart=42539&marart=218&seopth=WIX-INDUSTRIAL-HD-42539-FILTRO-ARIA-INTERNO
MA479,42539,FILTRO ARIA INTERNO ABBINATO CON 42505,https://e-commerce.michelecaroli.com/wso/pages/user/wso0205.jsf?idaa=366603&codart=42539&marart=218&seopth=WIX-INDUSTRIAL-HD-42539-FILTRO-ARIA-INTERNO
MA4731,46117,FILTRO ARIA,https://e-commerce.michelecaroli.com/wso/pages/user/wso0205.jsf?idaa=367015&codart=46117&marart=218&seopth=WIX-INDUSTRIAL-HD-46117-FILTRO-ARIA
MA468,46042,FILTRO ARIA,https://e-commerce.michelecaroli.com/wso/pages/user/wso0205.jsf?idaa=366978&codart=46042&marart=218&seopth=WIX-INDUSTRIAL-HD-46042-FILTRO-ARIA
MA464B,42399,FILTRO ARIA,https://e-commerce.michelecaroli.com/wso/pages/user/wso0205.jsf?idaa=366500&codart=42399&marart=218&seopth=WIX-INDUSTRIAL-HD-42399-FILTRO-ARIA
MA4645,P606060,"FILTRO ABITACOLO 169X249,17X50,55 DONALDSON",https://e-commerce.michelecaroli.com/wso/pages/user/wso0205.jsf?idaa=442308&codart=P606060&marart=227&seopth=DONALDSON-FILTRI-P606060-FILTRO-ABITACOLO-169X249-17X50-55
MA464,SA10384K,FILTRO ARIA ESTERNO P772545 HIFI ACCOPPIATO CON SA10754,https://e-commerce.michelecaroli.com/wso/pages/user/wso0205.jsf?idaa=336010&codart=SA10384K&marart=230&seopth=HIFI-FILTRI-SA10384K-FILTRO-ARIA-ESTERNO-P772545-HIFI
MA463,P182045,,https://e-commerce.michelecaroli.com/wso/pages/user/wso0205.jsf?idaa=155911&codart=P182045&marart=227&seopth=DONALDSON-FILTRI-P182045-FILTRO-ARIA-SOSTITUITO-DA-P181045
MA4473,P500014,FILTRO ARIA DONALDSON P50-0014,https://e-commerce.michelecaroli.com/wso/pages/user/wso0205.jsf?idaa=155950&codart=P500014&marart=227&seopth=DONALDSON-FILTRI-P500014-FILTRO-ARIA-DONALDSON-P50-0014
MA4467,46514,FILTRO ARIA,https://e-commerce.michelecaroli.com/wso/pages/user/wso0205.jsf?idaa=367281&codart=46514&marart=218&seopth=WIX-INDUSTRIAL-HD-46514-FILTRO-ARIA
MA4464B,42920,FILTRO ARIA P119375,https://e-commerce.michelecaroli.com/wso/pages/user/wso0205.jsf?idaa=366896&codart=42920&marart=218&seopth=WIX-INDUSTRIAL-HD-42920-FILTRO-ARIA-P119375
MA4464A,42920,FILTRO ARIA P119375,https://e-commerce.michelecaroli.com/wso/pages/user/wso0205.jsf?idaa=366896&codart=42920&marart=218&seopth=WIX-INDUSTRIAL-HD-42920-FILTRO-ARIA-P119375
MA4464,42920,FILTRO ARIA P119375,https://e-commerce.michelecaroli.com/wso/pages/user/wso0205.jsf?idaa=366896&codart=42920&marart=218&seopth=WIX-INDUSTRIAL-HD-42920-FILTRO-ARIA-P119375
MA4361,SA1216,,https://e-commerce.michelecaroli.com/wso/pages/user/wso0205.jsf?idaa=336443&codart=SA1216&marart=230&seopth=HIFI-FILTRI-SA1216-FILTRO-ARIA-HIFI
MA4297,20224,FILTRO ARIA JAPKO,https://e-commerce.michelecaroli.com/wso/pages/user/wso0205.jsf?idaa=509307&codart=20224&marart=JAPKO&seopth=JAPKO-20224-FILTRO-ARIA-JAPKO
MA427,P606952,FILTRO ARIA DONALDSON P60-6952,https://e-commerce.michelecaroli.com/wso/pages/user/wso0205.jsf?idaa=157355&codart=P606952&marart=227&seopth=DONALDSON-FILTRI-P606952-FILTRO-ARIA-DONALDSON-P60-6952
MA399C,X004480,"SEAL CLAMP, 3.5 IN 89 MM STAINLESS",https://e-commerce.michelecaroli.com/wso/pages/user/wso0205.jsf?idaa=443363&codart=X004480&marart=227&seopth=DONALDSON-FILTRI-X004480-SEAL-CLAMP-3-5-IN-89-MM-STAINLESS
MA397,SA545,FILTRO ARIA RENAULT 4,https://e-commerce.michelecaroli.com/wso/pages/user/wso0205.jsf?idaa=438616&codart=SA545&marart=230&seopth=HIFI-FILTRI-SA545-FILTRO-ARIA-RENAULT-4
MA395E,SAT01SCB127001,,https://e-commerce.michelecaroli.com/wso/pages/user/wso0205.jsf?idaa=438561&codart=SAT01SCB127001&marart=230&seopth=HIFI-FILTRI-SAT01SCB127001-FILTRO
MA394H,P101293,RIDUTTORE DONALDSON 102X127X152,https://e-commerce.michelecaroli.com/wso/pages/user/wso0205.jsf?idaa=154509&codart=P101293&marart=227&seopth=DONALDSON-FILTRI-P101293-RIDUTTORE-DONALDSON-102X127X152
MA376E,46569E,FILTRO ARIA# P775302,https://e-commerce.michelecaroli.com/wso/pages/user/wso0205.jsf?idaa=369066&codart=46569E&marart=218&seopth=WIX-INDUSTRIAL-HD-46569E-FILTRO-ARIA-P775302
MA369B,P778810,FASCIA MONTAGGIO P77-8810,https://e-commerce.michelecaroli.com/wso/pages/user/wso0205.jsf?idaa=157886&codart=P778810&marart=227&seopth=DONALDSON-FILTRI-P778810-FASCIA-MONTAGGIO-P77-8810
MA366,51653,FILTRO OLIO,https://e-commerce.michelecaroli.com/wso/pages/user/wso0205.jsf?idaa=368524&codart=51653&marart=218&seopth=WIX-INDUSTRIAL-HD-51653-FILTRO-OLIO
MA3472,SA10833,FILTRO ARIA P114931 HIFI,https://e-commerce.michelecaroli.com/wso/pages/user/wso0205.jsf?idaa=336071&codart=SA10833&marart=230&seopth=HIFI-FILTRI-SA10833-FILTRO-ARIA-P114931-HIFI
MA3465,SA7005,FILTRO ARIA HIFI,https://e-commerce.michelecaroli.com/wso/pages/user/wso0205.jsf?idaa=291036&codart=SA7005&marart=230&seopth=HIFI-FILTRI-SA7005-FILTRO-ARIA-HIFI
MA3380,P524386,,https://e-commerce.michelecaroli.com/wso/pages/user/wso0205.jsf?idaa=156154&codart=P524386&marart=227&seopth=DONALDSON-FILTRI-P524386-FILTRO-ARIA-DONALDSON-P52-4386
MA3181,42096,FILTRO ARIA,https://e-commerce.michelecaroli.com/wso/pages/user/wso0205.jsf?idaa=366311&codart=42096&marart=218&seopth=WIX-INDUSTRIAL-HD-42096-FILTRO-ARIA
