Code searched,Matched code,Part Category on Michele,Link to Michele product
MFF300A1,33348,FILTRO NAFTA,https://e-commerce.michelecaroli.com/wso/pages/user/wso0205.jsf?idaa=365340&codart=33348&marart=218&seopth=WIX-INDUSTRIAL-HD-33348-FILTRO-NAFTA
MFF299A1,33348,FILTRO NAFTA,https://e-commerce.michelecaroli.com/wso/pages/user/wso0205.jsf?idaa=365340&codart=33348&marart=218&seopth=WIX-INDUSTRIAL-HD-33348-FILTRO-NAFTA
MFF172A,51092,FILTRO OLIO,https://e-commerce.michelecaroli.com/wso/pages/user/wso0205.jsf?idaa=368106&codart=51092&marart=218&seopth=WIX-INDUSTRIAL-HD-51092-FILTRO-OLIO
MFF149A,SN158,FILTRO NAFTA HIFI,https://e-commerce.michelecaroli.com/wso/pages/user/wso0205.jsf?idaa=298904&codart=SN158&marart=230&seopth=HIFI-FILTRI-SN158-FILTRO-NAFTA-HIFI
MFF130A,SO1594,FILTRO OLIO P550183 HIFI,https://e-commerce.michelecaroli.com/wso/pages/user/wso0205.jsf?idaa=300845&codart=SO1594&marart=230&seopth=HIFI-FILTRI-SO1594-FILTRO-OLIO-P550183-HIFI
MFF124A,33114,FILTRO NAFTA,https://e-commerce.michelecaroli.com/wso/pages/user/wso0205.jsf?idaa=365831&codart=33114&marart=218&seopth=WIX-INDUSTRIAL-HD-33114-FILTRO-NAFTA
MFF106A1,51302E,FILTRO OLIO P550052,https://e-commerce.michelecaroli.com/wso/pages/user/wso0205.jsf?idaa=369112&codart=51302E&marart=218&seopth=WIX-INDUSTRIAL-HD-51302E-FILTRO-OLIO-P550052
MFF101A,33143,FILTRO NAFTA,https://e-commerce.michelecaroli.com/wso/pages/user/wso0205.jsf?idaa=365851&codart=33143&marart=218&seopth=WIX-INDUSTRIAL-HD-33143-FILTRO-NAFTA
MFE9005BN2,P167829,,https://e-commerce.michelecaroli.com/wso/pages/user/wso0205.jsf?idaa=155024&codart=P167829&marart=227&seopth=DONALDSON-FILTRI-P167829-OBSOLETO
MFE9003BN2,P167829,,https://e-commerce.michelecaroli.com/wso/pages/user/wso0205.jsf?idaa=155024&codart=P167829&marart=227&seopth=DONALDSON-FILTRI-P167829-OBSOLETO
MFE811252,51826,FILTRO OLIO,https://e-commerce.michelecaroli.com/wso/pages/user/wso0205.jsf?idaa=368656&codart=51826&marart=218&seopth=WIX-INDUSTRIAL-HD-51826-FILTRO-OLIO
MFE811102,P164351,FILTRO HYDR.DONALDSON P16-4351,https://e-commerce.michelecaroli.com/wso/pages/user/wso0205.jsf?idaa=154912&codart=P164351&marart=227&seopth=DONALDSON-FILTRI-P164351-FILTRO-HYDR-DONALDSON-P16-4351
MFE81102,51610,FILTRO IDRAULICO P162766,https://e-commerce.michelecaroli.com/wso/pages/user/wso0205.jsf?idaa=368486&codart=51610&marart=218&seopth=WIX-INDUSTRIAL-HD-51610-FILTRO-IDRAULICO-P162766
MFE80252,51553,FILTRO IDRAULICO,https://e-commerce.michelecaroli.com/wso/pages/user/wso0205.jsf?idaa=368434&codart=51553&marart=218&seopth=WIX-INDUSTRIAL-HD-51553-FILTRO-IDRAULICO
MFE80101,SP-869,FILTRO IDRAULICO,https://e-commerce.michelecaroli.com/wso/pages/user/wso0205.jsf?idaa=466354&codart=SP-869&marart=ALCO&seopth=ALCO-SP-869-FILTRO-IDRAULICO
MFE80032,51259,FILTRO TRASMISSIONE,https://e-commerce.michelecaroli.com/wso/pages/user/wso0205.jsf?idaa=368215&codart=51259&marart=218&seopth=WIX-INDUSTRIAL-HD-51259-FILTRO-TRASMISSIONE
MFE16020BN2,51746,FILTRO IDRAULICO,https://e-commerce.michelecaroli.com/wso/pages/user/wso0205.jsf?idaa=368598&codart=51746&marart=218&seopth=WIX-INDUSTRIAL-HD-51746-FILTRO-IDRAULICO
MFE1601252,51861,FILTRO OLIO,https://e-commerce.michelecaroli.com/wso/pages/user/wso0205.jsf?idaa=368679&codart=51861&marart=218&seopth=WIX-INDUSTRIAL-HD-51861-FILTRO-OLIO
MFE160120BN2,51846,FILTRO OLIO,https://e-commerce.michelecaroli.com/wso/pages/user/wso0205.jsf?idaa=368667&codart=51846&marart=218&seopth=WIX-INDUSTRIAL-HD-51846-FILTRO-OLIO
MFE160110BN2,51849,FILTRO OLIO P165876,https://e-commerce.michelecaroli.com/wso/pages/user/wso0205.jsf?idaa=368669&codart=51849&marart=218&seopth=WIX-INDUSTRIAL-HD-51849-FILTRO-OLIO-P165876
MFE1601102,SH56761,FILTRO HYDR. P165880 HIFI,https://e-commerce.michelecaroli.com/wso/pages/user/wso0205.jsf?idaa=294223&codart=SH56761&marart=230&seopth=HIFI-FILTRI-SH56761-FILTRO-HYDR-P165880-HIFI
MFE16011012,51861,FILTRO OLIO,https://e-commerce.michelecaroli.com/wso/pages/user/wso0205.jsf?idaa=368679&codart=51861&marart=218&seopth=WIX-INDUSTRIAL-HD-51861-FILTRO-OLIO
MFE160105BN2,SH56757,FILTRO HYDR. P165762 HIFI,https://e-commerce.michelecaroli.com/wso/pages/user/wso0205.jsf?idaa=294221&codart=SH56757&marart=230&seopth=HIFI-FILTRI-SH56757-FILTRO-HYDR-P165762-HIFI
MFE160103BN2,P167832,FILTRO HYDR.DONALDSON PI6-7832,https://e-commerce.michelecaroli.com/wso/pages/user/wso0205.jsf?idaa=155026&codart=P167832&marart=227&seopth=DONALDSON-FILTRI-P167832-FILTRO-HYDR-DONALDSON-PI6-7832
MFE1601032,SH56761,FILTRO HYDR. P165880 HIFI,https://e-commerce.michelecaroli.com/wso/pages/user/wso0205.jsf?idaa=294223&codart=SH56761&marart=230&seopth=HIFI-FILTRI-SH56761-FILTRO-HYDR-P165880-HIFI
MFE1601032,SH56761,FILTRO HYDR. P165880 HIFI,https://e-commerce.michelecaroli.com/wso/pages/user/wso0205.jsf?idaa=294223&codart=SH56761&marart=230&seopth=HIFI-FILTRI-SH56761-FILTRO-HYDR-P165880-HIFI
MFE160102,SH56760,FILTRO HYDR. P550388 HIFI GILBARCO 140845093,https://e-commerce.michelecaroli.com/wso/pages/user/wso0205.jsf?idaa=294222&codart=SH56760&marart=230&seopth=HIFI-FILTRI-SH56760-FILTRO-HYDR-P550388-HIFI
MFE16005BN2,SH56756,,https://e-commerce.michelecaroli.com/wso/pages/user/wso0205.jsf?idaa=438534&codart=SH56756&marart=230&seopth=HIFI-FILTRI-SH56756-FILTRO-HYDR-HIFI-P167162
MFE160032,SH56756,,https://e-commerce.michelecaroli.com/wso/pages/user/wso0205.jsf?idaa=438534&codart=SH56756&marart=230&seopth=HIFI-FILTRI-SH56756-FILTRO-HYDR-HIFI-P167162
MFE160032,SH56756,,https://e-commerce.michelecaroli.com/wso/pages/user/wso0205.jsf?idaa=438534&codart=SH56756&marart=230&seopth=HIFI-FILTRI-SH56756-FILTRO-HYDR-HIFI-P167162
MFE1600101,51858,FILTRO OLIO# P550148,https://e-commerce.michelecaroli.com/wso/pages/user/wso0205.jsf?idaa=368676&codart=51858&marart=218&seopth=WIX-INDUSTRIAL-HD-51858-FILTRO-OLIO-P550148
MF94A,51021E,FILTRO OLIO#,https://e-commerce.michelecaroli.com/wso/pages/user/wso0205.jsf?idaa=369090&codart=51021E&marart=218&seopth=WIX-INDUSTRIAL-HD-51021E-FILTRO-OLIO-
MF8650,MD-013,FILTRO OLIO,https://e-commerce.michelecaroli.com/wso/pages/user/wso0205.jsf?idaa=463424&codart=MD-013&marart=ALCO&seopth=ALCO-MD-013-FILTRO-OLIO
MF860K,SA14009K,FILTRO ARIA HIFI,https://e-commerce.michelecaroli.com/wso/pages/user/wso0205.jsf?idaa=288854&codart=SA14009K&marart=230&seopth=HIFI-FILTRI-SA14009K-FILTRO-ARIA-HIFI
MF76202A,SO580,FILTRO OLIO P550008# HIFI,https://e-commerce.michelecaroli.com/wso/pages/user/wso0205.jsf?idaa=300199&codart=SO580&marart=230&seopth=HIFI-FILTRI-SO580-FILTRO-OLIO-P550008-HIFI
MF75A5,SO1594,FILTRO OLIO P550183 HIFI,https://e-commerce.michelecaroli.com/wso/pages/user/wso0205.jsf?idaa=300845&codart=SO1594&marart=230&seopth=HIFI-FILTRI-SO1594-FILTRO-OLIO-P550183-HIFI
MF75A4,SO1594,FILTRO OLIO P550183 HIFI,https://e-commerce.michelecaroli.com/wso/pages/user/wso0205.jsf?idaa=300845&codart=SO1594&marart=230&seopth=HIFI-FILTRI-SO1594-FILTRO-OLIO-P550183-HIFI
MF75A3,SO1594,FILTRO OLIO P550183 HIFI,https://e-commerce.michelecaroli.com/wso/pages/user/wso0205.jsf?idaa=300845&codart=SO1594&marart=230&seopth=HIFI-FILTRI-SO1594-FILTRO-OLIO-P550183-HIFI
MF75A2,SO1594,FILTRO OLIO P550183 HIFI,https://e-commerce.michelecaroli.com/wso/pages/user/wso0205.jsf?idaa=300845&codart=SO1594&marart=230&seopth=HIFI-FILTRI-SO1594-FILTRO-OLIO-P550183-HIFI
MF75A1,SO1594,FILTRO OLIO P550183 HIFI,https://e-commerce.michelecaroli.com/wso/pages/user/wso0205.jsf?idaa=300845&codart=SO1594&marart=230&seopth=HIFI-FILTRI-SO1594-FILTRO-OLIO-P550183-HIFI
MF75A,SO1594,FILTRO OLIO P550183 HIFI,https://e-commerce.michelecaroli.com/wso/pages/user/wso0205.jsf?idaa=300845&codart=SO1594&marart=230&seopth=HIFI-FILTRI-SO1594-FILTRO-OLIO-P550183-HIFI
MF681A,P558462,FILTRO OLIO DONALDSON P55-84 62,https://e-commerce.michelecaroli.com/wso/pages/user/wso0205.jsf?idaa=157189&codart=P558462&marart=227&seopth=DONALDSON-FILTRI-P558462-FILTRO-OLIO-DONALDSON-P55-84-62
MF67600A,WL7107,"FIILTRO OLIO BEDFO.BOBCATCASE JOHN DEERE. KUBOTA. HON. ACCORD, CIVIC,",https://e-commerce.michelecaroli.com/wso/pages/user/wso0205.jsf?idaa=143507&codart=WL7107&marart=219&seopth=WIX-AUTO-FILTRI-WL7107-FIILTRO-OLIO-BEDFO-BOBCATCASE-JOHN
MF675A,SO633,FILTRO OLIO HIFI,https://e-commerce.michelecaroli.com/wso/pages/user/wso0205.jsf?idaa=300350&codart=SO633&marart=230&seopth=HIFI-FILTRI-SO633-FILTRO-OLIO-HIFI
MF662,SO3327,FILTRO OLIO P550041 HIFI,https://e-commerce.michelecaroli.com/wso/pages/user/wso0205.jsf?idaa=300888&codart=SO3327&marart=230&seopth=HIFI-FILTRI-SO3327-FILTRO-OLIO-P550041-HIFI
MF63B,1R0659,,https://e-commerce.michelecaroli.com/wso/pages/user/wso0205.jsf?idaa=146663&codart=1R0659&marart=222&seopth=FILTRI-VARI-1R0659-FILTRO-OLIO-CAT
MF638,51021E,FILTRO OLIO#,https://e-commerce.michelecaroli.com/wso/pages/user/wso0205.jsf?idaa=369090&codart=51021E&marart=218&seopth=WIX-INDUSTRIAL-HD-51021E-FILTRO-OLIO-
MF63005A,SP-812,FILTRO OLIO,https://e-commerce.michelecaroli.com/wso/pages/user/wso0205.jsf?idaa=466312&codart=SP-812&marart=ALCO&seopth=ALCO-SP-812-FILTRO-OLIO
MF63004A,51348,FILTRO OLIO# P550335,https://e-commerce.michelecaroli.com/wso/pages/user/wso0205.jsf?idaa=368274&codart=51348&marart=218&seopth=WIX-INDUSTRIAL-HD-51348-FILTRO-OLIO-P550335
MF63000A,T1624,FILTRO OLIO P550227 HIFI,https://e-commerce.michelecaroli.com/wso/pages/user/wso0205.jsf?idaa=395320&codart=T1624&marart=230&seopth=HIFI-FILTRI-T1624-FILTRO-OLIO-P550227-HIFI
MF629A,S7111NC,FILTRO CAV296 SOFIMA,https://e-commerce.michelecaroli.com/wso/pages/user/wso0205.jsf?idaa=446634&codart=S7111NC&marart=SOFI&seopth=SOFIMA-S7111NC-FILTRO-CAV296-SOFIMA
MF624A,51076,FILTRO OLIO,https://e-commerce.michelecaroli.com/wso/pages/user/wso0205.jsf?idaa=368095&codart=51076&marart=218&seopth=WIX-INDUSTRIAL-HD-51076-FILTRO-OLIO
MF615A,P551014,FILTRO OLIO DONALDSON P55-1014,https://e-commerce.michelecaroli.com/wso/pages/user/wso0205.jsf?idaa=156890&codart=P551014&marart=227&seopth=DONALDSON-FILTRI-P551014-FILTRO-OLIO-DONALDSON-P55-1014
MF6105A,51348,FILTRO OLIO# P550335,https://e-commerce.michelecaroli.com/wso/pages/user/wso0205.jsf?idaa=368274&codart=51348&marart=218&seopth=WIX-INDUSTRIAL-HD-51348-FILTRO-OLIO-P550335
MF6103A,51348,FILTRO OLIO# P550335,https://e-commerce.michelecaroli.com/wso/pages/user/wso0205.jsf?idaa=368274&codart=51348&marart=218&seopth=WIX-INDUSTRIAL-HD-51348-FILTRO-OLIO-P550335
MF6103,51348,FILTRO OLIO# P550335,https://e-commerce.michelecaroli.com/wso/pages/user/wso0205.jsf?idaa=368274&codart=51348&marart=218&seopth=WIX-INDUSTRIAL-HD-51348-FILTRO-OLIO-P550335
MF60900A,WL7107,"FIILTRO OLIO BEDFO.BOBCATCASE JOHN DEERE. KUBOTA. HON. ACCORD, CIVIC,",https://e-commerce.michelecaroli.com/wso/pages/user/wso0205.jsf?idaa=143507&codart=WL7107&marart=219&seopth=WIX-AUTO-FILTRI-WL7107-FIILTRO-OLIO-BEDFO-BOBCATCASE-JOHN
MF60900,WL7107,"FIILTRO OLIO BEDFO.BOBCATCASE JOHN DEERE. KUBOTA. HON. ACCORD, CIVIC,",https://e-commerce.michelecaroli.com/wso/pages/user/wso0205.jsf?idaa=143507&codart=WL7107&marart=219&seopth=WIX-AUTO-FILTRI-WL7107-FIILTRO-OLIO-BEDFO-BOBCATCASE-JOHN
MF599A,SO4032,FILTRO OLIO HIFI,https://e-commerce.michelecaroli.com/wso/pages/user/wso0205.jsf?idaa=300132&codart=SO4032&marart=230&seopth=HIFI-FILTRI-SO4032-FILTRO-OLIO-HIFI
MF58B,P558462,FILTRO OLIO DONALDSON P55-84 62,https://e-commerce.michelecaroli.com/wso/pages/user/wso0205.jsf?idaa=157189&codart=P558462&marart=227&seopth=DONALDSON-FILTRI-P558462-FILTRO-OLIO-DONALDSON-P55-84-62
MF588A,P555400,FILTRO OLIO DONALDSON P55-5400,https://e-commerce.michelecaroli.com/wso/pages/user/wso0205.jsf?idaa=157132&codart=P555400&marart=227&seopth=DONALDSON-FILTRI-P555400-FILTRO-OLIO-DONALDSON-P55-5400
MF586A,51348,FILTRO OLIO# P550335,https://e-commerce.michelecaroli.com/wso/pages/user/wso0205.jsf?idaa=368274&codart=51348&marart=218&seopth=WIX-INDUSTRIAL-HD-51348-FILTRO-OLIO-P550335
MF586,51348,FILTRO OLIO# P550335,https://e-commerce.michelecaroli.com/wso/pages/user/wso0205.jsf?idaa=368274&codart=51348&marart=218&seopth=WIX-INDUSTRIAL-HD-51348-FILTRO-OLIO-P550335
MF57A,51165,FILTRO OLIO,https://e-commerce.michelecaroli.com/wso/pages/user/wso0205.jsf?idaa=368150&codart=51165&marart=218&seopth=WIX-INDUSTRIAL-HD-51165-FILTRO-OLIO
MF565A,51613,FILTRO OLIO,https://e-commerce.michelecaroli.com/wso/pages/user/wso0205.jsf?idaa=368489&codart=51613&marart=218&seopth=WIX-INDUSTRIAL-HD-51613-FILTRO-OLIO
MF55A,SO1594,FILTRO OLIO P550183 HIFI,https://e-commerce.michelecaroli.com/wso/pages/user/wso0205.jsf?idaa=300845&codart=SO1594&marart=230&seopth=HIFI-FILTRI-SO1594-FILTRO-OLIO-P550183-HIFI
MF559A,SO4032,FILTRO OLIO HIFI,https://e-commerce.michelecaroli.com/wso/pages/user/wso0205.jsf?idaa=300132&codart=SO4032&marart=230&seopth=HIFI-FILTRI-SO4032-FILTRO-OLIO-HIFI
MF554,SN149,FILTRO NAFTA P550012 HIFI,https://e-commerce.michelecaroli.com/wso/pages/user/wso0205.jsf?idaa=298903&codart=SN149&marart=230&seopth=HIFI-FILTRI-SN149-FILTRO-NAFTA-P550012-HIFI
MF554,SN149,FILTRO NAFTA P550012 HIFI,https://e-commerce.michelecaroli.com/wso/pages/user/wso0205.jsf?idaa=298903&codart=SN149&marart=230&seopth=HIFI-FILTRI-SN149-FILTRO-NAFTA-P550012-HIFI
MF55101,33225,FILTRO NAFTA P550677 ad ESAURIMENTO,https://e-commerce.michelecaroli.com/wso/pages/user/wso0205.jsf?idaa=365897&codart=33225&marart=218&seopth=WIX-INDUSTRIAL-HD-33225-FILTRO-NAFTA-P550677-ad-ESAURIMENTO
MF551,T6720,FILTRO OLIO P550078 HIFI,https://e-commerce.michelecaroli.com/wso/pages/user/wso0205.jsf?idaa=395341&codart=T6720&marart=230&seopth=HIFI-FILTRI-T6720-FILTRO-OLIO-P550078-HIFI
MF53400A,23.127.00,FILTRO OLIO UFI 23.127.00,https://e-commerce.michelecaroli.com/wso/pages/user/wso0205.jsf?idaa=149367&codart=23.127.00&marart=UFIHD&seopth=UFI-HD-23-127-00-FILTRO-OLIO-UFI-23-127-00
MF534,51021E,FILTRO OLIO#,https://e-commerce.michelecaroli.com/wso/pages/user/wso0205.jsf?idaa=369090&codart=51021E&marart=218&seopth=WIX-INDUSTRIAL-HD-51021E-FILTRO-OLIO-
MF52B,SO1594,FILTRO OLIO P550183 HIFI,https://e-commerce.michelecaroli.com/wso/pages/user/wso0205.jsf?idaa=300845&codart=SO1594&marart=230&seopth=HIFI-FILTRI-SO1594-FILTRO-OLIO-P550183-HIFI
MF52A,51302E,FILTRO OLIO P550052,https://e-commerce.michelecaroli.com/wso/pages/user/wso0205.jsf?idaa=369112&codart=51302E&marart=218&seopth=WIX-INDUSTRIAL-HD-51302E-FILTRO-OLIO-P550052
MF529,SO4003,FILTRO OLIO P502225 HIFI,https://e-commerce.michelecaroli.com/wso/pages/user/wso0205.jsf?idaa=300126&codart=SO4003&marart=230&seopth=HIFI-FILTRI-SO4003-FILTRO-OLIO-P502225-HIFI
MF523A1,51348,FILTRO OLIO# P550335,https://e-commerce.michelecaroli.com/wso/pages/user/wso0205.jsf?idaa=368274&codart=51348&marart=218&seopth=WIX-INDUSTRIAL-HD-51348-FILTRO-OLIO-P550335
MF519A,SO595,FILTRO OLIO P550396 HIFI,https://e-commerce.michelecaroli.com/wso/pages/user/wso0205.jsf?idaa=300204&codart=SO595&marart=230&seopth=HIFI-FILTRI-SO595-FILTRO-OLIO-P550396-HIFI
MF517A,P551305,FILTRO OLIO DONALDSON P55-1305 NON ESISTE SU DATABASE DONALDSON,https://e-commerce.michelecaroli.com/wso/pages/user/wso0205.jsf?idaa=439231&codart=P551305&marart=227&seopth=DONALDSON-FILTRI-P551305-FILTRO-OLIO-DONALDSON-P55-1305
MF512A,51613,FILTRO OLIO,https://e-commerce.michelecaroli.com/wso/pages/user/wso0205.jsf?idaa=368489&codart=51613&marart=218&seopth=WIX-INDUSTRIAL-HD-51613-FILTRO-OLIO
MF506,51021E,FILTRO OLIO#,https://e-commerce.michelecaroli.com/wso/pages/user/wso0205.jsf?idaa=369090&codart=51021E&marart=218&seopth=WIX-INDUSTRIAL-HD-51021E-FILTRO-OLIO-
MF504,SO7106,FILTRO OLIO P550170 HIFI,https://e-commerce.michelecaroli.com/wso/pages/user/wso0205.jsf?idaa=301239&codart=SO7106&marart=230&seopth=HIFI-FILTRI-SO7106-FILTRO-OLIO-P550170-HIFI
MF5030,2476812,ASTUCCIO C/FONDELLO 50X58X30,https://e-commerce.michelecaroli.com/wso/pages/user/wso0205.jsf?idaa=514061&codart=2476812&marart=IVECO&seopth=IVECO-2476812-ASTUCCIO-C-FONDELLO-50X58X30
MF50274,33121,FILTRO NAFTA,https://e-commerce.michelecaroli.com/wso/pages/user/wso0205.jsf?idaa=365838&codart=33121&marart=218&seopth=WIX-INDUSTRIAL-HD-33121-FILTRO-NAFTA
MF49A,SO7106,FILTRO OLIO P550170 HIFI,https://e-commerce.michelecaroli.com/wso/pages/user/wso0205.jsf?idaa=301239&codart=SO7106&marart=230&seopth=HIFI-FILTRI-SO7106-FILTRO-OLIO-P550170-HIFI
MF481A,51133,FILTRO OLIO# P550132,https://e-commerce.michelecaroli.com/wso/pages/user/wso0205.jsf?idaa=368125&codart=51133&marart=218&seopth=WIX-INDUSTRIAL-HD-51133-FILTRO-OLIO-P550132
MF481,51133,FILTRO OLIO# P550132,https://e-commerce.michelecaroli.com/wso/pages/user/wso0205.jsf?idaa=368125&codart=51133&marart=218&seopth=WIX-INDUSTRIAL-HD-51133-FILTRO-OLIO-P550132
MF468A,P555400,FILTRO OLIO DONALDSON P55-5400,https://e-commerce.michelecaroli.com/wso/pages/user/wso0205.jsf?idaa=157132&codart=P555400&marart=227&seopth=DONALDSON-FILTRI-P555400-FILTRO-OLIO-DONALDSON-P55-5400
MF468,P555400,FILTRO OLIO DONALDSON P55-5400,https://e-commerce.michelecaroli.com/wso/pages/user/wso0205.jsf?idaa=157132&codart=P555400&marart=227&seopth=DONALDSON-FILTRI-P555400-FILTRO-OLIO-DONALDSON-P55-5400
MF4677,SP-2138,FILTRO CARB. ALCO,https://e-commerce.michelecaroli.com/wso/pages/user/wso0205.jsf?idaa=466250&codart=SP-2138&marart=ALCO&seopth=ALCO-SP-2138-FILTRO-CARB-ALCO
MF4670,P502233,FILTRO GASOLIO,https://e-commerce.michelecaroli.com/wso/pages/user/wso0205.jsf?idaa=156054&codart=P502233&marart=227&seopth=DONALDSON-FILTRI-P502233-FILTRO-GASOLIO
MF459,33031,FILTRO NAFTA,https://e-commerce.michelecaroli.com/wso/pages/user/wso0205.jsf?idaa=365728&codart=33031&marart=218&seopth=WIX-INDUSTRIAL-HD-33031-FILTRO-NAFTA
MF45805A,51050,FILTRO OLIO,https://e-commerce.michelecaroli.com/wso/pages/user/wso0205.jsf?idaa=368079&codart=51050&marart=218&seopth=WIX-INDUSTRIAL-HD-51050-FILTRO-OLIO
MF45804A,P550882,,https://e-commerce.michelecaroli.com/wso/pages/user/wso0205.jsf?idaa=156838&codart=P550882&marart=227&seopth=DONALDSON-FILTRI-P550882-ATTUALE-P550939
MF45803A,51049,FILTRO OLIO,https://e-commerce.michelecaroli.com/wso/pages/user/wso0205.jsf?idaa=368078&codart=51049&marart=218&seopth=WIX-INDUSTRIAL-HD-51049-FILTRO-OLIO
MF45800A,P550095,FILTRO OLIO DONALDSON P55-0095 OBSO LETO,https://e-commerce.michelecaroli.com/wso/pages/user/wso0205.jsf?idaa=156453&codart=P550095&marart=227&seopth=DONALDSON-FILTRI-P550095-FILTRO-OLIO-DONALDSON-P55-0095-OBSO
MF45702A,SO654,FILTRO OLIO P555680 HIFI,https://e-commerce.michelecaroli.com/wso/pages/user/wso0205.jsf?idaa=300363&codart=SO654&marart=230&seopth=HIFI-FILTRI-SO654-FILTRO-OLIO-P555680-HIFI
MF45701A,51050,FILTRO OLIO,https://e-commerce.michelecaroli.com/wso/pages/user/wso0205.jsf?idaa=368079&codart=51050&marart=218&seopth=WIX-INDUSTRIAL-HD-51050-FILTRO-OLIO
MF45700B,SO580,FILTRO OLIO P550008# HIFI,https://e-commerce.michelecaroli.com/wso/pages/user/wso0205.jsf?idaa=300199&codart=SO580&marart=230&seopth=HIFI-FILTRI-SO580-FILTRO-OLIO-P550008-HIFI
MF45700A,SO580,FILTRO OLIO P550008# HIFI,https://e-commerce.michelecaroli.com/wso/pages/user/wso0205.jsf?idaa=300199&codart=SO580&marart=230&seopth=HIFI-FILTRI-SO580-FILTRO-OLIO-P550008-HIFI
MF45700,SO580,FILTRO OLIO P550008# HIFI,https://e-commerce.michelecaroli.com/wso/pages/user/wso0205.jsf?idaa=300199&codart=SO580&marart=230&seopth=HIFI-FILTRI-SO580-FILTRO-OLIO-P550008-HIFI
MF4552,SP-1093,FILTRO CARB.,https://e-commerce.michelecaroli.com/wso/pages/user/wso0205.jsf?idaa=465888&codart=SP-1093&marart=ALCO&seopth=ALCO-SP-1093-FILTRO-CARB-
MF455,SP-970,FILTRO CARB. ALCO,https://e-commerce.michelecaroli.com/wso/pages/user/wso0205.jsf?idaa=466431&codart=SP-970&marart=ALCO&seopth=ALCO-SP-970-FILTRO-CARB-ALCO
MF448,33033,PREFILTRO,https://e-commerce.michelecaroli.com/wso/pages/user/wso0205.jsf?idaa=365730&codart=33033&marart=218&seopth=WIX-INDUSTRIAL-HD-33033-PREFILTRO
MF4451,BE7268,FILTRO BENZINA HIFI,https://e-commerce.michelecaroli.com/wso/pages/user/wso0205.jsf?idaa=396316&codart=BE7268&marart=230&seopth=HIFI-FILTRI-BE7268-FILTRO-BENZINA-HIFI
MF4446,P505960,SEPARATORE,https://e-commerce.michelecaroli.com/wso/pages/user/wso0205.jsf?idaa=311929&codart=P505960&marart=227&seopth=DONALDSON-FILTRI-P505960-SEPARATORE
MF3900,SO633,FILTRO OLIO HIFI,https://e-commerce.michelecaroli.com/wso/pages/user/wso0205.jsf?idaa=300350&codart=SO633&marart=230&seopth=HIFI-FILTRI-SO633-FILTRO-OLIO-HIFI
MF39,SO633,FILTRO OLIO HIFI,https://e-commerce.michelecaroli.com/wso/pages/user/wso0205.jsf?idaa=300350&codart=SO633&marart=230&seopth=HIFI-FILTRI-SO633-FILTRO-OLIO-HIFI
MF39,SO633,FILTRO OLIO HIFI,https://e-commerce.michelecaroli.com/wso/pages/user/wso0205.jsf?idaa=300350&codart=SO633&marart=230&seopth=HIFI-FILTRI-SO633-FILTRO-OLIO-HIFI
MF36304B,P550095,FILTRO OLIO DONALDSON P55-0095 OBSO LETO,https://e-commerce.michelecaroli.com/wso/pages/user/wso0205.jsf?idaa=156453&codart=P550095&marart=227&seopth=DONALDSON-FILTRI-P550095-FILTRO-OLIO-DONALDSON-P55-0095-OBSO
MF36300A,P550095,FILTRO OLIO DONALDSON P55-0095 OBSO LETO,https://e-commerce.michelecaroli.com/wso/pages/user/wso0205.jsf?idaa=156453&codart=P550095&marart=227&seopth=DONALDSON-FILTRI-P550095-FILTRO-OLIO-DONALDSON-P55-0095-OBSO
MF347A,P164270,FILTRO HYDR.DONALDSON P16-4270,https://e-commerce.michelecaroli.com/wso/pages/user/wso0205.jsf?idaa=154910&codart=P164270&marart=227&seopth=DONALDSON-FILTRI-P164270-FILTRO-HYDR-DONALDSON-P16-4270
MF31A,51242,FILTRO OLIO,https://e-commerce.michelecaroli.com/wso/pages/user/wso0205.jsf?idaa=368202&codart=51242&marart=218&seopth=WIX-INDUSTRIAL-HD-51242-FILTRO-OLIO
MF308A1,SO633,FILTRO OLIO HIFI,https://e-commerce.michelecaroli.com/wso/pages/user/wso0205.jsf?idaa=300350&codart=SO633&marart=230&seopth=HIFI-FILTRI-SO633-FILTRO-OLIO-HIFI
MF308A,SO633,FILTRO OLIO HIFI,https://e-commerce.michelecaroli.com/wso/pages/user/wso0205.jsf?idaa=300350&codart=SO633&marart=230&seopth=HIFI-FILTRI-SO633-FILTRO-OLIO-HIFI
MF29B,51148,,https://e-commerce.michelecaroli.com/wso/pages/user/wso0205.jsf?idaa=368136&codart=51148&marart=218&seopth=WIX-INDUSTRIAL-HD-51148-FILTRO-OLIO
MF29A,51148,,https://e-commerce.michelecaroli.com/wso/pages/user/wso0205.jsf?idaa=368136&codart=51148&marart=218&seopth=WIX-INDUSTRIAL-HD-51148-FILTRO-OLIO
MF296,S7111NC,FILTRO CAV296 SOFIMA,https://e-commerce.michelecaroli.com/wso/pages/user/wso0205.jsf?idaa=446634&codart=S7111NC&marart=SOFI&seopth=SOFIMA-S7111NC-FILTRO-CAV296-SOFIMA
MF292A1,51168,FILTRO OLIO,https://e-commerce.michelecaroli.com/wso/pages/user/wso0205.jsf?idaa=368153&codart=51168&marart=218&seopth=WIX-INDUSTRIAL-HD-51168-FILTRO-OLIO
MF277A2,P550311,FILTRO OLIO AD IMMERSIONE,https://e-commerce.michelecaroli.com/wso/pages/user/wso0205.jsf?idaa=156542&codart=P550311&marart=227&seopth=DONALDSON-FILTRI-P550311-FILTRO-OLIO-AD-IMMERSIONE
MF277A,P550311,FILTRO OLIO AD IMMERSIONE,https://e-commerce.michelecaroli.com/wso/pages/user/wso0205.jsf?idaa=156542&codart=P550311&marart=227&seopth=DONALDSON-FILTRI-P550311-FILTRO-OLIO-AD-IMMERSIONE
MF276A,MD-013,FILTRO OLIO,https://e-commerce.michelecaroli.com/wso/pages/user/wso0205.jsf?idaa=463424&codart=MD-013&marart=ALCO&seopth=ALCO-MD-013-FILTRO-OLIO
MF272B,P558462,FILTRO OLIO DONALDSON P55-84 62,https://e-commerce.michelecaroli.com/wso/pages/user/wso0205.jsf?idaa=157189&codart=P558462&marart=227&seopth=DONALDSON-FILTRI-P558462-FILTRO-OLIO-DONALDSON-P55-84-62
MF26D,SO1594,FILTRO OLIO P550183 HIFI,https://e-commerce.michelecaroli.com/wso/pages/user/wso0205.jsf?idaa=300845&codart=SO1594&marart=230&seopth=HIFI-FILTRI-SO1594-FILTRO-OLIO-P550183-HIFI
MF26A3,51302E,FILTRO OLIO P550052,https://e-commerce.michelecaroli.com/wso/pages/user/wso0205.jsf?idaa=369112&codart=51302E&marart=218&seopth=WIX-INDUSTRIAL-HD-51302E-FILTRO-OLIO-P550052
MF26A2,51302E,FILTRO OLIO P550052,https://e-commerce.michelecaroli.com/wso/pages/user/wso0205.jsf?idaa=369112&codart=51302E&marart=218&seopth=WIX-INDUSTRIAL-HD-51302E-FILTRO-OLIO-P550052
MF26A1,51302E,FILTRO OLIO P550052,https://e-commerce.michelecaroli.com/wso/pages/user/wso0205.jsf?idaa=369112&codart=51302E&marart=218&seopth=WIX-INDUSTRIAL-HD-51302E-FILTRO-OLIO-P550052
MF26A,51302E,FILTRO OLIO P550052,https://e-commerce.michelecaroli.com/wso/pages/user/wso0205.jsf?idaa=369112&codart=51302E&marart=218&seopth=WIX-INDUSTRIAL-HD-51302E-FILTRO-OLIO-P550052
MF2604,51302E,FILTRO OLIO P550052,https://e-commerce.michelecaroli.com/wso/pages/user/wso0205.jsf?idaa=369112&codart=51302E&marart=218&seopth=WIX-INDUSTRIAL-HD-51302E-FILTRO-OLIO-P550052
MF2600,51302E,FILTRO OLIO P550052,https://e-commerce.michelecaroli.com/wso/pages/user/wso0205.jsf?idaa=369112&codart=51302E&marart=218&seopth=WIX-INDUSTRIAL-HD-51302E-FILTRO-OLIO-P550052
MF25A,51080,FILTRO OLIO,https://e-commerce.michelecaroli.com/wso/pages/user/wso0205.jsf?idaa=368097&codart=51080&marart=218&seopth=WIX-INDUSTRIAL-HD-51080-FILTRO-OLIO
MF24C,51010,FILTRO OLIO,https://e-commerce.michelecaroli.com/wso/pages/user/wso0205.jsf?idaa=368066&codart=51010&marart=218&seopth=WIX-INDUSTRIAL-HD-51010-FILTRO-OLIO
MF221A1,26540153,FILTRO OLIO/OIL FILTER,https://e-commerce.michelecaroli.com/wso/pages/user/wso0205.jsf?idaa=46765&codart=26540153&marart=155&seopth=PERKINS-26540153-FILTRO-OLIO-OIL-FILTER
MF221A,26540153,FILTRO OLIO/OIL FILTER,https://e-commerce.michelecaroli.com/wso/pages/user/wso0205.jsf?idaa=46765&codart=26540153&marart=155&seopth=PERKINS-26540153-FILTRO-OLIO-OIL-FILTER
MF21A4,SO599,FILTRO OLIO HIFI,https://e-commerce.michelecaroli.com/wso/pages/user/wso0205.jsf?idaa=300207&codart=SO599&marart=230&seopth=HIFI-FILTRI-SO599-FILTRO-OLIO-HIFI
MF21A4,SO599,FILTRO OLIO HIFI,https://e-commerce.michelecaroli.com/wso/pages/user/wso0205.jsf?idaa=300207&codart=SO599&marart=230&seopth=HIFI-FILTRI-SO599-FILTRO-OLIO-HIFI
MF219A,SO599,FILTRO OLIO HIFI,https://e-commerce.michelecaroli.com/wso/pages/user/wso0205.jsf?idaa=300207&codart=SO599&marart=230&seopth=HIFI-FILTRI-SO599-FILTRO-OLIO-HIFI
MF21901,SO599,FILTRO OLIO HIFI,https://e-commerce.michelecaroli.com/wso/pages/user/wso0205.jsf?idaa=300207&codart=SO599&marart=230&seopth=HIFI-FILTRI-SO599-FILTRO-OLIO-HIFI
MF2005A,SO633,FILTRO OLIO HIFI,https://e-commerce.michelecaroli.com/wso/pages/user/wso0205.jsf?idaa=300350&codart=SO633&marart=230&seopth=HIFI-FILTRI-SO633-FILTRO-OLIO-HIFI
MF191A,42710,FILTRO ARIA,https://e-commerce.michelecaroli.com/wso/pages/user/wso0205.jsf?idaa=366749&codart=42710&marart=218&seopth=WIX-INDUSTRIAL-HD-42710-FILTRO-ARIA
MF172A,51092,FILTRO OLIO,https://e-commerce.michelecaroli.com/wso/pages/user/wso0205.jsf?idaa=368106&codart=51092&marart=218&seopth=WIX-INDUSTRIAL-HD-51092-FILTRO-OLIO
MF170A,51010,FILTRO OLIO,https://e-commerce.michelecaroli.com/wso/pages/user/wso0205.jsf?idaa=368066&codart=51010&marart=218&seopth=WIX-INDUSTRIAL-HD-51010-FILTRO-OLIO
MF169,SO633,FILTRO OLIO HIFI,https://e-commerce.michelecaroli.com/wso/pages/user/wso0205.jsf?idaa=300350&codart=SO633&marart=230&seopth=HIFI-FILTRI-SO633-FILTRO-OLIO-HIFI
MF1602,SH56217,FILTRO,https://e-commerce.michelecaroli.com/wso/pages/user/wso0205.jsf?idaa=438537&codart=SH56217&marart=230&seopth=HIFI-FILTRI-SH56217-FILTRO
MF1601,51858,FILTRO OLIO# P550148,https://e-commerce.michelecaroli.com/wso/pages/user/wso0205.jsf?idaa=368676&codart=51858&marart=218&seopth=WIX-INDUSTRIAL-HD-51858-FILTRO-OLIO-P550148
MF149A,SO633,FILTRO OLIO HIFI,https://e-commerce.michelecaroli.com/wso/pages/user/wso0205.jsf?idaa=300350&codart=SO633&marart=230&seopth=HIFI-FILTRI-SO633-FILTRO-OLIO-HIFI
MF140,51653,FILTRO OLIO,https://e-commerce.michelecaroli.com/wso/pages/user/wso0205.jsf?idaa=368524&codart=51653&marart=218&seopth=WIX-INDUSTRIAL-HD-51653-FILTRO-OLIO
MF140,51653,FILTRO OLIO,https://e-commerce.michelecaroli.com/wso/pages/user/wso0205.jsf?idaa=368524&codart=51653&marart=218&seopth=WIX-INDUSTRIAL-HD-51653-FILTRO-OLIO
MF121,33112E,FILTRO NAFTA# P550861,https://e-commerce.michelecaroli.com/wso/pages/user/wso0205.jsf?idaa=368986&codart=33112E&marart=218&seopth=WIX-INDUSTRIAL-HD-33112E-FILTRO-NAFTA-P550861
MF119,33167E,FILTRO NAFTA# P550060,https://e-commerce.michelecaroli.com/wso/pages/user/wso0205.jsf?idaa=368995&codart=33167E&marart=218&seopth=WIX-INDUSTRIAL-HD-33167E-FILTRO-NAFTA-P550060
MF108A,SO595,FILTRO OLIO P550396 HIFI,https://e-commerce.michelecaroli.com/wso/pages/user/wso0205.jsf?idaa=300204&codart=SO595&marart=230&seopth=HIFI-FILTRI-SO595-FILTRO-OLIO-P550396-HIFI
MF103A,SO595,FILTRO OLIO P550396 HIFI,https://e-commerce.michelecaroli.com/wso/pages/user/wso0205.jsf?idaa=300204&codart=SO595&marart=230&seopth=HIFI-FILTRI-SO595-FILTRO-OLIO-P550396-HIFI
MF102,S7111NC,FILTRO CAV296 SOFIMA,https://e-commerce.michelecaroli.com/wso/pages/user/wso0205.jsf?idaa=446634&codart=S7111NC&marart=SOFI&seopth=SOFIMA-S7111NC-FILTRO-CAV296-SOFIMA
MF101A,33143,FILTRO NAFTA,https://e-commerce.michelecaroli.com/wso/pages/user/wso0205.jsf?idaa=365851&codart=33143&marart=218&seopth=WIX-INDUSTRIAL-HD-33143-FILTRO-NAFTA
MF100A,SO1594,FILTRO OLIO P550183 HIFI,https://e-commerce.michelecaroli.com/wso/pages/user/wso0205.jsf?idaa=300845&codart=SO1594&marart=230&seopth=HIFI-FILTRI-SO1594-FILTRO-OLIO-P550183-HIFI
MF004099,T6730,FILTRO OLIO P550067 HIFI,https://e-commerce.michelecaroli.com/wso/pages/user/wso0205.jsf?idaa=395343&codart=T6730&marart=230&seopth=HIFI-FILTRI-T6730-FILTRO-OLIO-P550067-HIFI
MEX2954,P004076,FASCIA MONTAGGIO P00-4076,https://e-commerce.michelecaroli.com/wso/pages/user/wso0205.jsf?idaa=154484&codart=P004076&marart=227&seopth=DONALDSON-FILTRI-P004076-FASCIA-MONTAGGIO-P00-4076
MEO88519,P556007,ATTUALE P559128,https://e-commerce.michelecaroli.com/wso/pages/user/wso0205.jsf?idaa=157148&codart=P556007&marart=227&seopth=DONALDSON-FILTRI-P556007-ATTUALE-P559128
MEO84530,P556007,ATTUALE P559128,https://e-commerce.michelecaroli.com/wso/pages/user/wso0205.jsf?idaa=157148&codart=P556007&marart=227&seopth=DONALDSON-FILTRI-P556007-ATTUALE-P559128
MEO74013,51674,FILTRO OLIO P552562,https://e-commerce.michelecaroli.com/wso/pages/user/wso0205.jsf?idaa=368541&codart=51674&marart=218&seopth=WIX-INDUSTRIAL-HD-51674-FILTRO-OLIO-P552562
MEO65322,WE2072,FILTRO ACQUA P552072 HIFI,https://e-commerce.michelecaroli.com/wso/pages/user/wso0205.jsf?idaa=395492&codart=WE2072&marart=230&seopth=HIFI-FILTRI-WE2072-FILTRO-ACQUA-P552072-HIFI
MEO64356,P550065,FILTRO OLIO AD IMMERSIONE,https://e-commerce.michelecaroli.com/wso/pages/user/wso0205.jsf?idaa=156427&codart=P550065&marart=227&seopth=DONALDSON-FILTRI-P550065-FILTRO-OLIO-AD-IMMERSIONE
MEO63155,SA11854,FILTRO ARIA P119373 HIFI,https://e-commerce.michelecaroli.com/wso/pages/user/wso0205.jsf?idaa=336297&codart=SA11854&marart=230&seopth=HIFI-FILTRI-SA11854-FILTRO-ARIA-P119373-HIFI
MEO63135,46544,FILTRO ARIA,https://e-commerce.michelecaroli.com/wso/pages/user/wso0205.jsf?idaa=367304&codart=46544&marart=218&seopth=WIX-INDUSTRIAL-HD-46544-FILTRO-ARIA
MEO63044,SA11854,FILTRO ARIA P119373 HIFI,https://e-commerce.michelecaroli.com/wso/pages/user/wso0205.jsf?idaa=336297&codart=SA11854&marart=230&seopth=HIFI-FILTRI-SA11854-FILTRO-ARIA-P119373-HIFI
MEO60219,P182045,,https://e-commerce.michelecaroli.com/wso/pages/user/wso0205.jsf?idaa=155911&codart=P182045&marart=227&seopth=DONALDSON-FILTRI-P182045-FILTRO-ARIA-SOSTITUITO-DA-P181045
MEO56670,SP-1093,FILTRO CARB.,https://e-commerce.michelecaroli.com/wso/pages/user/wso0205.jsf?idaa=465888&codart=SP-1093&marart=ALCO&seopth=ALCO-SP-1093-FILTRO-CARB-
MEO54238,P550065,FILTRO OLIO AD IMMERSIONE,https://e-commerce.michelecaroli.com/wso/pages/user/wso0205.jsf?idaa=156427&codart=P550065&marart=227&seopth=DONALDSON-FILTRI-P550065-FILTRO-OLIO-AD-IMMERSIONE
MEO53363,42212,FILTRO ARIA,https://e-commerce.michelecaroli.com/wso/pages/user/wso0205.jsf?idaa=366381&codart=42212&marart=218&seopth=WIX-INDUSTRIAL-HD-42212-FILTRO-ARIA
MEO35829,FT7231,FILTRO NAFTA P552561 HIFI,https://e-commerce.michelecaroli.com/wso/pages/user/wso0205.jsf?idaa=394793&codart=FT7231&marart=230&seopth=HIFI-FILTRI-FT7231-FILTRO-NAFTA-P552561-HIFI
MEO35393,FT7231,FILTRO NAFTA P552561 HIFI,https://e-commerce.michelecaroli.com/wso/pages/user/wso0205.jsf?idaa=394793&codart=FT7231&marart=230&seopth=HIFI-FILTRI-FT7231-FILTRO-NAFTA-P552561-HIFI
MEO34879,P550777,FILTRO@OLIO DONALDSON conf.6,https://e-commerce.michelecaroli.com/wso/pages/user/wso0205.jsf?idaa=156797&codart=P550777&marart=227&seopth=DONALDSON-FILTRI-P550777-FILTRO-OLIO-DONALDSON-conf-6
MEO33617,P182045,,https://e-commerce.michelecaroli.com/wso/pages/user/wso0205.jsf?idaa=155911&codart=P182045&marart=227&seopth=DONALDSON-FILTRI-P182045-FILTRO-ARIA-SOSTITUITO-DA-P181045
MEO33483,SA11884,FILTRO ARIA P181070 HIFI,https://e-commerce.michelecaroli.com/wso/pages/user/wso0205.jsf?idaa=336306&codart=SA11884&marart=230&seopth=HIFI-FILTRI-SA11884-FILTRO-ARIA-P181070-HIFI
MEO17440,SP-934,FILTRO OLIO,https://e-commerce.michelecaroli.com/wso/pages/user/wso0205.jsf?idaa=466400&codart=SP-934&marart=ALCO&seopth=ALCO-SP-934-FILTRO-OLIO
MEO16823,FT7220,FILTRO NAFTA P550049 HIFI,https://e-commerce.michelecaroli.com/wso/pages/user/wso0205.jsf?idaa=394792&codart=FT7220&marart=230&seopth=HIFI-FILTRI-FT7220-FILTRO-NAFTA-P550049-HIFI
MEO14838,T7315,FILTRO OLIO HIFI,https://e-commerce.michelecaroli.com/wso/pages/user/wso0205.jsf?idaa=395352&codart=T7315&marart=230&seopth=HIFI-FILTRI-T7315-FILTRO-OLIO-HIFI
MEO14833,T6730,FILTRO OLIO P550067 HIFI,https://e-commerce.michelecaroli.com/wso/pages/user/wso0205.jsf?idaa=395343&codart=T6730&marart=230&seopth=HIFI-FILTRI-T6730-FILTRO-OLIO-P550067-HIFI
MEO04099,T6730,FILTRO OLIO P550067 HIFI,https://e-commerce.michelecaroli.com/wso/pages/user/wso0205.jsf?idaa=395343&codart=T6730&marart=230&seopth=HIFI-FILTRI-T6730-FILTRO-OLIO-P550067-HIFI
MEO04049,T6730,FILTRO OLIO P550067 HIFI,https://e-commerce.michelecaroli.com/wso/pages/user/wso0205.jsf?idaa=395343&codart=T6730&marart=230&seopth=HIFI-FILTRI-T6730-FILTRO-OLIO-P550067-HIFI
MEE160105BN2,SH56757,FILTRO HYDR. P165762 HIFI,https://e-commerce.michelecaroli.com/wso/pages/user/wso0205.jsf?idaa=294221&codart=SH56757&marart=230&seopth=HIFI-FILTRI-SH56757-FILTRO-HYDR-P165762-HIFI
ME9H640052,H002040,PREFILTRO DONALDSON PBH00-2040,https://e-commerce.michelecaroli.com/wso/pages/user/wso0205.jsf?idaa=154203&codart=H002040&marart=227&seopth=DONALDSON-FILTRI-H002040-PREFILTRO-DONALDSON-PBH00-2040
ME64356,P550066,FILTRO OLIO DONALDSON P55-0066,https://e-commerce.michelecaroli.com/wso/pages/user/wso0205.jsf?idaa=156428&codart=P550066&marart=227&seopth=DONALDSON-FILTRI-P550066-FILTRO-OLIO-DONALDSON-P55-0066
ME5070,X002251,"INDICATORE DONALDSON 1-/8""-27-NPT MECCANICO MBAR 50",https://e-commerce.michelecaroli.com/wso/pages/user/wso0205.jsf?idaa=158295&codart=X002251&marart=227&seopth=DONALDSON-FILTRI-X002251-INDICATORE-DONALDSON-1-8-27-NPT
ME460C,J000232,"CLAMP, U-BOLT 5 IN (127 MM)",https://e-commerce.michelecaroli.com/wso/pages/user/wso0205.jsf?idaa=442577&codart=J000232&marart=227&seopth=DONALDSON-FILTRI-J000232-CLAMP-U-BOLT-5-IN-127-MM-
ME444B,X004536,"SEAL CLAMP, 2 IN (51 MM) STAINLESS",https://e-commerce.michelecaroli.com/wso/pages/user/wso0205.jsf?idaa=443366&codart=X004536&marart=227&seopth=DONALDSON-FILTRI-X004536-SEAL-CLAMP-2-IN-51-MM-STAINLESS
ME442325,MD-7518,FILTRO ARIA,https://e-commerce.michelecaroli.com/wso/pages/user/wso0205.jsf?idaa=464303&codart=MD-7518&marart=ALCO&seopth=ALCO-MD-7518-FILTRO-ARIA
ME439M,M060158,"MUFFLER, ROUND STYLE 3",https://e-commerce.michelecaroli.com/wso/pages/user/wso0205.jsf?idaa=442850&codart=M060158&marart=227&seopth=DONALDSON-FILTRI-M060158-MUFFLER-ROUND-STYLE-3
ME431M,M070028,"MUFFLER, ROUND STYLE 1",https://e-commerce.michelecaroli.com/wso/pages/user/wso0205.jsf?idaa=442867&codart=M070028&marart=227&seopth=DONALDSON-FILTRI-M070028-MUFFLER-ROUND-STYLE-1
ME421M,M065044,"MUFFLER, ROUND STYLE 3",https://e-commerce.michelecaroli.com/wso/pages/user/wso0205.jsf?idaa=442859&codart=M065044&marart=227&seopth=DONALDSON-FILTRI-M065044-MUFFLER-ROUND-STYLE-3
ME413501,P534435,FILTRO ARIA DONALDSON P53-4435 ABBINATO CON P543615,https://e-commerce.michelecaroli.com/wso/pages/user/wso0205.jsf?idaa=156995&codart=P534435&marart=227&seopth=DONALDSON-FILTRI-P534435-FILTRO-ARIA-DONALDSON-P53-4435
ME408992,SBH1,FILTRO NAFTA DIAM.10/10 MM DIAM EST. 44/49 MM ALT. 57/95 MM,https://e-commerce.michelecaroli.com/wso/pages/user/wso0205.jsf?idaa=291594&codart=SBH1&marart=230&seopth=HIFI-FILTRI-SBH1-FILTRO-NAFTA-DIAM-10-10-MM
ME306306,SN25045,FILTRO NAFTA P502422/P502521 HIFI,https://e-commerce.michelecaroli.com/wso/pages/user/wso0205.jsf?idaa=299828&codart=SN25045&marart=230&seopth=HIFI-FILTRI-SN25045-FILTRO-NAFTA-P502422-P502521-HIFI
ME301895,SN25045,FILTRO NAFTA P502422/P502521 HIFI,https://e-commerce.michelecaroli.com/wso/pages/user/wso0205.jsf?idaa=299828&codart=SN25045&marart=230&seopth=HIFI-FILTRI-SN25045-FILTRO-NAFTA-P502422-P502521-HIFI
ME294850,P534435,FILTRO ARIA DONALDSON P53-4435 ABBINATO CON P543615,https://e-commerce.michelecaroli.com/wso/pages/user/wso0205.jsf?idaa=156995&codart=P534435&marart=227&seopth=DONALDSON-FILTRI-P534435-FILTRO-ARIA-DONALDSON-P53-4435
ME20187T,51675,FILTRO OLIO,https://e-commerce.michelecaroli.com/wso/pages/user/wso0205.jsf?idaa=368542&codart=51675&marart=218&seopth=WIX-INDUSTRIAL-HD-51675-FILTRO-OLIO
ME1663143562,FT1907,FILTRO NAFTA P502163 HIFI,https://e-commerce.michelecaroli.com/wso/pages/user/wso0205.jsf?idaa=394781&codart=FT1907&marart=230&seopth=HIFI-FILTRI-FT1907-FILTRO-NAFTA-P502163-HIFI
ME164412,P550065,FILTRO OLIO AD IMMERSIONE,https://e-commerce.michelecaroli.com/wso/pages/user/wso0205.jsf?idaa=156427&codart=P550065&marart=227&seopth=DONALDSON-FILTRI-P550065-FILTRO-OLIO-AD-IMMERSIONE
ME13307,51675,FILTRO OLIO,https://e-commerce.michelecaroli.com/wso/pages/user/wso0205.jsf?idaa=368542&codart=51675&marart=218&seopth=WIX-INDUSTRIAL-HD-51675-FILTRO-OLIO
ME131989,SP-1093,FILTRO CARB.,https://e-commerce.michelecaroli.com/wso/pages/user/wso0205.jsf?idaa=465888&codart=SP-1093&marart=ALCO&seopth=ALCO-SP-1093-FILTRO-CARB-
ME130960,51674,FILTRO OLIO P552562,https://e-commerce.michelecaroli.com/wso/pages/user/wso0205.jsf?idaa=368541&codart=51674&marart=218&seopth=WIX-INDUSTRIAL-HD-51674-FILTRO-OLIO-P552562
