Code searched,Matched code,Part Category on Michele,Link to Michele product
LFP8509,SO580,FILTRO OLIO P550008# HIFI,https://e-commerce.michelecaroli.com/wso/pages/user/wso0205.jsf?idaa=300199&codart=SO580&marart=230&seopth=HIFI-FILTRI-SO580-FILTRO-OLIO-P550008-HIFI
LFP8504,SO595,FILTRO OLIO P550396 HIFI,https://e-commerce.michelecaroli.com/wso/pages/user/wso0205.jsf?idaa=300204&codart=SO595&marart=230&seopth=HIFI-FILTRI-SO595-FILTRO-OLIO-P550396-HIFI
LFP8501,SO11001,FILTRO OLIO P502433 HIFI,https://e-commerce.michelecaroli.com/wso/pages/user/wso0205.jsf?idaa=300741&codart=SO11001&marart=230&seopth=HIFI-FILTRI-SO11001-FILTRO-OLIO-P502433-HIFI
LFP8340,SO10067,FILTRO OLIO P550758 HIFI,https://e-commerce.michelecaroli.com/wso/pages/user/wso0205.jsf?idaa=300707&codart=SO10067&marart=230&seopth=HIFI-FILTRI-SO10067-FILTRO-OLIO-P550758-HIFI
LFP8320,51844,FILTRO OLIO,https://e-commerce.michelecaroli.com/wso/pages/user/wso0205.jsf?idaa=368666&codart=51844&marart=218&seopth=WIX-INDUSTRIAL-HD-51844-FILTRO-OLIO
LFP832,51794,FILTRO OLIO,https://e-commerce.michelecaroli.com/wso/pages/user/wso0205.jsf?idaa=368633&codart=51794&marart=218&seopth=WIX-INDUSTRIAL-HD-51794-FILTRO-OLIO
LFP8316G,P167829,,https://e-commerce.michelecaroli.com/wso/pages/user/wso0205.jsf?idaa=155024&codart=P167829&marart=227&seopth=DONALDSON-FILTRI-P167829-OBSOLETO
LFP8295,51641,FILTRO OLIO,https://e-commerce.michelecaroli.com/wso/pages/user/wso0205.jsf?idaa=368514&codart=51641&marart=218&seopth=WIX-INDUSTRIAL-HD-51641-FILTRO-OLIO
LFP8250,51729,FILTRO IDRAULICO,https://e-commerce.michelecaroli.com/wso/pages/user/wso0205.jsf?idaa=368583&codart=51729&marart=218&seopth=WIX-INDUSTRIAL-HD-51729-FILTRO-IDRAULICO
LFP8235,51642,FILTRO OLIO,https://e-commerce.michelecaroli.com/wso/pages/user/wso0205.jsf?idaa=368515&codart=51642&marart=218&seopth=WIX-INDUSTRIAL-HD-51642-FILTRO-OLIO
LFP784,P550784,,https://e-commerce.michelecaroli.com/wso/pages/user/wso0205.jsf?idaa=156801&codart=P550784&marart=227&seopth=DONALDSON-FILTRI-P550784-SOSTITUITO-DAL-P551864
LFP781,P550731,ATTUALE PP59126,https://e-commerce.michelecaroli.com/wso/pages/user/wso0205.jsf?idaa=156768&codart=P550731&marart=227&seopth=DONALDSON-FILTRI-P550731-ATTUALE-PP59126
LFP781,P550731,ATTUALE PP59126,https://e-commerce.michelecaroli.com/wso/pages/user/wso0205.jsf?idaa=156768&codart=P550731&marart=227&seopth=DONALDSON-FILTRI-P550731-ATTUALE-PP59126
LFP780XL,P551018,FILTRO OLIO,https://e-commerce.michelecaroli.com/wso/pages/user/wso0205.jsf?idaa=313776&codart=P551018&marart=227&seopth=DONALDSON-FILTRI-P551018-FILTRO-OLIO
LFP777A,P550777,FILTRO@OLIO DONALDSON conf.6,https://e-commerce.michelecaroli.com/wso/pages/user/wso0205.jsf?idaa=156797&codart=P550777&marart=227&seopth=DONALDSON-FILTRI-P550777-FILTRO-OLIO-DONALDSON-conf-6
LFP777,P550777,FILTRO@OLIO DONALDSON conf.6,https://e-commerce.michelecaroli.com/wso/pages/user/wso0205.jsf?idaa=156797&codart=P550777&marart=227&seopth=DONALDSON-FILTRI-P550777-FILTRO-OLIO-DONALDSON-conf-6
LFP7174,SP-1299,FILTRO OLIO,https://e-commerce.michelecaroli.com/wso/pages/user/wso0205.jsf?idaa=465989&codart=SP-1299&marart=ALCO&seopth=ALCO-SP-1299-FILTRO-OLIO
LFP7,51049,FILTRO OLIO,https://e-commerce.michelecaroli.com/wso/pages/user/wso0205.jsf?idaa=368078&codart=51049&marart=218&seopth=WIX-INDUSTRIAL-HD-51049-FILTRO-OLIO
LFP670SC,P550671,FILTRO OLIO,https://e-commerce.michelecaroli.com/wso/pages/user/wso0205.jsf?idaa=156730&codart=P550671&marart=227&seopth=DONALDSON-FILTRI-P550671-FILTRO-OLIO
LFP670HE,SO3333,FILTRO OLIO P551670# HIFI,https://e-commerce.michelecaroli.com/wso/pages/user/wso0205.jsf?idaa=300892&codart=SO3333&marart=230&seopth=HIFI-FILTRI-SO3333-FILTRO-OLIO-P551670-HIFI
LFP670,P550671,FILTRO OLIO,https://e-commerce.michelecaroli.com/wso/pages/user/wso0205.jsf?idaa=156730&codart=P550671&marart=227&seopth=DONALDSON-FILTRI-P550671-FILTRO-OLIO
LFP670,P550671,FILTRO OLIO,https://e-commerce.michelecaroli.com/wso/pages/user/wso0205.jsf?idaa=156730&codart=P550671&marart=227&seopth=DONALDSON-FILTRI-P550671-FILTRO-OLIO
LFP664,51663,FILTRO HYDRAULICO P556005,https://e-commerce.michelecaroli.com/wso/pages/user/wso0205.jsf?idaa=368531&codart=51663&marart=218&seopth=WIX-INDUSTRIAL-HD-51663-FILTRO-HYDRAULICO-P556005
LFP6241,SO3316,FILTRO OLIO P555616 HIFI,https://e-commerce.michelecaroli.com/wso/pages/user/wso0205.jsf?idaa=300885&codart=SO3316&marart=230&seopth=HIFI-FILTRI-SO3316-FILTRO-OLIO-P555616-HIFI
LFP6228,SO3641,FILTRO OLIO P552363 HIFI,https://e-commerce.michelecaroli.com/wso/pages/user/wso0205.jsf?idaa=300948&codart=SO3641&marart=230&seopth=HIFI-FILTRI-SO3641-FILTRO-OLIO-P552363-HIFI
LFP60285,51140,FILTRO IDRAULICO,https://e-commerce.michelecaroli.com/wso/pages/user/wso0205.jsf?idaa=368131&codart=51140&marart=218&seopth=WIX-INDUSTRIAL-HD-51140-FILTRO-IDRAULICO
LFP5964,23.577.00,FILTRO OLIO,https://e-commerce.michelecaroli.com/wso/pages/user/wso0205.jsf?idaa=370152&codart=23.577.00&marart=UFIHD&seopth=UFI-HD-23-577-00-FILTRO-OLIO
LFP5919,57406,FILTRO OLIO,https://e-commerce.michelecaroli.com/wso/pages/user/wso0205.jsf?idaa=368847&codart=57406&marart=218&seopth=WIX-INDUSTRIAL-HD-57406-FILTRO-OLIO
LFP5853,57027,FILTRO OLIO,https://e-commerce.michelecaroli.com/wso/pages/user/wso0205.jsf?idaa=369382&codart=57027&marart=218&seopth=WIX-INDUSTRIAL-HD-57027-FILTRO-OLIO
LFP5823,SN211,FILTRO NAFTA P555823 HIFI,https://e-commerce.michelecaroli.com/wso/pages/user/wso0205.jsf?idaa=299735&codart=SN211&marart=230&seopth=HIFI-FILTRI-SN211-FILTRO-NAFTA-P555823-HIFI
LFP5822,57060,FILTRO OLIO# P550794,https://e-commerce.michelecaroli.com/wso/pages/user/wso0205.jsf?idaa=369399&codart=57060&marart=218&seopth=WIX-INDUSTRIAL-HD-57060-FILTRO-OLIO-P550794
LFP5776,SO694,,https://e-commerce.michelecaroli.com/wso/pages/user/wso0205.jsf?idaa=438619&codart=SO694&marart=230&seopth=HIFI-FILTRI-SO694-FILTRO
LFP5760,57080,FILTRO OLIO,https://e-commerce.michelecaroli.com/wso/pages/user/wso0205.jsf?idaa=369408&codart=57080&marart=218&seopth=WIX-INDUSTRIAL-HD-57080-FILTRO-OLIO
LFP5757,57243,FILTRO OLIO# P551352,https://e-commerce.michelecaroli.com/wso/pages/user/wso0205.jsf?idaa=368786&codart=57243&marart=218&seopth=WIX-INDUSTRIAL-HD-57243-FILTRO-OLIO-P551352
LFP5523,WL7074,FILTRO OLIO FORDKA-FIESTA-FOCUS,https://e-commerce.michelecaroli.com/wso/pages/user/wso0205.jsf?idaa=143482&codart=WL7074&marart=219&seopth=WIX-AUTO-FILTRI-WL7074-FILTRO-OLIO-FORDKA-FIESTA-FOCUS
LFP5522,P555522,SOSTITUITO,https://e-commerce.michelecaroli.com/wso/pages/user/wso0205.jsf?idaa=157135&codart=P555522&marart=227&seopth=DONALDSON-FILTRI-P555522-SOSTITUITO
LFP5522,P555522,SOSTITUITO,https://e-commerce.michelecaroli.com/wso/pages/user/wso0205.jsf?idaa=157135&codart=P555522&marart=227&seopth=DONALDSON-FILTRI-P555522-SOSTITUITO
LFP550882,51084,FILTRO OLIO,https://e-commerce.michelecaroli.com/wso/pages/user/wso0205.jsf?idaa=368100&codart=51084&marart=218&seopth=WIX-INDUSTRIAL-HD-51084-FILTRO-OLIO
LFP550500,92126E,,https://e-commerce.michelecaroli.com/wso/pages/user/wso0205.jsf?idaa=369252&codart=92126E&marart=218&seopth=WIX-INDUSTRIAL-HD-92126E-FILTRO-OLIO
LFP550487,51487,FILTRO OLIO,https://e-commerce.michelecaroli.com/wso/pages/user/wso0205.jsf?idaa=368377&codart=51487&marart=218&seopth=WIX-INDUSTRIAL-HD-51487-FILTRO-OLIO
LFP550299,51773,FILTRO OLIO,https://e-commerce.michelecaroli.com/wso/pages/user/wso0205.jsf?idaa=368617&codart=51773&marart=218&seopth=WIX-INDUSTRIAL-HD-51773-FILTRO-OLIO
LFP550117,51503,FILTRO OLIO,https://e-commerce.michelecaroli.com/wso/pages/user/wso0205.jsf?idaa=368388&codart=51503&marart=218&seopth=WIX-INDUSTRIAL-HD-51503-FILTRO-OLIO
LFP54,SO694,,https://e-commerce.michelecaroli.com/wso/pages/user/wso0205.jsf?idaa=438619&codart=SO694&marart=230&seopth=HIFI-FILTRI-SO694-FILTRO
LFP54,SO694,,https://e-commerce.michelecaroli.com/wso/pages/user/wso0205.jsf?idaa=438619&codart=SO694&marart=230&seopth=HIFI-FILTRI-SO694-FILTRO
LFP5120,51444,FILTRO OLIO,https://e-commerce.michelecaroli.com/wso/pages/user/wso0205.jsf?idaa=368341&codart=51444&marart=218&seopth=WIX-INDUSTRIAL-HD-51444-FILTRO-OLIO
LFP51,51551,FILTRO IDRAULICO,https://e-commerce.michelecaroli.com/wso/pages/user/wso0205.jsf?idaa=368432&codart=51551&marart=218&seopth=WIX-INDUSTRIAL-HD-51551-FILTRO-IDRAULICO
LFP5015G,SH56756,,https://e-commerce.michelecaroli.com/wso/pages/user/wso0205.jsf?idaa=438534&codart=SH56756&marart=230&seopth=HIFI-FILTRI-SH56756-FILTRO-HYDR-HIFI-P167162
LFP5010,T7315,FILTRO OLIO HIFI,https://e-commerce.michelecaroli.com/wso/pages/user/wso0205.jsf?idaa=395352&codart=T7315&marart=230&seopth=HIFI-FILTRI-T7315-FILTRO-OLIO-HIFI
LFP4836,23.590.00,,https://e-commerce.michelecaroli.com/wso/pages/user/wso0205.jsf?idaa=370158&codart=23.590.00&marart=UFIHD&seopth=UFI-HD-23-590-00-FILTRO-OLIO
LFP47,SO780,FILTRO OLIO P550047 HIFI,https://e-commerce.michelecaroli.com/wso/pages/user/wso0205.jsf?idaa=301372&codart=SO780&marart=230&seopth=HIFI-FILTRI-SO780-FILTRO-OLIO-P550047-HIFI
LFP449,SH56760,FILTRO HYDR. P550388 HIFI GILBARCO 140845093,https://e-commerce.michelecaroli.com/wso/pages/user/wso0205.jsf?idaa=294222&codart=SH56760&marart=230&seopth=HIFI-FILTRI-SH56760-FILTRO-HYDR-P550388-HIFI
LFP444F,SN185,FILTRO NAFTA P557440# HIFI,https://e-commerce.michelecaroli.com/wso/pages/user/wso0205.jsf?idaa=298907&codart=SN185&marart=230&seopth=HIFI-FILTRI-SN185-FILTRO-NAFTA-P557440-HIFI
LFP440F,SN185,FILTRO NAFTA P557440# HIFI,https://e-commerce.michelecaroli.com/wso/pages/user/wso0205.jsf?idaa=298907&codart=SN185&marart=230&seopth=HIFI-FILTRI-SN185-FILTRO-NAFTA-P557440-HIFI
LFP440F,SN185,FILTRO NAFTA P557440# HIFI,https://e-commerce.michelecaroli.com/wso/pages/user/wso0205.jsf?idaa=298907&codart=SN185&marart=230&seopth=HIFI-FILTRI-SN185-FILTRO-NAFTA-P557440-HIFI
LFP4104,SO045,FILTRO OLIO P551604# HIFI,https://e-commerce.michelecaroli.com/wso/pages/user/wso0205.jsf?idaa=300661&codart=SO045&marart=230&seopth=HIFI-FILTRI-SO045-FILTRO-OLIO-P551604-HIFI
LFP4104,SO045,FILTRO OLIO P551604# HIFI,https://e-commerce.michelecaroli.com/wso/pages/user/wso0205.jsf?idaa=300661&codart=SO045&marart=230&seopth=HIFI-FILTRI-SO045-FILTRO-OLIO-P551604-HIFI
LFP4005SC,P554206,FILTRO OLIO DONALDSON P55-4206,https://e-commerce.michelecaroli.com/wso/pages/user/wso0205.jsf?idaa=157108&codart=P554206&marart=227&seopth=DONALDSON-FILTRI-P554206-FILTRO-OLIO-DONALDSON-P55-4206
LFP4005RN,SO10052,FILTRO OLIO P551808 HIFI,https://e-commerce.michelecaroli.com/wso/pages/user/wso0205.jsf?idaa=395617&codart=SO10052&marart=230&seopth=HIFI-FILTRI-SO10052-FILTRO-OLIO-P551808-HIFI
LFP3970,P551019,FILTRO OLIO,https://e-commerce.michelecaroli.com/wso/pages/user/wso0205.jsf?idaa=313777&codart=P551019&marart=227&seopth=DONALDSON-FILTRI-P551019-FILTRO-OLIO
LFP3854,33367,FILTRO NAFTA WIX,https://e-commerce.michelecaroli.com/wso/pages/user/wso0205.jsf?idaa=365399&codart=33367&marart=218&seopth=WIX-INDUSTRIAL-HD-33367-FILTRO-NAFTA-WIX
LFP3828,57106,FILTRO OLIO,https://e-commerce.michelecaroli.com/wso/pages/user/wso0205.jsf?idaa=369431&codart=57106&marart=218&seopth=WIX-INDUSTRIAL-HD-57106-FILTRO-OLIO
LFP3828,57106,FILTRO OLIO,https://e-commerce.michelecaroli.com/wso/pages/user/wso0205.jsf?idaa=369431&codart=57106&marart=218&seopth=WIX-INDUSTRIAL-HD-57106-FILTRO-OLIO
LFP38,51110,FILTRO OLIO,https://e-commerce.michelecaroli.com/wso/pages/user/wso0205.jsf?idaa=368113&codart=51110&marart=218&seopth=WIX-INDUSTRIAL-HD-51110-FILTRO-OLIO
LFP3791,P550159,FILTRO OLIO DONALDSON P55-0159,https://e-commerce.michelecaroli.com/wso/pages/user/wso0205.jsf?idaa=156482&codart=P550159&marart=227&seopth=DONALDSON-FILTRI-P550159-FILTRO-OLIO-DONALDSON-P55-0159
LFP3729,P551019,FILTRO OLIO,https://e-commerce.michelecaroli.com/wso/pages/user/wso0205.jsf?idaa=313777&codart=P551019&marart=227&seopth=DONALDSON-FILTRI-P551019-FILTRO-OLIO
LFP3693,SN204,FILTRO NAFTA P553693 HIFI,https://e-commerce.michelecaroli.com/wso/pages/user/wso0205.jsf?idaa=299717&codart=SN204&marart=230&seopth=HIFI-FILTRI-SN204-FILTRO-NAFTA-P553693-HIFI
LFP3411F,23.108.01,FILTRO OLIO UFI P553411 ex.codice 23.108.00,https://e-commerce.michelecaroli.com/wso/pages/user/wso0205.jsf?idaa=149348&codart=23.108.01&marart=UFIHD&seopth=UFI-HD-23-108-01-FILTRO-OLIO-UFI-P553411
LFP3411,23.108.01,FILTRO OLIO UFI P553411 ex.codice 23.108.00,https://e-commerce.michelecaroli.com/wso/pages/user/wso0205.jsf?idaa=149348&codart=23.108.01&marart=UFIHD&seopth=UFI-HD-23-108-01-FILTRO-OLIO-UFI-P553411
LFP3328,23.108.01,FILTRO OLIO UFI P553411 ex.codice 23.108.00,https://e-commerce.michelecaroli.com/wso/pages/user/wso0205.jsf?idaa=149348&codart=23.108.01&marart=UFIHD&seopth=UFI-HD-23-108-01-FILTRO-OLIO-UFI-P553411
LFP3301,33353,FILTRO NAFTA,https://e-commerce.michelecaroli.com/wso/pages/user/wso0205.jsf?idaa=365344&codart=33353&marart=218&seopth=WIX-INDUSTRIAL-HD-33353-FILTRO-NAFTA
LFP3236,SO10024,FILTRO OLIO P551807 HIFI,https://e-commerce.michelecaroli.com/wso/pages/user/wso0205.jsf?idaa=300681&codart=SO10024&marart=230&seopth=HIFI-FILTRI-SO10024-FILTRO-OLIO-P551807-HIFI
LFP30,51049,FILTRO OLIO,https://e-commerce.michelecaroli.com/wso/pages/user/wso0205.jsf?idaa=368078&codart=51049&marart=218&seopth=WIX-INDUSTRIAL-HD-51049-FILTRO-OLIO
LFP3,51050,FILTRO OLIO,https://e-commerce.michelecaroli.com/wso/pages/user/wso0205.jsf?idaa=368079&codart=51050&marart=218&seopth=WIX-INDUSTRIAL-HD-51050-FILTRO-OLIO
LFP299,2654407-ATS,FILTRO OLIO/OIL FILTER,https://e-commerce.michelecaroli.com/wso/pages/user/wso0205.jsf?idaa=485768&codart=2654407-ATS&marart=156&seopth=ATS-RICAMBI-PERKINS-CC-2654407-ATS-FILTRO-OLIO-OIL-FILTER
LFP29,51061,FILTRO OLIO,https://e-commerce.michelecaroli.com/wso/pages/user/wso0205.jsf?idaa=368085&codart=51061&marart=218&seopth=WIX-INDUSTRIAL-HD-51061-FILTRO-OLIO
LFP255F,SN1212,FILTRO NAFTA P558000 HIFI,https://e-commerce.michelecaroli.com/wso/pages/user/wso0205.jsf?idaa=298888&codart=SN1212&marart=230&seopth=HIFI-FILTRI-SN1212-FILTRO-NAFTA-P558000-HIFI
LFP255F,SN1212,FILTRO NAFTA P558000 HIFI,https://e-commerce.michelecaroli.com/wso/pages/user/wso0205.jsf?idaa=298888&codart=SN1212&marart=230&seopth=HIFI-FILTRI-SN1212-FILTRO-NAFTA-P558000-HIFI
LFP2546,SH66354,FILTRO HYDR. P165354 HIFI,https://e-commerce.michelecaroli.com/wso/pages/user/wso0205.jsf?idaa=296294&codart=SH66354&marart=230&seopth=HIFI-FILTRI-SH66354-FILTRO-HYDR-P165354-HIFI
LFP2542,42687,FILTRO ARIA,https://e-commerce.michelecaroli.com/wso/pages/user/wso0205.jsf?idaa=366730&codart=42687&marart=218&seopth=WIX-INDUSTRIAL-HD-42687-FILTRO-ARIA
LFP253F,P552253,FILTRO NAFTA DONALDSON P55-2253,https://e-commerce.michelecaroli.com/wso/pages/user/wso0205.jsf?idaa=157038&codart=P552253&marart=227&seopth=DONALDSON-FILTRI-P552253-FILTRO-NAFTA-DONALDSON-P55-2253
LFP2535,51810,FILTRO OLIO,https://e-commerce.michelecaroli.com/wso/pages/user/wso0205.jsf?idaa=368647&codart=51810&marart=218&seopth=WIX-INDUSTRIAL-HD-51810-FILTRO-OLIO
LFP252F,P552253,FILTRO NAFTA DONALDSON P55-2253,https://e-commerce.michelecaroli.com/wso/pages/user/wso0205.jsf?idaa=157038&codart=P552253&marart=227&seopth=DONALDSON-FILTRI-P552253-FILTRO-NAFTA-DONALDSON-P55-2253
LFP25,SP4464,,https://e-commerce.michelecaroli.com/wso/pages/user/wso0205.jsf?idaa=414708&codart=SP4464&marart=233&seopth=SF-FILTER-SP4464-FILTRO-OLIO
LFP24,51049,FILTRO OLIO,https://e-commerce.michelecaroli.com/wso/pages/user/wso0205.jsf?idaa=368078&codart=51049&marart=218&seopth=WIX-INDUSTRIAL-HD-51049-FILTRO-OLIO
LFP2339,SO6096,,https://e-commerce.michelecaroli.com/wso/pages/user/wso0205.jsf?idaa=300260&codart=SO6096&marart=230&seopth=HIFI-FILTRI-SO6096-FILTRO-OLIO-HIFI
LFP2312,P552819,FILTRO OLIO DONALDSON P55-2819,https://e-commerce.michelecaroli.com/wso/pages/user/wso0205.jsf?idaa=157063&codart=P552819&marart=227&seopth=DONALDSON-FILTRI-P552819-FILTRO-OLIO-DONALDSON-P55-2819
LFP230F,SN183,FILTRO NAFTA P559100 HIFI,https://e-commerce.michelecaroli.com/wso/pages/user/wso0205.jsf?idaa=298906&codart=SN183&marart=230&seopth=HIFI-FILTRI-SN183-FILTRO-NAFTA-P559100-HIFI
LFP2301,92130E,,https://e-commerce.michelecaroli.com/wso/pages/user/wso0205.jsf?idaa=369255&codart=92130E&marart=218&seopth=WIX-INDUSTRIAL-HD-92130E-FILTRO-OLIO-P550317
LFP230,SN183,FILTRO NAFTA P559100 HIFI,https://e-commerce.michelecaroli.com/wso/pages/user/wso0205.jsf?idaa=298906&codart=SN183&marart=230&seopth=HIFI-FILTRI-SN183-FILTRO-NAFTA-P559100-HIFI
LFP2294,51391,FILTRO OLIO,https://e-commerce.michelecaroli.com/wso/pages/user/wso0205.jsf?idaa=368301&codart=51391&marart=218&seopth=WIX-INDUSTRIAL-HD-51391-FILTRO-OLIO
LFP2288,P550777,FILTRO@OLIO DONALDSON conf.6,https://e-commerce.michelecaroli.com/wso/pages/user/wso0205.jsf?idaa=156797&codart=P550777&marart=227&seopth=DONALDSON-FILTRI-P550777-FILTRO-OLIO-DONALDSON-conf-6
LFP2271,51051,,https://e-commerce.michelecaroli.com/wso/pages/user/wso0205.jsf?idaa=368080&codart=51051&marart=218&seopth=WIX-INDUSTRIAL-HD-51051-FILTRO-OLIO
LFP2270,SO3333,FILTRO OLIO P551670# HIFI,https://e-commerce.michelecaroli.com/wso/pages/user/wso0205.jsf?idaa=300892&codart=SO3333&marart=230&seopth=HIFI-FILTRI-SO3333-FILTRO-OLIO-P551670-HIFI
LFP2267,51592,FILTRO OLIO P550166,https://e-commerce.michelecaroli.com/wso/pages/user/wso0205.jsf?idaa=368470&codart=51592&marart=218&seopth=WIX-INDUSTRIAL-HD-51592-FILTRO-OLIO-P550166
LFP2267,51592,FILTRO OLIO P550166,https://e-commerce.michelecaroli.com/wso/pages/user/wso0205.jsf?idaa=368470&codart=51592&marart=218&seopth=WIX-INDUSTRIAL-HD-51592-FILTRO-OLIO-P550166
LFP2262,51110,FILTRO OLIO,https://e-commerce.michelecaroli.com/wso/pages/user/wso0205.jsf?idaa=368113&codart=51110&marart=218&seopth=WIX-INDUSTRIAL-HD-51110-FILTRO-OLIO
LFP2261,51521,FILTRO OLIO,https://e-commerce.michelecaroli.com/wso/pages/user/wso0205.jsf?idaa=368404&codart=51521&marart=218&seopth=WIX-INDUSTRIAL-HD-51521-FILTRO-OLIO
LFP2258,SP-907,FILTRO OLIO,https://e-commerce.michelecaroli.com/wso/pages/user/wso0205.jsf?idaa=466379&codart=SP-907&marart=ALCO&seopth=ALCO-SP-907-FILTRO-OLIO
LFP2255,T6730,FILTRO OLIO P550067 HIFI,https://e-commerce.michelecaroli.com/wso/pages/user/wso0205.jsf?idaa=395343&codart=T6730&marart=230&seopth=HIFI-FILTRI-T6730-FILTRO-OLIO-P550067-HIFI
LFP2248,51095E,FILTRO OLIO P550341,https://e-commerce.michelecaroli.com/wso/pages/user/wso0205.jsf?idaa=369105&codart=51095E&marart=218&seopth=WIX-INDUSTRIAL-HD-51095E-FILTRO-OLIO-P550341
LFP2244,P550319,FILTRO OLIO DONALDSON P55-0319,https://e-commerce.michelecaroli.com/wso/pages/user/wso0205.jsf?idaa=156548&codart=P550319&marart=227&seopth=DONALDSON-FILTRI-P550319-FILTRO-OLIO-DONALDSON-P55-0319
LFP2243,51299,FILTRO OLIO,https://e-commerce.michelecaroli.com/wso/pages/user/wso0205.jsf?idaa=368240&codart=51299&marart=218&seopth=WIX-INDUSTRIAL-HD-51299-FILTRO-OLIO
LFP2239,51191,FILTRO OLIO,https://e-commerce.michelecaroli.com/wso/pages/user/wso0205.jsf?idaa=368169&codart=51191&marart=218&seopth=WIX-INDUSTRIAL-HD-51191-FILTRO-OLIO
LFP2238,23.108.01,FILTRO OLIO UFI P553411 ex.codice 23.108.00,https://e-commerce.michelecaroli.com/wso/pages/user/wso0205.jsf?idaa=149348&codart=23.108.01&marart=UFIHD&seopth=UFI-HD-23-108-01-FILTRO-OLIO-UFI-P553411
LFP2235,SO3327,FILTRO OLIO P550041 HIFI,https://e-commerce.michelecaroli.com/wso/pages/user/wso0205.jsf?idaa=300888&codart=SO3327&marart=230&seopth=HIFI-FILTRI-SO3327-FILTRO-OLIO-P550041-HIFI
LFP2229,SO045,FILTRO OLIO P551604# HIFI,https://e-commerce.michelecaroli.com/wso/pages/user/wso0205.jsf?idaa=300661&codart=SO045&marart=230&seopth=HIFI-FILTRI-SO045-FILTRO-OLIO-P551604-HIFI
LFP2215,P550882,,https://e-commerce.michelecaroli.com/wso/pages/user/wso0205.jsf?idaa=156838&codart=P550882&marart=227&seopth=DONALDSON-FILTRI-P550882-ATTUALE-P550939
LFP212,51517,FILTRO IDRAULICO,https://e-commerce.michelecaroli.com/wso/pages/user/wso0205.jsf?idaa=368401&codart=51517&marart=218&seopth=WIX-INDUSTRIAL-HD-51517-FILTRO-IDRAULICO
LFP20,SO014,FILTRO OLIO HIFI,https://e-commerce.michelecaroli.com/wso/pages/user/wso0205.jsf?idaa=300658&codart=SO014&marart=230&seopth=HIFI-FILTRI-SO014-FILTRO-OLIO-HIFI
LFP1A,SO580,FILTRO OLIO P550008# HIFI,https://e-commerce.michelecaroli.com/wso/pages/user/wso0205.jsf?idaa=300199&codart=SO580&marart=230&seopth=HIFI-FILTRI-SO580-FILTRO-OLIO-P550008-HIFI
LFP190,SP-907,FILTRO OLIO,https://e-commerce.michelecaroli.com/wso/pages/user/wso0205.jsf?idaa=466379&codart=SP-907&marart=ALCO&seopth=ALCO-SP-907-FILTRO-OLIO
LFP18,SP-856,FILTRO OLIO ALCO,https://e-commerce.michelecaroli.com/wso/pages/user/wso0205.jsf?idaa=466345&codart=SP-856&marart=ALCO&seopth=ALCO-SP-856-FILTRO-OLIO-ALCO
LFP159,P558717,FILTRO OLIO,https://e-commerce.michelecaroli.com/wso/pages/user/wso0205.jsf?idaa=157195&codart=P558717&marart=227&seopth=DONALDSON-FILTRI-P558717-FILTRO-OLIO
LFP157,P552404,"LUBE FILTER, SPIN-ON BYPASS",https://e-commerce.michelecaroli.com/wso/pages/user/wso0205.jsf?idaa=441615&codart=P552404&marart=227&seopth=DONALDSON-FILTRI-P552404-LUBE-FILTER-SPIN-ON-BYPASS
LFP1560,51178,,https://e-commerce.michelecaroli.com/wso/pages/user/wso0205.jsf?idaa=368161&codart=51178&marart=218&seopth=WIX-INDUSTRIAL-HD-51178-FILTRO-IDRAULICO
LFP1461,P558462,FILTRO OLIO DONALDSON P55-84 62,https://e-commerce.michelecaroli.com/wso/pages/user/wso0205.jsf?idaa=157189&codart=P558462&marart=227&seopth=DONALDSON-FILTRI-P558462-FILTRO-OLIO-DONALDSON-P55-84-62
LFP143F,33367,FILTRO NAFTA WIX,https://e-commerce.michelecaroli.com/wso/pages/user/wso0205.jsf?idaa=365399&codart=33367&marart=218&seopth=WIX-INDUSTRIAL-HD-33367-FILTRO-NAFTA-WIX
LFP12,SP4464,,https://e-commerce.michelecaroli.com/wso/pages/user/wso0205.jsf?idaa=414708&codart=SP4464&marart=233&seopth=SF-FILTER-SP4464-FILTRO-OLIO
LFP1101FD,SN105,FILTRO NAFTA P550105 HIFI,https://e-commerce.michelecaroli.com/wso/pages/user/wso0205.jsf?idaa=298869&codart=SN105&marart=230&seopth=HIFI-FILTRI-SN105-FILTRO-NAFTA-P550105-HIFI
LFP11,SO580,FILTRO OLIO P550008# HIFI,https://e-commerce.michelecaroli.com/wso/pages/user/wso0205.jsf?idaa=300199&codart=SO580&marart=230&seopth=HIFI-FILTRI-SO580-FILTRO-OLIO-P550008-HIFI
LFP1,SO580,FILTRO OLIO P550008# HIFI,https://e-commerce.michelecaroli.com/wso/pages/user/wso0205.jsf?idaa=300199&codart=SO580&marart=230&seopth=HIFI-FILTRI-SO580-FILTRO-OLIO-P550008-HIFI
LFM159,P558717,FILTRO OLIO,https://e-commerce.michelecaroli.com/wso/pages/user/wso0205.jsf?idaa=157195&codart=P558717&marart=227&seopth=DONALDSON-FILTRI-P558717-FILTRO-OLIO
LFH9499,SH59006,FILTRO HYDR. P552483 HIFI,https://e-commerce.michelecaroli.com/wso/pages/user/wso0205.jsf?idaa=295101&codart=SH59006&marart=230&seopth=HIFI-FILTRI-SH59006-FILTRO-HYDR-P552483-HIFI
LFH9353,P567580,ATTUALE P165675,https://e-commerce.michelecaroli.com/wso/pages/user/wso0205.jsf?idaa=157288&codart=P567580&marart=227&seopth=DONALDSON-FILTRI-P567580-ATTUALE-P165675
LFH888OG001627216,SH60089,FILTRO HYDR. HIFI,https://e-commerce.michelecaroli.com/wso/pages/user/wso0205.jsf?idaa=295227&codart=SH60089&marart=230&seopth=HIFI-FILTRI-SH60089-FILTRO-HYDR-HIFI
LFH8880G,SH60089,FILTRO HYDR. HIFI,https://e-commerce.michelecaroli.com/wso/pages/user/wso0205.jsf?idaa=295227&codart=SH60089&marart=230&seopth=HIFI-FILTRI-SH60089-FILTRO-HYDR-HIFI
LFH8875G001627214,57132,FILTRO OLIO,https://e-commerce.michelecaroli.com/wso/pages/user/wso0205.jsf?idaa=368738&codart=57132&marart=218&seopth=WIX-INDUSTRIAL-HD-57132-FILTRO-OLIO
LFH8875G,57132,FILTRO OLIO,https://e-commerce.michelecaroli.com/wso/pages/user/wso0205.jsf?idaa=368738&codart=57132&marart=218&seopth=WIX-INDUSTRIAL-HD-57132-FILTRO-OLIO
LFH8759G001627770,SH66056,FILTRO HYDR. P174552 HIFI,https://e-commerce.michelecaroli.com/wso/pages/user/wso0205.jsf?idaa=296175&codart=SH66056&marart=230&seopth=HIFI-FILTRI-SH66056-FILTRO-HYDR-P174552-HIFI
LFH8759G,SH66056,FILTRO HYDR. P174552 HIFI,https://e-commerce.michelecaroli.com/wso/pages/user/wso0205.jsf?idaa=296175&codart=SH66056&marart=230&seopth=HIFI-FILTRI-SH66056-FILTRO-HYDR-P174552-HIFI
LFH8740G001627940,SH56762,FILTRO HYDR. P165875 HIFI,https://e-commerce.michelecaroli.com/wso/pages/user/wso0205.jsf?idaa=294224&codart=SH56762&marart=230&seopth=HIFI-FILTRI-SH56762-FILTRO-HYDR-P165875-HIFI
LFH8740G,SH56762,FILTRO HYDR. P165875 HIFI,https://e-commerce.michelecaroli.com/wso/pages/user/wso0205.jsf?idaa=294224&codart=SH56762&marart=230&seopth=HIFI-FILTRI-SH56762-FILTRO-HYDR-P165875-HIFI
LFH8705,57084,FILTRO OLIO,https://e-commerce.michelecaroli.com/wso/pages/user/wso0205.jsf?idaa=369410&codart=57084&marart=218&seopth=WIX-INDUSTRIAL-HD-57084-FILTRO-OLIO
LFH8596,92004E,,https://e-commerce.michelecaroli.com/wso/pages/user/wso0205.jsf?idaa=369175&codart=92004E&marart=218&seopth=WIX-INDUSTRIAL-HD-92004E-FILTRO-IDRAULICO-
LFH8535,SH76408,FILTRO HYDR. P565242 HIFI,https://e-commerce.michelecaroli.com/wso/pages/user/wso0205.jsf?idaa=298227&codart=SH76408&marart=230&seopth=HIFI-FILTRI-SH76408-FILTRO-HYDR-P565242-HIFI
LFH8499,57602,FILTRO OLIO,https://e-commerce.michelecaroli.com/wso/pages/user/wso0205.jsf?idaa=368896&codart=57602&marart=218&seopth=WIX-INDUSTRIAL-HD-57602-FILTRO-OLIO
LFH8417,51729,FILTRO IDRAULICO,https://e-commerce.michelecaroli.com/wso/pages/user/wso0205.jsf?idaa=368583&codart=51729&marart=218&seopth=WIX-INDUSTRIAL-HD-51729-FILTRO-IDRAULICO
LFH8412,51565,FILTRO IDRAULICO,https://e-commerce.michelecaroli.com/wso/pages/user/wso0205.jsf?idaa=368445&codart=51565&marart=218&seopth=WIX-INDUSTRIAL-HD-51565-FILTRO-IDRAULICO
LFH8409,51273,FILTRO IDRAULICO,https://e-commerce.michelecaroli.com/wso/pages/user/wso0205.jsf?idaa=368223&codart=51273&marart=218&seopth=WIX-INDUSTRIAL-HD-51273-FILTRO-IDRAULICO
LFH8399,SH56756,,https://e-commerce.michelecaroli.com/wso/pages/user/wso0205.jsf?idaa=438534&codart=SH56756&marart=230&seopth=HIFI-FILTRI-SH56756-FILTRO-HYDR-HIFI-P167162
LFH8398,P173521,"HYDRAULIC FILTER, SPIN-ON DURAMAX",https://e-commerce.michelecaroli.com/wso/pages/user/wso0205.jsf?idaa=441065&codart=P173521&marart=227&seopth=DONALDSON-FILTRI-P173521-HYDRAULIC-FILTER-SPIN-ON-DURAMAX
LFH8395G,SH66218,FILTRO HYDR. HIFI,https://e-commerce.michelecaroli.com/wso/pages/user/wso0205.jsf?idaa=296255&codart=SH66218&marart=230&seopth=HIFI-FILTRI-SH66218-FILTRO-HYDR-HIFI
LFH8329,P169078,FILTRO HYDR.DONALDSON P16-9078,https://e-commerce.michelecaroli.com/wso/pages/user/wso0205.jsf?idaa=155044&codart=P169078&marart=227&seopth=DONALDSON-FILTRI-P169078-FILTRO-HYDR-DONALDSON-P16-9078
LFH8324,SH56153,FILTRO HYDR. HIFI,https://e-commerce.michelecaroli.com/wso/pages/user/wso0205.jsf?idaa=294039&codart=SH56153&marart=230&seopth=HIFI-FILTRI-SH56153-FILTRO-HYDR-HIFI
LFH8299,51648,FILTRO IDRAULICO,https://e-commerce.michelecaroli.com/wso/pages/user/wso0205.jsf?idaa=368519&codart=51648&marart=218&seopth=WIX-INDUSTRIAL-HD-51648-FILTRO-IDRAULICO
LFH8297,51680,FILTRO IDRAULICO,https://e-commerce.michelecaroli.com/wso/pages/user/wso0205.jsf?idaa=368547&codart=51680&marart=218&seopth=WIX-INDUSTRIAL-HD-51680-FILTRO-IDRAULICO
LFH8263,51566,FILTRO IDRAULICO,https://e-commerce.michelecaroli.com/wso/pages/user/wso0205.jsf?idaa=368446&codart=51566&marart=218&seopth=WIX-INDUSTRIAL-HD-51566-FILTRO-IDRAULICO
LFH8252,P551019,FILTRO OLIO,https://e-commerce.michelecaroli.com/wso/pages/user/wso0205.jsf?idaa=313777&codart=P551019&marart=227&seopth=DONALDSON-FILTRI-P551019-FILTRO-OLIO
LFH8243,P552409,FILTRO IDRAULICO,https://e-commerce.michelecaroli.com/wso/pages/user/wso0205.jsf?idaa=157045&codart=P552409&marart=227&seopth=DONALDSON-FILTRI-P552409-FILTRO-IDRAULICO
LFH8229,51648,FILTRO IDRAULICO,https://e-commerce.michelecaroli.com/wso/pages/user/wso0205.jsf?idaa=368519&codart=51648&marart=218&seopth=WIX-INDUSTRIAL-HD-51648-FILTRO-IDRAULICO
LFH8217,SH66054,FILTRO HYDR. P551348 HIFI,https://e-commerce.michelecaroli.com/wso/pages/user/wso0205.jsf?idaa=296173&codart=SH66054&marart=230&seopth=HIFI-FILTRI-SH66054-FILTRO-HYDR-P551348-HIFI
LFH8197,51861,FILTRO OLIO,https://e-commerce.michelecaroli.com/wso/pages/user/wso0205.jsf?idaa=368679&codart=51861&marart=218&seopth=WIX-INDUSTRIAL-HD-51861-FILTRO-OLIO
LFH7551,51663,FILTRO HYDRAULICO P556005,https://e-commerce.michelecaroli.com/wso/pages/user/wso0205.jsf?idaa=368531&codart=51663&marart=218&seopth=WIX-INDUSTRIAL-HD-51663-FILTRO-HYDRAULICO-P556005
LFH7355,SH56760,FILTRO HYDR. P550388 HIFI GILBARCO 140845093,https://e-commerce.michelecaroli.com/wso/pages/user/wso0205.jsf?idaa=294222&codart=SH56760&marart=230&seopth=HIFI-FILTRI-SH56760-FILTRO-HYDR-P550388-HIFI
LFH6135,SH56760,FILTRO HYDR. P550388 HIFI GILBARCO 140845093,https://e-commerce.michelecaroli.com/wso/pages/user/wso0205.jsf?idaa=294222&codart=SH56760&marart=230&seopth=HIFI-FILTRI-SH56760-FILTRO-HYDR-P550388-HIFI
LFH6003001536071,49166,FILTRO ARIA,https://e-commerce.michelecaroli.com/wso/pages/user/wso0205.jsf?idaa=367822&codart=49166&marart=218&seopth=WIX-INDUSTRIAL-HD-49166-FILTRO-ARIA
LFH5941,SH60010,FILTRO HYDRAULICO P502382 HIFI,https://e-commerce.michelecaroli.com/wso/pages/user/wso0205.jsf?idaa=295156&codart=SH60010&marart=230&seopth=HIFI-FILTRI-SH60010-FILTRO-HYDRAULICO-P502382-HIFI
LFH5937,51615,FILTRO IDRAULICO,https://e-commerce.michelecaroli.com/wso/pages/user/wso0205.jsf?idaa=368491&codart=51615&marart=218&seopth=WIX-INDUSTRIAL-HD-51615-FILTRO-IDRAULICO
LFH5876,51849,FILTRO OLIO P165876,https://e-commerce.michelecaroli.com/wso/pages/user/wso0205.jsf?idaa=368669&codart=51849&marart=218&seopth=WIX-INDUSTRIAL-HD-51849-FILTRO-OLIO-P165876
LFH5809,51269,FILTRO IDRAULICO P550426,https://e-commerce.michelecaroli.com/wso/pages/user/wso0205.jsf?idaa=368220&codart=51269&marart=218&seopth=WIX-INDUSTRIAL-HD-51269-FILTRO-IDRAULICO-P550426
LFH5461,51194,FILTRO IDRAULICO,https://e-commerce.michelecaroli.com/wso/pages/user/wso0205.jsf?idaa=368171&codart=51194&marart=218&seopth=WIX-INDUSTRIAL-HD-51194-FILTRO-IDRAULICO
LFH5075,P170089,,https://e-commerce.michelecaroli.com/wso/pages/user/wso0205.jsf?idaa=155073&codart=P170089&marart=227&seopth=DONALDSON-FILTRI-P170089-FILTRO-HYDR-DONALDSON-P17-0089
LFH5074G001633389,57220,FILTRO OLIO,https://e-commerce.michelecaroli.com/wso/pages/user/wso0205.jsf?idaa=368777&codart=57220&marart=218&seopth=WIX-INDUSTRIAL-HD-57220-FILTRO-OLIO
LFH5074G,57220,FILTRO OLIO,https://e-commerce.michelecaroli.com/wso/pages/user/wso0205.jsf?idaa=368777&codart=57220&marart=218&seopth=WIX-INDUSTRIAL-HD-57220-FILTRO-OLIO
LFH5071,57802,FILTRO OLIO,https://e-commerce.michelecaroli.com/wso/pages/user/wso0205.jsf?idaa=368940&codart=57802&marart=218&seopth=WIX-INDUSTRIAL-HD-57802-FILTRO-OLIO
LFH506810,SH56760,FILTRO HYDR. P550388 HIFI GILBARCO 140845093,https://e-commerce.michelecaroli.com/wso/pages/user/wso0205.jsf?idaa=294222&codart=SH56760&marart=230&seopth=HIFI-FILTRI-SH56760-FILTRO-HYDR-P550388-HIFI
LFH506803,SH56756,,https://e-commerce.michelecaroli.com/wso/pages/user/wso0205.jsf?idaa=438534&codart=SH56756&marart=230&seopth=HIFI-FILTRI-SH56756-FILTRO-HYDR-HIFI-P167162
LFH5015,51746,FILTRO IDRAULICO,https://e-commerce.michelecaroli.com/wso/pages/user/wso0205.jsf?idaa=368598&codart=51746&marart=218&seopth=WIX-INDUSTRIAL-HD-51746-FILTRO-IDRAULICO
LFH5013,51730,FILTRO IDRAULICO WIX P165569,https://e-commerce.michelecaroli.com/wso/pages/user/wso0205.jsf?idaa=368584&codart=51730&marart=218&seopth=WIX-INDUSTRIAL-HD-51730-FILTRO-IDRAULICO-WIX-P165569
LFH50113,P167832,FILTRO HYDR.DONALDSON PI6-7832,https://e-commerce.michelecaroli.com/wso/pages/user/wso0205.jsf?idaa=155026&codart=P167832&marart=227&seopth=DONALDSON-FILTRI-P167832-FILTRO-HYDR-DONALDSON-PI6-7832
LFH501110,SH56761,FILTRO HYDR. P165880 HIFI,https://e-commerce.michelecaroli.com/wso/pages/user/wso0205.jsf?idaa=294223&codart=SH56761&marart=230&seopth=HIFI-FILTRI-SH56761-FILTRO-HYDR-P165880-HIFI
LFH5010,T7315,FILTRO OLIO HIFI,https://e-commerce.michelecaroli.com/wso/pages/user/wso0205.jsf?idaa=395352&codart=T7315&marart=230&seopth=HIFI-FILTRI-T7315-FILTRO-OLIO-HIFI
LFH4997,SH56757,FILTRO HYDR. P165762 HIFI,https://e-commerce.michelecaroli.com/wso/pages/user/wso0205.jsf?idaa=294221&codart=SH56757&marart=230&seopth=HIFI-FILTRI-SH56757-FILTRO-HYDR-P165762-HIFI
LFH4989,P167832,FILTRO HYDR.DONALDSON PI6-7832,https://e-commerce.michelecaroli.com/wso/pages/user/wso0205.jsf?idaa=155026&codart=P167832&marart=227&seopth=DONALDSON-FILTRI-P167832-FILTRO-HYDR-DONALDSON-PI6-7832
LFH4988,SH56217,FILTRO,https://e-commerce.michelecaroli.com/wso/pages/user/wso0205.jsf?idaa=438537&codart=SH56217&marart=230&seopth=HIFI-FILTRI-SH56217-FILTRO
LFH4988,SH56217,FILTRO,https://e-commerce.michelecaroli.com/wso/pages/user/wso0205.jsf?idaa=438537&codart=SH56217&marart=230&seopth=HIFI-FILTRI-SH56217-FILTRO
LFH4972,SH56605,FILTRO HYDR. P164384 HIFI,https://e-commerce.michelecaroli.com/wso/pages/user/wso0205.jsf?idaa=294201&codart=SH56605&marart=230&seopth=HIFI-FILTRI-SH56605-FILTRO-HYDR-P164384-HIFI
LFH4962,SH56605,FILTRO HYDR. P164384 HIFI,https://e-commerce.michelecaroli.com/wso/pages/user/wso0205.jsf?idaa=294201&codart=SH56605&marart=230&seopth=HIFI-FILTRI-SH56605-FILTRO-HYDR-P164384-HIFI
LFH4961,SH66419,FILTRO HYDR.HIFI P163496/P163419,https://e-commerce.michelecaroli.com/wso/pages/user/wso0205.jsf?idaa=296298&codart=SH66419&marart=230&seopth=HIFI-FILTRI-SH66419-FILTRO-HYDR-HIFI-P163496-P163419
LFH4961,SH66419,FILTRO HYDR.HIFI P163496/P163419,https://e-commerce.michelecaroli.com/wso/pages/user/wso0205.jsf?idaa=296298&codart=SH66419&marart=230&seopth=HIFI-FILTRI-SH66419-FILTRO-HYDR-HIFI-P163496-P163419
LFH4960,SH56255,FILTRO HYDR. P763577 HIFI,https://e-commerce.michelecaroli.com/wso/pages/user/wso0205.jsf?idaa=294092&codart=SH56255&marart=230&seopth=HIFI-FILTRI-SH56255-FILTRO-HYDR-P763577-HIFI
LFH4959,51455,FILTRO IDRAULICO P164375,https://e-commerce.michelecaroli.com/wso/pages/user/wso0205.jsf?idaa=368350&codart=51455&marart=218&seopth=WIX-INDUSTRIAL-HD-51455-FILTRO-IDRAULICO-P164375
LFH4958,51849,FILTRO OLIO P165876,https://e-commerce.michelecaroli.com/wso/pages/user/wso0205.jsf?idaa=368669&codart=51849&marart=218&seopth=WIX-INDUSTRIAL-HD-51849-FILTRO-OLIO-P165876
LFH4955,SH56760,FILTRO HYDR. P550388 HIFI GILBARCO 140845093,https://e-commerce.michelecaroli.com/wso/pages/user/wso0205.jsf?idaa=294222&codart=SH56760&marart=230&seopth=HIFI-FILTRI-SH56760-FILTRO-HYDR-P550388-HIFI
LFH4955,SH56760,FILTRO HYDR. P550388 HIFI GILBARCO 140845093,https://e-commerce.michelecaroli.com/wso/pages/user/wso0205.jsf?idaa=294222&codart=SH56760&marart=230&seopth=HIFI-FILTRI-SH56760-FILTRO-HYDR-P550388-HIFI
LFH4950,SH56613,FILTRO HYDR. P177047/P163323 HIFI,https://e-commerce.michelecaroli.com/wso/pages/user/wso0205.jsf?idaa=294202&codart=SH56613&marart=230&seopth=HIFI-FILTRI-SH56613-FILTRO-HYDR-P177047-P163323-HIFI
LFH4944,SH56210,,https://e-commerce.michelecaroli.com/wso/pages/user/wso0205.jsf?idaa=294065&codart=SH56210&marart=230&seopth=HIFI-FILTRI-SH56210-FILTRO-HYDR-HIFI
LFH4937,SP-1445,FILTRO IDRAULICO,https://e-commerce.michelecaroli.com/wso/pages/user/wso0205.jsf?idaa=466131&codart=SP-1445&marart=ALCO&seopth=ALCO-SP-1445-FILTRO-IDRAULICO
LFH4937,SP-1445,FILTRO IDRAULICO,https://e-commerce.michelecaroli.com/wso/pages/user/wso0205.jsf?idaa=466131&codart=SP-1445&marart=ALCO&seopth=ALCO-SP-1445-FILTRO-IDRAULICO
LFH4935,51610,FILTRO IDRAULICO P162766,https://e-commerce.michelecaroli.com/wso/pages/user/wso0205.jsf?idaa=368486&codart=51610&marart=218&seopth=WIX-INDUSTRIAL-HD-51610-FILTRO-IDRAULICO-P162766
LFH4933,51826,FILTRO OLIO,https://e-commerce.michelecaroli.com/wso/pages/user/wso0205.jsf?idaa=368656&codart=51826&marart=218&seopth=WIX-INDUSTRIAL-HD-51826-FILTRO-OLIO
LFH4929,SH56650,FILTRO HYDR. HIFI,https://e-commerce.michelecaroli.com/wso/pages/user/wso0205.jsf?idaa=294206&codart=SH56650&marart=230&seopth=HIFI-FILTRI-SH56650-FILTRO-HYDR-HIFI
LFH4915,SH56761,FILTRO HYDR. P165880 HIFI,https://e-commerce.michelecaroli.com/wso/pages/user/wso0205.jsf?idaa=294223&codart=SH56761&marart=230&seopth=HIFI-FILTRI-SH56761-FILTRO-HYDR-P165880-HIFI
LFH4902,51846,FILTRO OLIO,https://e-commerce.michelecaroli.com/wso/pages/user/wso0205.jsf?idaa=368667&codart=51846&marart=218&seopth=WIX-INDUSTRIAL-HD-51846-FILTRO-OLIO
LFH4902,51846,FILTRO OLIO,https://e-commerce.michelecaroli.com/wso/pages/user/wso0205.jsf?idaa=368667&codart=51846&marart=218&seopth=WIX-INDUSTRIAL-HD-51846-FILTRO-OLIO
LFH4636,51253,FILTRO IDRAULICO,https://e-commerce.michelecaroli.com/wso/pages/user/wso0205.jsf?idaa=368210&codart=51253&marart=218&seopth=WIX-INDUSTRIAL-HD-51253-FILTRO-IDRAULICO
LFH4635G,51195,FILTRO IDRAULICO,https://e-commerce.michelecaroli.com/wso/pages/user/wso0205.jsf?idaa=368172&codart=51195&marart=218&seopth=WIX-INDUSTRIAL-HD-51195-FILTRO-IDRAULICO
LFH4635,SH56133,FILTRO HYDR. P556700 HIFI,https://e-commerce.michelecaroli.com/wso/pages/user/wso0205.jsf?idaa=399778&codart=SH56133&marart=230&seopth=HIFI-FILTRI-SH56133-FILTRO-HYDR-P556700-HIFI
LFH4473,p574000,,https://e-commerce.michelecaroli.com/wso/pages/user/wso0205.jsf?idaa=157302&codart=p574000&marart=227&seopth=DONALDSON-FILTRI-p574000-FILTRO-IDRAULICO-OBSOLETO
LFH4471,SH66542,FILTRO HYDR. P163542 HIFI,https://e-commerce.michelecaroli.com/wso/pages/user/wso0205.jsf?idaa=296299&codart=SH66542&marart=230&seopth=HIFI-FILTRI-SH66542-FILTRO-HYDR-P163542-HIFI
LFH4471,SH66542,FILTRO HYDR. P163542 HIFI,https://e-commerce.michelecaroli.com/wso/pages/user/wso0205.jsf?idaa=296299&codart=SH66542&marart=230&seopth=HIFI-FILTRI-SH66542-FILTRO-HYDR-P163542-HIFI
