Code searched,Matched code,Part Category on Michele,Link to Michele product
LF711,SO780,FILTRO OLIO P550047 HIFI,https://e-commerce.michelecaroli.com/wso/pages/user/wso0205.jsf?idaa=301372&codart=SO780&marart=230&seopth=HIFI-FILTRI-SO780-FILTRO-OLIO-P550047-HIFI
LF709,SH56137,FILTRO HYDR. HIFI,https://e-commerce.michelecaroli.com/wso/pages/user/wso0205.jsf?idaa=294030&codart=SH56137&marart=230&seopth=HIFI-FILTRI-SH56137-FILTRO-HYDR-HIFI
LF707,51567,FILTRO IDRAULICO,https://e-commerce.michelecaroli.com/wso/pages/user/wso0205.jsf?idaa=368447&codart=51567&marart=218&seopth=WIX-INDUSTRIAL-HD-51567-FILTRO-IDRAULICO
LF706,51551,FILTRO IDRAULICO,https://e-commerce.michelecaroli.com/wso/pages/user/wso0205.jsf?idaa=368432&codart=51551&marart=218&seopth=WIX-INDUSTRIAL-HD-51551-FILTRO-IDRAULICO
LF702,LF702,,https://e-commerce.michelecaroli.com/wso/pages/user/wso0205.jsf?idaa=153894&codart=LF702&marart=226&seopth=FILTRI-VIRGIS-LF702-FILTRO-OLIO
LF702,LF702,,https://e-commerce.michelecaroli.com/wso/pages/user/wso0205.jsf?idaa=153894&codart=LF702&marart=226&seopth=FILTRI-VIRGIS-LF702-FILTRO-OLIO
LF7,51049,FILTRO OLIO,https://e-commerce.michelecaroli.com/wso/pages/user/wso0205.jsf?idaa=368078&codart=51049&marart=218&seopth=WIX-INDUSTRIAL-HD-51049-FILTRO-OLIO
LF688,51440,FILTRO OLIO,https://e-commerce.michelecaroli.com/wso/pages/user/wso0205.jsf?idaa=368338&codart=51440&marart=218&seopth=WIX-INDUSTRIAL-HD-51440-FILTRO-OLIO
LF687,51137,FILTRO TRASMISSIONE,https://e-commerce.michelecaroli.com/wso/pages/user/wso0205.jsf?idaa=368128&codart=51137&marart=218&seopth=WIX-INDUSTRIAL-HD-51137-FILTRO-TRASMISSIONE
LF686,SO1686,FILTRO OLIO HIFI,https://e-commerce.michelecaroli.com/wso/pages/user/wso0205.jsf?idaa=300850&codart=SO1686&marart=230&seopth=HIFI-FILTRI-SO1686-FILTRO-OLIO-HIFI
LF684,P551296,FILTRO OLIO DONALDSON P55-1296,https://e-commerce.michelecaroli.com/wso/pages/user/wso0205.jsf?idaa=157656&codart=P551296&marart=227&seopth=DONALDSON-FILTRI-P551296-FILTRO-OLIO-DONALDSON-P55-1296
LF684,P551296,FILTRO OLIO DONALDSON P55-1296,https://e-commerce.michelecaroli.com/wso/pages/user/wso0205.jsf?idaa=157656&codart=P551296&marart=227&seopth=DONALDSON-FILTRI-P551296-FILTRO-OLIO-DONALDSON-P55-1296
LF681,SO654,FILTRO OLIO P555680 HIFI,https://e-commerce.michelecaroli.com/wso/pages/user/wso0205.jsf?idaa=300363&codart=SO654&marart=230&seopth=HIFI-FILTRI-SO654-FILTRO-OLIO-P555680-HIFI
LF67K,P550225,FILTRO NAFTA DONALDSON P55-0225,https://e-commerce.michelecaroli.com/wso/pages/user/wso0205.jsf?idaa=156515&codart=P550225&marart=227&seopth=DONALDSON-FILTRI-P550225-FILTRO-NAFTA-DONALDSON-P55-0225
LF672,51153,FILTRO OLIO,https://e-commerce.michelecaroli.com/wso/pages/user/wso0205.jsf?idaa=368139&codart=51153&marart=218&seopth=WIX-INDUSTRIAL-HD-51153-FILTRO-OLIO
LF671,51253,FILTRO IDRAULICO,https://e-commerce.michelecaroli.com/wso/pages/user/wso0205.jsf?idaa=368210&codart=51253&marart=218&seopth=WIX-INDUSTRIAL-HD-51253-FILTRO-IDRAULICO
LF668,51468,FILTRO IDRAULICO,https://e-commerce.michelecaroli.com/wso/pages/user/wso0205.jsf?idaa=368363&codart=51468&marart=218&seopth=WIX-INDUSTRIAL-HD-51468-FILTRO-IDRAULICO
LF666,P558877,FILTRO HYDR.DONALDSON P55-8877,https://e-commerce.michelecaroli.com/wso/pages/user/wso0205.jsf?idaa=157197&codart=P558877&marart=227&seopth=DONALDSON-FILTRI-P558877-FILTRO-HYDR-DONALDSON-P55-8877
LF664,P550951,FILTRRO TRASMISSIONE AD IMMERSIONE,https://e-commerce.michelecaroli.com/wso/pages/user/wso0205.jsf?idaa=156868&codart=P550951&marart=227&seopth=DONALDSON-FILTRI-P550951-FILTRRO-TRASMISSIONE-AD-IMMERSIONE
LF66,WF10001,FILTRO P550392,https://e-commerce.michelecaroli.com/wso/pages/user/wso0205.jsf?idaa=438883&codart=WF10001&marart=218&seopth=WIX-INDUSTRIAL-HD-WF10001-FILTRO-P550392
LF64,T6720,FILTRO OLIO P550078 HIFI,https://e-commerce.michelecaroli.com/wso/pages/user/wso0205.jsf?idaa=395341&codart=T6720&marart=230&seopth=HIFI-FILTRI-T6720-FILTRO-OLIO-P550078-HIFI
LF64,T6720,FILTRO OLIO P550078 HIFI,https://e-commerce.michelecaroli.com/wso/pages/user/wso0205.jsf?idaa=395341&codart=T6720&marart=230&seopth=HIFI-FILTRI-T6720-FILTRO-OLIO-P550078-HIFI
LF630,SH56129,FILTRO HYDR. P555603 HIFI,https://e-commerce.michelecaroli.com/wso/pages/user/wso0205.jsf?idaa=294023&codart=SH56129&marart=230&seopth=HIFI-FILTRI-SH56129-FILTRO-HYDR-P555603-HIFI
LF629,P551280,,https://e-commerce.michelecaroli.com/wso/pages/user/wso0205.jsf?idaa=157650&codart=P551280&marart=227&seopth=DONALDSON-FILTRI-P551280-FILTRO-OLIO-DONALDSON-P55-1280
LF626,SH56240,FILTRO HYDR. HIFI,https://e-commerce.michelecaroli.com/wso/pages/user/wso0205.jsf?idaa=294084&codart=SH56240&marart=230&seopth=HIFI-FILTRI-SH56240-FILTRO-HYDR-HIFI
LF621,SN6239,FILTRO NAFTA P550040 HIFI,https://e-commerce.michelecaroli.com/wso/pages/user/wso0205.jsf?idaa=299439&codart=SN6239&marart=230&seopth=HIFI-FILTRI-SN6239-FILTRO-NAFTA-P550040-HIFI
LF620,51418,FILTRO OLIO,https://e-commerce.michelecaroli.com/wso/pages/user/wso0205.jsf?idaa=368321&codart=51418&marart=218&seopth=WIX-INDUSTRIAL-HD-51418-FILTRO-OLIO
LF617,P552428,FILTRO OLIO,https://e-commerce.michelecaroli.com/wso/pages/user/wso0205.jsf?idaa=313781&codart=P552428&marart=227&seopth=DONALDSON-FILTRI-P552428-FILTRO-OLIO
LF617,P552428,FILTRO OLIO,https://e-commerce.michelecaroli.com/wso/pages/user/wso0205.jsf?idaa=313781&codart=P552428&marart=227&seopth=DONALDSON-FILTRI-P552428-FILTRO-OLIO
LF6139,SH70084,FILTRO HYDR. HIFI,https://e-commerce.michelecaroli.com/wso/pages/user/wso0205.jsf?idaa=297626&codart=SH70084&marart=230&seopth=HIFI-FILTRI-SH70084-FILTRO-HYDR-HIFI
LF610,51755,FILTRO OLIO,https://e-commerce.michelecaroli.com/wso/pages/user/wso0205.jsf?idaa=368606&codart=51755&marart=218&seopth=WIX-INDUSTRIAL-HD-51755-FILTRO-OLIO
LF608,P551018,FILTRO OLIO,https://e-commerce.michelecaroli.com/wso/pages/user/wso0205.jsf?idaa=313776&codart=P551018&marart=227&seopth=DONALDSON-FILTRI-P551018-FILTRO-OLIO
LF605,51021E,FILTRO OLIO#,https://e-commerce.michelecaroli.com/wso/pages/user/wso0205.jsf?idaa=369090&codart=51021E&marart=218&seopth=WIX-INDUSTRIAL-HD-51021E-FILTRO-OLIO-
LF603,51197,FILTRO IDRAULICO,https://e-commerce.michelecaroli.com/wso/pages/user/wso0205.jsf?idaa=368174&codart=51197&marart=218&seopth=WIX-INDUSTRIAL-HD-51197-FILTRO-IDRAULICO
LF602,51197,FILTRO IDRAULICO,https://e-commerce.michelecaroli.com/wso/pages/user/wso0205.jsf?idaa=368174&codart=51197&marart=218&seopth=WIX-INDUSTRIAL-HD-51197-FILTRO-IDRAULICO
LF602,51197,FILTRO IDRAULICO,https://e-commerce.michelecaroli.com/wso/pages/user/wso0205.jsf?idaa=368174&codart=51197&marart=218&seopth=WIX-INDUSTRIAL-HD-51197-FILTRO-IDRAULICO
LF6,51049,FILTRO OLIO,https://e-commerce.michelecaroli.com/wso/pages/user/wso0205.jsf?idaa=368078&codart=51049&marart=218&seopth=WIX-INDUSTRIAL-HD-51049-FILTRO-OLIO
LF59265,SN5033,,https://e-commerce.michelecaroli.com/wso/pages/user/wso0205.jsf?idaa=438692&codart=SN5033&marart=230&seopth=HIFI-FILTRI-SN5033-FILTRO-OLIO-P550943-HIFI
LF592,P552404,"LUBE FILTER, SPIN-ON BYPASS",https://e-commerce.michelecaroli.com/wso/pages/user/wso0205.jsf?idaa=441615&codart=P552404&marart=227&seopth=DONALDSON-FILTRI-P552404-LUBE-FILTER-SPIN-ON-BYPASS
LF589,P558462,FILTRO OLIO DONALDSON P55-84 62,https://e-commerce.michelecaroli.com/wso/pages/user/wso0205.jsf?idaa=157189&codart=P558462&marart=227&seopth=DONALDSON-FILTRI-P558462-FILTRO-OLIO-DONALDSON-P55-84-62
LF588,P551775,FILTRO IDRAULICO,https://e-commerce.michelecaroli.com/wso/pages/user/wso0205.jsf?idaa=311979&codart=P551775&marart=227&seopth=DONALDSON-FILTRI-P551775-FILTRO-IDRAULICO
LF583,SP4464,,https://e-commerce.michelecaroli.com/wso/pages/user/wso0205.jsf?idaa=414708&codart=SP4464&marart=233&seopth=SF-FILTER-SP4464-FILTRO-OLIO
LF578N,P550951,FILTRRO TRASMISSIONE AD IMMERSIONE,https://e-commerce.michelecaroli.com/wso/pages/user/wso0205.jsf?idaa=156868&codart=P550951&marart=227&seopth=DONALDSON-FILTRI-P550951-FILTRRO-TRASMISSIONE-AD-IMMERSIONE
LF578,P550951,FILTRRO TRASMISSIONE AD IMMERSIONE,https://e-commerce.michelecaroli.com/wso/pages/user/wso0205.jsf?idaa=156868&codart=P550951&marart=227&seopth=DONALDSON-FILTRI-P550951-FILTRRO-TRASMISSIONE-AD-IMMERSIONE
LF569,SO569,FILTRO NAFTA HIFI,https://e-commerce.michelecaroli.com/wso/pages/user/wso0205.jsf?idaa=416810&codart=SO569&marart=230&seopth=HIFI-FILTRI-SO569-FILTRO-NAFTA-HIFI
LF565,51080,FILTRO OLIO,https://e-commerce.michelecaroli.com/wso/pages/user/wso0205.jsf?idaa=368097&codart=51080&marart=218&seopth=WIX-INDUSTRIAL-HD-51080-FILTRO-OLIO
LF564,51842,FILTRO OLIO,https://e-commerce.michelecaroli.com/wso/pages/user/wso0205.jsf?idaa=368664&codart=51842&marart=218&seopth=WIX-INDUSTRIAL-HD-51842-FILTRO-OLIO
LF559,P550082,FILTRO HYDR.DONALDSON P55-0082,https://e-commerce.michelecaroli.com/wso/pages/user/wso0205.jsf?idaa=156442&codart=P550082&marart=227&seopth=DONALDSON-FILTRI-P550082-FILTRO-HYDR-DONALDSON-P55-0082
LF559,P550082,FILTRO HYDR.DONALDSON P55-0082,https://e-commerce.michelecaroli.com/wso/pages/user/wso0205.jsf?idaa=156442&codart=P550082&marart=227&seopth=DONALDSON-FILTRI-P550082-FILTRO-HYDR-DONALDSON-P55-0082
LF555,SH56147,FILTRO HYDR. P559740 HIFI,https://e-commerce.michelecaroli.com/wso/pages/user/wso0205.jsf?idaa=294034&codart=SH56147&marart=230&seopth=HIFI-FILTRI-SH56147-FILTRO-HYDR-P559740-HIFI
LF555,SH56147,FILTRO HYDR. P559740 HIFI,https://e-commerce.michelecaroli.com/wso/pages/user/wso0205.jsf?idaa=294034&codart=SH56147&marart=230&seopth=HIFI-FILTRI-SH56147-FILTRO-HYDR-P559740-HIFI
LF551,SO580,FILTRO OLIO P550008# HIFI,https://e-commerce.michelecaroli.com/wso/pages/user/wso0205.jsf?idaa=300199&codart=SO580&marart=230&seopth=HIFI-FILTRI-SO580-FILTRO-OLIO-P550008-HIFI
LF551,SO580,FILTRO OLIO P550008# HIFI,https://e-commerce.michelecaroli.com/wso/pages/user/wso0205.jsf?idaa=300199&codart=SO580&marart=230&seopth=HIFI-FILTRI-SO580-FILTRO-OLIO-P550008-HIFI
LF545,SH56255,FILTRO HYDR. P763577 HIFI,https://e-commerce.michelecaroli.com/wso/pages/user/wso0205.jsf?idaa=294092&codart=SH56255&marart=230&seopth=HIFI-FILTRI-SH56255-FILTRO-HYDR-P763577-HIFI
LF542,SN7230,FILTRO CARB. P550054 HIFI,https://e-commerce.michelecaroli.com/wso/pages/user/wso0205.jsf?idaa=299702&codart=SN7230&marart=230&seopth=HIFI-FILTRI-SN7230-FILTRO-CARB-P550054-HIFI
LF539,51727,FILTRO OLIO,https://e-commerce.michelecaroli.com/wso/pages/user/wso0205.jsf?idaa=368581&codart=51727&marart=218&seopth=WIX-INDUSTRIAL-HD-51727-FILTRO-OLIO
LF538,P556007,ATTUALE P559128,https://e-commerce.michelecaroli.com/wso/pages/user/wso0205.jsf?idaa=157148&codart=P556007&marart=227&seopth=DONALDSON-FILTRI-P556007-ATTUALE-P559128
LF537,SO045,FILTRO OLIO P551604# HIFI,https://e-commerce.michelecaroli.com/wso/pages/user/wso0205.jsf?idaa=300661&codart=SO045&marart=230&seopth=HIFI-FILTRI-SO045-FILTRO-OLIO-P551604-HIFI
LF534,57080,FILTRO OLIO,https://e-commerce.michelecaroli.com/wso/pages/user/wso0205.jsf?idaa=369408&codart=57080&marart=218&seopth=WIX-INDUSTRIAL-HD-57080-FILTRO-OLIO
LF534,57080,FILTRO OLIO,https://e-commerce.michelecaroli.com/wso/pages/user/wso0205.jsf?idaa=369408&codart=57080&marart=218&seopth=WIX-INDUSTRIAL-HD-57080-FILTRO-OLIO
LF533,57777,FILTRO OLIO,https://e-commerce.michelecaroli.com/wso/pages/user/wso0205.jsf?idaa=368933&codart=57777&marart=218&seopth=WIX-INDUSTRIAL-HD-57777-FILTRO-OLIO
LF532,P528211,FILTRO ARIA DONALDSON P52-8211 OBSOLETO,https://e-commerce.michelecaroli.com/wso/pages/user/wso0205.jsf?idaa=156229&codart=P528211&marart=227&seopth=DONALDSON-FILTRI-P528211-FILTRO-ARIA-DONALDSON-P52-8211
LF522,51404,FILTRO IDRAULICO,https://e-commerce.michelecaroli.com/wso/pages/user/wso0205.jsf?idaa=368309&codart=51404&marart=218&seopth=WIX-INDUSTRIAL-HD-51404-FILTRO-IDRAULICO
LF520,51175,FILTRO IDRAULICO,https://e-commerce.michelecaroli.com/wso/pages/user/wso0205.jsf?idaa=368158&codart=51175&marart=218&seopth=WIX-INDUSTRIAL-HD-51175-FILTRO-IDRAULICO
LF52,SO1594,FILTRO OLIO P550183 HIFI,https://e-commerce.michelecaroli.com/wso/pages/user/wso0205.jsf?idaa=300845&codart=SO1594&marart=230&seopth=HIFI-FILTRI-SO1594-FILTRO-OLIO-P550183-HIFI
LF51A,51036,FILTRO OLIO P550051,https://e-commerce.michelecaroli.com/wso/pages/user/wso0205.jsf?idaa=368073&codart=51036&marart=218&seopth=WIX-INDUSTRIAL-HD-51036-FILTRO-OLIO-P550051
LF518,51874,FILTRO OLIO,https://e-commerce.michelecaroli.com/wso/pages/user/wso0205.jsf?idaa=368687&codart=51874&marart=218&seopth=WIX-INDUSTRIAL-HD-51874-FILTRO-OLIO
LF518,51874,FILTRO OLIO,https://e-commerce.michelecaroli.com/wso/pages/user/wso0205.jsf?idaa=368687&codart=51874&marart=218&seopth=WIX-INDUSTRIAL-HD-51874-FILTRO-OLIO
LF517,SP-915,FILTRO OLIO ALCO,https://e-commerce.michelecaroli.com/wso/pages/user/wso0205.jsf?idaa=466385&codart=SP-915&marart=ALCO&seopth=ALCO-SP-915-FILTRO-OLIO-ALCO
LF515,SO3000,FILTRO OLIO P553000 HIFI,https://e-commerce.michelecaroli.com/wso/pages/user/wso0205.jsf?idaa=300875&codart=SO3000&marart=230&seopth=HIFI-FILTRI-SO3000-FILTRO-OLIO-P553000-HIFI
LF511,51133,FILTRO OLIO# P550132,https://e-commerce.michelecaroli.com/wso/pages/user/wso0205.jsf?idaa=368125&codart=51133&marart=218&seopth=WIX-INDUSTRIAL-HD-51133-FILTRO-OLIO-P550132
LF510,SO7106,FILTRO OLIO P550170 HIFI,https://e-commerce.michelecaroli.com/wso/pages/user/wso0205.jsf?idaa=301239&codart=SO7106&marart=230&seopth=HIFI-FILTRI-SO7106-FILTRO-OLIO-P550170-HIFI
LF51,51036,FILTRO OLIO P550051,https://e-commerce.michelecaroli.com/wso/pages/user/wso0205.jsf?idaa=368073&codart=51036&marart=218&seopth=WIX-INDUSTRIAL-HD-51036-FILTRO-OLIO-P550051
LF509,51133,FILTRO OLIO# P550132,https://e-commerce.michelecaroli.com/wso/pages/user/wso0205.jsf?idaa=368125&codart=51133&marart=218&seopth=WIX-INDUSTRIAL-HD-51133-FILTRO-OLIO-P550132
LF509,51133,FILTRO OLIO# P550132,https://e-commerce.michelecaroli.com/wso/pages/user/wso0205.jsf?idaa=368125&codart=51133&marart=218&seopth=WIX-INDUSTRIAL-HD-51133-FILTRO-OLIO-P550132
LF508,P551018,FILTRO OLIO,https://e-commerce.michelecaroli.com/wso/pages/user/wso0205.jsf?idaa=313776&codart=P551018&marart=227&seopth=DONALDSON-FILTRI-P551018-FILTRO-OLIO
LF507,33943,FILTRO NAFTA P550007,https://e-commerce.michelecaroli.com/wso/pages/user/wso0205.jsf?idaa=366188&codart=33943&marart=218&seopth=WIX-INDUSTRIAL-HD-33943-FILTRO-NAFTA-P550007
LF507,33943,FILTRO NAFTA P550007,https://e-commerce.michelecaroli.com/wso/pages/user/wso0205.jsf?idaa=366188&codart=33943&marart=218&seopth=WIX-INDUSTRIAL-HD-33943-FILTRO-NAFTA-P550007
LF506,P550406,FILTRO OLIO DONALDSON P55-0406,https://e-commerce.michelecaroli.com/wso/pages/user/wso0205.jsf?idaa=156595&codart=P550406&marart=227&seopth=DONALDSON-FILTRI-P550406-FILTRO-OLIO-DONALDSON-P55-0406
LF5055,SH56147,FILTRO HYDR. P559740 HIFI,https://e-commerce.michelecaroli.com/wso/pages/user/wso0205.jsf?idaa=294034&codart=SH56147&marart=230&seopth=HIFI-FILTRI-SH56147-FILTRO-HYDR-P559740-HIFI
LF505,SO6096,,https://e-commerce.michelecaroli.com/wso/pages/user/wso0205.jsf?idaa=300260&codart=SO6096&marart=230&seopth=HIFI-FILTRI-SO6096-FILTRO-OLIO-HIFI
LF5,51049,FILTRO OLIO,https://e-commerce.michelecaroli.com/wso/pages/user/wso0205.jsf?idaa=368078&codart=51049&marart=218&seopth=WIX-INDUSTRIAL-HD-51049-FILTRO-OLIO
LF4993,51532,FILTRO IDRAULICO,https://e-commerce.michelecaroli.com/wso/pages/user/wso0205.jsf?idaa=368415&codart=51532&marart=218&seopth=WIX-INDUSTRIAL-HD-51532-FILTRO-IDRAULICO
LF499,SP-1444,FILTRO OLIO ALCO,https://e-commerce.michelecaroli.com/wso/pages/user/wso0205.jsf?idaa=466130&codart=SP-1444&marart=ALCO&seopth=ALCO-SP-1444-FILTRO-OLIO-ALCO
LF498,SP-1444,FILTRO OLIO ALCO,https://e-commerce.michelecaroli.com/wso/pages/user/wso0205.jsf?idaa=466130&codart=SP-1444&marart=ALCO&seopth=ALCO-SP-1444-FILTRO-OLIO-ALCO
LF497,51391,FILTRO OLIO,https://e-commerce.michelecaroli.com/wso/pages/user/wso0205.jsf?idaa=368301&codart=51391&marart=218&seopth=WIX-INDUSTRIAL-HD-51391-FILTRO-OLIO
LF493,SP-812,FILTRO OLIO,https://e-commerce.michelecaroli.com/wso/pages/user/wso0205.jsf?idaa=466312&codart=SP-812&marart=ALCO&seopth=ALCO-SP-812-FILTRO-OLIO
LF490,P550882,,https://e-commerce.michelecaroli.com/wso/pages/user/wso0205.jsf?idaa=156838&codart=P550882&marart=227&seopth=DONALDSON-FILTRI-P550882-ATTUALE-P550939
LF489,P552361,"LUBE FILTER, CARTRIDGE",https://e-commerce.michelecaroli.com/wso/pages/user/wso0205.jsf?idaa=441612&codart=P552361&marart=227&seopth=DONALDSON-FILTRI-P552361-LUBE-FILTER-CARTRIDGE
LF488,P502476,FILTRO OLIO DONALDSON P50-2476,https://e-commerce.michelecaroli.com/wso/pages/user/wso0205.jsf?idaa=156088&codart=P502476&marart=227&seopth=DONALDSON-FILTRI-P502476-FILTRO-OLIO-DONALDSON-P50-2476
LF487,51522,FILTRO OLIO,https://e-commerce.michelecaroli.com/wso/pages/user/wso0205.jsf?idaa=368405&codart=51522&marart=218&seopth=WIX-INDUSTRIAL-HD-51522-FILTRO-OLIO
LF476,51676,FILTRO IDRAULICO,https://e-commerce.michelecaroli.com/wso/pages/user/wso0205.jsf?idaa=368543&codart=51676&marart=218&seopth=WIX-INDUSTRIAL-HD-51676-FILTRO-IDRAULICO
LF475,57022,FILTRO OLIO,https://e-commerce.michelecaroli.com/wso/pages/user/wso0205.jsf?idaa=369378&codart=57022&marart=218&seopth=WIX-INDUSTRIAL-HD-57022-FILTRO-OLIO
LF471,92010E,,https://e-commerce.michelecaroli.com/wso/pages/user/wso0205.jsf?idaa=369177&codart=92010E&marart=218&seopth=WIX-INDUSTRIAL-HD-92010E-FILTRO-IDRAULICO
LF47,SO780,FILTRO OLIO P550047 HIFI,https://e-commerce.michelecaroli.com/wso/pages/user/wso0205.jsf?idaa=301372&codart=SO780&marart=230&seopth=HIFI-FILTRI-SO780-FILTRO-OLIO-P550047-HIFI
LF469,51423,FILTRO OLIO,https://e-commerce.michelecaroli.com/wso/pages/user/wso0205.jsf?idaa=368326&codart=51423&marart=218&seopth=WIX-INDUSTRIAL-HD-51423-FILTRO-OLIO
LF468,57406,FILTRO OLIO,https://e-commerce.michelecaroli.com/wso/pages/user/wso0205.jsf?idaa=368847&codart=57406&marart=218&seopth=WIX-INDUSTRIAL-HD-57406-FILTRO-OLIO
LF466,SO3641,FILTRO OLIO P552363 HIFI,https://e-commerce.michelecaroli.com/wso/pages/user/wso0205.jsf?idaa=300948&codart=SO3641&marart=230&seopth=HIFI-FILTRI-SO3641-FILTRO-OLIO-P552363-HIFI
LF464,P502476,FILTRO OLIO DONALDSON P50-2476,https://e-commerce.michelecaroli.com/wso/pages/user/wso0205.jsf?idaa=156088&codart=P502476&marart=227&seopth=DONALDSON-FILTRI-P502476-FILTRO-OLIO-DONALDSON-P50-2476
LF463,57243,FILTRO OLIO# P551352,https://e-commerce.michelecaroli.com/wso/pages/user/wso0205.jsf?idaa=368786&codart=57243&marart=218&seopth=WIX-INDUSTRIAL-HD-57243-FILTRO-OLIO-P551352
LF459,P555400,FILTRO OLIO DONALDSON P55-5400,https://e-commerce.michelecaroli.com/wso/pages/user/wso0205.jsf?idaa=157132&codart=P555400&marart=227&seopth=DONALDSON-FILTRI-P555400-FILTRO-OLIO-DONALDSON-P55-5400
LF458,SO3327,FILTRO OLIO P550041 HIFI,https://e-commerce.michelecaroli.com/wso/pages/user/wso0205.jsf?idaa=300888&codart=SO3327&marart=230&seopth=HIFI-FILTRI-SO3327-FILTRO-OLIO-P550041-HIFI
LF457,SP-1226,FILTRO OLIO ALCO,https://e-commerce.michelecaroli.com/wso/pages/user/wso0205.jsf?idaa=465920&codart=SP-1226&marart=ALCO&seopth=ALCO-SP-1226-FILTRO-OLIO-ALCO
LF456,51675,FILTRO OLIO,https://e-commerce.michelecaroli.com/wso/pages/user/wso0205.jsf?idaa=368542&codart=51675&marart=218&seopth=WIX-INDUSTRIAL-HD-51675-FILTRO-OLIO
LF455,23.303.00,FILTRO OLIO UFI 23.303.00,https://e-commerce.michelecaroli.com/wso/pages/user/wso0205.jsf?idaa=148795&codart=23.303.00&marart=UFIHD&seopth=UFI-HD-23-303-00-FILTRO-OLIO-UFI-23-303-00
LF452,51641,FILTRO OLIO,https://e-commerce.michelecaroli.com/wso/pages/user/wso0205.jsf?idaa=368514&codart=51641&marart=218&seopth=WIX-INDUSTRIAL-HD-51641-FILTRO-OLIO
LF450,51674,FILTRO OLIO P552562,https://e-commerce.michelecaroli.com/wso/pages/user/wso0205.jsf?idaa=368541&codart=51674&marart=218&seopth=WIX-INDUSTRIAL-HD-51674-FILTRO-OLIO-P552562
LF448,SO3000,FILTRO OLIO P553000 HIFI,https://e-commerce.michelecaroli.com/wso/pages/user/wso0205.jsf?idaa=300875&codart=SO3000&marart=230&seopth=HIFI-FILTRI-SO3000-FILTRO-OLIO-P553000-HIFI
LF446,51282,FILTRO OLIO,https://e-commerce.michelecaroli.com/wso/pages/user/wso0205.jsf?idaa=368230&codart=51282&marart=218&seopth=WIX-INDUSTRIAL-HD-51282-FILTRO-OLIO
LF445,51050,FILTRO OLIO,https://e-commerce.michelecaroli.com/wso/pages/user/wso0205.jsf?idaa=368079&codart=51050&marart=218&seopth=WIX-INDUSTRIAL-HD-51050-FILTRO-OLIO
LF444,51592,FILTRO OLIO P550166,https://e-commerce.michelecaroli.com/wso/pages/user/wso0205.jsf?idaa=368470&codart=51592&marart=218&seopth=WIX-INDUSTRIAL-HD-51592-FILTRO-OLIO-P550166
LF443,SO3360,FILTRO OLIO P550157 HIFI,https://e-commerce.michelecaroli.com/wso/pages/user/wso0205.jsf?idaa=300906&codart=SO3360&marart=230&seopth=HIFI-FILTRI-SO3360-FILTRO-OLIO-P550157-HIFI
LF442,P550731,ATTUALE PP59126,https://e-commerce.michelecaroli.com/wso/pages/user/wso0205.jsf?idaa=156768&codart=P550731&marart=227&seopth=DONALDSON-FILTRI-P550731-ATTUALE-PP59126
LF441,P550784,,https://e-commerce.michelecaroli.com/wso/pages/user/wso0205.jsf?idaa=156801&codart=P550784&marart=227&seopth=DONALDSON-FILTRI-P550784-SOSTITUITO-DAL-P551864
LF440,SO3317,FILTRO OLIO P558329 HIFI,https://e-commerce.michelecaroli.com/wso/pages/user/wso0205.jsf?idaa=300886&codart=SO3317&marart=230&seopth=HIFI-FILTRI-SO3317-FILTRO-OLIO-P558329-HIFI
LF43K,SP-902,FILTRO CARB.,https://e-commerce.michelecaroli.com/wso/pages/user/wso0205.jsf?idaa=466374&codart=SP-902&marart=ALCO&seopth=ALCO-SP-902-FILTRO-CARB-
LF439,P550777,FILTRO@OLIO DONALDSON conf.6,https://e-commerce.michelecaroli.com/wso/pages/user/wso0205.jsf?idaa=156797&codart=P550777&marart=227&seopth=DONALDSON-FILTRI-P550777-FILTRO-OLIO-DONALDSON-conf-6
LF438,P550671,FILTRO OLIO,https://e-commerce.michelecaroli.com/wso/pages/user/wso0205.jsf?idaa=156730&codart=P550671&marart=227&seopth=DONALDSON-FILTRI-P550671-FILTRO-OLIO
LF437,SO475,FILTRO OLIO P554408 HIFI,https://e-commerce.michelecaroli.com/wso/pages/user/wso0205.jsf?idaa=300159&codart=SO475&marart=230&seopth=HIFI-FILTRI-SO475-FILTRO-OLIO-P554408-HIFI
LF436,2654403-ATS,FILTRO OLIO/OIL FILTER# PERKINS,https://e-commerce.michelecaroli.com/wso/pages/user/wso0205.jsf?idaa=485766&codart=2654403-ATS&marart=156&seopth=ATS-RICAMBI-PERKINS-CC-2654403-ATS-FILTRO-OLIO-OIL-FILTER-PERKINS
LF435,51802,FILTRO OLIO,https://e-commerce.michelecaroli.com/wso/pages/user/wso0205.jsf?idaa=368641&codart=51802&marart=218&seopth=WIX-INDUSTRIAL-HD-51802-FILTRO-OLIO
LF434,2654407-ATS,FILTRO OLIO/OIL FILTER,https://e-commerce.michelecaroli.com/wso/pages/user/wso0205.jsf?idaa=485768&codart=2654407-ATS&marart=156&seopth=ATS-RICAMBI-PERKINS-CC-2654407-ATS-FILTRO-OLIO-OIL-FILTER
LF433,P551304,ATTUALE P559130,https://e-commerce.michelecaroli.com/wso/pages/user/wso0205.jsf?idaa=157661&codart=P551304&marart=227&seopth=DONALDSON-FILTRI-P551304-ATTUALE-P559130
LF432,SO3333,FILTRO OLIO P551670# HIFI,https://e-commerce.michelecaroli.com/wso/pages/user/wso0205.jsf?idaa=300892&codart=SO3333&marart=230&seopth=HIFI-FILTRI-SO3333-FILTRO-OLIO-P551670-HIFI
LF429,51613,FILTRO OLIO,https://e-commerce.michelecaroli.com/wso/pages/user/wso0205.jsf?idaa=368489&codart=51613&marart=218&seopth=WIX-INDUSTRIAL-HD-51613-FILTRO-OLIO
LF428,51954,FILTRO OLIO,https://e-commerce.michelecaroli.com/wso/pages/user/wso0205.jsf?idaa=368689&codart=51954&marart=218&seopth=WIX-INDUSTRIAL-HD-51954-FILTRO-OLIO
LF427,SO475,FILTRO OLIO P554408 HIFI,https://e-commerce.michelecaroli.com/wso/pages/user/wso0205.jsf?idaa=300159&codart=SO475&marart=230&seopth=HIFI-FILTRI-SO475-FILTRO-OLIO-P554408-HIFI
LF42503,51036,FILTRO OLIO P550051,https://e-commerce.michelecaroli.com/wso/pages/user/wso0205.jsf?idaa=368073&codart=51036&marart=218&seopth=WIX-INDUSTRIAL-HD-51036-FILTRO-OLIO-P550051
LF42501,SO780,FILTRO OLIO P550047 HIFI,https://e-commerce.michelecaroli.com/wso/pages/user/wso0205.jsf?idaa=301372&codart=SO780&marart=230&seopth=HIFI-FILTRI-SO780-FILTRO-OLIO-P550047-HIFI
LF425,51110,FILTRO OLIO,https://e-commerce.michelecaroli.com/wso/pages/user/wso0205.jsf?idaa=368113&codart=51110&marart=218&seopth=WIX-INDUSTRIAL-HD-51110-FILTRO-OLIO
LF424,51106,,https://e-commerce.michelecaroli.com/wso/pages/user/wso0205.jsf?idaa=368112&codart=51106&marart=218&seopth=WIX-INDUSTRIAL-HD-51106-FILTRO-OLIO
LF423,SP-907,FILTRO OLIO,https://e-commerce.michelecaroli.com/wso/pages/user/wso0205.jsf?idaa=466379&codart=SP-907&marart=ALCO&seopth=ALCO-SP-907-FILTRO-OLIO
LF4226,P164592,FILTRO HYDR.DONALDSON P16-4592,https://e-commerce.michelecaroli.com/wso/pages/user/wso0205.jsf?idaa=154928&codart=P164592&marart=227&seopth=DONALDSON-FILTRI-P164592-FILTRO-HYDR-DONALDSON-P16-4592
LF420,23.305.00,FILTRO OLIO UFI 23.305.00,https://e-commerce.michelecaroli.com/wso/pages/user/wso0205.jsf?idaa=148796&codart=23.305.00&marart=UFIHD&seopth=UFI-HD-23-305-00-FILTRO-OLIO-UFI-23-305-00
LF418,57106,FILTRO OLIO,https://e-commerce.michelecaroli.com/wso/pages/user/wso0205.jsf?idaa=369431&codart=57106&marart=218&seopth=WIX-INDUSTRIAL-HD-57106-FILTRO-OLIO
LF4166,SP-869,FILTRO IDRAULICO,https://e-commerce.michelecaroli.com/wso/pages/user/wso0205.jsf?idaa=466354&codart=SP-869&marart=ALCO&seopth=ALCO-SP-869-FILTRO-IDRAULICO
LF416,23.446.00,FILTRO OLIO UFI 23.446.00,https://e-commerce.michelecaroli.com/wso/pages/user/wso0205.jsf?idaa=148823&codart=23.446.00&marart=UFIHD&seopth=UFI-HD-23-446-00-FILTRO-OLIO-UFI-23-446-00
LF415,SO4154,FILTRO OLIO P550362 HIFI,https://e-commerce.michelecaroli.com/wso/pages/user/wso0205.jsf?idaa=300144&codart=SO4154&marart=230&seopth=HIFI-FILTRI-SO4154-FILTRO-OLIO-P550362-HIFI
LF4145,25.505.00,FILTRO OLIO IMM. UFI 25.505.00,https://e-commerce.michelecaroli.com/wso/pages/user/wso0205.jsf?idaa=149896&codart=25.505.00&marart=UFIHD&seopth=UFI-HD-25-505-00-FILTRO-OLIO-IMM-UFI-25-505-00
LF4144,SO3327,FILTRO OLIO P550041 HIFI,https://e-commerce.michelecaroli.com/wso/pages/user/wso0205.jsf?idaa=300888&codart=SO3327&marart=230&seopth=HIFI-FILTRI-SO3327-FILTRO-OLIO-P550041-HIFI
LF4143,SO595,FILTRO OLIO P550396 HIFI,https://e-commerce.michelecaroli.com/wso/pages/user/wso0205.jsf?idaa=300204&codart=SO595&marart=230&seopth=HIFI-FILTRI-SO595-FILTRO-OLIO-P550396-HIFI
LF412,SO3333,FILTRO OLIO P551670# HIFI,https://e-commerce.michelecaroli.com/wso/pages/user/wso0205.jsf?idaa=300892&codart=SO3333&marart=230&seopth=HIFI-FILTRI-SO3333-FILTRO-OLIO-P551670-HIFI
LF410,P502020,"LUBE FILTER, SPIN-ON FULL FLOW",https://e-commerce.michelecaroli.com/wso/pages/user/wso0205.jsf?idaa=441443&codart=P502020&marart=227&seopth=DONALDSON-FILTRI-P502020-LUBE-FILTER-SPIN-ON-FULL-FLOW
LF4098,P173042,FILTRO HYDR.DONALDSON P17-3042,https://e-commerce.michelecaroli.com/wso/pages/user/wso0205.jsf?idaa=155545&codart=P173042&marart=227&seopth=DONALDSON-FILTRI-P173042-FILTRO-HYDR-DONALDSON-P17-3042
LF408,P551018,FILTRO OLIO,https://e-commerce.michelecaroli.com/wso/pages/user/wso0205.jsf?idaa=313776&codart=P551018&marart=227&seopth=DONALDSON-FILTRI-P551018-FILTRO-OLIO
LF4079,51679,FILTRO IDRAULICO,https://e-commerce.michelecaroli.com/wso/pages/user/wso0205.jsf?idaa=368546&codart=51679&marart=218&seopth=WIX-INDUSTRIAL-HD-51679-FILTRO-IDRAULICO
LF406,51444,FILTRO OLIO,https://e-commerce.michelecaroli.com/wso/pages/user/wso0205.jsf?idaa=368341&codart=51444&marart=218&seopth=WIX-INDUSTRIAL-HD-51444-FILTRO-OLIO
LF4055,S9710R,FILTRO SOFIMA 1909101,https://e-commerce.michelecaroli.com/wso/pages/user/wso0205.jsf?idaa=470590&codart=S9710R&marart=SOFI&seopth=SOFIMA-S9710R-FILTRO-SOFIMA-1909101
LF405,P558717,FILTRO OLIO,https://e-commerce.michelecaroli.com/wso/pages/user/wso0205.jsf?idaa=157195&codart=P558717&marart=227&seopth=DONALDSON-FILTRI-P558717-FILTRO-OLIO
LF404,P552819,FILTRO OLIO DONALDSON P55-2819,https://e-commerce.michelecaroli.com/wso/pages/user/wso0205.jsf?idaa=157063&codart=P552819&marart=227&seopth=DONALDSON-FILTRI-P552819-FILTRO-OLIO-DONALDSON-P55-2819
LF402,SO6105,FILTRO OLIO P550776/P502049 HIFI UNICO TIPO,https://e-commerce.michelecaroli.com/wso/pages/user/wso0205.jsf?idaa=300265&codart=SO6105&marart=230&seopth=HIFI-FILTRI-SO6105-FILTRO-OLIO-P550776-P502049-HIFI
LF401,SN7230,FILTRO CARB. P550054 HIFI,https://e-commerce.michelecaroli.com/wso/pages/user/wso0205.jsf?idaa=299702&codart=SN7230&marart=230&seopth=HIFI-FILTRI-SN7230-FILTRO-CARB-P550054-HIFI
LF4009,SH56225,FILTRO HYDR. HIFI,https://e-commerce.michelecaroli.com/wso/pages/user/wso0205.jsf?idaa=294073&codart=SH56225&marart=230&seopth=HIFI-FILTRI-SH56225-FILTRO-HYDR-HIFI
LF400,P502020,"LUBE FILTER, SPIN-ON FULL FLOW",https://e-commerce.michelecaroli.com/wso/pages/user/wso0205.jsf?idaa=441443&codart=P502020&marart=227&seopth=DONALDSON-FILTRI-P502020-LUBE-FILTER-SPIN-ON-FULL-FLOW
LF400,P502020,"LUBE FILTER, SPIN-ON FULL FLOW",https://e-commerce.michelecaroli.com/wso/pages/user/wso0205.jsf?idaa=441443&codart=P502020&marart=227&seopth=DONALDSON-FILTRI-P502020-LUBE-FILTER-SPIN-ON-FULL-FLOW
LF40,SO780,FILTRO OLIO P550047 HIFI,https://e-commerce.michelecaroli.com/wso/pages/user/wso0205.jsf?idaa=301372&codart=SO780&marart=230&seopth=HIFI-FILTRI-SO780-FILTRO-OLIO-P550047-HIFI
LF3994,51802,FILTRO OLIO,https://e-commerce.michelecaroli.com/wso/pages/user/wso0205.jsf?idaa=368641&codart=51802&marart=218&seopth=WIX-INDUSTRIAL-HD-51802-FILTRO-OLIO
LF3974,24.336.00,FILTRO NAFTA UFI 24.336.00,https://e-commerce.michelecaroli.com/wso/pages/user/wso0205.jsf?idaa=148914&codart=24.336.00&marart=UFIHD&seopth=UFI-HD-24-336-00-FILTRO-NAFTA-UFI-24-336-00
LF3963,SO10009,,https://e-commerce.michelecaroli.com/wso/pages/user/wso0205.jsf?idaa=300675&codart=SO10009&marart=230&seopth=HIFI-FILTRI-SO10009-FILTRO-OLIO-HIFI
LF395,DBL7345,"LUBE FILTER, SPIN-ON FULL FLOW DONA",https://e-commerce.michelecaroli.com/wso/pages/user/wso0205.jsf?idaa=442419&codart=DBL7345&marart=227&seopth=DONALDSON-FILTRI-DBL7345-LUBE-FILTER-SPIN-ON-FULL-FLOW-DONA
LF3948,T1639,FILTRO OLIO P502019 HIFI,https://e-commerce.michelecaroli.com/wso/pages/user/wso0205.jsf?idaa=395324&codart=T1639&marart=230&seopth=HIFI-FILTRI-T1639-FILTRO-OLIO-P502019-HIFI
LF3945,51522,FILTRO OLIO,https://e-commerce.michelecaroli.com/wso/pages/user/wso0205.jsf?idaa=368405&codart=51522&marart=218&seopth=WIX-INDUSTRIAL-HD-51522-FILTRO-OLIO
LF3935,P551018,FILTRO OLIO,https://e-commerce.michelecaroli.com/wso/pages/user/wso0205.jsf?idaa=313776&codart=P551018&marart=227&seopth=DONALDSON-FILTRI-P551018-FILTRO-OLIO
LF3935,P551018,FILTRO OLIO,https://e-commerce.michelecaroli.com/wso/pages/user/wso0205.jsf?idaa=313776&codart=P551018&marart=227&seopth=DONALDSON-FILTRI-P551018-FILTRO-OLIO
LF3932,SO040,FILTRO OLIO P553771# HIFI,https://e-commerce.michelecaroli.com/wso/pages/user/wso0205.jsf?idaa=300659&codart=SO040&marart=230&seopth=HIFI-FILTRI-SO040-FILTRO-OLIO-P553771-HIFI
LF393,51036,FILTRO OLIO P550051,https://e-commerce.michelecaroli.com/wso/pages/user/wso0205.jsf?idaa=368073&codart=51036&marart=218&seopth=WIX-INDUSTRIAL-HD-51036-FILTRO-OLIO-P550051
LF392,P502032,FILTRO OLIO DONALDSON P50-2032,https://e-commerce.michelecaroli.com/wso/pages/user/wso0205.jsf?idaa=155993&codart=P502032&marart=227&seopth=DONALDSON-FILTRI-P502032-FILTRO-OLIO-DONALDSON-P50-2032
LF3919,SO3316,FILTRO OLIO P555616 HIFI,https://e-commerce.michelecaroli.com/wso/pages/user/wso0205.jsf?idaa=300885&codart=SO3316&marart=230&seopth=HIFI-FILTRI-SO3316-FILTRO-OLIO-P555616-HIFI
LF391,P550173,FILTRO OLIO ATTUALE P550935,https://e-commerce.michelecaroli.com/wso/pages/user/wso0205.jsf?idaa=156489&codart=P550173&marart=227&seopth=DONALDSON-FILTRI-P550173-FILTRO-OLIO-ATTUALE-P550935
LF390,SO941,FILTRO OLIO P550361 HIFI,https://e-commerce.michelecaroli.com/wso/pages/user/wso0205.jsf?idaa=301517&codart=SO941&marart=230&seopth=HIFI-FILTRI-SO941-FILTRO-OLIO-P550361-HIFI
LF39,SO633,FILTRO OLIO HIFI,https://e-commerce.michelecaroli.com/wso/pages/user/wso0205.jsf?idaa=300350&codart=SO633&marart=230&seopth=HIFI-FILTRI-SO633-FILTRO-OLIO-HIFI
LF389,P550173,FILTRO OLIO ATTUALE P550935,https://e-commerce.michelecaroli.com/wso/pages/user/wso0205.jsf?idaa=156489&codart=P550173&marart=227&seopth=DONALDSON-FILTRI-P550173-FILTRO-OLIO-ATTUALE-P550935
LF3885,P551018,FILTRO OLIO,https://e-commerce.michelecaroli.com/wso/pages/user/wso0205.jsf?idaa=313776&codart=P551018&marart=227&seopth=DONALDSON-FILTRI-P551018-FILTRO-OLIO
LF3885,P551018,FILTRO OLIO,https://e-commerce.michelecaroli.com/wso/pages/user/wso0205.jsf?idaa=313776&codart=P551018&marart=227&seopth=DONALDSON-FILTRI-P551018-FILTRO-OLIO
LF3872,SO1621,FILTRO OLIO HIFI,https://e-commerce.michelecaroli.com/wso/pages/user/wso0205.jsf?idaa=300848&codart=SO1621&marart=230&seopth=HIFI-FILTRI-SO1621-FILTRO-OLIO-HIFI
LF387,T6720,FILTRO OLIO P550078 HIFI,https://e-commerce.michelecaroli.com/wso/pages/user/wso0205.jsf?idaa=395341&codart=T6720&marart=230&seopth=HIFI-FILTRI-T6720-FILTRO-OLIO-P550078-HIFI
LF3862,23.265.00,FILTRO OLIO UFI 23.265.00,https://e-commerce.michelecaroli.com/wso/pages/user/wso0205.jsf?idaa=149484&codart=23.265.00&marart=224&seopth=UFI-SOFIMA-FILTRI-23-265-00-FILTRO-OLIO-UFI-23-265-00
LF386,SP-934,FILTRO OLIO,https://e-commerce.michelecaroli.com/wso/pages/user/wso0205.jsf?idaa=466400&codart=SP-934&marart=ALCO&seopth=ALCO-SP-934-FILTRO-OLIO
LF3850,T6746,,https://e-commerce.michelecaroli.com/wso/pages/user/wso0205.jsf?idaa=395349&codart=T6746&marart=230&seopth=HIFI-FILTRI-T6746-FILTRO-OLIO-HIFI
LF385,T1624,FILTRO OLIO P550227 HIFI,https://e-commerce.michelecaroli.com/wso/pages/user/wso0205.jsf?idaa=395320&codart=T1624&marart=230&seopth=HIFI-FILTRI-T1624-FILTRO-OLIO-P550227-HIFI
LF3845,P502043,FILTRO OLIO DONALDSON P50-2043,https://e-commerce.michelecaroli.com/wso/pages/user/wso0205.jsf?idaa=155996&codart=P502043&marart=227&seopth=DONALDSON-FILTRI-P502043-FILTRO-OLIO-DONALDSON-P50-2043
LF384,P502020,"LUBE FILTER, SPIN-ON FULL FLOW",https://e-commerce.michelecaroli.com/wso/pages/user/wso0205.jsf?idaa=441443&codart=P502020&marart=227&seopth=DONALDSON-FILTRI-P502020-LUBE-FILTER-SPIN-ON-FULL-FLOW
LF3822,SO1661,,https://e-commerce.michelecaroli.com/wso/pages/user/wso0205.jsf?idaa=438618&codart=SO1661&marart=230&seopth=HIFI-FILTRI-SO1661-FILTRO
LF382,51839,,https://e-commerce.michelecaroli.com/wso/pages/user/wso0205.jsf?idaa=368663&codart=51839&marart=218&seopth=WIX-INDUSTRIAL-HD-51839-FILTRO-OLIO
LF3801,57555,FILTRO OLIO,https://e-commerce.michelecaroli.com/wso/pages/user/wso0205.jsf?idaa=368890&codart=57555&marart=218&seopth=WIX-INDUSTRIAL-HD-57555-FILTRO-OLIO
LF380,P552471,FILTRO OLIO,https://e-commerce.michelecaroli.com/wso/pages/user/wso0205.jsf?idaa=311988&codart=P552471&marart=227&seopth=DONALDSON-FILTRI-P552471-FILTRO-OLIO
LF379,P550210,FILTRO HYDR.ATTUALE P550940,https://e-commerce.michelecaroli.com/wso/pages/user/wso0205.jsf?idaa=156505&codart=P550210&marart=227&seopth=DONALDSON-FILTRI-P550210-FILTRO-HYDR-ATTUALE-P550940
LF3757,57112,FILTRO OLIO,https://e-commerce.michelecaroli.com/wso/pages/user/wso0205.jsf?idaa=369436&codart=57112&marart=218&seopth=WIX-INDUSTRIAL-HD-57112-FILTRO-OLIO
LF375,51092,FILTRO OLIO,https://e-commerce.michelecaroli.com/wso/pages/user/wso0205.jsf?idaa=368106&codart=51092&marart=218&seopth=WIX-INDUSTRIAL-HD-51092-FILTRO-OLIO
LF3746N1,SP-1226,FILTRO OLIO ALCO,https://e-commerce.michelecaroli.com/wso/pages/user/wso0205.jsf?idaa=465920&codart=SP-1226&marart=ALCO&seopth=ALCO-SP-1226-FILTRO-OLIO-ALCO
LF3736,SO603,FILTRO OLIO HIFI,https://e-commerce.michelecaroli.com/wso/pages/user/wso0205.jsf?idaa=300223&codart=SO603&marart=230&seopth=HIFI-FILTRI-SO603-FILTRO-OLIO-HIFI
LF373,51006E,,https://e-commerce.michelecaroli.com/wso/pages/user/wso0205.jsf?idaa=369088&codart=51006E&marart=218&seopth=WIX-INDUSTRIAL-HD-51006E-FILTRO-OLIO
LF372,SO595,FILTRO OLIO P550396 HIFI,https://e-commerce.michelecaroli.com/wso/pages/user/wso0205.jsf?idaa=300204&codart=SO595&marart=230&seopth=HIFI-FILTRI-SO595-FILTRO-OLIO-P550396-HIFI
LF371,51404,FILTRO IDRAULICO,https://e-commerce.michelecaroli.com/wso/pages/user/wso0205.jsf?idaa=368309&codart=51404&marart=218&seopth=WIX-INDUSTRIAL-HD-51404-FILTRO-IDRAULICO
LF370,51475,FILTRO OLIO,https://e-commerce.michelecaroli.com/wso/pages/user/wso0205.jsf?idaa=368369&codart=51475&marart=218&seopth=WIX-INDUSTRIAL-HD-51475-FILTRO-OLIO
LF3693F,SN204,FILTRO NAFTA P553693 HIFI,https://e-commerce.michelecaroli.com/wso/pages/user/wso0205.jsf?idaa=299717&codart=SN204&marart=230&seopth=HIFI-FILTRI-SN204-FILTRO-NAFTA-P553693-HIFI
LF369,51095E,FILTRO OLIO P550341,https://e-commerce.michelecaroli.com/wso/pages/user/wso0205.jsf?idaa=369105&codart=51095E&marart=218&seopth=WIX-INDUSTRIAL-HD-51095E-FILTRO-OLIO-P550341
LF3677,SO3000,FILTRO OLIO P553000 HIFI,https://e-commerce.michelecaroli.com/wso/pages/user/wso0205.jsf?idaa=300875&codart=SO3000&marart=230&seopth=HIFI-FILTRI-SO3000-FILTRO-OLIO-P553000-HIFI
LF367,SH56113,,https://e-commerce.michelecaroli.com/wso/pages/user/wso0205.jsf?idaa=294019&codart=SH56113&marart=230&seopth=HIFI-FILTRI-SH56113-FILTRO-HYDR-HIFI
LF3660000322397,51291,FILTRO OLIO,https://e-commerce.michelecaroli.com/wso/pages/user/wso0205.jsf?idaa=368235&codart=51291&marart=218&seopth=WIX-INDUSTRIAL-HD-51291-FILTRO-OLIO
LF3660,51291,FILTRO OLIO,https://e-commerce.michelecaroli.com/wso/pages/user/wso0205.jsf?idaa=368235&codart=51291&marart=218&seopth=WIX-INDUSTRIAL-HD-51291-FILTRO-OLIO
