Code searched,Matched code,Part Category on Michele,Link to Michele product
M3380,M080018,"MUFFLER, ROUND STYLE 1",https://e-commerce.michelecaroli.com/wso/pages/user/wso0205.jsf?idaa=442871&codart=M080018&marart=227&seopth=DONALDSON-FILTRI-M080018-MUFFLER-ROUND-STYLE-1
M336,M336,,https://e-commerce.michelecaroli.com/wso/pages/user/wso0205.jsf?idaa=176351&codart=M336&marart=257&seopth=VALEO-FRIZIONI-SPAZZOLE-M336-MECCANISMO-FRIZ-OPEL-ASCONA
M330L500,51021E,FILTRO OLIO#,https://e-commerce.michelecaroli.com/wso/pages/user/wso0205.jsf?idaa=369090&codart=51021E&marart=218&seopth=WIX-INDUSTRIAL-HD-51021E-FILTRO-OLIO-
M330L400,SN7230,FILTRO CARB. P550054 HIFI,https://e-commerce.michelecaroli.com/wso/pages/user/wso0205.jsf?idaa=299702&codart=SN7230&marart=230&seopth=HIFI-FILTRI-SN7230-FILTRO-CARB-P550054-HIFI
M330L317,SN7230,FILTRO CARB. P550054 HIFI,https://e-commerce.michelecaroli.com/wso/pages/user/wso0205.jsf?idaa=299702&codart=SN7230&marart=230&seopth=HIFI-FILTRI-SN7230-FILTRO-CARB-P550054-HIFI
M330L224,51021E,FILTRO OLIO#,https://e-commerce.michelecaroli.com/wso/pages/user/wso0205.jsf?idaa=369090&codart=51021E&marart=218&seopth=WIX-INDUSTRIAL-HD-51021E-FILTRO-OLIO-
M330L2150,51021E,FILTRO OLIO#,https://e-commerce.michelecaroli.com/wso/pages/user/wso0205.jsf?idaa=369090&codart=51021E&marart=218&seopth=WIX-INDUSTRIAL-HD-51021E-FILTRO-OLIO-
M330L205,SN7230,FILTRO CARB. P550054 HIFI,https://e-commerce.michelecaroli.com/wso/pages/user/wso0205.jsf?idaa=299702&codart=SN7230&marart=230&seopth=HIFI-FILTRI-SN7230-FILTRO-CARB-P550054-HIFI
M330F395,42689,FILTRO ARIA,https://e-commerce.michelecaroli.com/wso/pages/user/wso0205.jsf?idaa=366732&codart=42689&marart=218&seopth=WIX-INDUSTRIAL-HD-42689-FILTRO-ARIA
M330,20401433BN,MOT.AVV. COMPAT.FIAT,https://e-commerce.michelecaroli.com/wso/pages/user/wso0205.jsf?idaa=388985&codart=20401433BN&marart=REAL&seopth=REAL-MOTORINI-E-ALTERNATORI-20401433BN-MOT-AVV-COMPAT-FIAT
M33,SP-1002,FILTRO OLIO,https://e-commerce.michelecaroli.com/wso/pages/user/wso0205.jsf?idaa=465814&codart=SP-1002&marart=ALCO&seopth=ALCO-SP-1002-FILTRO-OLIO
M32981110,SH56210,,https://e-commerce.michelecaroli.com/wso/pages/user/wso0205.jsf?idaa=294065&codart=SH56210&marart=230&seopth=HIFI-FILTRI-SH56210-FILTRO-HYDR-HIFI
M32895110,51506,FILTRO IDRAULICO,https://e-commerce.michelecaroli.com/wso/pages/user/wso0205.jsf?idaa=368390&codart=51506&marart=218&seopth=WIX-INDUSTRIAL-HD-51506-FILTRO-IDRAULICO
M3202,51408,FILTRO IDRAULICO,https://e-commerce.michelecaroli.com/wso/pages/user/wso0205.jsf?idaa=368312&codart=51408&marart=218&seopth=WIX-INDUSTRIAL-HD-51408-FILTRO-IDRAULICO
M3150709,H002855,"PRE-CLEANER, TOPSPIN HD",https://e-commerce.michelecaroli.com/wso/pages/user/wso0205.jsf?idaa=442541&codart=H002855&marart=227&seopth=DONALDSON-FILTRI-H002855-PRE-CLEANER-TOPSPIN-HD
M312,M312,,https://e-commerce.michelecaroli.com/wso/pages/user/wso0205.jsf?idaa=176349&codart=M312&marart=257&seopth=VALEO-FRIZIONI-SPAZZOLE-M312-MECCANISMO-FR-RE-R18-T-D
M309,M309,,https://e-commerce.michelecaroli.com/wso/pages/user/wso0205.jsf?idaa=176348&codart=M309&marart=257&seopth=VALEO-FRIZIONI-SPAZZOLE-M309-MECCANISMO-FR-PE-305-GT
M30537,M090547,"MUFFLER, OVAL STYLE 4",https://e-commerce.michelecaroli.com/wso/pages/user/wso0205.jsf?idaa=442908&codart=M090547&marart=227&seopth=DONALDSON-FILTRI-M090547-MUFFLER-OVAL-STYLE-4
M30510,M090547,"MUFFLER, OVAL STYLE 4",https://e-commerce.michelecaroli.com/wso/pages/user/wso0205.jsf?idaa=442908&codart=M090547&marart=227&seopth=DONALDSON-FILTRI-M090547-MUFFLER-OVAL-STYLE-4
M3013307,51675,FILTRO OLIO,https://e-commerce.michelecaroli.com/wso/pages/user/wso0205.jsf?idaa=368542&codart=51675&marart=218&seopth=WIX-INDUSTRIAL-HD-51675-FILTRO-OLIO
M300L400,SN7230,FILTRO CARB. P550054 HIFI,https://e-commerce.michelecaroli.com/wso/pages/user/wso0205.jsf?idaa=299702&codart=SN7230&marart=230&seopth=HIFI-FILTRI-SN7230-FILTRO-CARB-P550054-HIFI
M3000321,42569,FILTRO A PANNELLO,https://e-commerce.michelecaroli.com/wso/pages/user/wso0205.jsf?idaa=366631&codart=42569&marart=218&seopth=WIX-INDUSTRIAL-HD-42569-FILTRO-A-PANNELLO
M30,51021E,FILTRO OLIO#,https://e-commerce.michelecaroli.com/wso/pages/user/wso0205.jsf?idaa=369090&codart=51021E&marart=218&seopth=WIX-INDUSTRIAL-HD-51021E-FILTRO-OLIO-
M3,51010,FILTRO OLIO,https://e-commerce.michelecaroli.com/wso/pages/user/wso0205.jsf?idaa=368066&codart=51010&marart=218&seopth=WIX-INDUSTRIAL-HD-51010-FILTRO-OLIO
M3,51010,FILTRO OLIO,https://e-commerce.michelecaroli.com/wso/pages/user/wso0205.jsf?idaa=368066&codart=51010&marart=218&seopth=WIX-INDUSTRIAL-HD-51010-FILTRO-OLIO
M2H0006,H000483,AIR STACK EXTENSION,https://e-commerce.michelecaroli.com/wso/pages/user/wso0205.jsf?idaa=442498&codart=H000483&marart=227&seopth=DONALDSON-FILTRI-H000483-AIR-STACK-EXTENSION
M2H0004,G150092,FILTRO ARIA COMM11ETO FRG15-0092,https://e-commerce.michelecaroli.com/wso/pages/user/wso0205.jsf?idaa=153416&codart=G150092&marart=227&seopth=DONALDSON-FILTRI-G150092-FILTRO-ARIA-COMM11ETO-FRG15-0092
M2940,51639,FILTRO IDRAULICO,https://e-commerce.michelecaroli.com/wso/pages/user/wso0205.jsf?idaa=368512&codart=51639&marart=218&seopth=WIX-INDUSTRIAL-HD-51639-FILTRO-IDRAULICO
M294,M294,,https://e-commerce.michelecaroli.com/wso/pages/user/wso0205.jsf?idaa=176346&codart=M294&marart=257&seopth=VALEO-FRIZIONI-SPAZZOLE-M294-MECCANISMO-FR-FI-127D
M292,S9033PR,,https://e-commerce.michelecaroli.com/wso/pages/user/wso0205.jsf?idaa=509225&codart=S9033PR&marart=ASPL&seopth=AS-PARTS-S9033PR-MOT-AVV-REVISIONATO-ASPL
M2894117,33358SE,FILTRO GASOLIO P553004,https://e-commerce.michelecaroli.com/wso/pages/user/wso0205.jsf?idaa=348479&codart=33358SE&marart=219&seopth=WIX-AUTO-FILTRI-33358SE-FILTRO-GASOLIO-P553004
M2870,51517,FILTRO IDRAULICO,https://e-commerce.michelecaroli.com/wso/pages/user/wso0205.jsf?idaa=368401&codart=51517&marart=218&seopth=WIX-INDUSTRIAL-HD-51517-FILTRO-IDRAULICO
M283,M283,,https://e-commerce.michelecaroli.com/wso/pages/user/wso0205.jsf?idaa=176345&codart=M283&marart=257&seopth=VALEO-FRIZIONI-SPAZZOLE-M283-MECCANISMO-FR-CI-CX-25-TD
M283,M283,,https://e-commerce.michelecaroli.com/wso/pages/user/wso0205.jsf?idaa=176345&codart=M283&marart=257&seopth=VALEO-FRIZIONI-SPAZZOLE-M283-MECCANISMO-FR-CI-CX-25-TD
M2750512,P772523,FILTRO ARIA DONALDSON P77-2523 ABBINATO CON FILTRO INTERNO P119373,https://e-commerce.michelecaroli.com/wso/pages/user/wso0205.jsf?idaa=158408&codart=P772523&marart=227&seopth=DONALDSON-FILTRI-P772523-FILTRO-ARIA-DONALDSON-P77-2523
M275,M275,,https://e-commerce.michelecaroli.com/wso/pages/user/wso0205.jsf?idaa=176342&codart=M275&marart=257&seopth=VALEO-FRIZIONI-SPAZZOLE-M275-MECCANISMO-FRIZ-RE-ALPINE
M275,M275,,https://e-commerce.michelecaroli.com/wso/pages/user/wso0205.jsf?idaa=176342&codart=M275&marart=257&seopth=VALEO-FRIZIONI-SPAZZOLE-M275-MECCANISMO-FRIZ-RE-ALPINE
M2731928,P114318,GOMITO M11L-4318,https://e-commerce.michelecaroli.com/wso/pages/user/wso0205.jsf?idaa=154586&codart=P114318&marart=227&seopth=DONALDSON-FILTRI-P114318-GOMITO-M11L-4318
M272661,MD-192K,FILTRO ARIA ALCO,https://e-commerce.michelecaroli.com/wso/pages/user/wso0205.jsf?idaa=463524&codart=MD-192K&marart=ALCO&seopth=ALCO-MD-192K-FILTRO-ARIA-ALCO
M272651,SA10385K,FILTRO ARIA P181050# HIFI ABBINATO CON SA14762,https://e-commerce.michelecaroli.com/wso/pages/user/wso0205.jsf?idaa=336011&codart=SA10385K&marart=230&seopth=HIFI-FILTRI-SA10385K-FILTRO-ARIA-P181050-HIFI
M2560232,51509,FILTRO IDRAULICO,https://e-commerce.michelecaroli.com/wso/pages/user/wso0205.jsf?idaa=368393&codart=51509&marart=218&seopth=WIX-INDUSTRIAL-HD-51509-FILTRO-IDRAULICO
M25510X36,M120365,,https://e-commerce.michelecaroli.com/wso/pages/user/wso0205.jsf?idaa=442946&codart=M120365&marart=227&seopth=DONALDSON-FILTRI-M120365-MUFFLER-OVAL-STYLE-2
M25510X15,M120108,"MUFFLER, OVAL STYLE 2",https://e-commerce.michelecaroli.com/wso/pages/user/wso0205.jsf?idaa=442940&codart=M120108&marart=227&seopth=DONALDSON-FILTRI-M120108-MUFFLER-OVAL-STYLE-2
M2528681,46723,FILTRO ARIA P124046,https://e-commerce.michelecaroli.com/wso/pages/user/wso0205.jsf?idaa=367458&codart=46723&marart=218&seopth=WIX-INDUSTRIAL-HD-46723-FILTRO-ARIA-P124046
M2527050,M120108,"MUFFLER, OVAL STYLE 2",https://e-commerce.michelecaroli.com/wso/pages/user/wso0205.jsf?idaa=442940&codart=M120108&marart=227&seopth=DONALDSON-FILTRI-M120108-MUFFLER-OVAL-STYLE-2
M2521435,P004079,FASCIA MONTAGGIO P00-4079,https://e-commerce.michelecaroli.com/wso/pages/user/wso0205.jsf?idaa=154485&codart=P004079&marart=227&seopth=DONALDSON-FILTRI-P004079-FASCIA-MONTAGGIO-P00-4079
M2520560,M070068,SPARK ARRESTOR,https://e-commerce.michelecaroli.com/wso/pages/user/wso0205.jsf?idaa=442869&codart=M070068&marart=227&seopth=DONALDSON-FILTRI-M070068-SPARK-ARRESTOR
M2515079,51679,FILTRO IDRAULICO,https://e-commerce.michelecaroli.com/wso/pages/user/wso0205.jsf?idaa=368546&codart=51679&marart=218&seopth=WIX-INDUSTRIAL-HD-51679-FILTRO-IDRAULICO
M2490,51639,FILTRO IDRAULICO,https://e-commerce.michelecaroli.com/wso/pages/user/wso0205.jsf?idaa=368512&codart=51639&marart=218&seopth=WIX-INDUSTRIAL-HD-51639-FILTRO-IDRAULICO
M2448X11,M090534,"MUFFLER, OVAL STYLE 2",https://e-commerce.michelecaroli.com/wso/pages/user/wso0205.jsf?idaa=442904&codart=M090534&marart=227&seopth=DONALDSON-FILTRI-M090534-MUFFLER-OVAL-STYLE-2
M24410X15,M120100,MUFFLER,https://e-commerce.michelecaroli.com/wso/pages/user/wso0205.jsf?idaa=154477&codart=M120100&marart=227&seopth=DONALDSON-FILTRI-M120100-MUFFLER
M24410,M100048,"MUFFLER, ROUND STYLE 2",https://e-commerce.michelecaroli.com/wso/pages/user/wso0205.jsf?idaa=442918&codart=M100048&marart=227&seopth=DONALDSON-FILTRI-M100048-MUFFLER-ROUND-STYLE-2
M236134,51639,FILTRO IDRAULICO,https://e-commerce.michelecaroli.com/wso/pages/user/wso0205.jsf?idaa=368512&codart=51639&marart=218&seopth=WIX-INDUSTRIAL-HD-51639-FILTRO-IDRAULICO
M23548X11,M090520,"MUFFLER, OVAL STYLE 2",https://e-commerce.michelecaroli.com/wso/pages/user/wso0205.jsf?idaa=442903&codart=M090520&marart=227&seopth=DONALDSON-FILTRI-M090520-MUFFLER-OVAL-STYLE-2
M235358X11,M090158,MUFFLER,https://e-commerce.michelecaroli.com/wso/pages/user/wso0205.jsf?idaa=154472&codart=M090158&marart=227&seopth=DONALDSON-FILTRI-M090158-MUFFLER
M2240,P528234,FILTRO ARIA DONALDSON P52-8234,https://e-commerce.michelecaroli.com/wso/pages/user/wso0205.jsf?idaa=156239&codart=P528234&marart=227&seopth=DONALDSON-FILTRI-P528234-FILTRO-ARIA-DONALDSON-P52-8234
M2150580,H000919,PREFILTRO DONALDSON PCHOO-0919,https://e-commerce.michelecaroli.com/wso/pages/user/wso0205.jsf?idaa=154178&codart=H000919&marart=227&seopth=DONALDSON-FILTRI-H000919-PREFILTRO-DONALDSON-PCHOO-0919
M2150534,93059E,FILTRO ARIA P772522,https://e-commerce.michelecaroli.com/wso/pages/user/wso0205.jsf?idaa=369322&codart=93059E&marart=218&seopth=WIX-INDUSTRIAL-HD-93059E-FILTRO-ARIA-P772522
M2142,51092,FILTRO OLIO,https://e-commerce.michelecaroli.com/wso/pages/user/wso0205.jsf?idaa=368106&codart=51092&marart=218&seopth=WIX-INDUSTRIAL-HD-51092-FILTRO-OLIO
M20X15,M20X1.5,,https://e-commerce.michelecaroli.com/wso/pages/user/wso0205.jsf?idaa=329946&codart=M20X1.5&marart=INA&seopth=INA-CUSCINETTI-INDUSTRIALI-M20X1-5-DADO
M2077,P007191,FASCIA MONTAGGIO P00-7191,https://e-commerce.michelecaroli.com/wso/pages/user/wso0205.jsf?idaa=154488&codart=P007191&marart=227&seopth=DONALDSON-FILTRI-P007191-FASCIA-MONTAGGIO-P00-7191
M2072,G080026,,https://e-commerce.michelecaroli.com/wso/pages/user/wso0205.jsf?idaa=154139&codart=G080026&marart=227&seopth=DONALDSON-FILTRI-G080026-FILTRO-ARIA-COMM11ETO-FWG-08-0026
M20512,M090520,"MUFFLER, OVAL STYLE 2",https://e-commerce.michelecaroli.com/wso/pages/user/wso0205.jsf?idaa=442903&codart=M090520&marart=227&seopth=DONALDSON-FILTRI-M090520-MUFFLER-OVAL-STYLE-2
M2042,P004076,FASCIA MONTAGGIO P00-4076,https://e-commerce.michelecaroli.com/wso/pages/user/wso0205.jsf?idaa=154484&codart=P004076&marart=227&seopth=DONALDSON-FILTRI-P004076-FASCIA-MONTAGGIO-P00-4076
M20282,P778810,FASCIA MONTAGGIO P77-8810,https://e-commerce.michelecaroli.com/wso/pages/user/wso0205.jsf?idaa=157886&codart=P778810&marart=227&seopth=DONALDSON-FILTRI-P778810-FASCIA-MONTAGGIO-P77-8810
M20153,M090280,"MUFFLER, OVAL STYLE 2",https://e-commerce.michelecaroli.com/wso/pages/user/wso0205.jsf?idaa=442899&codart=M090280&marart=227&seopth=DONALDSON-FILTRI-M090280-MUFFLER-OVAL-STYLE-2
M20147,M120108,"MUFFLER, OVAL STYLE 2",https://e-commerce.michelecaroli.com/wso/pages/user/wso0205.jsf?idaa=442940&codart=M120108&marart=227&seopth=DONALDSON-FILTRI-M120108-MUFFLER-OVAL-STYLE-2
M20125,M120100,MUFFLER,https://e-commerce.michelecaroli.com/wso/pages/user/wso0205.jsf?idaa=154477&codart=M120100&marart=227&seopth=DONALDSON-FILTRI-M120100-MUFFLER
M1X9562,51498,FILTRO IDRAULICO,https://e-commerce.michelecaroli.com/wso/pages/user/wso0205.jsf?idaa=368384&codart=51498&marart=218&seopth=WIX-INDUSTRIAL-HD-51498-FILTRO-IDRAULICO
M1992235,SO734,FILTRO OLIO P551381 HIFI,https://e-commerce.michelecaroli.com/wso/pages/user/wso0205.jsf?idaa=301367&codart=SO734&marart=230&seopth=HIFI-FILTRI-SO734-FILTRO-OLIO-P551381-HIFI
M1991853,SA10926,FILTRO ARIA SICUREZZA P124047 HIFI ABBINATO CON SA10925,https://e-commerce.michelecaroli.com/wso/pages/user/wso0205.jsf?idaa=336108&codart=SA10926&marart=230&seopth=HIFI-FILTRI-SA10926-FILTRO-ARIA-SICUREZZA-P124047-HIFI
M1990639,SABP010005,,https://e-commerce.michelecaroli.com/wso/pages/user/wso0205.jsf?idaa=438644&codart=SABP010005&marart=230&seopth=HIFI-FILTRI-SABP010005-FILTRO
M198011,SAH01C04SMP001,,https://e-commerce.michelecaroli.com/wso/pages/user/wso0205.jsf?idaa=438572&codart=SAH01C04SMP001&marart=230&seopth=HIFI-FILTRI-SAH01C04SMP001-FILTRO
M1925257,SAT01SDB127001,,https://e-commerce.michelecaroli.com/wso/pages/user/wso0205.jsf?idaa=438562&codart=SAT01SDB127001&marart=230&seopth=HIFI-FILTRI-SAT01SDB127001-FILTRO
M1925199,X004480,"SEAL CLAMP, 3.5 IN 89 MM STAINLESS",https://e-commerce.michelecaroli.com/wso/pages/user/wso0205.jsf?idaa=443363&codart=X004480&marart=227&seopth=DONALDSON-FILTRI-X004480-SEAL-CLAMP-3-5-IN-89-MM-STAINLESS
M1911724,SA11854,FILTRO ARIA P119373 HIFI,https://e-commerce.michelecaroli.com/wso/pages/user/wso0205.jsf?idaa=336297&codart=SA11854&marart=230&seopth=HIFI-FILTRI-SA11854-FILTRO-ARIA-P119373-HIFI
M1902490,M070069,SPARK ARRESTOR,https://e-commerce.michelecaroli.com/wso/pages/user/wso0205.jsf?idaa=442870&codart=M070069&marart=227&seopth=DONALDSON-FILTRI-M070069-SPARK-ARRESTOR
M1902,P105168,"FLANGE, SPECIAL RESTRICTION INDICAT",https://e-commerce.michelecaroli.com/wso/pages/user/wso0205.jsf?idaa=442997&codart=P105168&marart=227&seopth=DONALDSON-FILTRI-P105168-FLANGE-SPECIAL-RESTRICTION-INDICAT
M1901972,P105168,"FLANGE, SPECIAL RESTRICTION INDICAT",https://e-commerce.michelecaroli.com/wso/pages/user/wso0205.jsf?idaa=442997&codart=P105168&marart=227&seopth=DONALDSON-FILTRI-P105168-FLANGE-SPECIAL-RESTRICTION-INDICAT
M1849300,H002855,"PRE-CLEANER, TOPSPIN HD",https://e-commerce.michelecaroli.com/wso/pages/user/wso0205.jsf?idaa=442541&codart=H002855&marart=227&seopth=DONALDSON-FILTRI-H002855-PRE-CLEANER-TOPSPIN-HD
M1849136,P772523,FILTRO ARIA DONALDSON P77-2523 ABBINATO CON FILTRO INTERNO P119373,https://e-commerce.michelecaroli.com/wso/pages/user/wso0205.jsf?idaa=158408&codart=P772523&marart=227&seopth=DONALDSON-FILTRI-P772523-FILTRO-ARIA-DONALDSON-P77-2523
M1849107,SA11854,FILTRO ARIA P119373 HIFI,https://e-commerce.michelecaroli.com/wso/pages/user/wso0205.jsf?idaa=336297&codart=SA11854&marart=230&seopth=HIFI-FILTRI-SA11854-FILTRO-ARIA-P119373-HIFI
M1849055,B140167,FILTRO DONALDSON EGB14-0167,https://e-commerce.michelecaroli.com/wso/pages/user/wso0205.jsf?idaa=154054&codart=B140167&marart=227&seopth=DONALDSON-FILTRI-B140167-FILTRO-DONALDSON-EGB14-0167
M183,M183,,https://e-commerce.michelecaroli.com/wso/pages/user/wso0205.jsf?idaa=176328&codart=M183&marart=257&seopth=VALEO-FRIZIONI-SPAZZOLE-M183-MECCANISMO
M1721628,X002352,INDICATORE DONALDSON X00-2352,https://e-commerce.michelecaroli.com/wso/pages/user/wso0205.jsf?idaa=158302&codart=X002352&marart=227&seopth=DONALDSON-FILTRI-X002352-INDICATORE-DONALDSON-X00-2352
M17,M17,,https://e-commerce.michelecaroli.com/wso/pages/user/wso0205.jsf?idaa=467289&codart=M17&marart=263&seopth=RADIATORI-DENSO-M17-CANDELA-NICKEL
M1679,X002251,"INDICATORE DONALDSON 1-/8""-27-NPT MECCANICO MBAR 50",https://e-commerce.michelecaroli.com/wso/pages/user/wso0205.jsf?idaa=158295&codart=X002251&marart=227&seopth=DONALDSON-FILTRI-X002251-INDICATORE-DONALDSON-1-8-27-NPT
M1658,P004307,FASCIA MONTAGGIO P00-4307,https://e-commerce.michelecaroli.com/wso/pages/user/wso0205.jsf?idaa=154486&codart=P004307&marart=227&seopth=DONALDSON-FILTRI-P004307-FASCIA-MONTAGGIO-P00-4307
M16448,SA16121,FILTRO ARIA P777869 HIFI SICUREZZA ABBINATO CON SA16417,https://e-commerce.michelecaroli.com/wso/pages/user/wso0205.jsf?idaa=289090&codart=SA16121&marart=230&seopth=HIFI-FILTRI-SA16121-FILTRO-ARIA-P777869-HIFI-SICUREZZA
M1632459,P101292,RIDUTTORE@ DONALDSON 87X102X133,https://e-commerce.michelecaroli.com/wso/pages/user/wso0205.jsf?idaa=154508&codart=P101292&marart=227&seopth=DONALDSON-FILTRI-P101292-RIDUTTORE-DONALDSON-87X102X133
M16307,J009645,"ELBOW, 60 DEGREE 5 IN (127 MM) OD-O",https://e-commerce.michelecaroli.com/wso/pages/user/wso0205.jsf?idaa=442607&codart=J009645&marart=227&seopth=DONALDSON-FILTRI-J009645-ELBOW-60-DEGREE-5-IN-127-MM-OD-O
M163,M163,,https://e-commerce.michelecaroli.com/wso/pages/user/wso0205.jsf?idaa=176322&codart=M163&marart=257&seopth=VALEO-FRIZIONI-SPAZZOLE-M163-MECCANISMO-FR-FI-238
M16208,P207362,"ELBOW, 90 DEG 3 IN OD-OD",https://e-commerce.michelecaroli.com/wso/pages/user/wso0205.jsf?idaa=441289&codart=P207362&marart=227&seopth=DONALDSON-FILTRI-P207362-ELBOW-90-DEG-3-IN-OD-OD
M16057,P148347,"CLAMP, T-BOLT",https://e-commerce.michelecaroli.com/wso/pages/user/wso0205.jsf?idaa=440952&codart=P148347&marart=227&seopth=DONALDSON-FILTRI-P148347-CLAMP-T-BOLT
M159,M159,,https://e-commerce.michelecaroli.com/wso/pages/user/wso0205.jsf?idaa=176320&codart=M159&marart=257&seopth=VALEO-FRIZIONI-SPAZZOLE-M159-ATTUALE-M461-
M159,M159,,https://e-commerce.michelecaroli.com/wso/pages/user/wso0205.jsf?idaa=176320&codart=M159&marart=257&seopth=VALEO-FRIZIONI-SPAZZOLE-M159-ATTUALE-M461-
M15888,P206375,"CONNECTOR, 5 IN (127 MM) ID-ID",https://e-commerce.michelecaroli.com/wso/pages/user/wso0205.jsf?idaa=441184&codart=P206375&marart=227&seopth=DONALDSON-FILTRI-P206375-CONNECTOR-5-IN-127-MM-ID-ID
M15883,P207332,"ELBOW, 90 DEGREE 5 IN (127 MM) OD-O",https://e-commerce.michelecaroli.com/wso/pages/user/wso0205.jsf?idaa=441275&codart=P207332&marart=227&seopth=DONALDSON-FILTRI-P207332-ELBOW-90-DEGREE-5-IN-127-MM-OD-O
M15878,G150092,FILTRO ARIA COMM11ETO FRG15-0092,https://e-commerce.michelecaroli.com/wso/pages/user/wso0205.jsf?idaa=153416&codart=G150092&marart=227&seopth=DONALDSON-FILTRI-G150092-FILTRO-ARIA-COMM11ETO-FRG15-0092
M15876,SAT01SBB178002,,https://e-commerce.michelecaroli.com/wso/pages/user/wso0205.jsf?idaa=438643&codart=SAT01SBB178002&marart=230&seopth=HIFI-FILTRI-SAT01SBB178002-FILTRO
M15875,P016845,FASCE@ DI MONTAGGIO PO1-6845,https://e-commerce.michelecaroli.com/wso/pages/user/wso0205.jsf?idaa=154495&codart=P016845&marart=227&seopth=DONALDSON-FILTRI-P016845-FASCE-DI-MONTAGGIO-PO1-6845
M1586637,51274,FILTRO IDRAULICO,https://e-commerce.michelecaroli.com/wso/pages/user/wso0205.jsf?idaa=368224&codart=51274&marart=218&seopth=WIX-INDUSTRIAL-HD-51274-FILTRO-IDRAULICO
M1564832,SA10833,FILTRO ARIA P114931 HIFI,https://e-commerce.michelecaroli.com/wso/pages/user/wso0205.jsf?idaa=336071&codart=SA10833&marart=230&seopth=HIFI-FILTRI-SA10833-FILTRO-ARIA-P114931-HIFI
M15620,P206512,"CLAMP, MUFFLER GUARD 10 IN",https://e-commerce.michelecaroli.com/wso/pages/user/wso0205.jsf?idaa=441213&codart=P206512&marart=227&seopth=DONALDSON-FILTRI-P206512-CLAMP-MUFFLER-GUARD-10-IN
M15530,P105612,MANICOTTO S/ RIDUZIONE 152X152X165,https://e-commerce.michelecaroli.com/wso/pages/user/wso0205.jsf?idaa=154542&codart=P105612&marart=227&seopth=DONALDSON-FILTRI-P105612-MANICOTTO-S-RIDUZIONE-152X152X165
M15467,P206315,"REDUCER, 4-3 IN (102-76 MM) ID-ID",https://e-commerce.michelecaroli.com/wso/pages/user/wso0205.jsf?idaa=441138&codart=P206315&marart=227&seopth=DONALDSON-FILTRI-P206315-REDUCER-4-3-IN-102-76-MM-ID-ID
M1543567,M120108,"MUFFLER, OVAL STYLE 2",https://e-commerce.michelecaroli.com/wso/pages/user/wso0205.jsf?idaa=442940&codart=M120108&marart=227&seopth=DONALDSON-FILTRI-M120108-MUFFLER-OVAL-STYLE-2
M15416,SAT01SCB127001,,https://e-commerce.michelecaroli.com/wso/pages/user/wso0205.jsf?idaa=438561&codart=SAT01SCB127001&marart=230&seopth=HIFI-FILTRI-SAT01SCB127001-FILTRO
M1533457,P104088,RIDUTTORE DONALDSON 57X51X64,https://e-commerce.michelecaroli.com/wso/pages/user/wso0205.jsf?idaa=154525&codart=P104088&marart=227&seopth=DONALDSON-FILTRI-P104088-RIDUTTORE-DONALDSON-57X51X64
M1530002,H000606,RAIN CAP DONALDSON GAH00-0606,https://e-commerce.michelecaroli.com/wso/pages/user/wso0205.jsf?idaa=154170&codart=H000606&marart=227&seopth=DONALDSON-FILTRI-H000606-RAIN-CAP-DONALDSON-GAH00-0606
M153,M090280,"MUFFLER, OVAL STYLE 2",https://e-commerce.michelecaroli.com/wso/pages/user/wso0205.jsf?idaa=442899&codart=M090280&marart=227&seopth=DONALDSON-FILTRI-M090280-MUFFLER-OVAL-STYLE-2
M1529624,H000351,FASCETTA DONALDSON H00 0351,https://e-commerce.michelecaroli.com/wso/pages/user/wso0205.jsf?idaa=154169&codart=H000351&marart=227&seopth=DONALDSON-FILTRI-H000351-FASCETTA-DONALDSON-H00-0351
M1529623,H000607,RAIN CAP DONALDSON GAHOO-0607,https://e-commerce.michelecaroli.com/wso/pages/user/wso0205.jsf?idaa=154171&codart=H000607&marart=227&seopth=DONALDSON-FILTRI-H000607-RAIN-CAP-DONALDSON-GAHOO-0607
M1523149,H000469,"CAPPUCCIO PER INGRESSO, PLASTICA",https://e-commerce.michelecaroli.com/wso/pages/user/wso0205.jsf?idaa=402802&codart=H000469&marart=227&seopth=DONALDSON-FILTRI-H000469-CAPPUCCIO-PER-INGRESSO-PLASTICA
M1522782,X002325,,https://e-commerce.michelecaroli.com/wso/pages/user/wso0205.jsf?idaa=534813&codart=X002325&marart=227&seopth=DONALDSON-FILTRI-X002325-RESTRICTION-INDICATOR-KIT
M1522455,P105609,MANICOTTO S/RIDUZIONE 102X102X133,https://e-commerce.michelecaroli.com/wso/pages/user/wso0205.jsf?idaa=154539&codart=P105609&marart=227&seopth=DONALDSON-FILTRI-P105609-MANICOTTO-S-RIDUZIONE-102X102X133
M1522176,P105612,MANICOTTO S/ RIDUZIONE 152X152X165,https://e-commerce.michelecaroli.com/wso/pages/user/wso0205.jsf?idaa=154542&codart=P105612&marart=227&seopth=DONALDSON-FILTRI-P105612-MANICOTTO-S-RIDUZIONE-152X152X165
M1517515,M090091,SPARK ARRESTOR,https://e-commerce.michelecaroli.com/wso/pages/user/wso0205.jsf?idaa=442894&codart=M090091&marart=227&seopth=DONALDSON-FILTRI-M090091-SPARK-ARRESTOR
M1513890,G140054,,https://e-commerce.michelecaroli.com/wso/pages/user/wso0205.jsf?idaa=442462&codart=G140054&marart=227&seopth=DONALDSON-FILTRI-G140054-FILTRO-COMPLETO-FHG
M15036,J009644,"ELBOW, 60 DEGREE 4 IN (102 MM) OD-O",https://e-commerce.michelecaroli.com/wso/pages/user/wso0205.jsf?idaa=442606&codart=J009644&marart=227&seopth=DONALDSON-FILTRI-J009644-ELBOW-60-DEGREE-4-IN-102-MM-OD-O
M15035,P206346,"ELBOW, 90 DEGREE 4 IN (102 MM) OD-O",https://e-commerce.michelecaroli.com/wso/pages/user/wso0205.jsf?idaa=441165&codart=P206346&marart=227&seopth=DONALDSON-FILTRI-P206346-ELBOW-90-DEGREE-4-IN-102-MM-OD-O
M15026A,P148970,FILTRO ARIA DONALDSON P14-8970,https://e-commerce.michelecaroli.com/wso/pages/user/wso0205.jsf?idaa=154831&codart=P148970&marart=227&seopth=DONALDSON-FILTRI-P148970-FILTRO-ARIA-DONALDSON-P14-8970
M14965,P105547,GOMITO 45 GRADI DIAM.152 MM.,https://e-commerce.michelecaroli.com/wso/pages/user/wso0205.jsf?idaa=443004&codart=P105547&marart=227&seopth=DONALDSON-FILTRI-P105547-GOMITO-45-GRADI-DIAM-152-MM-
M14964,P112611,RIDUTTORE DONALDSON 127X152X152,https://e-commerce.michelecaroli.com/wso/pages/user/wso0205.jsf?idaa=154569&codart=P112611&marart=227&seopth=DONALDSON-FILTRI-P112611-RIDUTTORE-DONALDSON-127X152X152
M14954,P206410,COLLARE PER MARMITTA P20-6410,https://e-commerce.michelecaroli.com/wso/pages/user/wso0205.jsf?idaa=155928&codart=P206410&marart=227&seopth=DONALDSON-FILTRI-P206410-COLLARE-PER-MARMITTA-P20-6410
M147272,SN20002,FILTRO NAFTA HIFI,https://e-commerce.michelecaroli.com/wso/pages/user/wso0205.jsf?idaa=298915&codart=SN20002&marart=230&seopth=HIFI-FILTRI-SN20002-FILTRO-NAFTA-HIFI
M14634,G065008,"AIR CLEANER, FWG CYCLOPAC",https://e-commerce.michelecaroli.com/wso/pages/user/wso0205.jsf?idaa=442433&codart=G065008&marart=227&seopth=DONALDSON-FILTRI-G065008-AIR-CLEANER-FWG-CYCLOPAC
M146062,51553,FILTRO IDRAULICO,https://e-commerce.michelecaroli.com/wso/pages/user/wso0205.jsf?idaa=368434&codart=51553&marart=218&seopth=WIX-INDUSTRIAL-HD-51553-FILTRO-IDRAULICO
M14568,P558717,FILTRO OLIO,https://e-commerce.michelecaroli.com/wso/pages/user/wso0205.jsf?idaa=157195&codart=P558717&marart=227&seopth=DONALDSON-FILTRI-P558717-FILTRO-OLIO
M14402,SN7230,FILTRO CARB. P550054 HIFI,https://e-commerce.michelecaroli.com/wso/pages/user/wso0205.jsf?idaa=299702&codart=SN7230&marart=230&seopth=HIFI-FILTRI-SN7230-FILTRO-CARB-P550054-HIFI
M144,M090362,"RESONATOR, 4 IN (102 MM)",https://e-commerce.michelecaroli.com/wso/pages/user/wso0205.jsf?idaa=442901&codart=M090362&marart=227&seopth=DONALDSON-FILTRI-M090362-RESONATOR-4-IN-102-MM-
M1436913,H000350,MOUNTING BAND,https://e-commerce.michelecaroli.com/wso/pages/user/wso0205.jsf?idaa=442496&codart=H000350&marart=227&seopth=DONALDSON-FILTRI-H000350-MOUNTING-BAND
M1402,P550784,,https://e-commerce.michelecaroli.com/wso/pages/user/wso0205.jsf?idaa=156801&codart=P550784&marart=227&seopth=DONALDSON-FILTRI-P550784-SOSTITUITO-DAL-P551864
M14018,P103198,VALVOLA D'EVACUAZIONE DIAM.76,https://e-commerce.michelecaroli.com/wso/pages/user/wso0205.jsf?idaa=154520&codart=P103198&marart=227&seopth=DONALDSON-FILTRI-P103198-VALVOLA-D-EVACUAZIONE-DIAM-76
LM71,51021E,FILTRO OLIO#,https://e-commerce.michelecaroli.com/wso/pages/user/wso0205.jsf?idaa=369090&codart=51021E&marart=218&seopth=WIX-INDUSTRIAL-HD-51021E-FILTRO-OLIO-
LM66,51021E,FILTRO OLIO#,https://e-commerce.michelecaroli.com/wso/pages/user/wso0205.jsf?idaa=369090&codart=51021E&marart=218&seopth=WIX-INDUSTRIAL-HD-51021E-FILTRO-OLIO-
LM54,SN7230,FILTRO CARB. P550054 HIFI,https://e-commerce.michelecaroli.com/wso/pages/user/wso0205.jsf?idaa=299702&codart=SN7230&marart=230&seopth=HIFI-FILTRI-SN7230-FILTRO-CARB-P550054-HIFI
LM30,51021E,FILTRO OLIO#,https://e-commerce.michelecaroli.com/wso/pages/user/wso0205.jsf?idaa=369090&codart=51021E&marart=218&seopth=WIX-INDUSTRIAL-HD-51021E-FILTRO-OLIO-
LM127,P550186,FILTRO OLIO AD IMMERSIONE,https://e-commerce.michelecaroli.com/wso/pages/user/wso0205.jsf?idaa=156496&codart=P550186&marart=227&seopth=DONALDSON-FILTRI-P550186-FILTRO-OLIO-AD-IMMERSIONE
LM114,P551014,FILTRO OLIO DONALDSON P55-1014,https://e-commerce.michelecaroli.com/wso/pages/user/wso0205.jsf?idaa=156890&codart=P551014&marart=227&seopth=DONALDSON-FILTRI-P551014-FILTRO-OLIO-DONALDSON-P55-1014
LM106,51106,,https://e-commerce.michelecaroli.com/wso/pages/user/wso0205.jsf?idaa=368112&codart=51106&marart=218&seopth=WIX-INDUSTRIAL-HD-51106-FILTRO-OLIO
LLPP19265,X002015,RAIN CAP DONALDSON X00-2015,https://e-commerce.michelecaroli.com/wso/pages/user/wso0205.jsf?idaa=158292&codart=X002015&marart=227&seopth=DONALDSON-FILTRI-X002015-RAIN-CAP-DONALDSON-X00-2015
LLM20006,MD-192K,FILTRO ARIA ALCO,https://e-commerce.michelecaroli.com/wso/pages/user/wso0205.jsf?idaa=463524&codart=MD-192K&marart=ALCO&seopth=ALCO-MD-192K-FILTRO-ARIA-ALCO
LL84797,P105609,MANICOTTO S/RIDUZIONE 102X102X133,https://e-commerce.michelecaroli.com/wso/pages/user/wso0205.jsf?idaa=154539&codart=P105609&marart=227&seopth=DONALDSON-FILTRI-P105609-MANICOTTO-S-RIDUZIONE-102X102X133
LH8414G,57520,FILTRO OLIO P172465,https://e-commerce.michelecaroli.com/wso/pages/user/wso0205.jsf?idaa=368883&codart=57520&marart=218&seopth=WIX-INDUSTRIAL-HD-57520-FILTRO-OLIO-P172465
LH8414G,57520,FILTRO OLIO P172465,https://e-commerce.michelecaroli.com/wso/pages/user/wso0205.jsf?idaa=368883&codart=57520&marart=218&seopth=WIX-INDUSTRIAL-HD-57520-FILTRO-OLIO-P172465
LH6489001727213,P161365,FILTRO HYDR.DONALDSON P16-1365,https://e-commerce.michelecaroli.com/wso/pages/user/wso0205.jsf?idaa=154881&codart=P161365&marart=227&seopth=DONALDSON-FILTRI-P161365-FILTRO-HYDR-DONALDSON-P16-1365
LH5953,57803,FILTRO OLIO,https://e-commerce.michelecaroli.com/wso/pages/user/wso0205.jsf?idaa=368941&codart=57803&marart=218&seopth=WIX-INDUSTRIAL-HD-57803-FILTRO-OLIO
LH5931,P550477,FILTRO HYDR.DONALDSON P55-0477,https://e-commerce.michelecaroli.com/wso/pages/user/wso0205.jsf?idaa=156633&codart=P550477&marart=227&seopth=DONALDSON-FILTRI-P550477-FILTRO-HYDR-DONALDSON-P55-0477
LH5854,SH56252,FILTRO HYDR. P164241 HIFI,https://e-commerce.michelecaroli.com/wso/pages/user/wso0205.jsf?idaa=294090&codart=SH56252&marart=230&seopth=HIFI-FILTRI-SH56252-FILTRO-HYDR-P164241-HIFI
LH5841,P167766,FILTRO HYDR.DONALDSON P16-7766,https://e-commerce.michelecaroli.com/wso/pages/user/wso0205.jsf?idaa=155023&codart=P167766&marart=227&seopth=DONALDSON-FILTRI-P167766-FILTRO-HYDR-DONALDSON-P16-7766
LH5840,SH53326,FILTRO HYDR. P171818 HIFI,https://e-commerce.michelecaroli.com/wso/pages/user/wso0205.jsf?idaa=293788&codart=SH53326&marart=230&seopth=HIFI-FILTRI-SH53326-FILTRO-HYDR-P171818-HIFI
LH5374,P550220,FILTRO HYDR.DONALDSON P55-0220,https://e-commerce.michelecaroli.com/wso/pages/user/wso0205.jsf?idaa=156511&codart=P550220&marart=227&seopth=DONALDSON-FILTRI-P550220-FILTRO-HYDR-DONALDSON-P55-0220
LH5020,57413,FILTRO OLIO,https://e-commerce.michelecaroli.com/wso/pages/user/wso0205.jsf?idaa=368853&codart=57413&marart=218&seopth=WIX-INDUSTRIAL-HD-57413-FILTRO-OLIO
LH5018,P566461,"HYDRAULIC FILTER, CARTRIDGE DT",https://e-commerce.michelecaroli.com/wso/pages/user/wso0205.jsf?idaa=441871&codart=P566461&marart=227&seopth=DONALDSON-FILTRI-P566461-HYDRAULIC-FILTER-CARTRIDGE-DT
LH5012,SH87130V,,https://e-commerce.michelecaroli.com/wso/pages/user/wso0205.jsf?idaa=438645&codart=SH87130V&marart=230&seopth=HIFI-FILTRI-SH87130V-FILTRO
LH5003,51539,FILTRO IDRAULICO,https://e-commerce.michelecaroli.com/wso/pages/user/wso0205.jsf?idaa=368422&codart=51539&marart=218&seopth=WIX-INDUSTRIAL-HD-51539-FILTRO-IDRAULICO
LH5001,51439,FILTRO IDRAULICO,https://e-commerce.michelecaroli.com/wso/pages/user/wso0205.jsf?idaa=368337&codart=51439&marart=218&seopth=WIX-INDUSTRIAL-HD-51439-FILTRO-IDRAULICO
LH5000,P161010,FILTRO IDRAULICO,https://e-commerce.michelecaroli.com/wso/pages/user/wso0205.jsf?idaa=311846&codart=P161010&marart=227&seopth=DONALDSON-FILTRI-P161010-FILTRO-IDRAULICO
LH4999,57858,FILTRO OLIO,https://e-commerce.michelecaroli.com/wso/pages/user/wso0205.jsf?idaa=367732&codart=57858&marart=218&seopth=WIX-INDUSTRIAL-HD-57858-FILTRO-OLIO
LH4998,P164556,FILTRO HYDR.DONALDSON P16-4556,https://e-commerce.michelecaroli.com/wso/pages/user/wso0205.jsf?idaa=154921&codart=P164556&marart=227&seopth=DONALDSON-FILTRI-P164556-FILTRO-HYDR-DONALDSON-P16-4556
LH4996,51559,FILTRO IDRAULICO,https://e-commerce.michelecaroli.com/wso/pages/user/wso0205.jsf?idaa=368439&codart=51559&marart=218&seopth=WIX-INDUSTRIAL-HD-51559-FILTRO-IDRAULICO
LH4994,51543,FILTRO IDRAULICO,https://e-commerce.michelecaroli.com/wso/pages/user/wso0205.jsf?idaa=368426&codart=51543&marart=218&seopth=WIX-INDUSTRIAL-HD-51543-FILTRO-IDRAULICO
LH4993,51532,FILTRO IDRAULICO,https://e-commerce.michelecaroli.com/wso/pages/user/wso0205.jsf?idaa=368415&codart=51532&marart=218&seopth=WIX-INDUSTRIAL-HD-51532-FILTRO-IDRAULICO
LH4992,51175,FILTRO IDRAULICO,https://e-commerce.michelecaroli.com/wso/pages/user/wso0205.jsf?idaa=368158&codart=51175&marart=218&seopth=WIX-INDUSTRIAL-HD-51175-FILTRO-IDRAULICO
LH4979,57128,FILTRO OLIO,https://e-commerce.michelecaroli.com/wso/pages/user/wso0205.jsf?idaa=369452&codart=57128&marart=218&seopth=WIX-INDUSTRIAL-HD-57128-FILTRO-OLIO
LH4963,51597,FILTRO IDRAULICO,https://e-commerce.michelecaroli.com/wso/pages/user/wso0205.jsf?idaa=368475&codart=51597&marart=218&seopth=WIX-INDUSTRIAL-HD-51597-FILTRO-IDRAULICO
LH4946,51588,,https://e-commerce.michelecaroli.com/wso/pages/user/wso0205.jsf?idaa=368466&codart=51588&marart=218&seopth=WIX-INDUSTRIAL-HD-51588-FILTRO-IDRAULICO
LH4934,SH56199,,https://e-commerce.michelecaroli.com/wso/pages/user/wso0205.jsf?idaa=294060&codart=SH56199&marart=230&seopth=HIFI-FILTRI-SH56199-FILTRO-HYDR-HIFI
LH4931,51571,FILTRO IDRAULICO,https://e-commerce.michelecaroli.com/wso/pages/user/wso0205.jsf?idaa=368451&codart=51571&marart=218&seopth=WIX-INDUSTRIAL-HD-51571-FILTRO-IDRAULICO
LH4928,57084,FILTRO OLIO,https://e-commerce.michelecaroli.com/wso/pages/user/wso0205.jsf?idaa=369410&codart=57084&marart=218&seopth=WIX-INDUSTRIAL-HD-57084-FILTRO-OLIO
LH4921,SO1725,FILTRO OLIO HIFI,https://e-commerce.michelecaroli.com/wso/pages/user/wso0205.jsf?idaa=300853&codart=SO1725&marart=230&seopth=HIFI-FILTRI-SO1725-FILTRO-OLIO-HIFI
LH4920,51639,FILTRO IDRAULICO,https://e-commerce.michelecaroli.com/wso/pages/user/wso0205.jsf?idaa=368512&codart=51639&marart=218&seopth=WIX-INDUSTRIAL-HD-51639-FILTRO-IDRAULICO
LH4913,P550654,,https://e-commerce.michelecaroli.com/wso/pages/user/wso0205.jsf?idaa=156719&codart=P550654&marart=227&seopth=DONALDSON-FILTRI-P550654-FILTRO-HYDR-DONALDSON-P55-0654-OBSO
LH4912,51533,FILTRO IDRAULICO,https://e-commerce.michelecaroli.com/wso/pages/user/wso0205.jsf?idaa=368416&codart=51533&marart=218&seopth=WIX-INDUSTRIAL-HD-51533-FILTRO-IDRAULICO
LH4911,51679,FILTRO IDRAULICO,https://e-commerce.michelecaroli.com/wso/pages/user/wso0205.jsf?idaa=368546&codart=51679&marart=218&seopth=WIX-INDUSTRIAL-HD-51679-FILTRO-IDRAULICO
LH4905,51181,FILTRO IDRAULICO,https://e-commerce.michelecaroli.com/wso/pages/user/wso0205.jsf?idaa=368163&codart=51181&marart=218&seopth=WIX-INDUSTRIAL-HD-51181-FILTRO-IDRAULICO
LH4903,51529,FILTRO IDRAULICO,https://e-commerce.michelecaroli.com/wso/pages/user/wso0205.jsf?idaa=368412&codart=51529&marart=218&seopth=WIX-INDUSTRIAL-HD-51529-FILTRO-IDRAULICO
LH4901,P556219,FILTRO HYDR.DONALDSON P55-6219,https://e-commerce.michelecaroli.com/wso/pages/user/wso0205.jsf?idaa=157150&codart=P556219&marart=227&seopth=DONALDSON-FILTRI-P556219-FILTRO-HYDR-DONALDSON-P55-6219
LH4853,P164853,FILTRO HYDR.DONALDSON P16-4853,https://e-commerce.michelecaroli.com/wso/pages/user/wso0205.jsf?idaa=154939&codart=P164853&marart=227&seopth=DONALDSON-FILTRI-P164853-FILTRO-HYDR-DONALDSON-P16-4853
LH4742,57158,FILTRO OLIO,https://e-commerce.michelecaroli.com/wso/pages/user/wso0205.jsf?idaa=368753&codart=57158&marart=218&seopth=WIX-INDUSTRIAL-HD-57158-FILTRO-OLIO
LH4636,51253,FILTRO IDRAULICO,https://e-commerce.michelecaroli.com/wso/pages/user/wso0205.jsf?idaa=368210&codart=51253&marart=218&seopth=WIX-INDUSTRIAL-HD-51253-FILTRO-IDRAULICO
LH4635,SH56133,FILTRO HYDR. P556700 HIFI,https://e-commerce.michelecaroli.com/wso/pages/user/wso0205.jsf?idaa=399778&codart=SH56133&marart=230&seopth=HIFI-FILTRI-SH56133-FILTRO-HYDR-P556700-HIFI
LH4598,P164598,FILTRO HYDR.DONALDSON P16-4598,https://e-commerce.michelecaroli.com/wso/pages/user/wso0205.jsf?idaa=154931&codart=P164598&marart=227&seopth=DONALDSON-FILTRI-P164598-FILTRO-HYDR-DONALDSON-P16-4598
LH4598,P164598,FILTRO HYDR.DONALDSON P16-4598,https://e-commerce.michelecaroli.com/wso/pages/user/wso0205.jsf?idaa=154931&codart=P164598&marart=227&seopth=DONALDSON-FILTRI-P164598-FILTRO-HYDR-DONALDSON-P16-4598
LH4596,SH57122,FILTRO HYDR. P164596 HIFI,https://e-commerce.michelecaroli.com/wso/pages/user/wso0205.jsf?idaa=295050&codart=SH57122&marart=230&seopth=HIFI-FILTRI-SH57122-FILTRO-HYDR-P164596-HIFI
LH4594,51686,FILTRO IDRAULICO,https://e-commerce.michelecaroli.com/wso/pages/user/wso0205.jsf?idaa=368552&codart=51686&marart=218&seopth=WIX-INDUSTRIAL-HD-51686-FILTRO-IDRAULICO
LH4578,P171047,,https://e-commerce.michelecaroli.com/wso/pages/user/wso0205.jsf?idaa=155120&codart=P171047&marart=227&seopth=DONALDSON-FILTRI-P171047-FILTRO-HYDR-DONALDSON-P17-1047
LH4565,P171045,,https://e-commerce.michelecaroli.com/wso/pages/user/wso0205.jsf?idaa=155118&codart=P171045&marart=227&seopth=DONALDSON-FILTRI-P171045-FILTRO-HYDR-DONALDSON-P17-1045
LH4480,P550744,,https://e-commerce.michelecaroli.com/wso/pages/user/wso0205.jsf?idaa=156773&codart=P550744&marart=227&seopth=DONALDSON-FILTRI-P550744-FILTRO-IDRAULICO-OBSOLETO
LH4466000323102,51274,FILTRO IDRAULICO,https://e-commerce.michelecaroli.com/wso/pages/user/wso0205.jsf?idaa=368224&codart=51274&marart=218&seopth=WIX-INDUSTRIAL-HD-51274-FILTRO-IDRAULICO
LH4465,51439,FILTRO IDRAULICO,https://e-commerce.michelecaroli.com/wso/pages/user/wso0205.jsf?idaa=368337&codart=51439&marart=218&seopth=WIX-INDUSTRIAL-HD-51439-FILTRO-IDRAULICO
LH4369,SH70020,FILTRO HYDR. HIFI,https://e-commerce.michelecaroli.com/wso/pages/user/wso0205.jsf?idaa=297587&codart=SH70020&marart=230&seopth=HIFI-FILTRI-SH70020-FILTRO-HYDR-HIFI
LH42924001,MD-192K,FILTRO ARIA ALCO,https://e-commerce.michelecaroli.com/wso/pages/user/wso0205.jsf?idaa=463524&codart=MD-192K&marart=ALCO&seopth=ALCO-MD-192K-FILTRO-ARIA-ALCO
LH4266,51686,FILTRO IDRAULICO,https://e-commerce.michelecaroli.com/wso/pages/user/wso0205.jsf?idaa=368552&codart=51686&marart=218&seopth=WIX-INDUSTRIAL-HD-51686-FILTRO-IDRAULICO
LH4266,51686,FILTRO IDRAULICO,https://e-commerce.michelecaroli.com/wso/pages/user/wso0205.jsf?idaa=368552&codart=51686&marart=218&seopth=WIX-INDUSTRIAL-HD-51686-FILTRO-IDRAULICO
LH4264,P550133,FILTRO HYDR.DONALDSON P55-0133,https://e-commerce.michelecaroli.com/wso/pages/user/wso0205.jsf?idaa=156471&codart=P550133&marart=227&seopth=DONALDSON-FILTRI-P550133-FILTRO-HYDR-DONALDSON-P55-0133
LH4263,P166136,FILTRO HYDR.DONALDSON P16-6136,https://e-commerce.michelecaroli.com/wso/pages/user/wso0205.jsf?idaa=154987&codart=P166136&marart=227&seopth=DONALDSON-FILTRI-P166136-FILTRO-HYDR-DONALDSON-P16-6136
LH4263,P166136,FILTRO HYDR.DONALDSON P16-6136,https://e-commerce.michelecaroli.com/wso/pages/user/wso0205.jsf?idaa=154987&codart=P166136&marart=227&seopth=DONALDSON-FILTRI-P166136-FILTRO-HYDR-DONALDSON-P16-6136
LH4262,SH87099,FILTRO IDRAULICO HIFI,https://e-commerce.michelecaroli.com/wso/pages/user/wso0205.jsf?idaa=471640&codart=SH87099&marart=230&seopth=HIFI-FILTRI-SH87099-FILTRO-IDRAULICO-HIFI
LH4256,SH57157,FILTRO HYDR. P169450 HIFI,https://e-commerce.michelecaroli.com/wso/pages/user/wso0205.jsf?idaa=295066&codart=SH57157&marart=230&seopth=HIFI-FILTRI-SH57157-FILTRO-HYDR-P169450-HIFI
