Code searched,Matched code,Part Category on Michele,Link to Michele product
L113468,P500020,FILTRO ARIA,https://e-commerce.michelecaroli.com/wso/pages/user/wso0205.jsf?idaa=155952&codart=P500020&marart=227&seopth=DONALDSON-FILTRI-P500020-FILTRO-ARIA
L113310,SA1304,,https://e-commerce.michelecaroli.com/wso/pages/user/wso0205.jsf?idaa=288799&codart=SA1304&marart=230&seopth=HIFI-FILTRI-SA1304-FILTRO-ARIA-P526756-HIFI
L113,SO580,FILTRO OLIO P550008# HIFI,https://e-commerce.michelecaroli.com/wso/pages/user/wso0205.jsf?idaa=300199&codart=SO580&marart=230&seopth=HIFI-FILTRI-SO580-FILTRO-OLIO-P550008-HIFI
L11251,P105530,MANICOTTO DONALDSON PIO 5530,https://e-commerce.michelecaroli.com/wso/pages/user/wso0205.jsf?idaa=154531&codart=P105530&marart=227&seopth=DONALDSON-FILTRI-P105530-MANICOTTO-DONALDSON-PIO-5530
L112224,T1624,FILTRO OLIO P550227 HIFI,https://e-commerce.michelecaroli.com/wso/pages/user/wso0205.jsf?idaa=395320&codart=T1624&marart=230&seopth=HIFI-FILTRI-T1624-FILTRO-OLIO-P550227-HIFI
L112216,P502020,"LUBE FILTER, SPIN-ON FULL FLOW",https://e-commerce.michelecaroli.com/wso/pages/user/wso0205.jsf?idaa=441443&codart=P502020&marart=227&seopth=DONALDSON-FILTRI-P502020-LUBE-FILTER-SPIN-ON-FULL-FLOW
L112208,SP-934,FILTRO OLIO,https://e-commerce.michelecaroli.com/wso/pages/user/wso0205.jsf?idaa=466400&codart=SP-934&marart=ALCO&seopth=ALCO-SP-934-FILTRO-OLIO
L112178,SO780,FILTRO OLIO P550047 HIFI,https://e-commerce.michelecaroli.com/wso/pages/user/wso0205.jsf?idaa=301372&codart=SO780&marart=230&seopth=HIFI-FILTRI-SO780-FILTRO-OLIO-P550047-HIFI
L112,23.108.01,FILTRO OLIO UFI P553411 ex.codice 23.108.00,https://e-commerce.michelecaroli.com/wso/pages/user/wso0205.jsf?idaa=149348&codart=23.108.01&marart=UFIHD&seopth=UFI-HD-23-108-01-FILTRO-OLIO-UFI-P553411
L112,23.108.01,FILTRO OLIO UFI P553411 ex.codice 23.108.00,https://e-commerce.michelecaroli.com/wso/pages/user/wso0205.jsf?idaa=149348&codart=23.108.01&marart=UFIHD&seopth=UFI-HD-23-108-01-FILTRO-OLIO-UFI-P553411
L111910,51348,FILTRO OLIO# P550335,https://e-commerce.michelecaroli.com/wso/pages/user/wso0205.jsf?idaa=368274&codart=51348&marart=218&seopth=WIX-INDUSTRIAL-HD-51348-FILTRO-OLIO-P550335
L111899,P502020,"LUBE FILTER, SPIN-ON FULL FLOW",https://e-commerce.michelecaroli.com/wso/pages/user/wso0205.jsf?idaa=441443&codart=P502020&marart=227&seopth=DONALDSON-FILTRI-P502020-LUBE-FILTER-SPIN-ON-FULL-FLOW
L111830,P502020,"LUBE FILTER, SPIN-ON FULL FLOW",https://e-commerce.michelecaroli.com/wso/pages/user/wso0205.jsf?idaa=441443&codart=P502020&marart=227&seopth=DONALDSON-FILTRI-P502020-LUBE-FILTER-SPIN-ON-FULL-FLOW
L111805,51348,FILTRO OLIO# P550335,https://e-commerce.michelecaroli.com/wso/pages/user/wso0205.jsf?idaa=368274&codart=51348&marart=218&seopth=WIX-INDUSTRIAL-HD-51348-FILTRO-OLIO-P550335
L111481,P550210,FILTRO HYDR.ATTUALE P550940,https://e-commerce.michelecaroli.com/wso/pages/user/wso0205.jsf?idaa=156505&codart=P550210&marart=227&seopth=DONALDSON-FILTRI-P550210-FILTRO-HYDR-ATTUALE-P550940
L111473,51348,FILTRO OLIO# P550335,https://e-commerce.michelecaroli.com/wso/pages/user/wso0205.jsf?idaa=368274&codart=51348&marart=218&seopth=WIX-INDUSTRIAL-HD-51348-FILTRO-OLIO-P550335
L111465,P550210,FILTRO HYDR.ATTUALE P550940,https://e-commerce.michelecaroli.com/wso/pages/user/wso0205.jsf?idaa=156505&codart=P550210&marart=227&seopth=DONALDSON-FILTRI-P550210-FILTRO-HYDR-ATTUALE-P550940
L111449,T6720,FILTRO OLIO P550078 HIFI,https://e-commerce.michelecaroli.com/wso/pages/user/wso0205.jsf?idaa=395341&codart=T6720&marart=230&seopth=HIFI-FILTRI-T6720-FILTRO-OLIO-P550078-HIFI
L111430,T6720,FILTRO OLIO P550078 HIFI,https://e-commerce.michelecaroli.com/wso/pages/user/wso0205.jsf?idaa=395341&codart=T6720&marart=230&seopth=HIFI-FILTRI-T6720-FILTRO-OLIO-P550078-HIFI
L111414,P502032,FILTRO OLIO DONALDSON P50-2032,https://e-commerce.michelecaroli.com/wso/pages/user/wso0205.jsf?idaa=155993&codart=P502032&marart=227&seopth=DONALDSON-FILTRI-P502032-FILTRO-OLIO-DONALDSON-P50-2032
L111392,P550173,FILTRO OLIO ATTUALE P550935,https://e-commerce.michelecaroli.com/wso/pages/user/wso0205.jsf?idaa=156489&codart=P550173&marart=227&seopth=DONALDSON-FILTRI-P550173-FILTRO-OLIO-ATTUALE-P550935
L111384,P550173,FILTRO OLIO ATTUALE P550935,https://e-commerce.michelecaroli.com/wso/pages/user/wso0205.jsf?idaa=156489&codart=P550173&marart=227&seopth=DONALDSON-FILTRI-P550173-FILTRO-OLIO-ATTUALE-P550935
L111376,T6720,FILTRO OLIO P550078 HIFI,https://e-commerce.michelecaroli.com/wso/pages/user/wso0205.jsf?idaa=395341&codart=T6720&marart=230&seopth=HIFI-FILTRI-T6720-FILTRO-OLIO-P550078-HIFI
L111368,T6720,FILTRO OLIO P550078 HIFI,https://e-commerce.michelecaroli.com/wso/pages/user/wso0205.jsf?idaa=395341&codart=T6720&marart=230&seopth=HIFI-FILTRI-T6720-FILTRO-OLIO-P550078-HIFI
L111350,51348,FILTRO OLIO# P550335,https://e-commerce.michelecaroli.com/wso/pages/user/wso0205.jsf?idaa=368274&codart=51348&marart=218&seopth=WIX-INDUSTRIAL-HD-51348-FILTRO-OLIO-P550335
L111333,SP-934,FILTRO OLIO,https://e-commerce.michelecaroli.com/wso/pages/user/wso0205.jsf?idaa=466400&codart=SP-934&marart=ALCO&seopth=ALCO-SP-934-FILTRO-OLIO
L111325,P555522,SOSTITUITO,https://e-commerce.michelecaroli.com/wso/pages/user/wso0205.jsf?idaa=157135&codart=P555522&marart=227&seopth=DONALDSON-FILTRI-P555522-SOSTITUITO
L111295,T6730,FILTRO OLIO P550067 HIFI,https://e-commerce.michelecaroli.com/wso/pages/user/wso0205.jsf?idaa=395343&codart=T6730&marart=230&seopth=HIFI-FILTRI-T6730-FILTRO-OLIO-P550067-HIFI
L111287,51839,,https://e-commerce.michelecaroli.com/wso/pages/user/wso0205.jsf?idaa=368663&codart=51839&marart=218&seopth=WIX-INDUSTRIAL-HD-51839-FILTRO-OLIO
L111279,T1624,FILTRO OLIO P550227 HIFI,https://e-commerce.michelecaroli.com/wso/pages/user/wso0205.jsf?idaa=395320&codart=T1624&marart=230&seopth=HIFI-FILTRI-T1624-FILTRO-OLIO-P550227-HIFI
L111252,T6730,FILTRO OLIO P550067 HIFI,https://e-commerce.michelecaroli.com/wso/pages/user/wso0205.jsf?idaa=395343&codart=T6730&marart=230&seopth=HIFI-FILTRI-T6730-FILTRO-OLIO-P550067-HIFI
L111244,P502020,"LUBE FILTER, SPIN-ON FULL FLOW",https://e-commerce.michelecaroli.com/wso/pages/user/wso0205.jsf?idaa=441443&codart=P502020&marart=227&seopth=DONALDSON-FILTRI-P502020-LUBE-FILTER-SPIN-ON-FULL-FLOW
L111236,P550882,,https://e-commerce.michelecaroli.com/wso/pages/user/wso0205.jsf?idaa=156838&codart=P550882&marart=227&seopth=DONALDSON-FILTRI-P550882-ATTUALE-P550939
L111228,T1624,FILTRO OLIO P550227 HIFI,https://e-commerce.michelecaroli.com/wso/pages/user/wso0205.jsf?idaa=395320&codart=T1624&marart=230&seopth=HIFI-FILTRI-T1624-FILTRO-OLIO-P550227-HIFI
L111224,P502020,"LUBE FILTER, SPIN-ON FULL FLOW",https://e-commerce.michelecaroli.com/wso/pages/user/wso0205.jsf?idaa=441443&codart=P502020&marart=227&seopth=DONALDSON-FILTRI-P502020-LUBE-FILTER-SPIN-ON-FULL-FLOW
L111210,T6720,FILTRO OLIO P550078 HIFI,https://e-commerce.michelecaroli.com/wso/pages/user/wso0205.jsf?idaa=395341&codart=T6720&marart=230&seopth=HIFI-FILTRI-T6720-FILTRO-OLIO-P550078-HIFI
L11121,L11121,TESTA STERZO DX DX. MINI MINI,https://e-commerce.michelecaroli.com/wso/pages/user/wso0205.jsf?idaa=261685&codart=L11121&marart=MONRT&seopth=MONROE-TIRANTERIA-L11121-TESTA-STERZO-DX-DX-MINI-MINI
L11121,L11121,TESTA STERZO DX DX. MINI MINI,https://e-commerce.michelecaroli.com/wso/pages/user/wso0205.jsf?idaa=261685&codart=L11121&marart=MONRT&seopth=MONROE-TIRANTERIA-L11121-TESTA-STERZO-DX-DX-MINI-MINI
L111201,SO580,FILTRO OLIO P550008# HIFI,https://e-commerce.michelecaroli.com/wso/pages/user/wso0205.jsf?idaa=300199&codart=SO580&marart=230&seopth=HIFI-FILTRI-SO580-FILTRO-OLIO-P550008-HIFI
L111147,SO8000,FILTRO OLIO HIFI,https://e-commerce.michelecaroli.com/wso/pages/user/wso0205.jsf?idaa=301383&codart=SO8000&marart=230&seopth=HIFI-FILTRI-SO8000-FILTRO-OLIO-HIFI
L111139,SO8000,FILTRO OLIO HIFI,https://e-commerce.michelecaroli.com/wso/pages/user/wso0205.jsf?idaa=301383&codart=SO8000&marart=230&seopth=HIFI-FILTRI-SO8000-FILTRO-OLIO-HIFI
L111112,T6720,FILTRO OLIO P550078 HIFI,https://e-commerce.michelecaroli.com/wso/pages/user/wso0205.jsf?idaa=395341&codart=T6720&marart=230&seopth=HIFI-FILTRI-T6720-FILTRO-OLIO-P550078-HIFI
L111104,P502048,FILTRO OLIO,https://e-commerce.michelecaroli.com/wso/pages/user/wso0205.jsf?idaa=155998&codart=P502048&marart=227&seopth=DONALDSON-FILTRI-P502048-FILTRO-OLIO
L111074,P550210,FILTRO HYDR.ATTUALE P550940,https://e-commerce.michelecaroli.com/wso/pages/user/wso0205.jsf?idaa=156505&codart=P550210&marart=227&seopth=DONALDSON-FILTRI-P550210-FILTRO-HYDR-ATTUALE-P550940
L111066,T1624,FILTRO OLIO P550227 HIFI,https://e-commerce.michelecaroli.com/wso/pages/user/wso0205.jsf?idaa=395320&codart=T1624&marart=230&seopth=HIFI-FILTRI-T1624-FILTRO-OLIO-P550227-HIFI
L111058,SP-915,FILTRO OLIO ALCO,https://e-commerce.michelecaroli.com/wso/pages/user/wso0205.jsf?idaa=466385&codart=SP-915&marart=ALCO&seopth=ALCO-SP-915-FILTRO-OLIO-ALCO
L111015,T6720,FILTRO OLIO P550078 HIFI,https://e-commerce.michelecaroli.com/wso/pages/user/wso0205.jsf?idaa=395341&codart=T6720&marart=230&seopth=HIFI-FILTRI-T6720-FILTRO-OLIO-P550078-HIFI
L111007,P550173,FILTRO OLIO ATTUALE P550935,https://e-commerce.michelecaroli.com/wso/pages/user/wso0205.jsf?idaa=156489&codart=P550173&marart=227&seopth=DONALDSON-FILTRI-P550173-FILTRO-OLIO-ATTUALE-P550935
L1104,L1104,TESTA STERZO BMW 02 (E10),https://e-commerce.michelecaroli.com/wso/pages/user/wso0205.jsf?idaa=261665&codart=L1104&marart=MONR&seopth=MONROE-AMMORTIZZATORI-L1104-TESTA-STERZO-BMW-02-E10-
L10F,33080,FILTRO NAFTA esaurito wix,https://e-commerce.michelecaroli.com/wso/pages/user/wso0205.jsf?idaa=365765&codart=33080&marart=218&seopth=WIX-INDUSTRIAL-HD-33080-FILTRO-NAFTA-esaurito-wix
L108576,51861,FILTRO OLIO,https://e-commerce.michelecaroli.com/wso/pages/user/wso0205.jsf?idaa=368679&codart=51861&marart=218&seopth=WIX-INDUSTRIAL-HD-51861-FILTRO-OLIO
L1080852,L1-0808-52,,https://e-commerce.michelecaroli.com/wso/pages/user/wso0205.jsf?idaa=397616&codart=L1-0808-52&marart=230&seopth=HIFI-FILTRI-L1-0808-52-FILTRO-DI-AEREAZ-HIFI
L1080800,L1-0808-00,,https://e-commerce.michelecaroli.com/wso/pages/user/wso0205.jsf?idaa=397615&codart=L1-0808-00&marart=230&seopth=HIFI-FILTRI-L1-0808-00-FILTRO-DI-AEREAZ-HIFI
L1080773,L1-0807-73,,https://e-commerce.michelecaroli.com/wso/pages/user/wso0205.jsf?idaa=397613&codart=L1-0807-73&marart=230&seopth=HIFI-FILTRI-L1-0807-73-FILTRO-DI-AEREAZ-HIFI
L1080721,FS392,,https://e-commerce.michelecaroli.com/wso/pages/user/wso0205.jsf?idaa=394734&codart=FS392&marart=230&seopth=HIFI-FILTRI-FS392-FILTRO-DI-AEREAZ-HIFI
L1050673,L1-0506-73,,https://e-commerce.michelecaroli.com/wso/pages/user/wso0205.jsf?idaa=397603&codart=L1-0506-73&marart=230&seopth=HIFI-FILTRI-L1-0506-73-FILTRO-DI-AEREAZ-HIFI
L105030801,L1-0503-0801,,https://e-commerce.michelecaroli.com/wso/pages/user/wso0205.jsf?idaa=397601&codart=L1-0503-0801&marart=230&seopth=HIFI-FILTRI-L1-0503-0801-ACCESSORIO-HIFI
L104831,33033,PREFILTRO,https://e-commerce.michelecaroli.com/wso/pages/user/wso0205.jsf?idaa=365730&codart=33033&marart=218&seopth=WIX-INDUSTRIAL-HD-33033-PREFILTRO
L1042640,SA10385K,FILTRO ARIA P181050# HIFI ABBINATO CON SA14762,https://e-commerce.michelecaroli.com/wso/pages/user/wso0205.jsf?idaa=336011&codart=SA10385K&marart=230&seopth=HIFI-FILTRI-SA10385K-FILTRO-ARIA-P181050-HIFI
L1040C,P551040,FILTRO NAFTA ATTUALE P551047,https://e-commerce.michelecaroli.com/wso/pages/user/wso0205.jsf?idaa=156901&codart=P551040&marart=227&seopth=DONALDSON-FILTRI-P551040-FILTRO-NAFTA-ATTUALE-P551047
L10343,51839,,https://e-commerce.michelecaroli.com/wso/pages/user/wso0205.jsf?idaa=368663&codart=51839&marart=218&seopth=WIX-INDUSTRIAL-HD-51839-FILTRO-OLIO
L10329,X002225,INDICATORE DONALDSON X00-2225,https://e-commerce.michelecaroli.com/wso/pages/user/wso0205.jsf?idaa=158293&codart=X002225&marart=227&seopth=DONALDSON-FILTRI-X002225-INDICATORE-DONALDSON-X00-2225
L10328,42689,FILTRO ARIA,https://e-commerce.michelecaroli.com/wso/pages/user/wso0205.jsf?idaa=366732&codart=42689&marart=218&seopth=WIX-INDUSTRIAL-HD-42689-FILTRO-ARIA
L10303,P102820,RIDUTTORE DONALDSON 64X76X114,https://e-commerce.michelecaroli.com/wso/pages/user/wso0205.jsf?idaa=154516&codart=P102820&marart=227&seopth=DONALDSON-FILTRI-P102820-RIDUTTORE-DONALDSON-64X76X114
L10291,P502048,FILTRO OLIO,https://e-commerce.michelecaroli.com/wso/pages/user/wso0205.jsf?idaa=155998&codart=P502048&marart=227&seopth=DONALDSON-FILTRI-P502048-FILTRO-OLIO
L10238,42689,FILTRO ARIA,https://e-commerce.michelecaroli.com/wso/pages/user/wso0205.jsf?idaa=366732&codart=42689&marart=218&seopth=WIX-INDUSTRIAL-HD-42689-FILTRO-ARIA
L10222,L10222,GIUNTO ASS. STERZ. DX./SX. MITS. C OLT,https://e-commerce.michelecaroli.com/wso/pages/user/wso0205.jsf?idaa=360855&codart=L10222&marart=MONRT&seopth=MONROE-TIRANTERIA-L10222-GIUNTO-ASS-STERZ-DX-SX-MITS-C
L102,SA7005,FILTRO ARIA HIFI,https://e-commerce.michelecaroli.com/wso/pages/user/wso0205.jsf?idaa=291036&codart=SA7005&marart=230&seopth=HIFI-FILTRI-SA7005-FILTRO-ARIA-HIFI
L10193,P550173,FILTRO OLIO ATTUALE P550935,https://e-commerce.michelecaroli.com/wso/pages/user/wso0205.jsf?idaa=156489&codart=P550173&marart=227&seopth=DONALDSON-FILTRI-P550173-FILTRO-OLIO-ATTUALE-P550935
L10183,P502020,"LUBE FILTER, SPIN-ON FULL FLOW",https://e-commerce.michelecaroli.com/wso/pages/user/wso0205.jsf?idaa=441443&codart=P502020&marart=227&seopth=DONALDSON-FILTRI-P502020-LUBE-FILTER-SPIN-ON-FULL-FLOW
L101785,G090022,FILTRO ARIA COMPL. FHG 09-0022,https://e-commerce.michelecaroli.com/wso/pages/user/wso0205.jsf?idaa=154150&codart=G090022&marart=227&seopth=DONALDSON-FILTRI-G090022-FILTRO-ARIA-COMPL-FHG-09-0022
L10122,L10122,TESTA STERZO SX. MAZDA 2,https://e-commerce.michelecaroli.com/wso/pages/user/wso0205.jsf?idaa=261448&codart=L10122&marart=MONRT&seopth=MONROE-TIRANTERIA-L10122-TESTA-STERZO-SX-MAZDA-2
L10112,L10112,TESTA STERZO SX. TOYOTA AYGO,https://e-commerce.michelecaroli.com/wso/pages/user/wso0205.jsf?idaa=261438&codart=L10112&marart=MONRT&seopth=MONROE-TIRANTERIA-L10112-TESTA-STERZO-SX-TOYOTA-AYGO
L10111,L10111,TESTA STERZO DX. TOYOTA AYGO,https://e-commerce.michelecaroli.com/wso/pages/user/wso0205.jsf?idaa=261437&codart=L10111&marart=MONRT&seopth=MONROE-TIRANTERIA-L10111-TESTA-STERZO-DX-TOYOTA-AYGO
L10109,L10109,TESTA STERZO DX. FORD FOCUS C-MAX,https://e-commerce.michelecaroli.com/wso/pages/user/wso0205.jsf?idaa=260770&codart=L10109&marart=MONRT&seopth=MONROE-TIRANTERIA-L10109-TESTA-STERZO-DX-FORD-FOCUS-C-MAX
L10101,L10101,TESTA STERZO DX./SX. CITR. SYNERG IE,https://e-commerce.michelecaroli.com/wso/pages/user/wso0205.jsf?idaa=260764&codart=L10101&marart=MONRT&seopth=MONROE-TIRANTERIA-L10101-TESTA-STERZO-DX-SX-CITR-SYNERG
L1008,L1008,TESTA STERZO SX. AUDI 100,https://e-commerce.michelecaroli.com/wso/pages/user/wso0205.jsf?idaa=260761&codart=L1008&marart=MONRT&seopth=MONROE-TIRANTERIA-L1008-TESTA-STERZO-SX-AUDI-100
L1008,L1008,TESTA STERZO SX. AUDI 100,https://e-commerce.michelecaroli.com/wso/pages/user/wso0205.jsf?idaa=260761&codart=L1008&marart=MONRT&seopth=MONROE-TIRANTERIA-L1008-TESTA-STERZO-SX-AUDI-100
L1008,L1008,TESTA STERZO SX. AUDI 100,https://e-commerce.michelecaroli.com/wso/pages/user/wso0205.jsf?idaa=260761&codart=L1008&marart=MONRT&seopth=MONROE-TIRANTERIA-L1008-TESTA-STERZO-SX-AUDI-100
L1007,SO580,FILTRO OLIO P550008# HIFI,https://e-commerce.michelecaroli.com/wso/pages/user/wso0205.jsf?idaa=300199&codart=SO580&marart=230&seopth=HIFI-FILTRI-SO580-FILTRO-OLIO-P550008-HIFI
L10028,L10028,KIT CUFFIE STERZ. DX./SX. OPEL VEC TRA,https://e-commerce.michelecaroli.com/wso/pages/user/wso0205.jsf?idaa=360837&codart=L10028&marart=MONRT&seopth=MONROE-TIRANTERIA-L10028-KIT-CUFFIE-STERZ-DX-SX-OPEL-VEC
L10028,L10028,KIT CUFFIE STERZ. DX./SX. OPEL VEC TRA,https://e-commerce.michelecaroli.com/wso/pages/user/wso0205.jsf?idaa=360837&codart=L10028&marart=MONRT&seopth=MONROE-TIRANTERIA-L10028-KIT-CUFFIE-STERZ-DX-SX-OPEL-VEC
L10019,L10019,CUFFIA DX./SX. FIAT 500,https://e-commerce.michelecaroli.com/wso/pages/user/wso0205.jsf?idaa=260754&codart=L10019&marart=MONRT&seopth=MONROE-TIRANTERIA-L10019-CUFFIA-DX-SX-FIAT-500
L10019,L10019,CUFFIA DX./SX. FIAT 500,https://e-commerce.michelecaroli.com/wso/pages/user/wso0205.jsf?idaa=260754&codart=L10019&marart=MONRT&seopth=MONROE-TIRANTERIA-L10019-CUFFIA-DX-SX-FIAT-500
L10018,L10018,CUFFIA DX./SX. OPEL VIVARO,https://e-commerce.michelecaroli.com/wso/pages/user/wso0205.jsf?idaa=260753&codart=L10018&marart=MONRT&seopth=MONROE-TIRANTERIA-L10018-CUFFIA-DX-SX-OPEL-VIVARO
L10018,L10018,CUFFIA DX./SX. OPEL VIVARO,https://e-commerce.michelecaroli.com/wso/pages/user/wso0205.jsf?idaa=260753&codart=L10018&marart=MONRT&seopth=MONROE-TIRANTERIA-L10018-CUFFIA-DX-SX-OPEL-VIVARO
L10017,L10017,CUFFIA DX./SX. MERC. VITO BUS (63 8),https://e-commerce.michelecaroli.com/wso/pages/user/wso0205.jsf?idaa=260752&codart=L10017&marart=MONRT&seopth=MONROE-TIRANTERIA-L10017-CUFFIA-DX-SX-MERC-VITO-BUS-63
L10017,L10017,CUFFIA DX./SX. MERC. VITO BUS (63 8),https://e-commerce.michelecaroli.com/wso/pages/user/wso0205.jsf?idaa=260752&codart=L10017&marart=MONRT&seopth=MONROE-TIRANTERIA-L10017-CUFFIA-DX-SX-MERC-VITO-BUS-63
L100,SA311,FILTRO PANNELLO P607243 HIFI,https://e-commerce.michelecaroli.com/wso/pages/user/wso0205.jsf?idaa=290490&codart=SA311&marart=230&seopth=HIFI-FILTRI-SA311-FILTRO-PANNELLO-P607243-HIFI
L10,SP-812,FILTRO OLIO,https://e-commerce.michelecaroli.com/wso/pages/user/wso0205.jsf?idaa=466312&codart=SP-812&marart=ALCO&seopth=ALCO-SP-812-FILTRO-OLIO
L0950554,S7111NC,FILTRO CAV296 SOFIMA,https://e-commerce.michelecaroli.com/wso/pages/user/wso0205.jsf?idaa=446634&codart=S7111NC&marart=SOFI&seopth=SOFIMA-S7111NC-FILTRO-CAV296-SOFIMA
L09381,M120100,MUFFLER,https://e-commerce.michelecaroli.com/wso/pages/user/wso0205.jsf?idaa=154477&codart=M120100&marart=227&seopth=DONALDSON-FILTRI-M120100-MUFFLER
L09379,M120108,"MUFFLER, OVAL STYLE 2",https://e-commerce.michelecaroli.com/wso/pages/user/wso0205.jsf?idaa=442940&codart=M120108&marart=227&seopth=DONALDSON-FILTRI-M120108-MUFFLER-OVAL-STYLE-2
L06900062,MD-7530S,FILTRO ARIA,https://e-commerce.michelecaroli.com/wso/pages/user/wso0205.jsf?idaa=464315&codart=MD-7530S&marart=ALCO&seopth=ALCO-MD-7530S-FILTRO-ARIA
L060151,X002352,INDICATORE DONALDSON X00-2352,https://e-commerce.michelecaroli.com/wso/pages/user/wso0205.jsf?idaa=158302&codart=X002352&marart=227&seopth=DONALDSON-FILTRI-X002352-INDICATORE-DONALDSON-X00-2352
L060030,P182045,,https://e-commerce.michelecaroli.com/wso/pages/user/wso0205.jsf?idaa=155911&codart=P182045&marart=227&seopth=DONALDSON-FILTRI-P182045-FILTRO-ARIA-SOSTITUITO-DA-P181045
L056043,H000606,RAIN CAP DONALDSON GAH00-0606,https://e-commerce.michelecaroli.com/wso/pages/user/wso0205.jsf?idaa=154170&codart=H000606&marart=227&seopth=DONALDSON-FILTRI-H000606-RAIN-CAP-DONALDSON-GAH00-0606
L052698,P114318,GOMITO M11L-4318,https://e-commerce.michelecaroli.com/wso/pages/user/wso0205.jsf?idaa=154586&codart=P114318&marart=227&seopth=DONALDSON-FILTRI-P114318-GOMITO-M11L-4318
L05079302,P550493,FILTRO OLIO AD IMMERSIONE,https://e-commerce.michelecaroli.com/wso/pages/user/wso0205.jsf?idaa=156642&codart=P550493&marart=227&seopth=DONALDSON-FILTRI-P550493-FILTRO-OLIO-AD-IMMERSIONE
L050,L050,,https://e-commerce.michelecaroli.com/wso/pages/user/wso0205.jsf?idaa=162516&codart=L050&marart=250&seopth=OPTIBELT-CINGHIE-L050-CINGHIA-A-METRAGGIO
L049165,P105608,MANICOTTO S/RIDUZIONE 76X76X135,https://e-commerce.michelecaroli.com/wso/pages/user/wso0205.jsf?idaa=154538&codart=P105608&marart=227&seopth=DONALDSON-FILTRI-P105608-MANICOTTO-S-RIDUZIONE-76X76X135
L046279,M080018,"MUFFLER, ROUND STYLE 1",https://e-commerce.michelecaroli.com/wso/pages/user/wso0205.jsf?idaa=442871&codart=M080018&marart=227&seopth=DONALDSON-FILTRI-M080018-MUFFLER-ROUND-STYLE-1
L045752,P101891,RIDUTTORE DONALDSON 102X140X152,https://e-commerce.michelecaroli.com/wso/pages/user/wso0205.jsf?idaa=442989&codart=P101891&marart=227&seopth=DONALDSON-FILTRI-P101891-RIDUTTORE-DONALDSON-102X140X152
L045486,H000165,RAIN CAP METALLO,https://e-commerce.michelecaroli.com/wso/pages/user/wso0205.jsf?idaa=442492&codart=H000165&marart=227&seopth=DONALDSON-FILTRI-H000165-RAIN-CAP-METALLO
L035502,P115206,"CLAMP, HOSE-TYPE LINED HIGH TORQUE",https://e-commerce.michelecaroli.com/wso/pages/user/wso0205.jsf?idaa=440923&codart=P115206&marart=227&seopth=DONALDSON-FILTRI-P115206-CLAMP-HOSE-TYPE-LINED-HIGH-TORQUE
L035498,P017335,"GASKET, BODY OR CUP",https://e-commerce.michelecaroli.com/wso/pages/user/wso0205.jsf?idaa=442976&codart=P017335&marart=227&seopth=DONALDSON-FILTRI-P017335-GASKET-BODY-OR-CUP
L035496,SA11854,FILTRO ARIA P119373 HIFI,https://e-commerce.michelecaroli.com/wso/pages/user/wso0205.jsf?idaa=336297&codart=SA11854&marart=230&seopth=HIFI-FILTRI-SA11854-FILTRO-ARIA-P119373-HIFI
L0350530,46554E,,https://e-commerce.michelecaroli.com/wso/pages/user/wso0205.jsf?idaa=369064&codart=46554E&marart=218&seopth=WIX-INDUSTRIAL-HD-46554E-FILTRO-ARIA-P771561
L033136,P100866,CLAMP ASSEMBLY,https://e-commerce.michelecaroli.com/wso/pages/user/wso0205.jsf?idaa=442985&codart=P100866&marart=227&seopth=DONALDSON-FILTRI-P100866-CLAMP-ASSEMBLY
L030936,P100808,FASCIA MONTAGGIO P10-0808,https://e-commerce.michelecaroli.com/wso/pages/user/wso0205.jsf?idaa=154503&codart=P100808&marart=227&seopth=DONALDSON-FILTRI-P100808-FASCIA-MONTAGGIO-P10-0808
L030671,SABP010004,,https://e-commerce.michelecaroli.com/wso/pages/user/wso0205.jsf?idaa=438637&codart=SABP010004&marart=230&seopth=HIFI-FILTRI-SABP010004-FILTRO
L01930751,SA10384K,FILTRO ARIA ESTERNO P772545 HIFI ACCOPPIATO CON SA10754,https://e-commerce.michelecaroli.com/wso/pages/user/wso0205.jsf?idaa=336010&codart=SA10384K&marart=230&seopth=HIFI-FILTRI-SA10384K-FILTRO-ARIA-ESTERNO-P772545-HIFI
L01930010,SP-966,FILTRO CARB. ALCO,https://e-commerce.michelecaroli.com/wso/pages/user/wso0205.jsf?idaa=466428&codart=SP-966&marart=ALCO&seopth=ALCO-SP-966-FILTRO-CARB-ALCO
L01909128,MD-552K,FILTRO ARIA INTERNO 71 MM,https://e-commerce.michelecaroli.com/wso/pages/user/wso0205.jsf?idaa=464008&codart=MD-552K&marart=ALCO&seopth=ALCO-MD-552K-FILTRO-ARIA-INTERNO-71-MM
L0177,MCB160177,FARO DA LAVORO 9 LED 48W 9-32V 3071 LUMEN IP 67 GARANZIA 12 MESI,https://e-commerce.michelecaroli.com/wso/pages/user/wso0205.jsf?idaa=530697&codart=MCB160177&marart=97&seopth=MCB-FARI-DA-LAVORO-MCB160177-FARO-DA-LAVORO-9-LED-48W-9-32V
L0177,MCB160177,FARO DA LAVORO 9 LED 48W 9-32V 3071 LUMEN IP 67 GARANZIA 12 MESI,https://e-commerce.michelecaroli.com/wso/pages/user/wso0205.jsf?idaa=530697&codart=MCB160177&marart=97&seopth=MCB-FARI-DA-LAVORO-MCB160177-FARO-DA-LAVORO-9-LED-48W-9-32V
L01753,WE2072,FILTRO ACQUA P552072 HIFI,https://e-commerce.michelecaroli.com/wso/pages/user/wso0205.jsf?idaa=395492&codart=WE2072&marart=230&seopth=HIFI-FILTRI-WE2072-FILTRO-ACQUA-P552072-HIFI
L017181,SAT01SCB076001,,https://e-commerce.michelecaroli.com/wso/pages/user/wso0205.jsf?idaa=438641&codart=SAT01SCB076001&marart=230&seopth=HIFI-FILTRI-SAT01SCB076001-FILTRO
L01499427,P551018,FILTRO OLIO,https://e-commerce.michelecaroli.com/wso/pages/user/wso0205.jsf?idaa=313776&codart=P551018&marart=227&seopth=DONALDSON-FILTRI-P551018-FILTRO-OLIO
L01499247,P551018,FILTRO OLIO,https://e-commerce.michelecaroli.com/wso/pages/user/wso0205.jsf?idaa=313776&codart=P551018&marart=227&seopth=DONALDSON-FILTRI-P551018-FILTRO-OLIO
L01449793,SP-821,FILTRO CARB.,https://e-commerce.michelecaroli.com/wso/pages/user/wso0205.jsf?idaa=466319&codart=SP-821&marart=ALCO&seopth=ALCO-SP-821-FILTRO-CARB-
L013782,M070028,"MUFFLER, ROUND STYLE 1",https://e-commerce.michelecaroli.com/wso/pages/user/wso0205.jsf?idaa=442867&codart=M070028&marart=227&seopth=DONALDSON-FILTRI-M070028-MUFFLER-ROUND-STYLE-1
L0127B,h002436,"PRE FILTRO TOP SPIN 2,5 64X162X146 MM",https://e-commerce.michelecaroli.com/wso/pages/user/wso0205.jsf?idaa=154217&codart=h002436&marart=227&seopth=DONALDSON-FILTRI-h002436-PRE-FILTRO-TOP-SPIN-2-5
L011251,P105530,MANICOTTO DONALDSON PIO 5530,https://e-commerce.michelecaroli.com/wso/pages/user/wso0205.jsf?idaa=154531&codart=P105530&marart=227&seopth=DONALDSON-FILTRI-P105530-MANICOTTO-DONALDSON-PIO-5530
L011247,P007191,FASCIA MONTAGGIO P00-7191,https://e-commerce.michelecaroli.com/wso/pages/user/wso0205.jsf?idaa=154488&codart=P007191&marart=227&seopth=DONALDSON-FILTRI-P007191-FASCIA-MONTAGGIO-P00-7191
L010303,P102820,RIDUTTORE DONALDSON 64X76X114,https://e-commerce.michelecaroli.com/wso/pages/user/wso0205.jsf?idaa=154516&codart=P102820&marart=227&seopth=DONALDSON-FILTRI-P102820-RIDUTTORE-DONALDSON-64X76X114
L0060501,L0-0605-01,,https://e-commerce.michelecaroli.com/wso/pages/user/wso0205.jsf?idaa=397589&codart=L0-0605-01&marart=230&seopth=HIFI-FILTRI-L0-0605-01-FILTRO-DI-AEREAZ-HIFI
L0009839015,SA14008,FILTRO ARIA P181088 HIFI,https://e-commerce.michelecaroli.com/wso/pages/user/wso0205.jsf?idaa=288853&codart=SA14008&marart=230&seopth=HIFI-FILTRI-SA14008-FILTRO-ARIA-P181088-HIFI
L0009839014,SA14085,FILTRO ARIA P181089 HIFI,https://e-commerce.michelecaroli.com/wso/pages/user/wso0205.jsf?idaa=288874&codart=SA14085&marart=230&seopth=HIFI-FILTRI-SA14085-FILTRO-ARIA-P181089-HIFI
L0002468,46346,FILTRO ARIA,https://e-commerce.michelecaroli.com/wso/pages/user/wso0205.jsf?idaa=367140&codart=46346&marart=218&seopth=WIX-INDUSTRIAL-HD-46346-FILTRO-ARIA
L0000804,SA14100,FILTRO ARIA P119778 HIFI,https://e-commerce.michelecaroli.com/wso/pages/user/wso0205.jsf?idaa=288876&codart=SA14100&marart=230&seopth=HIFI-FILTRI-SA14100-FILTRO-ARIA-P119778-HIFI
KZ100143,46294E,,https://e-commerce.michelecaroli.com/wso/pages/user/wso0205.jsf?idaa=369048&codart=46294E&marart=218&seopth=WIX-INDUSTRIAL-HD-46294E-FILTRO-ARIA-P771594
KYX770132,KYX77-0132,,https://e-commerce.michelecaroli.com/wso/pages/user/wso0205.jsf?idaa=438569&codart=KYX77-0132&marart=230&seopth=HIFI-FILTRI-KYX77-0132-FILTRO
KYX006203,X006203,"SEAL CLAMP, 4 IN (102 MM)",https://e-commerce.michelecaroli.com/wso/pages/user/wso0205.jsf?idaa=443377&codart=X006203&marart=227&seopth=DONALDSON-FILTRI-X006203-SEAL-CLAMP-4-IN-102-MM-
KYX005207,X005207,"MUFFLER GUARD, 8.5-10 IN (216-254 M",https://e-commerce.michelecaroli.com/wso/pages/user/wso0205.jsf?idaa=443371&codart=X005207&marart=227&seopth=DONALDSON-FILTRI-X005207-MUFFLER-GUARD-8-5-10-IN-216-254-M
KYX004539,X004539,"SEAL CLAMP, 6 IN (152 MM) STAINLESS",https://e-commerce.michelecaroli.com/wso/pages/user/wso0205.jsf?idaa=443369&codart=X004539&marart=227&seopth=DONALDSON-FILTRI-X004539-SEAL-CLAMP-6-IN-152-MM-STAINLESS
KYX004538,X004538,"SEAL CLAMP, 2.75 IN (70 MM) STAINLE",https://e-commerce.michelecaroli.com/wso/pages/user/wso0205.jsf?idaa=443368&codart=X004538&marart=227&seopth=DONALDSON-FILTRI-X004538-SEAL-CLAMP-2-75-IN-70-MM-STAINLE
KYX004537,X004537,"SEAL CLAMP, 2.25 IN (57 MM) STAINLE",https://e-commerce.michelecaroli.com/wso/pages/user/wso0205.jsf?idaa=443367&codart=X004537&marart=227&seopth=DONALDSON-FILTRI-X004537-SEAL-CLAMP-2-25-IN-57-MM-STAINLE
KYX004536,X004536,"SEAL CLAMP, 2 IN (51 MM) STAINLESS",https://e-commerce.michelecaroli.com/wso/pages/user/wso0205.jsf?idaa=443366&codart=X004536&marart=227&seopth=DONALDSON-FILTRI-X004536-SEAL-CLAMP-2-IN-51-MM-STAINLESS
KYX004480016,X004480,"SEAL CLAMP, 3.5 IN 89 MM STAINLESS",https://e-commerce.michelecaroli.com/wso/pages/user/wso0205.jsf?idaa=443363&codart=X004480&marart=227&seopth=DONALDSON-FILTRI-X004480-SEAL-CLAMP-3-5-IN-89-MM-STAINLESS
KYX004480,X004480,"SEAL CLAMP, 3.5 IN 89 MM STAINLESS",https://e-commerce.michelecaroli.com/wso/pages/user/wso0205.jsf?idaa=443363&codart=X004480&marart=227&seopth=DONALDSON-FILTRI-X004480-SEAL-CLAMP-3-5-IN-89-MM-STAINLESS
KYX004478210,X004478,"SEAL CLAMP, 3 IN (76 MM) STAINLESS",https://e-commerce.michelecaroli.com/wso/pages/user/wso0205.jsf?idaa=443362&codart=X004478&marart=227&seopth=DONALDSON-FILTRI-X004478-SEAL-CLAMP-3-IN-76-MM-STAINLESS
KYX004478,X004478,"SEAL CLAMP, 3 IN (76 MM) STAINLESS",https://e-commerce.michelecaroli.com/wso/pages/user/wso0205.jsf?idaa=443362&codart=X004478&marart=227&seopth=DONALDSON-FILTRI-X004478-SEAL-CLAMP-3-IN-76-MM-STAINLESS
KYX004476,X004476,PURIFICATORI DI SCARICO,https://e-commerce.michelecaroli.com/wso/pages/user/wso0205.jsf?idaa=158304&codart=X004476&marart=227&seopth=DONALDSON-FILTRI-X004476-PURIFICATORI-DI-SCARICO
KX732D,95103E,,https://e-commerce.michelecaroli.com/wso/pages/user/wso0205.jsf?idaa=369650&codart=95103E&marart=218&seopth=WIX-INDUSTRIAL-HD-95103E-FILTRO-NAFTA
KX731,95103E,,https://e-commerce.michelecaroli.com/wso/pages/user/wso0205.jsf?idaa=369650&codart=95103E&marart=218&seopth=WIX-INDUSTRIAL-HD-95103E-FILTRO-NAFTA
KX72D,SN70160,FILTRO NAFTA HIFI,https://e-commerce.michelecaroli.com/wso/pages/user/wso0205.jsf?idaa=299487&codart=SN70160&marart=230&seopth=HIFI-FILTRI-SN70160-FILTRO-NAFTA-HIFI
KX672,95021E,FILTRO NAFTA P550632,https://e-commerce.michelecaroli.com/wso/pages/user/wso0205.jsf?idaa=369629&codart=95021E&marart=218&seopth=WIX-INDUSTRIAL-HD-95021E-FILTRO-NAFTA-P550632
KX671D,95021E,FILTRO NAFTA P550632,https://e-commerce.michelecaroli.com/wso/pages/user/wso0205.jsf?idaa=369629&codart=95021E&marart=218&seopth=WIX-INDUSTRIAL-HD-95021E-FILTRO-NAFTA-P550632
KX671,95021E,FILTRO NAFTA P550632,https://e-commerce.michelecaroli.com/wso/pages/user/wso0205.jsf?idaa=369629&codart=95021E&marart=218&seopth=WIX-INDUSTRIAL-HD-95021E-FILTRO-NAFTA-P550632
KX67,95021E,FILTRO NAFTA P550632,https://e-commerce.michelecaroli.com/wso/pages/user/wso0205.jsf?idaa=369629&codart=95021E&marart=218&seopth=WIX-INDUSTRIAL-HD-95021E-FILTRO-NAFTA-P550632
KX49,33167FE,FILTRO NAFTA# P550860,https://e-commerce.michelecaroli.com/wso/pages/user/wso0205.jsf?idaa=368996&codart=33167FE&marart=218&seopth=WIX-INDUSTRIAL-HD-33167FE-FILTRO-NAFTA-P550860
KX43,33167E,FILTRO NAFTA# P550060,https://e-commerce.michelecaroli.com/wso/pages/user/wso0205.jsf?idaa=368995&codart=33167E&marart=218&seopth=WIX-INDUSTRIAL-HD-33167E-FILTRO-NAFTA-P550060
KX43,33167E,FILTRO NAFTA# P550060,https://e-commerce.michelecaroli.com/wso/pages/user/wso0205.jsf?idaa=368995&codart=33167E&marart=218&seopth=WIX-INDUSTRIAL-HD-33167E-FILTRO-NAFTA-P550060
KX41,33512,FILTRO NAFTA,https://e-commerce.michelecaroli.com/wso/pages/user/wso0205.jsf?idaa=365932&codart=33512&marart=218&seopth=WIX-INDUSTRIAL-HD-33512-FILTRO-NAFTA
KX40,33112E,FILTRO NAFTA# P550861,https://e-commerce.michelecaroli.com/wso/pages/user/wso0205.jsf?idaa=368986&codart=33112E&marart=218&seopth=WIX-INDUSTRIAL-HD-33112E-FILTRO-NAFTA-P550861
KX39,SN70145,FILTRO NAFTA HIFI,https://e-commerce.michelecaroli.com/wso/pages/user/wso0205.jsf?idaa=299473&codart=SN70145&marart=230&seopth=HIFI-FILTRI-SN70145-FILTRO-NAFTA-HIFI
KX30,33080,FILTRO NAFTA esaurito wix,https://e-commerce.michelecaroli.com/wso/pages/user/wso0205.jsf?idaa=365765&codart=33080&marart=218&seopth=WIX-INDUSTRIAL-HD-33080-FILTRO-NAFTA-esaurito-wix
KX3,SN70114,FILTRO NAFTA HIFI,https://e-commerce.michelecaroli.com/wso/pages/user/wso0205.jsf?idaa=299452&codart=SN70114&marart=230&seopth=HIFI-FILTRI-SN70114-FILTRO-NAFTA-HIFI
KX28,SN537,FILTRO NAFTA HIFI,https://e-commerce.michelecaroli.com/wso/pages/user/wso0205.jsf?idaa=299389&codart=SN537&marart=230&seopth=HIFI-FILTRI-SN537-FILTRO-NAFTA-HIFI
KX27D,P550349,FILTRO GASOLIO,https://e-commerce.michelecaroli.com/wso/pages/user/wso0205.jsf?idaa=156557&codart=P550349&marart=227&seopth=DONALDSON-FILTRI-P550349-FILTRO-GASOLIO
KX2766,SN70399,FILTRO NAFTA HIFI,https://e-commerce.michelecaroli.com/wso/pages/user/wso0205.jsf?idaa=299682&codart=SN70399&marart=230&seopth=HIFI-FILTRI-SN70399-FILTRO-NAFTA-HIFI
KX27606,KN70416,FILTRO NAFTA HIFI,https://e-commerce.michelecaroli.com/wso/pages/user/wso0205.jsf?idaa=397583&codart=KN70416&marart=230&seopth=HIFI-FILTRI-KN70416-FILTRO-NAFTA-HIFI
KX27,P550349,FILTRO GASOLIO,https://e-commerce.michelecaroli.com/wso/pages/user/wso0205.jsf?idaa=156557&codart=P550349&marart=227&seopth=DONALDSON-FILTRI-P550349-FILTRO-GASOLIO
KX230DECO,SN70296,FILTRO P954604 HIFI,https://e-commerce.michelecaroli.com/wso/pages/user/wso0205.jsf?idaa=299607&codart=SN70296&marart=230&seopth=HIFI-FILTRI-SN70296-FILTRO-P954604-HIFI
KX220DECO,MD-613,FILTRO CARB.,https://e-commerce.michelecaroli.com/wso/pages/user/wso0205.jsf?idaa=463782&codart=MD-613&marart=ALCO&seopth=ALCO-MD-613-FILTRO-CARB-
KX220,FFF-VW-036,FILTRO GASOLIO PE973/3,https://e-commerce.michelecaroli.com/wso/pages/user/wso0205.jsf?idaa=470861&codart=FFF-VW-036&marart=WINF&seopth=WINFIL-FFF-VW-036-FILTRO-GASOLIO-PE973-3
KX22,33348,FILTRO NAFTA,https://e-commerce.michelecaroli.com/wso/pages/user/wso0205.jsf?idaa=365340&codart=33348&marart=218&seopth=WIX-INDUSTRIAL-HD-33348-FILTRO-NAFTA
KX2,33358SE,FILTRO GASOLIO P553004,https://e-commerce.michelecaroli.com/wso/pages/user/wso0205.jsf?idaa=348479&codart=33358SE&marart=219&seopth=WIX-AUTO-FILTRI-33358SE-FILTRO-GASOLIO-P553004
KX2,33358SE,FILTRO GASOLIO P553004,https://e-commerce.michelecaroli.com/wso/pages/user/wso0205.jsf?idaa=348479&codart=33358SE&marart=219&seopth=WIX-AUTO-FILTRI-33358SE-FILTRO-GASOLIO-P553004
KX1911DECO,95042E,,https://e-commerce.michelecaroli.com/wso/pages/user/wso0205.jsf?idaa=369642&codart=95042E&marart=218&seopth=WIX-INDUSTRIAL-HD-95042E-FILTRO-NAFTA
KX182DECO,MD-805,FILTRO CARB.,https://e-commerce.michelecaroli.com/wso/pages/user/wso0205.jsf?idaa=464595&codart=MD-805&marart=ALCO&seopth=ALCO-MD-805-FILTRO-CARB-
KX18,21.059.00,FILTRO NAFTA UFI 21.059.00,https://e-commerce.michelecaroli.com/wso/pages/user/wso0205.jsf?idaa=149306&codart=21.059.00&marart=UFIHD&seopth=UFI-HD-21-059-00-FILTRO-NAFTA-UFI-21-059-00
KWH0050,SA10833,FILTRO ARIA P114931 HIFI,https://e-commerce.michelecaroli.com/wso/pages/user/wso0205.jsf?idaa=336071&codart=SA10833&marart=230&seopth=HIFI-FILTRI-SA10833-FILTRO-ARIA-P114931-HIFI
KWH0029,42128,FILTRO ARIA,https://e-commerce.michelecaroli.com/wso/pages/user/wso0205.jsf?idaa=366342&codart=42128&marart=218&seopth=WIX-INDUSTRIAL-HD-42128-FILTRO-ARIA
KW872M,P181099,FILTRO ARIA DONALDSON PI8-1099,https://e-commerce.michelecaroli.com/wso/pages/user/wso0205.jsf?idaa=155853&codart=P181099&marart=227&seopth=DONALDSON-FILTRI-P181099-FILTRO-ARIA-DONALDSON-PI8-1099
KW872,P181099,FILTRO ARIA DONALDSON PI8-1099,https://e-commerce.michelecaroli.com/wso/pages/user/wso0205.jsf?idaa=155853&codart=P181099&marart=227&seopth=DONALDSON-FILTRI-P181099-FILTRO-ARIA-DONALDSON-PI8-1099
KW777,P550777,FILTRO@OLIO DONALDSON conf.6,https://e-commerce.michelecaroli.com/wso/pages/user/wso0205.jsf?idaa=156797&codart=P550777&marart=227&seopth=DONALDSON-FILTRI-P550777-FILTRO-OLIO-DONALDSON-conf-6
KW77,P550777,FILTRO@OLIO DONALDSON conf.6,https://e-commerce.michelecaroli.com/wso/pages/user/wso0205.jsf?idaa=156797&codart=P550777&marart=227&seopth=DONALDSON-FILTRI-P550777-FILTRO-OLIO-DONALDSON-conf-6
KW7332,P182001,FILTRO ARIA,https://e-commerce.michelecaroli.com/wso/pages/user/wso0205.jsf?idaa=313753&codart=P182001&marart=227&seopth=DONALDSON-FILTRI-P182001-FILTRO-ARIA
KW7331,P182000,"AIR FILTER, PRIMARY FINNED",https://e-commerce.michelecaroli.com/wso/pages/user/wso0205.jsf?idaa=441114&codart=P182000&marart=227&seopth=DONALDSON-FILTRI-P182000-AIR-FILTER-PRIMARY-FINNED
KW691,SO691,FILTRO OLIO P554005 HIFI,https://e-commerce.michelecaroli.com/wso/pages/user/wso0205.jsf?idaa=300376&codart=SO691&marart=230&seopth=HIFI-FILTRI-SO691-FILTRO-OLIO-P554005-HIFI
KW670SC,P550671,FILTRO OLIO,https://e-commerce.michelecaroli.com/wso/pages/user/wso0205.jsf?idaa=156730&codart=P550671&marart=227&seopth=DONALDSON-FILTRI-P550671-FILTRO-OLIO
KW670,SO3333,FILTRO OLIO P551670# HIFI,https://e-commerce.michelecaroli.com/wso/pages/user/wso0205.jsf?idaa=300892&codart=SO3333&marart=230&seopth=HIFI-FILTRI-SO3333-FILTRO-OLIO-P551670-HIFI
KW667,SO667,FILTRO OLIO P554004 HIFI,https://e-commerce.michelecaroli.com/wso/pages/user/wso0205.jsf?idaa=300364&codart=SO667&marart=230&seopth=HIFI-FILTRI-SO667-FILTRO-OLIO-P554004-HIFI
KW637,51637,FILTRO OLIO,https://e-commerce.michelecaroli.com/wso/pages/user/wso0205.jsf?idaa=368510&codart=51637&marart=218&seopth=WIX-INDUSTRIAL-HD-51637-FILTRO-OLIO
KW516,51954,FILTRO OLIO,https://e-commerce.michelecaroli.com/wso/pages/user/wso0205.jsf?idaa=368689&codart=51954&marart=218&seopth=WIX-INDUSTRIAL-HD-51954-FILTRO-OLIO
KW509,51133,FILTRO OLIO# P550132,https://e-commerce.michelecaroli.com/wso/pages/user/wso0205.jsf?idaa=368125&codart=51133&marart=218&seopth=WIX-INDUSTRIAL-HD-51133-FILTRO-OLIO-P550132
KW422,24429,FILTRO ACQUA,https://e-commerce.michelecaroli.com/wso/pages/user/wso0205.jsf?idaa=365569&codart=24429&marart=218&seopth=WIX-INDUSTRIAL-HD-24429-FILTRO-ACQUA
KW3551,46883,FILTRO ARIA,https://e-commerce.michelecaroli.com/wso/pages/user/wso0205.jsf?idaa=367596&codart=46883&marart=218&seopth=WIX-INDUSTRIAL-HD-46883-FILTRO-ARIA
KW213,SN105,FILTRO NAFTA P550105 HIFI,https://e-commerce.michelecaroli.com/wso/pages/user/wso0205.jsf?idaa=298869&codart=SN105&marart=230&seopth=HIFI-FILTRI-SN105-FILTRO-NAFTA-P550105-HIFI
KW2053,WE2060,FILTRO ACQUA P554073 HIFI EX. WE2069,https://e-commerce.michelecaroli.com/wso/pages/user/wso0205.jsf?idaa=424763&codart=WE2060&marart=230&seopth=HIFI-FILTRI-WE2060-FILTRO-ACQUA-P554073-HIFI
KW2052,WE2072,FILTRO ACQUA P552072 HIFI,https://e-commerce.michelecaroli.com/wso/pages/user/wso0205.jsf?idaa=395492&codart=WE2072&marart=230&seopth=HIFI-FILTRI-WE2072-FILTRO-ACQUA-P552072-HIFI
KW2051,P552071,FILTRO ACQUA DONALDSON conf.12 50 M ICRON,https://e-commerce.michelecaroli.com/wso/pages/user/wso0205.jsf?idaa=157025&codart=P552071&marart=227&seopth=DONALDSON-FILTRI-P552071-FILTRO-ACQUA-DONALDSON-conf-12-50-M
KW2011,P554685,FILTRO ACQUA DONALDSON P55-4685 conf.12,https://e-commerce.michelecaroli.com/wso/pages/user/wso0205.jsf?idaa=157118&codart=P554685&marart=227&seopth=DONALDSON-FILTRI-P554685-FILTRO-ACQUA-DONALDSON-P55-4685
KW2010,P552071,FILTRO ACQUA DONALDSON conf.12 50 M ICRON,https://e-commerce.michelecaroli.com/wso/pages/user/wso0205.jsf?idaa=157025&codart=P552071&marart=227&seopth=DONALDSON-FILTRI-P552071-FILTRO-ACQUA-DONALDSON-conf-12-50-M
KW185,SN185,FILTRO NAFTA P557440# HIFI,https://e-commerce.michelecaroli.com/wso/pages/user/wso0205.jsf?idaa=298907&codart=SN185&marart=230&seopth=HIFI-FILTRI-SN185-FILTRO-NAFTA-P557440-HIFI
KW1213,P558010,FILTRO NAFTA SEP.P55-8010,https://e-commerce.michelecaroli.com/wso/pages/user/wso0205.jsf?idaa=157183&codart=P558010&marart=227&seopth=DONALDSON-FILTRI-P558010-FILTRO-NAFTA-SEP-P55-8010
KW1212,SN1212,FILTRO NAFTA P558000 HIFI,https://e-commerce.michelecaroli.com/wso/pages/user/wso0205.jsf?idaa=298888&codart=SN1212&marart=230&seopth=HIFI-FILTRI-SN1212-FILTRO-NAFTA-P558000-HIFI
KW110,33512,FILTRO NAFTA,https://e-commerce.michelecaroli.com/wso/pages/user/wso0205.jsf?idaa=365932&codart=33512&marart=218&seopth=WIX-INDUSTRIAL-HD-33512-FILTRO-NAFTA
KW105,SN105,FILTRO NAFTA P550105 HIFI,https://e-commerce.michelecaroli.com/wso/pages/user/wso0205.jsf?idaa=298869&codart=SN105&marart=230&seopth=HIFI-FILTRI-SN105-FILTRO-NAFTA-P550105-HIFI
