Code searched,Matched code,Part Category on Michele,Link to Michele product
LF156,51127,FILTRO IDRAULICO,https://e-commerce.michelecaroli.com/wso/pages/user/wso0205.jsf?idaa=368123&codart=51127&marart=218&seopth=WIX-INDUSTRIAL-HD-51127-FILTRO-IDRAULICO
LF155,P502020,"LUBE FILTER, SPIN-ON FULL FLOW",https://e-commerce.michelecaroli.com/wso/pages/user/wso0205.jsf?idaa=441443&codart=P502020&marart=227&seopth=DONALDSON-FILTRI-P502020-LUBE-FILTER-SPIN-ON-FULL-FLOW
LF150,51506,FILTRO IDRAULICO,https://e-commerce.michelecaroli.com/wso/pages/user/wso0205.jsf?idaa=368390&codart=51506&marart=218&seopth=WIX-INDUSTRIAL-HD-51506-FILTRO-IDRAULICO
LF15,SO580,FILTRO OLIO P550008# HIFI,https://e-commerce.michelecaroli.com/wso/pages/user/wso0205.jsf?idaa=300199&codart=SO580&marart=230&seopth=HIFI-FILTRI-SO580-FILTRO-OLIO-P550008-HIFI
LF148,SO8000,FILTRO OLIO HIFI,https://e-commerce.michelecaroli.com/wso/pages/user/wso0205.jsf?idaa=301383&codart=SO8000&marart=230&seopth=HIFI-FILTRI-SO8000-FILTRO-OLIO-HIFI
LF147,T7317,FILTRO OLIO P551343 HIFI,https://e-commerce.michelecaroli.com/wso/pages/user/wso0205.jsf?idaa=395353&codart=T7317&marart=230&seopth=HIFI-FILTRI-T7317-FILTRO-OLIO-P551343-HIFI
LF146,SP-934,FILTRO OLIO,https://e-commerce.michelecaroli.com/wso/pages/user/wso0205.jsf?idaa=466400&codart=SP-934&marart=ALCO&seopth=ALCO-SP-934-FILTRO-OLIO
LF145,P502048,FILTRO OLIO,https://e-commerce.michelecaroli.com/wso/pages/user/wso0205.jsf?idaa=155998&codart=P502048&marart=227&seopth=DONALDSON-FILTRI-P502048-FILTRO-OLIO
LF144,P550173,FILTRO OLIO ATTUALE P550935,https://e-commerce.michelecaroli.com/wso/pages/user/wso0205.jsf?idaa=156489&codart=P550173&marart=227&seopth=DONALDSON-FILTRI-P550173-FILTRO-OLIO-ATTUALE-P550935
LF142,P550095,FILTRO OLIO DONALDSON P55-0095 OBSO LETO,https://e-commerce.michelecaroli.com/wso/pages/user/wso0205.jsf?idaa=156453&codart=P550095&marart=227&seopth=DONALDSON-FILTRI-P550095-FILTRO-OLIO-DONALDSON-P55-0095-OBSO
LF140,SH56157,FILTRO HYDR. P550222 HIFI,https://e-commerce.michelecaroli.com/wso/pages/user/wso0205.jsf?idaa=294040&codart=SH56157&marart=230&seopth=HIFI-FILTRI-SH56157-FILTRO-HYDR-P550222-HIFI
LF14,33260,FILTRO NAFTA,https://e-commerce.michelecaroli.com/wso/pages/user/wso0205.jsf?idaa=365363&codart=33260&marart=218&seopth=WIX-INDUSTRIAL-HD-33260-FILTRO-NAFTA
LF138,51795,FILTRO OLIO,https://e-commerce.michelecaroli.com/wso/pages/user/wso0205.jsf?idaa=368634&codart=51795&marart=218&seopth=WIX-INDUSTRIAL-HD-51795-FILTRO-OLIO
LF137,SO517,,https://e-commerce.michelecaroli.com/wso/pages/user/wso0205.jsf?idaa=438582&codart=SO517&marart=230&seopth=HIFI-FILTRI-SO517-FILTRO
LF134,P550400,FILTRO OLIO DONALDSON P55-0400,https://e-commerce.michelecaroli.com/wso/pages/user/wso0205.jsf?idaa=156593&codart=P550400&marart=227&seopth=DONALDSON-FILTRI-P550400-FILTRO-OLIO-DONALDSON-P55-0400
LF130,51010,FILTRO OLIO,https://e-commerce.michelecaroli.com/wso/pages/user/wso0205.jsf?idaa=368066&codart=51010&marart=218&seopth=WIX-INDUSTRIAL-HD-51010-FILTRO-OLIO
LF129,SO632,,https://e-commerce.michelecaroli.com/wso/pages/user/wso0205.jsf?idaa=300349&codart=SO632&marart=230&seopth=HIFI-FILTRI-SO632-FILTRO-OLIO-HIFI
LF128,51080,FILTRO OLIO,https://e-commerce.michelecaroli.com/wso/pages/user/wso0205.jsf?idaa=368097&codart=51080&marart=218&seopth=WIX-INDUSTRIAL-HD-51080-FILTRO-OLIO
LF127,23.108.01,FILTRO OLIO UFI P553411 ex.codice 23.108.00,https://e-commerce.michelecaroli.com/wso/pages/user/wso0205.jsf?idaa=149348&codart=23.108.01&marart=UFIHD&seopth=UFI-HD-23-108-01-FILTRO-OLIO-UFI-P553411
LF126,SO599,FILTRO OLIO HIFI,https://e-commerce.michelecaroli.com/wso/pages/user/wso0205.jsf?idaa=300207&codart=SO599&marart=230&seopth=HIFI-FILTRI-SO599-FILTRO-OLIO-HIFI
LF124,MD-013,FILTRO OLIO,https://e-commerce.michelecaroli.com/wso/pages/user/wso0205.jsf?idaa=463424&codart=MD-013&marart=ALCO&seopth=ALCO-MD-013-FILTRO-OLIO
LF1218,51060,FILTRO OLIO,https://e-commerce.michelecaroli.com/wso/pages/user/wso0205.jsf?idaa=368084&codart=51060&marart=218&seopth=WIX-INDUSTRIAL-HD-51060-FILTRO-OLIO
LF121,51271,FILTRO OLIO,https://e-commerce.michelecaroli.com/wso/pages/user/wso0205.jsf?idaa=368221&codart=51271&marart=218&seopth=WIX-INDUSTRIAL-HD-51271-FILTRO-OLIO
LF12,SP4464,,https://e-commerce.michelecaroli.com/wso/pages/user/wso0205.jsf?idaa=414708&codart=SP4464&marart=233&seopth=SF-FILTER-SP4464-FILTRO-OLIO
LF11K,SP-902,FILTRO CARB.,https://e-commerce.michelecaroli.com/wso/pages/user/wso0205.jsf?idaa=466374&codart=SP-902&marart=ALCO&seopth=ALCO-SP-902-FILTRO-CARB-
LF119,P551014,FILTRO OLIO DONALDSON P55-1014,https://e-commerce.michelecaroli.com/wso/pages/user/wso0205.jsf?idaa=156890&codart=P551014&marart=227&seopth=DONALDSON-FILTRI-P551014-FILTRO-OLIO-DONALDSON-P55-1014
LF117,51050,FILTRO OLIO,https://e-commerce.michelecaroli.com/wso/pages/user/wso0205.jsf?idaa=368079&codart=51050&marart=218&seopth=WIX-INDUSTRIAL-HD-51050-FILTRO-OLIO
LF115,SO580,FILTRO OLIO P550008# HIFI,https://e-commerce.michelecaroli.com/wso/pages/user/wso0205.jsf?idaa=300199&codart=SO580&marart=230&seopth=HIFI-FILTRI-SO580-FILTRO-OLIO-P550008-HIFI
LF113,SP-1002,FILTRO OLIO,https://e-commerce.michelecaroli.com/wso/pages/user/wso0205.jsf?idaa=465814&codart=SP-1002&marart=ALCO&seopth=ALCO-SP-1002-FILTRO-OLIO
LF112,SO1594,FILTRO OLIO P550183 HIFI,https://e-commerce.michelecaroli.com/wso/pages/user/wso0205.jsf?idaa=300845&codart=SO1594&marart=230&seopth=HIFI-FILTRI-SO1594-FILTRO-OLIO-P550183-HIFI
LF111,51072,FILTRO OLIO,https://e-commerce.michelecaroli.com/wso/pages/user/wso0205.jsf?idaa=368093&codart=51072&marart=218&seopth=WIX-INDUSTRIAL-HD-51072-FILTRO-OLIO
LF111,51072,FILTRO OLIO,https://e-commerce.michelecaroli.com/wso/pages/user/wso0205.jsf?idaa=368093&codart=51072&marart=218&seopth=WIX-INDUSTRIAL-HD-51072-FILTRO-OLIO
LF110,P550965,FILTRO OLIO,https://e-commerce.michelecaroli.com/wso/pages/user/wso0205.jsf?idaa=156876&codart=P550965&marart=227&seopth=DONALDSON-FILTRI-P550965-FILTRO-OLIO
LF11,51061,FILTRO OLIO,https://e-commerce.michelecaroli.com/wso/pages/user/wso0205.jsf?idaa=368085&codart=51061&marart=218&seopth=WIX-INDUSTRIAL-HD-51061-FILTRO-OLIO
LF109,51420,FILTRO IDRAULICO,https://e-commerce.michelecaroli.com/wso/pages/user/wso0205.jsf?idaa=368323&codart=51420&marart=218&seopth=WIX-INDUSTRIAL-HD-51420-FILTRO-IDRAULICO
LF108,SP-1014,FILTRO OLIO ALCO,https://e-commerce.michelecaroli.com/wso/pages/user/wso0205.jsf?idaa=465824&codart=SP-1014&marart=ALCO&seopth=ALCO-SP-1014-FILTRO-OLIO-ALCO
LF107,23.127.00,FILTRO OLIO UFI 23.127.00,https://e-commerce.michelecaroli.com/wso/pages/user/wso0205.jsf?idaa=149367&codart=23.127.00&marart=UFIHD&seopth=UFI-HD-23-127-00-FILTRO-OLIO-UFI-23-127-00
LF106,51021E,FILTRO OLIO#,https://e-commerce.michelecaroli.com/wso/pages/user/wso0205.jsf?idaa=369090&codart=51021E&marart=218&seopth=WIX-INDUSTRIAL-HD-51021E-FILTRO-OLIO-
LF103,51021E,FILTRO OLIO#,https://e-commerce.michelecaroli.com/wso/pages/user/wso0205.jsf?idaa=369090&codart=51021E&marart=218&seopth=WIX-INDUSTRIAL-HD-51021E-FILTRO-OLIO-
LF102F,P182000,"AIR FILTER, PRIMARY FINNED",https://e-commerce.michelecaroli.com/wso/pages/user/wso0205.jsf?idaa=441114&codart=P182000&marart=227&seopth=DONALDSON-FILTRI-P182000-AIR-FILTER-PRIMARY-FINNED
LF102,51010,FILTRO OLIO,https://e-commerce.michelecaroli.com/wso/pages/user/wso0205.jsf?idaa=368066&codart=51010&marart=218&seopth=WIX-INDUSTRIAL-HD-51010-FILTRO-OLIO
LF101,SO7106,FILTRO OLIO P550170 HIFI,https://e-commerce.michelecaroli.com/wso/pages/user/wso0205.jsf?idaa=301239&codart=SO7106&marart=230&seopth=HIFI-FILTRI-SO7106-FILTRO-OLIO-P550170-HIFI
LF100,SN216,FILTRO NAFTA P554347 HIFI,https://e-commerce.michelecaroli.com/wso/pages/user/wso0205.jsf?idaa=299762&codart=SN216&marart=230&seopth=HIFI-FILTRI-SN216-FILTRO-NAFTA-P554347-HIFI
LF1,SO580,FILTRO OLIO P550008# HIFI,https://e-commerce.michelecaroli.com/wso/pages/user/wso0205.jsf?idaa=300199&codart=SO580&marart=230&seopth=HIFI-FILTRI-SO580-FILTRO-OLIO-P550008-HIFI
LF0900900,SO3000,FILTRO OLIO P553000 HIFI,https://e-commerce.michelecaroli.com/wso/pages/user/wso0205.jsf?idaa=300875&codart=SO3000&marart=230&seopth=HIFI-FILTRI-SO3000-FILTRO-OLIO-P553000-HIFI
LER84,51794,FILTRO OLIO,https://e-commerce.michelecaroli.com/wso/pages/user/wso0205.jsf?idaa=368633&codart=51794&marart=218&seopth=WIX-INDUSTRIAL-HD-51794-FILTRO-OLIO
LER83,SO580,FILTRO OLIO P550008# HIFI,https://e-commerce.michelecaroli.com/wso/pages/user/wso0205.jsf?idaa=300199&codart=SO580&marart=230&seopth=HIFI-FILTRI-SO580-FILTRO-OLIO-P550008-HIFI
LER81,SO689,FILTRO OLIO P552518 HIFI,https://e-commerce.michelecaroli.com/wso/pages/user/wso0205.jsf?idaa=300375&codart=SO689&marart=230&seopth=HIFI-FILTRI-SO689-FILTRO-OLIO-P552518-HIFI
LER73,SO8000,FILTRO OLIO HIFI,https://e-commerce.michelecaroli.com/wso/pages/user/wso0205.jsf?idaa=301383&codart=SO8000&marart=230&seopth=HIFI-FILTRI-SO8000-FILTRO-OLIO-HIFI
LER64A,SP-812,FILTRO OLIO,https://e-commerce.michelecaroli.com/wso/pages/user/wso0205.jsf?idaa=466312&codart=SP-812&marart=ALCO&seopth=ALCO-SP-812-FILTRO-OLIO
LER64,T1624,FILTRO OLIO P550227 HIFI,https://e-commerce.michelecaroli.com/wso/pages/user/wso0205.jsf?idaa=395320&codart=T1624&marart=230&seopth=HIFI-FILTRI-T1624-FILTRO-OLIO-P550227-HIFI
LER5,51049,FILTRO OLIO,https://e-commerce.michelecaroli.com/wso/pages/user/wso0205.jsf?idaa=368078&codart=51049&marart=218&seopth=WIX-INDUSTRIAL-HD-51049-FILTRO-OLIO
LER49,SP4464,,https://e-commerce.michelecaroli.com/wso/pages/user/wso0205.jsf?idaa=414708&codart=SP4464&marart=233&seopth=SF-FILTER-SP4464-FILTRO-OLIO
LER42,T6720,FILTRO OLIO P550078 HIFI,https://e-commerce.michelecaroli.com/wso/pages/user/wso0205.jsf?idaa=395341&codart=T6720&marart=230&seopth=HIFI-FILTRI-T6720-FILTRO-OLIO-P550078-HIFI
LER40,SP4464,,https://e-commerce.michelecaroli.com/wso/pages/user/wso0205.jsf?idaa=414708&codart=SP4464&marart=233&seopth=SF-FILTER-SP4464-FILTRO-OLIO
LER40,SP4464,,https://e-commerce.michelecaroli.com/wso/pages/user/wso0205.jsf?idaa=414708&codart=SP4464&marart=233&seopth=SF-FILTER-SP4464-FILTRO-OLIO
LER28,SO059,FILTRO OLIO HIFI,https://e-commerce.michelecaroli.com/wso/pages/user/wso0205.jsf?idaa=300664&codart=SO059&marart=230&seopth=HIFI-FILTRI-SO059-FILTRO-OLIO-HIFI
LER28,SO059,FILTRO OLIO HIFI,https://e-commerce.michelecaroli.com/wso/pages/user/wso0205.jsf?idaa=300664&codart=SO059&marart=230&seopth=HIFI-FILTRI-SO059-FILTRO-OLIO-HIFI
LER252,SP-812,FILTRO OLIO,https://e-commerce.michelecaroli.com/wso/pages/user/wso0205.jsf?idaa=466312&codart=SP-812&marart=ALCO&seopth=ALCO-SP-812-FILTRO-OLIO
LER241,51348,FILTRO OLIO# P550335,https://e-commerce.michelecaroli.com/wso/pages/user/wso0205.jsf?idaa=368274&codart=51348&marart=218&seopth=WIX-INDUSTRIAL-HD-51348-FILTRO-OLIO-P550335
LER1A,SO580,FILTRO OLIO P550008# HIFI,https://e-commerce.michelecaroli.com/wso/pages/user/wso0205.jsf?idaa=300199&codart=SO580&marart=230&seopth=HIFI-FILTRI-SO580-FILTRO-OLIO-P550008-HIFI
LER195,P550400,FILTRO OLIO DONALDSON P55-0400,https://e-commerce.michelecaroli.com/wso/pages/user/wso0205.jsf?idaa=156593&codart=P550400&marart=227&seopth=DONALDSON-FILTRI-P550400-FILTRO-OLIO-DONALDSON-P55-0400
LER194,P550173,FILTRO OLIO ATTUALE P550935,https://e-commerce.michelecaroli.com/wso/pages/user/wso0205.jsf?idaa=156489&codart=P550173&marart=227&seopth=DONALDSON-FILTRI-P550173-FILTRO-OLIO-ATTUALE-P550935
LER18,SO689,FILTRO OLIO P552518 HIFI,https://e-commerce.michelecaroli.com/wso/pages/user/wso0205.jsf?idaa=300375&codart=SO689&marart=230&seopth=HIFI-FILTRI-SO689-FILTRO-OLIO-P552518-HIFI
LER173,51036,FILTRO OLIO P550051,https://e-commerce.michelecaroli.com/wso/pages/user/wso0205.jsf?idaa=368073&codart=51036&marart=218&seopth=WIX-INDUSTRIAL-HD-51036-FILTRO-OLIO-P550051
LER17,P550095,FILTRO OLIO DONALDSON P55-0095 OBSO LETO,https://e-commerce.michelecaroli.com/wso/pages/user/wso0205.jsf?idaa=156453&codart=P550095&marart=227&seopth=DONALDSON-FILTRI-P550095-FILTRO-OLIO-DONALDSON-P55-0095-OBSO
LER17,P550095,FILTRO OLIO DONALDSON P55-0095 OBSO LETO,https://e-commerce.michelecaroli.com/wso/pages/user/wso0205.jsf?idaa=156453&codart=P550095&marart=227&seopth=DONALDSON-FILTRI-P550095-FILTRO-OLIO-DONALDSON-P55-0095-OBSO
LER124,51042,FILTRO OLIO,https://e-commerce.michelecaroli.com/wso/pages/user/wso0205.jsf?idaa=368076&codart=51042&marart=218&seopth=WIX-INDUSTRIAL-HD-51042-FILTRO-OLIO
LER119,SP-915,FILTRO OLIO ALCO,https://e-commerce.michelecaroli.com/wso/pages/user/wso0205.jsf?idaa=466385&codart=SP-915&marart=ALCO&seopth=ALCO-SP-915-FILTRO-OLIO-ALCO
LER111,SO780,FILTRO OLIO P550047 HIFI,https://e-commerce.michelecaroli.com/wso/pages/user/wso0205.jsf?idaa=301372&codart=SO780&marart=230&seopth=HIFI-FILTRI-SO780-FILTRO-OLIO-P550047-HIFI
LER110,WL7107,"FIILTRO OLIO BEDFO.BOBCATCASE JOHN DEERE. KUBOTA. HON. ACCORD, CIVIC,",https://e-commerce.michelecaroli.com/wso/pages/user/wso0205.jsf?idaa=143507&codart=WL7107&marart=219&seopth=WIX-AUTO-FILTRI-WL7107-FIILTRO-OLIO-BEDFO-BOBCATCASE-JOHN
LER1,SO580,FILTRO OLIO P550008# HIFI,https://e-commerce.michelecaroli.com/wso/pages/user/wso0205.jsf?idaa=300199&codart=SO580&marart=230&seopth=HIFI-FILTRI-SO580-FILTRO-OLIO-P550008-HIFI
LEG0039,P103198,VALVOLA D'EVACUAZIONE DIAM.76,https://e-commerce.michelecaroli.com/wso/pages/user/wso0205.jsf?idaa=154520&codart=P103198&marart=227&seopth=DONALDSON-FILTRI-P103198-VALVOLA-D-EVACUAZIONE-DIAM-76
LEF5182,SO7034,FILTRO OLIO P550764 HIFI,https://e-commerce.michelecaroli.com/wso/pages/user/wso0205.jsf?idaa=300449&codart=SO7034&marart=230&seopth=HIFI-FILTRI-SO7034-FILTRO-OLIO-P550764-HIFI
LEF5081,51148,,https://e-commerce.michelecaroli.com/wso/pages/user/wso0205.jsf?idaa=368136&codart=51148&marart=218&seopth=WIX-INDUSTRIAL-HD-51148-FILTRO-OLIO
LEF5066,51271,FILTRO OLIO,https://e-commerce.michelecaroli.com/wso/pages/user/wso0205.jsf?idaa=368221&codart=51271&marart=218&seopth=WIX-INDUSTRIAL-HD-51271-FILTRO-OLIO
LEF5054,51151,FILTRO OLIO,https://e-commerce.michelecaroli.com/wso/pages/user/wso0205.jsf?idaa=368138&codart=51151&marart=218&seopth=WIX-INDUSTRIAL-HD-51151-FILTRO-OLIO
LEF5052,51175,FILTRO IDRAULICO,https://e-commerce.michelecaroli.com/wso/pages/user/wso0205.jsf?idaa=368158&codart=51175&marart=218&seopth=WIX-INDUSTRIAL-HD-51175-FILTRO-IDRAULICO
LEF5046,SO780,FILTRO OLIO P550047 HIFI,https://e-commerce.michelecaroli.com/wso/pages/user/wso0205.jsf?idaa=301372&codart=SO780&marart=230&seopth=HIFI-FILTRI-SO780-FILTRO-OLIO-P550047-HIFI
LEF5046,SO780,FILTRO OLIO P550047 HIFI,https://e-commerce.michelecaroli.com/wso/pages/user/wso0205.jsf?idaa=301372&codart=SO780&marart=230&seopth=HIFI-FILTRI-SO780-FILTRO-OLIO-P550047-HIFI
LEF5044,P550059,FILTRO OLIO AD IMMERSIONE,https://e-commerce.michelecaroli.com/wso/pages/user/wso0205.jsf?idaa=156423&codart=P550059&marart=227&seopth=DONALDSON-FILTRI-P550059-FILTRO-OLIO-AD-IMMERSIONE
LEF5043,P550059,FILTRO OLIO AD IMMERSIONE,https://e-commerce.michelecaroli.com/wso/pages/user/wso0205.jsf?idaa=156423&codart=P550059&marart=227&seopth=DONALDSON-FILTRI-P550059-FILTRO-OLIO-AD-IMMERSIONE
LEF5030,92010E,,https://e-commerce.michelecaroli.com/wso/pages/user/wso0205.jsf?idaa=369177&codart=92010E&marart=218&seopth=WIX-INDUSTRIAL-HD-92010E-FILTRO-IDRAULICO
LEF5029,SO3485,FILTRO OLIO HIFI,https://e-commerce.michelecaroli.com/wso/pages/user/wso0205.jsf?idaa=395249&codart=SO3485&marart=230&seopth=HIFI-FILTRI-SO3485-FILTRO-OLIO-HIFI
LEF5027,SO3365,FILTRO OLIO HIFI,https://e-commerce.michelecaroli.com/wso/pages/user/wso0205.jsf?idaa=300909&codart=SO3365&marart=230&seopth=HIFI-FILTRI-SO3365-FILTRO-OLIO-HIFI
LEF5019,51440,FILTRO OLIO,https://e-commerce.michelecaroli.com/wso/pages/user/wso0205.jsf?idaa=368338&codart=51440&marart=218&seopth=WIX-INDUSTRIAL-HD-51440-FILTRO-OLIO
LEF5006,1R0659,,https://e-commerce.michelecaroli.com/wso/pages/user/wso0205.jsf?idaa=146663&codart=1R0659&marart=222&seopth=FILTRI-VARI-1R0659-FILTRO-OLIO-CAT
LEB5109,SN7230,FILTRO CARB. P550054 HIFI,https://e-commerce.michelecaroli.com/wso/pages/user/wso0205.jsf?idaa=299702&codart=SN7230&marart=230&seopth=HIFI-FILTRI-SN7230-FILTRO-CARB-P550054-HIFI
LEB5096,P558717,FILTRO OLIO,https://e-commerce.michelecaroli.com/wso/pages/user/wso0205.jsf?idaa=157195&codart=P558717&marart=227&seopth=DONALDSON-FILTRI-P558717-FILTRO-OLIO
LEB5076,33943,FILTRO NAFTA P550007,https://e-commerce.michelecaroli.com/wso/pages/user/wso0205.jsf?idaa=366188&codart=33943&marart=218&seopth=WIX-INDUSTRIAL-HD-33943-FILTRO-NAFTA-P550007
LEB5075,P550406,FILTRO OLIO DONALDSON P55-0406,https://e-commerce.michelecaroli.com/wso/pages/user/wso0205.jsf?idaa=156595&codart=P550406&marart=227&seopth=DONALDSON-FILTRI-P550406-FILTRO-OLIO-DONALDSON-P55-0406
LEB5071,51006E,,https://e-commerce.michelecaroli.com/wso/pages/user/wso0205.jsf?idaa=369088&codart=51006E&marart=218&seopth=WIX-INDUSTRIAL-HD-51006E-FILTRO-OLIO
LEB5061,33144,FILTRO NAFTA,https://e-commerce.michelecaroli.com/wso/pages/user/wso0205.jsf?idaa=365852&codart=33144&marart=218&seopth=WIX-INDUSTRIAL-HD-33144-FILTRO-NAFTA
LEB5060,57112,FILTRO OLIO,https://e-commerce.michelecaroli.com/wso/pages/user/wso0205.jsf?idaa=369436&codart=57112&marart=218&seopth=WIX-INDUSTRIAL-HD-57112-FILTRO-OLIO
LE580,51021E,FILTRO OLIO#,https://e-commerce.michelecaroli.com/wso/pages/user/wso0205.jsf?idaa=369090&codart=51021E&marart=218&seopth=WIX-INDUSTRIAL-HD-51021E-FILTRO-OLIO-
LE25P,SH56761,FILTRO HYDR. P165880 HIFI,https://e-commerce.michelecaroli.com/wso/pages/user/wso0205.jsf?idaa=294223&codart=SH56761&marart=230&seopth=HIFI-FILTRI-SH56761-FILTRO-HYDR-P165880-HIFI
LE25,51861,FILTRO OLIO,https://e-commerce.michelecaroli.com/wso/pages/user/wso0205.jsf?idaa=368679&codart=51861&marart=218&seopth=WIX-INDUSTRIAL-HD-51861-FILTRO-OLIO
LE153,SA17298,FILTRO ARIA HIFI EST SA16299 SICU REZZA,https://e-commerce.michelecaroli.com/wso/pages/user/wso0205.jsf?idaa=289632&codart=SA17298&marart=230&seopth=HIFI-FILTRI-SA17298-FILTRO-ARIA-HIFI-EST-SA16299-SICU
LE10AZ,57052,FILTRO OLIO,https://e-commerce.michelecaroli.com/wso/pages/user/wso0205.jsf?idaa=369396&codart=57052&marart=218&seopth=WIX-INDUSTRIAL-HD-57052-FILTRO-OLIO
LE10,SH56761,FILTRO HYDR. P165880 HIFI,https://e-commerce.michelecaroli.com/wso/pages/user/wso0205.jsf?idaa=294223&codart=SH56761&marart=230&seopth=HIFI-FILTRI-SH56761-FILTRO-HYDR-P165880-HIFI
LE02P000021,T6726,FILTRO OLIO P550933 HIFI,https://e-commerce.michelecaroli.com/wso/pages/user/wso0205.jsf?idaa=395342&codart=T6726&marart=230&seopth=HIFI-FILTRI-T6726-FILTRO-OLIO-P550933-HIFI
LE0201001,M120108,"MUFFLER, OVAL STYLE 2",https://e-commerce.michelecaroli.com/wso/pages/user/wso0205.jsf?idaa=442940&codart=M120108&marart=227&seopth=DONALDSON-FILTRI-M120108-MUFFLER-OVAL-STYLE-2
LDF4272,51021E,FILTRO OLIO#,https://e-commerce.michelecaroli.com/wso/pages/user/wso0205.jsf?idaa=369090&codart=51021E&marart=218&seopth=WIX-INDUSTRIAL-HD-51021E-FILTRO-OLIO-
LD914453,SA10440,FILTRO ARIA SICUREZZ P119374 HIFI ACCOPPIATO CON SA10368,https://e-commerce.michelecaroli.com/wso/pages/user/wso0205.jsf?idaa=336026&codart=SA10440&marart=230&seopth=HIFI-FILTRI-SA10440-FILTRO-ARIA-SICUREZZ-P119374-HIFI
LD40011,SI30132,"MICRO FILTRO 0,01 MIC HIFI",https://e-commerce.michelecaroli.com/wso/pages/user/wso0205.jsf?idaa=299251&codart=SI30132&marart=230&seopth=HIFI-FILTRI-SI30132-MICRO-FILTRO-0-01-MIC-HIFI
LCP791,SO654,FILTRO OLIO P555680 HIFI,https://e-commerce.michelecaroli.com/wso/pages/user/wso0205.jsf?idaa=300363&codart=SO654&marart=230&seopth=HIFI-FILTRI-SO654-FILTRO-OLIO-P555680-HIFI
LC896,51092,FILTRO OLIO,https://e-commerce.michelecaroli.com/wso/pages/user/wso0205.jsf?idaa=368106&codart=51092&marart=218&seopth=WIX-INDUSTRIAL-HD-51092-FILTRO-OLIO
LC39,SO941,FILTRO OLIO P550361 HIFI,https://e-commerce.michelecaroli.com/wso/pages/user/wso0205.jsf?idaa=301517&codart=SO941&marart=230&seopth=HIFI-FILTRI-SO941-FILTRO-OLIO-P550361-HIFI
LC330,51271,FILTRO OLIO,https://e-commerce.michelecaroli.com/wso/pages/user/wso0205.jsf?idaa=368221&codart=51271&marart=218&seopth=WIX-INDUSTRIAL-HD-51271-FILTRO-OLIO
LC33,51133,FILTRO OLIO# P550132,https://e-commerce.michelecaroli.com/wso/pages/user/wso0205.jsf?idaa=368125&codart=51133&marart=218&seopth=WIX-INDUSTRIAL-HD-51133-FILTRO-OLIO-P550132
LC2930,P552471,FILTRO OLIO,https://e-commerce.michelecaroli.com/wso/pages/user/wso0205.jsf?idaa=311988&codart=P552471&marart=227&seopth=DONALDSON-FILTRI-P552471-FILTRO-OLIO
LC236,51076,FILTRO OLIO,https://e-commerce.michelecaroli.com/wso/pages/user/wso0205.jsf?idaa=368095&codart=51076&marart=218&seopth=WIX-INDUSTRIAL-HD-51076-FILTRO-OLIO
LC211,51954,FILTRO OLIO,https://e-commerce.michelecaroli.com/wso/pages/user/wso0205.jsf?idaa=368689&codart=51954&marart=218&seopth=WIX-INDUSTRIAL-HD-51954-FILTRO-OLIO
LC21,51006E,,https://e-commerce.michelecaroli.com/wso/pages/user/wso0205.jsf?idaa=369088&codart=51006E&marart=218&seopth=WIX-INDUSTRIAL-HD-51006E-FILTRO-OLIO
LC11P00002S002,P526433,FILTRO ARIA DONALDSON P52-6433,https://e-commerce.michelecaroli.com/wso/pages/user/wso0205.jsf?idaa=156194&codart=P526433&marart=227&seopth=DONALDSON-FILTRI-P526433-FILTRO-ARIA-DONALDSON-P52-6433
LC11P00002S002,P526433,FILTRO ARIA DONALDSON P52-6433,https://e-commerce.michelecaroli.com/wso/pages/user/wso0205.jsf?idaa=156194&codart=P526433&marart=227&seopth=DONALDSON-FILTRI-P526433-FILTRO-ARIA-DONALDSON-P52-6433
LC11P00002S00,46723,FILTRO ARIA P124046,https://e-commerce.michelecaroli.com/wso/pages/user/wso0205.jsf?idaa=367458&codart=46723&marart=218&seopth=WIX-INDUSTRIAL-HD-46723-FILTRO-ARIA-P124046
LC1059,26540153,FILTRO OLIO/OIL FILTER,https://e-commerce.michelecaroli.com/wso/pages/user/wso0205.jsf?idaa=46765&codart=26540153&marart=155&seopth=PERKINS-26540153-FILTRO-OLIO-OIL-FILTER
LC0896,51092,FILTRO OLIO,https://e-commerce.michelecaroli.com/wso/pages/user/wso0205.jsf?idaa=368106&codart=51092&marart=218&seopth=WIX-INDUSTRIAL-HD-51092-FILTRO-OLIO
LBU7261,MD-195,FILTRO CARB. ALCO,https://e-commerce.michelecaroli.com/wso/pages/user/wso0205.jsf?idaa=463526&codart=MD-195&marart=ALCO&seopth=ALCO-MD-195-FILTRO-CARB-ALCO
LB1374,OV6074,DISOLEATORE P783184 HIFI,https://e-commerce.michelecaroli.com/wso/pages/user/wso0205.jsf?idaa=349579&codart=OV6074&marart=230&seopth=HIFI-FILTRI-OV6074-DISOLEATORE-P783184-HIFI
LB13145,OV6076,DISOLEATORE P782909 HIFI,https://e-commerce.michelecaroli.com/wso/pages/user/wso0205.jsf?idaa=355228&codart=OV6076&marart=230&seopth=HIFI-FILTRI-OV6076-DISOLEATORE-P782909-HIFI
LB1283,SO7106,FILTRO OLIO P550170 HIFI,https://e-commerce.michelecaroli.com/wso/pages/user/wso0205.jsf?idaa=301239&codart=SO7106&marart=230&seopth=HIFI-FILTRI-SO7106-FILTRO-OLIO-P550170-HIFI
LB1160,OV6006,SEPAR. ARIA/OLIO HIFI,https://e-commerce.michelecaroli.com/wso/pages/user/wso0205.jsf?idaa=398702&codart=OV6006&marart=230&seopth=HIFI-FILTRI-OV6006-SEPAR-ARIA-OLIO-HIFI
LB11102,OV6075,DISOLEATORE P783487 HIFI,https://e-commerce.michelecaroli.com/wso/pages/user/wso0205.jsf?idaa=398721&codart=OV6075&marart=230&seopth=HIFI-FILTRI-OV6075-DISOLEATORE-P783487-HIFI
LAS12253,33112E,FILTRO NAFTA# P550861,https://e-commerce.michelecaroli.com/wso/pages/user/wso0205.jsf?idaa=368986&codart=33112E&marart=218&seopth=WIX-INDUSTRIAL-HD-33112E-FILTRO-NAFTA-P550861
LAK256,SA10385K,FILTRO ARIA P181050# HIFI ABBINATO CON SA14762,https://e-commerce.michelecaroli.com/wso/pages/user/wso0205.jsf?idaa=336011&codart=SA10385K&marart=230&seopth=HIFI-FILTRI-SA10385K-FILTRO-ARIA-P181050-HIFI
LAK253,MD-192K,FILTRO ARIA ALCO,https://e-commerce.michelecaroli.com/wso/pages/user/wso0205.jsf?idaa=463524&codart=MD-192K&marart=ALCO&seopth=ALCO-MD-192K-FILTRO-ARIA-ALCO
LAK152,SC7013CA,FILTRO PANNELLO 290X160X30,https://e-commerce.michelecaroli.com/wso/pages/user/wso0205.jsf?idaa=292394&codart=SC7013CA&marart=230&seopth=HIFI-FILTRI-SC7013CA-FILTRO-PANNELLO-290X160X30
LAFP4,42577,,https://e-commerce.michelecaroli.com/wso/pages/user/wso0205.jsf?idaa=366637&codart=42577&marart=218&seopth=WIX-INDUSTRIAL-HD-42577-FILTRO-ARIA
LAF9972,42336,FILTRO ARIA,https://e-commerce.michelecaroli.com/wso/pages/user/wso0205.jsf?idaa=366461&codart=42336&marart=218&seopth=WIX-INDUSTRIAL-HD-42336-FILTRO-ARIA
LAF991,P181056,FILTRO ARIA DONALDSON P18-1056,https://e-commerce.michelecaroli.com/wso/pages/user/wso0205.jsf?idaa=155820&codart=P181056&marart=227&seopth=DONALDSON-FILTRI-P181056-FILTRO-ARIA-DONALDSON-P18-1056
LAF9841,42211,,https://e-commerce.michelecaroli.com/wso/pages/user/wso0205.jsf?idaa=366380&codart=42211&marart=218&seopth=WIX-INDUSTRIAL-HD-42211-FILTRO-ARIA
LAF9778,SA14100,FILTRO ARIA P119778 HIFI,https://e-commerce.michelecaroli.com/wso/pages/user/wso0205.jsf?idaa=288876&codart=SA14100&marart=230&seopth=HIFI-FILTRI-SA14100-FILTRO-ARIA-P119778-HIFI
LAF9762,42976,FILTRO ARIA,https://e-commerce.michelecaroli.com/wso/pages/user/wso0205.jsf?idaa=366938&codart=42976&marart=218&seopth=WIX-INDUSTRIAL-HD-42976-FILTRO-ARIA
LAF9657,46825,FILTRO ABITACOLO,https://e-commerce.michelecaroli.com/wso/pages/user/wso0205.jsf?idaa=367545&codart=46825&marart=218&seopth=WIX-INDUSTRIAL-HD-46825-FILTRO-ABITACOLO
LAF9547,MD-7530,FILTRO ARIA,https://e-commerce.michelecaroli.com/wso/pages/user/wso0205.jsf?idaa=464314&codart=MD-7530&marart=ALCO&seopth=ALCO-MD-7530-FILTRO-ARIA
LAF9543,MD-7530S,FILTRO ARIA,https://e-commerce.michelecaroli.com/wso/pages/user/wso0205.jsf?idaa=464315&codart=MD-7530S&marart=ALCO&seopth=ALCO-MD-7530S-FILTRO-ARIA
LAF9538MXM,P182062,FILTRO ARIA DONALDSON P18-2062 ABBINATO C/FILTRO INTERNO P119359,https://e-commerce.michelecaroli.com/wso/pages/user/wso0205.jsf?idaa=155917&codart=P182062&marart=227&seopth=DONALDSON-FILTRI-P182062-FILTRO-ARIA-DONALDSON-P18-2062
LAF9532,P181097,"AIR FILTER, PRIMARY ROUND",https://e-commerce.michelecaroli.com/wso/pages/user/wso0205.jsf?idaa=441113&codart=P181097&marart=227&seopth=DONALDSON-FILTRI-P181097-AIR-FILTER-PRIMARY-ROUND
LAF942,42759,FILTRO ARIA,https://e-commerce.michelecaroli.com/wso/pages/user/wso0205.jsf?idaa=366793&codart=42759&marart=218&seopth=WIX-INDUSTRIAL-HD-42759-FILTRO-ARIA
LAF937,SA11640,,https://e-commerce.michelecaroli.com/wso/pages/user/wso0205.jsf?idaa=438668&codart=SA11640&marart=230&seopth=HIFI-FILTRI-SA11640-FILTRO
LAF936,42757,FILTRO ARIA,https://e-commerce.michelecaroli.com/wso/pages/user/wso0205.jsf?idaa=366791&codart=42757&marart=218&seopth=WIX-INDUSTRIAL-HD-42757-FILTRO-ARIA
LAF9332,MD-7452,FILTRO ARIA ALCO P775300,https://e-commerce.michelecaroli.com/wso/pages/user/wso0205.jsf?idaa=464263&codart=MD-7452&marart=ALCO&seopth=ALCO-MD-7452-FILTRO-ARIA-ALCO-P775300
LAF926,SA10897,FILTRO ARIA ESTERNO P136255 HIFI ACCOPPIATO CON SA10913,https://e-commerce.michelecaroli.com/wso/pages/user/wso0205.jsf?idaa=336093&codart=SA10897&marart=230&seopth=HIFI-FILTRI-SA10897-FILTRO-ARIA-ESTERNO-P136255-HIFI
LAF9237,P181147,FILTRO ARIA DONALDSON PI8-1147,https://e-commerce.michelecaroli.com/wso/pages/user/wso0205.jsf?idaa=155884&codart=P181147&marart=227&seopth=DONALDSON-FILTRI-P181147-FILTRO-ARIA-DONALDSON-PI8-1147
LAF9202,49127,FILTRO ARIA,https://e-commerce.michelecaroli.com/wso/pages/user/wso0205.jsf?idaa=367808&codart=49127&marart=218&seopth=WIX-INDUSTRIAL-HD-49127-FILTRO-ARIA
LAF9184,P119184,FILTRO ARIA DONALDSON M11L-9184,https://e-commerce.michelecaroli.com/wso/pages/user/wso0205.jsf?idaa=154620&codart=P119184&marart=227&seopth=DONALDSON-FILTRI-P119184-FILTRO-ARIA-DONALDSON-M11L-9184
LAF916,42528,FILTRO ARIA,https://e-commerce.michelecaroli.com/wso/pages/user/wso0205.jsf?idaa=366592&codart=42528&marart=218&seopth=WIX-INDUSTRIAL-HD-42528-FILTRO-ARIA
LAF9155XL,42128,FILTRO ARIA,https://e-commerce.michelecaroli.com/wso/pages/user/wso0205.jsf?idaa=366342&codart=42128&marart=218&seopth=WIX-INDUSTRIAL-HD-42128-FILTRO-ARIA
LAF9155MXM,42128,FILTRO ARIA,https://e-commerce.michelecaroli.com/wso/pages/user/wso0205.jsf?idaa=366342&codart=42128&marart=218&seopth=WIX-INDUSTRIAL-HD-42128-FILTRO-ARIA
LAF9102,SA16479,FILTRO ARIA HIFI,https://e-commerce.michelecaroli.com/wso/pages/user/wso0205.jsf?idaa=289300&codart=SA16479&marart=230&seopth=HIFI-FILTRI-SA16479-FILTRO-ARIA-HIFI
LAF9100,93216E,FILTRO ARIA# P780012,https://e-commerce.michelecaroli.com/wso/pages/user/wso0205.jsf?idaa=369499&codart=93216E&marart=218&seopth=WIX-INDUSTRIAL-HD-93216E-FILTRO-ARIA-P780012
LAF909,42579,FILTRO ARIA,https://e-commerce.michelecaroli.com/wso/pages/user/wso0205.jsf?idaa=366639&codart=42579&marart=218&seopth=WIX-INDUSTRIAL-HD-42579-FILTRO-ARIA
LAF9089,42457,FILTRO ARIA,https://e-commerce.michelecaroli.com/wso/pages/user/wso0205.jsf?idaa=366541&codart=42457&marart=218&seopth=WIX-INDUSTRIAL-HD-42457-FILTRO-ARIA
LAF9086MXM,93349E,FILTRO ARIA P181041,https://e-commerce.michelecaroli.com/wso/pages/user/wso0205.jsf?idaa=369573&codart=93349E&marart=218&seopth=WIX-INDUSTRIAL-HD-93349E-FILTRO-ARIA-P181041
LAF9086,93349E,FILTRO ARIA P181041,https://e-commerce.michelecaroli.com/wso/pages/user/wso0205.jsf?idaa=369573&codart=93349E&marart=218&seopth=WIX-INDUSTRIAL-HD-93349E-FILTRO-ARIA-P181041
LAF9000,SA11718,FILTRO ARIA ESTERNO P181080 HIFI,https://e-commerce.michelecaroli.com/wso/pages/user/wso0205.jsf?idaa=336235&codart=SA11718&marart=230&seopth=HIFI-FILTRI-SA11718-FILTRO-ARIA-ESTERNO-P181080-HIFI
LAF8979,42805E,FILTRO ARIA P771527,https://e-commerce.michelecaroli.com/wso/pages/user/wso0205.jsf?idaa=369044&codart=42805E&marart=218&seopth=WIX-INDUSTRIAL-HD-42805E-FILTRO-ARIA-P771527
LAF8977,93102E,,https://e-commerce.michelecaroli.com/wso/pages/user/wso0205.jsf?idaa=369344&codart=93102E&marart=218&seopth=WIX-INDUSTRIAL-HD-93102E-FILTRO-ARIA
LAF8976,SA16530,FILTRO ARIA P771530 HIFI,https://e-commerce.michelecaroli.com/wso/pages/user/wso0205.jsf?idaa=399037&codart=SA16530&marart=230&seopth=HIFI-FILTRI-SA16530-FILTRO-ARIA-P771530-HIFI
LAF8974,SA16565,FILTRO ARIA P772565 HIFI,https://e-commerce.michelecaroli.com/wso/pages/user/wso0205.jsf?idaa=289356&codart=SA16565&marart=230&seopth=HIFI-FILTRI-SA16565-FILTRO-ARIA-P772565-HIFI
LAF8970,P777948,FILTRO ARIA DONALDSON P77-7948,https://e-commerce.michelecaroli.com/wso/pages/user/wso0205.jsf?idaa=157840&codart=P777948&marart=227&seopth=DONALDSON-FILTRI-P777948-FILTRO-ARIA-DONALDSON-P77-7948
LAF8843,SA17371,FILTRO ARIA HIFI,https://e-commerce.michelecaroli.com/wso/pages/user/wso0205.jsf?idaa=289687&codart=SA17371&marart=230&seopth=HIFI-FILTRI-SA17371-FILTRO-ARIA-HIFI
LAF884,P130884,FILTRO ARIA DONALDSON PI3-0884,https://e-commerce.michelecaroli.com/wso/pages/user/wso0205.jsf?idaa=154709&codart=P130884&marart=227&seopth=DONALDSON-FILTRI-P130884-FILTRO-ARIA-DONALDSON-PI3-0884
LAF8831,MD-442,FILTRO ARIA,https://e-commerce.michelecaroli.com/wso/pages/user/wso0205.jsf?idaa=463686&codart=MD-442&marart=ALCO&seopth=ALCO-MD-442-FILTRO-ARIA
LAF8829,P771591,FILTRO ARIA DONALDSON P77-1591,https://e-commerce.michelecaroli.com/wso/pages/user/wso0205.jsf?idaa=158396&codart=P771591&marart=227&seopth=DONALDSON-FILTRI-P771591-FILTRO-ARIA-DONALDSON-P77-1591
LAF8829,P771591,FILTRO ARIA DONALDSON P77-1591,https://e-commerce.michelecaroli.com/wso/pages/user/wso0205.jsf?idaa=158396&codart=P771591&marart=227&seopth=DONALDSON-FILTRI-P771591-FILTRO-ARIA-DONALDSON-P77-1591
LAF8828,MD-7234,FILTRO ARIA,https://e-commerce.michelecaroli.com/wso/pages/user/wso0205.jsf?idaa=464180&codart=MD-7234&marart=ALCO&seopth=ALCO-MD-7234-FILTRO-ARIA
LAF8821,46432,FILTRO ARIA,https://e-commerce.michelecaroli.com/wso/pages/user/wso0205.jsf?idaa=367207&codart=46432&marart=218&seopth=WIX-INDUSTRIAL-HD-46432-FILTRO-ARIA
LAF8819,SA11913,FILTRO ARIA HIFI,https://e-commerce.michelecaroli.com/wso/pages/user/wso0205.jsf?idaa=336315&codart=SA11913&marart=230&seopth=HIFI-FILTRI-SA11913-FILTRO-ARIA-HIFI
LAF8816,P781352,FILTRO ARIA SICUREZZA DONALDSON ABBINATO CON P771557,https://e-commerce.michelecaroli.com/wso/pages/user/wso0205.jsf?idaa=157958&codart=P781352&marart=227&seopth=DONALDSON-FILTRI-P781352-FILTRO-ARIA-SICUREZZA-DONALDSON
LAF8810001522192,D085012,"AIR FILTER, PRIMARY DURALITE ECD",https://e-commerce.michelecaroli.com/wso/pages/user/wso0205.jsf?idaa=442161&codart=D085012&marart=227&seopth=DONALDSON-FILTRI-D085012-AIR-FILTER-PRIMARY-DURALITE-ECD
LAF8803,SA14604,FILTRO ARIA P770181 HIFI,https://e-commerce.michelecaroli.com/wso/pages/user/wso0205.jsf?idaa=288937&codart=SA14604&marart=230&seopth=HIFI-FILTRI-SA14604-FILTRO-ARIA-P770181-HIFI
LAF880,P182048,"AIR FILTER, PRIMARY ROUND",https://e-commerce.michelecaroli.com/wso/pages/user/wso0205.jsf?idaa=441115&codart=P182048&marart=227&seopth=DONALDSON-FILTRI-P182048-AIR-FILTER-PRIMARY-ROUND
LAF8789,49249,FILTRO ARIA,https://e-commerce.michelecaroli.com/wso/pages/user/wso0205.jsf?idaa=367860&codart=49249&marart=218&seopth=WIX-INDUSTRIAL-HD-49249-FILTRO-ARIA
LAF8782,P606089,PANNELLO,https://e-commerce.michelecaroli.com/wso/pages/user/wso0205.jsf?idaa=157331&codart=P606089&marart=227&seopth=DONALDSON-FILTRI-P606089-PANNELLO
LAF8780,SAC125004,FILTRO ARIA C125004 HIFI,https://e-commerce.michelecaroli.com/wso/pages/user/wso0205.jsf?idaa=291538&codart=SAC125004&marart=230&seopth=HIFI-FILTRI-SAC125004-FILTRO-ARIA-C125004-HIFI
LAF8778,42447,FILTRO ARIA,https://e-commerce.michelecaroli.com/wso/pages/user/wso0205.jsf?idaa=366533&codart=42447&marart=218&seopth=WIX-INDUSTRIAL-HD-42447-FILTRO-ARIA
LAF8775,46706,FILTRO ARIA,https://e-commerce.michelecaroli.com/wso/pages/user/wso0205.jsf?idaa=367445&codart=46706&marart=218&seopth=WIX-INDUSTRIAL-HD-46706-FILTRO-ARIA
LAF8770,46812,FILTRO ARIA,https://e-commerce.michelecaroli.com/wso/pages/user/wso0205.jsf?idaa=367535&codart=46812&marart=218&seopth=WIX-INDUSTRIAL-HD-46812-FILTRO-ARIA
LAF8769,46811,FILTRO ARIA,https://e-commerce.michelecaroli.com/wso/pages/user/wso0205.jsf?idaa=367534&codart=46811&marart=218&seopth=WIX-INDUSTRIAL-HD-46811-FILTRO-ARIA
LAF8768,SA17218,FILTRO ARIA HIFI SICUREZZA,https://e-commerce.michelecaroli.com/wso/pages/user/wso0205.jsf?idaa=289567&codart=SA17218&marart=230&seopth=HIFI-FILTRI-SA17218-FILTRO-ARIA-HIFI-SICUREZZA
LAF8767,49439,FILTRO ARIA,https://e-commerce.michelecaroli.com/wso/pages/user/wso0205.jsf?idaa=367920&codart=49439&marart=218&seopth=WIX-INDUSTRIAL-HD-49439-FILTRO-ARIA
LAF8750,SA17105,FILTRO ARIA P780024# HIFI,https://e-commerce.michelecaroli.com/wso/pages/user/wso0205.jsf?idaa=289500&codart=SA17105&marart=230&seopth=HIFI-FILTRI-SA17105-FILTRO-ARIA-P780024-HIFI
LAF8749,93213E,,https://e-commerce.michelecaroli.com/wso/pages/user/wso0205.jsf?idaa=369496&codart=93213E&marart=218&seopth=WIX-INDUSTRIAL-HD-93213E-FILTRO-ARIA-P778984
LAF8745,42803E,FILTRO ARIA P777279,https://e-commerce.michelecaroli.com/wso/pages/user/wso0205.jsf?idaa=369041&codart=42803E&marart=218&seopth=WIX-INDUSTRIAL-HD-42803E-FILTRO-ARIA-P777279
LAF8736,SA10769K,FILTRO ARIA P108736# HIFI ABBIMNATO CON SA14762,https://e-commerce.michelecaroli.com/wso/pages/user/wso0205.jsf?idaa=336046&codart=SA10769K&marart=230&seopth=HIFI-FILTRI-SA10769K-FILTRO-ARIA-P108736-HIFI
LAF8736,SA10769K,FILTRO ARIA P108736# HIFI ABBIMNATO CON SA14762,https://e-commerce.michelecaroli.com/wso/pages/user/wso0205.jsf?idaa=336046&codart=SA10769K&marart=230&seopth=HIFI-FILTRI-SA10769K-FILTRO-ARIA-P108736-HIFI
LAF8732001527379,D045004,FILTRO ARIA DONALDSON D04-5004,https://e-commerce.michelecaroli.com/wso/pages/user/wso0205.jsf?idaa=154086&codart=D045004&marart=227&seopth=DONALDSON-FILTRI-D045004-FILTRO-ARIA-DONALDSON-D04-5004
LAF8730,P610905,"AIR FILTER, PRIMARY RADIALSEAL",https://e-commerce.michelecaroli.com/wso/pages/user/wso0205.jsf?idaa=442622&codart=P610905&marart=227&seopth=DONALDSON-FILTRI-P610905-AIR-FILTER-PRIMARY-RADIALSEAL
LAF8689,46787,FILTRO ARIA,https://e-commerce.michelecaroli.com/wso/pages/user/wso0205.jsf?idaa=367513&codart=46787&marart=218&seopth=WIX-INDUSTRIAL-HD-46787-FILTRO-ARIA
LAF8686,SA19021,FILTRO ARIA P781351 HIFI,https://e-commerce.michelecaroli.com/wso/pages/user/wso0205.jsf?idaa=289958&codart=SA19021&marart=230&seopth=HIFI-FILTRI-SA19021-FILTRO-ARIA-P781351-HIFI
LAF8673,46786,FILTRO ARIA,https://e-commerce.michelecaroli.com/wso/pages/user/wso0205.jsf?idaa=367512&codart=46786&marart=218&seopth=WIX-INDUSTRIAL-HD-46786-FILTRO-ARIA
LAF8672,46743,FILTRO ARIA,https://e-commerce.michelecaroli.com/wso/pages/user/wso0205.jsf?idaa=367476&codart=46743&marart=218&seopth=WIX-INDUSTRIAL-HD-46743-FILTRO-ARIA
LAF8670,P537877,,https://e-commerce.michelecaroli.com/wso/pages/user/wso0205.jsf?idaa=156334&codart=P537877&marart=227&seopth=DONALDSON-FILTRI-P537877-SOSTITUITO-DAL-P777414
LAF8666,SA11808,FILTRO ARIA HIFI,https://e-commerce.michelecaroli.com/wso/pages/user/wso0205.jsf?idaa=336278&codart=SA11808&marart=230&seopth=HIFI-FILTRI-SA11808-FILTRO-ARIA-HIFI
LAF8664,93059E,FILTRO ARIA P772522,https://e-commerce.michelecaroli.com/wso/pages/user/wso0205.jsf?idaa=369322&codart=93059E&marart=218&seopth=WIX-INDUSTRIAL-HD-93059E-FILTRO-ARIA-P772522
LAF8663,P131334,FILTRO ARIA SICUREZZA DONALDSON,https://e-commerce.michelecaroli.com/wso/pages/user/wso0205.jsf?idaa=154717&codart=P131334&marart=227&seopth=DONALDSON-FILTRI-P131334-FILTRO-ARIA-SICUREZZA-DONALDSON
LAF8662,42768,FILTRO ARIA,https://e-commerce.michelecaroli.com/wso/pages/user/wso0205.jsf?idaa=366801&codart=42768&marart=218&seopth=WIX-INDUSTRIAL-HD-42768-FILTRO-ARIA
LAF8661,P114249,FILTRO ARIA DONALDSON M11L-4249,https://e-commerce.michelecaroli.com/wso/pages/user/wso0205.jsf?idaa=154582&codart=P114249&marart=227&seopth=DONALDSON-FILTRI-P114249-FILTRO-ARIA-DONALDSON-M11L-4249
