Code searched,Matched code,Part Category on Michele,Link to Michele product
L600,P550454,FILTRO NAFTA DONALDSON P55-0454,https://e-commerce.michelecaroli.com/wso/pages/user/wso0205.jsf?idaa=156623&codart=P550454&marart=227&seopth=DONALDSON-FILTRI-P550454-FILTRO-NAFTA-DONALDSON-P55-0454
L600,P550454,FILTRO NAFTA DONALDSON P55-0454,https://e-commerce.michelecaroli.com/wso/pages/user/wso0205.jsf?idaa=156623&codart=P550454&marart=227&seopth=DONALDSON-FILTRI-P550454-FILTRO-NAFTA-DONALDSON-P55-0454
L60,SO8000,FILTRO OLIO HIFI,https://e-commerce.michelecaroli.com/wso/pages/user/wso0205.jsf?idaa=301383&codart=SO8000&marart=230&seopth=HIFI-FILTRI-SO8000-FILTRO-OLIO-HIFI
L60,SO8000,FILTRO OLIO HIFI,https://e-commerce.michelecaroli.com/wso/pages/user/wso0205.jsf?idaa=301383&codart=SO8000&marart=230&seopth=HIFI-FILTRI-SO8000-FILTRO-OLIO-HIFI
L6,51475,FILTRO OLIO,https://e-commerce.michelecaroli.com/wso/pages/user/wso0205.jsf?idaa=368369&codart=51475&marart=218&seopth=WIX-INDUSTRIAL-HD-51475-FILTRO-OLIO
L6,51475,FILTRO OLIO,https://e-commerce.michelecaroli.com/wso/pages/user/wso0205.jsf?idaa=368369&codart=51475&marart=218&seopth=WIX-INDUSTRIAL-HD-51475-FILTRO-OLIO
L59846,51197,FILTRO IDRAULICO,https://e-commerce.michelecaroli.com/wso/pages/user/wso0205.jsf?idaa=368174&codart=51197&marart=218&seopth=WIX-INDUSTRIAL-HD-51197-FILTRO-IDRAULICO
L597,51597,FILTRO IDRAULICO,https://e-commerce.michelecaroli.com/wso/pages/user/wso0205.jsf?idaa=368475&codart=51597&marart=218&seopth=WIX-INDUSTRIAL-HD-51597-FILTRO-IDRAULICO
L5901818A,P206348,"ELBOW, 90 DEGREE 5 IN (127 MM) OD-I",https://e-commerce.michelecaroli.com/wso/pages/user/wso0205.jsf?idaa=441167&codart=P206348&marart=227&seopth=DONALDSON-FILTRI-P206348-ELBOW-90-DEGREE-5-IN-127-MM-OD-I
L5901212A,P207339,"ELBOW, 90 DEGREE 5 IN (127 MM) OD-I",https://e-commerce.michelecaroli.com/wso/pages/user/wso0205.jsf?idaa=441278&codart=P207339&marart=227&seopth=DONALDSON-FILTRI-P207339-ELBOW-90-DEGREE-5-IN-127-MM-OD-I
L5895,P550597,FILTRO OLIO DONALDSON P55-0597,https://e-commerce.michelecaroli.com/wso/pages/user/wso0205.jsf?idaa=156695&codart=P550597&marart=227&seopth=DONALDSON-FILTRI-P550597-FILTRO-OLIO-DONALDSON-P55-0597
L58429,SO3327,FILTRO OLIO P550041 HIFI,https://e-commerce.michelecaroli.com/wso/pages/user/wso0205.jsf?idaa=300888&codart=SO3327&marart=230&seopth=HIFI-FILTRI-SO3327-FILTRO-OLIO-P550041-HIFI
L584,51302E,FILTRO OLIO P550052,https://e-commerce.michelecaroli.com/wso/pages/user/wso0205.jsf?idaa=369112&codart=51302E&marart=218&seopth=WIX-INDUSTRIAL-HD-51302E-FILTRO-OLIO-P550052
L58244,SP-1014,FILTRO OLIO ALCO,https://e-commerce.michelecaroli.com/wso/pages/user/wso0205.jsf?idaa=465824&codart=SP-1014&marart=ALCO&seopth=ALCO-SP-1014-FILTRO-OLIO-ALCO
L582,P551305,FILTRO OLIO DONALDSON P55-1305 NON ESISTE SU DATABASE DONALDSON,https://e-commerce.michelecaroli.com/wso/pages/user/wso0205.jsf?idaa=439231&codart=P551305&marart=227&seopth=DONALDSON-FILTRI-P551305-FILTRO-OLIO-DONALDSON-P55-1305
L577,51282,FILTRO OLIO,https://e-commerce.michelecaroli.com/wso/pages/user/wso0205.jsf?idaa=368230&codart=51282&marart=218&seopth=WIX-INDUSTRIAL-HD-51282-FILTRO-OLIO
L57429,SO3327,FILTRO OLIO P550041 HIFI,https://e-commerce.michelecaroli.com/wso/pages/user/wso0205.jsf?idaa=300888&codart=SO3327&marart=230&seopth=HIFI-FILTRI-SO3327-FILTRO-OLIO-P550041-HIFI
L57232,SO045,FILTRO OLIO P551604# HIFI,https://e-commerce.michelecaroli.com/wso/pages/user/wso0205.jsf?idaa=300661&codart=SO045&marart=230&seopth=HIFI-FILTRI-SO045-FILTRO-OLIO-P551604-HIFI
L57204,51765E,FILTRO OLIO# P554925,https://e-commerce.michelecaroli.com/wso/pages/user/wso0205.jsf?idaa=369134&codart=51765E&marart=218&seopth=WIX-INDUSTRIAL-HD-51765E-FILTRO-OLIO-P554925
L57151,1R0659,,https://e-commerce.michelecaroli.com/wso/pages/user/wso0205.jsf?idaa=146663&codart=1R0659&marart=222&seopth=FILTRI-VARI-1R0659-FILTRO-OLIO-CAT
L57043,P558462,FILTRO OLIO DONALDSON P55-84 62,https://e-commerce.michelecaroli.com/wso/pages/user/wso0205.jsf?idaa=157189&codart=P558462&marart=227&seopth=DONALDSON-FILTRI-P558462-FILTRO-OLIO-DONALDSON-P55-84-62
L570,51137,FILTRO TRASMISSIONE,https://e-commerce.michelecaroli.com/wso/pages/user/wso0205.jsf?idaa=368128&codart=51137&marart=218&seopth=WIX-INDUSTRIAL-HD-51137-FILTRO-TRASMISSIONE
L5683F,95043E,FILTRO NAFTA P550628,https://e-commerce.michelecaroli.com/wso/pages/user/wso0205.jsf?idaa=369643&codart=95043E&marart=218&seopth=WIX-INDUSTRIAL-HD-95043E-FILTRO-NAFTA-P550628
L563,42020,FILTRO ARIA,https://e-commerce.michelecaroli.com/wso/pages/user/wso0205.jsf?idaa=366254&codart=42020&marart=218&seopth=WIX-INDUSTRIAL-HD-42020-FILTRO-ARIA
L563,42020,FILTRO ARIA,https://e-commerce.michelecaroli.com/wso/pages/user/wso0205.jsf?idaa=366254&codart=42020&marart=218&seopth=WIX-INDUSTRIAL-HD-42020-FILTRO-ARIA
L561,SO7001,FILTRO OLIO P550315 HIFI,https://e-commerce.michelecaroli.com/wso/pages/user/wso0205.jsf?idaa=300418&codart=SO7001&marart=230&seopth=HIFI-FILTRI-SO7001-FILTRO-OLIO-P550315-HIFI
L56043,H000606,RAIN CAP DONALDSON GAH00-0606,https://e-commerce.michelecaroli.com/wso/pages/user/wso0205.jsf?idaa=154170&codart=H000606&marart=227&seopth=DONALDSON-FILTRI-H000606-RAIN-CAP-DONALDSON-GAH00-0606
L56019,SO3000,FILTRO OLIO P553000 HIFI,https://e-commerce.michelecaroli.com/wso/pages/user/wso0205.jsf?idaa=300875&codart=SO3000&marart=230&seopth=HIFI-FILTRI-SO3000-FILTRO-OLIO-P553000-HIFI
L5601010A,J009641,"ELBOW, 60 DEGREE 5 IN (127 MM) OD-I",https://e-commerce.michelecaroli.com/wso/pages/user/wso0205.jsf?idaa=442605&codart=J009641&marart=227&seopth=DONALDSON-FILTRI-J009641-ELBOW-60-DEGREE-5-IN-127-MM-OD-I
L56,51049,FILTRO OLIO,https://e-commerce.michelecaroli.com/wso/pages/user/wso0205.jsf?idaa=368078&codart=51049&marart=218&seopth=WIX-INDUSTRIAL-HD-51049-FILTRO-OLIO
L56,51049,FILTRO OLIO,https://e-commerce.michelecaroli.com/wso/pages/user/wso0205.jsf?idaa=368078&codart=51049&marart=218&seopth=WIX-INDUSTRIAL-HD-51049-FILTRO-OLIO
L55960,SO7139,FILTRO OLIO P550769 HIFI,https://e-commerce.michelecaroli.com/wso/pages/user/wso0205.jsf?idaa=301268&codart=SO7139&marart=230&seopth=HIFI-FILTRI-SO7139-FILTRO-OLIO-P550769-HIFI
L55368,G140054,,https://e-commerce.michelecaroli.com/wso/pages/user/wso0205.jsf?idaa=442462&codart=G140054&marart=227&seopth=DONALDSON-FILTRI-G140054-FILTRO-COMPLETO-FHG
L55332,57112,FILTRO OLIO,https://e-commerce.michelecaroli.com/wso/pages/user/wso0205.jsf?idaa=369436&codart=57112&marart=218&seopth=WIX-INDUSTRIAL-HD-57112-FILTRO-OLIO
L55327,51674,FILTRO OLIO P552562,https://e-commerce.michelecaroli.com/wso/pages/user/wso0205.jsf?idaa=368541&codart=51674&marart=218&seopth=WIX-INDUSTRIAL-HD-51674-FILTRO-OLIO-P552562
L55320,51642,FILTRO OLIO,https://e-commerce.michelecaroli.com/wso/pages/user/wso0205.jsf?idaa=368515&codart=51642&marart=218&seopth=WIX-INDUSTRIAL-HD-51642-FILTRO-OLIO
L552,P551014,FILTRO OLIO DONALDSON P55-1014,https://e-commerce.michelecaroli.com/wso/pages/user/wso0205.jsf?idaa=156890&codart=P551014&marart=227&seopth=DONALDSON-FILTRI-P551014-FILTRO-OLIO-DONALDSON-P55-1014
L551U,MD-192K,FILTRO ARIA ALCO,https://e-commerce.michelecaroli.com/wso/pages/user/wso0205.jsf?idaa=463524&codart=MD-192K&marart=ALCO&seopth=ALCO-MD-192K-FILTRO-ARIA-ALCO
L551L4,42290,FILTRO ARIA,https://e-commerce.michelecaroli.com/wso/pages/user/wso0205.jsf?idaa=366434&codart=42290&marart=218&seopth=WIX-INDUSTRIAL-HD-42290-FILTRO-ARIA
L551L1,H000606,RAIN CAP DONALDSON GAH00-0606,https://e-commerce.michelecaroli.com/wso/pages/user/wso0205.jsf?idaa=154170&codart=H000606&marart=227&seopth=DONALDSON-FILTRI-H000606-RAIN-CAP-DONALDSON-GAH00-0606
L551H4,42890,FILTRO ARIA,https://e-commerce.michelecaroli.com/wso/pages/user/wso0205.jsf?idaa=366876&codart=42890&marart=218&seopth=WIX-INDUSTRIAL-HD-42890-FILTRO-ARIA
L551F4,P182071,FILTRO ARIA,https://e-commerce.michelecaroli.com/wso/pages/user/wso0205.jsf?idaa=311904&codart=P182071&marart=227&seopth=DONALDSON-FILTRI-P182071-FILTRO-ARIA
L551C4,42865,FILTRO ARIA,https://e-commerce.michelecaroli.com/wso/pages/user/wso0205.jsf?idaa=366863&codart=42865&marart=218&seopth=WIX-INDUSTRIAL-HD-42865-FILTRO-ARIA
L551B4,42689,FILTRO ARIA,https://e-commerce.michelecaroli.com/wso/pages/user/wso0205.jsf?idaa=366732&codart=42689&marart=218&seopth=WIX-INDUSTRIAL-HD-42689-FILTRO-ARIA
L551B4,42689,FILTRO ARIA,https://e-commerce.michelecaroli.com/wso/pages/user/wso0205.jsf?idaa=366732&codart=42689&marart=218&seopth=WIX-INDUSTRIAL-HD-42689-FILTRO-ARIA
L551AB9,P004076,FASCIA MONTAGGIO P00-4076,https://e-commerce.michelecaroli.com/wso/pages/user/wso0205.jsf?idaa=154484&codart=P004076&marart=227&seopth=DONALDSON-FILTRI-P004076-FASCIA-MONTAGGIO-P00-4076
L551,51271,FILTRO OLIO,https://e-commerce.michelecaroli.com/wso/pages/user/wso0205.jsf?idaa=368221&codart=51271&marart=218&seopth=WIX-INDUSTRIAL-HD-51271-FILTRO-OLIO
L550G,51475,FILTRO OLIO,https://e-commerce.michelecaroli.com/wso/pages/user/wso0205.jsf?idaa=368369&codart=51475&marart=218&seopth=WIX-INDUSTRIAL-HD-51475-FILTRO-OLIO
L55099,57728,FILTRO OLIO P550421,https://e-commerce.michelecaroli.com/wso/pages/user/wso0205.jsf?idaa=368925&codart=57728&marart=218&seopth=WIX-INDUSTRIAL-HD-57728-FILTRO-OLIO-P550421
L550,51475,FILTRO OLIO,https://e-commerce.michelecaroli.com/wso/pages/user/wso0205.jsf?idaa=368369&codart=51475&marart=218&seopth=WIX-INDUSTRIAL-HD-51475-FILTRO-OLIO
L550,51475,FILTRO OLIO,https://e-commerce.michelecaroli.com/wso/pages/user/wso0205.jsf?idaa=368369&codart=51475&marart=218&seopth=WIX-INDUSTRIAL-HD-51475-FILTRO-OLIO
L55,SP-915,FILTRO OLIO ALCO,https://e-commerce.michelecaroli.com/wso/pages/user/wso0205.jsf?idaa=466385&codart=SP-915&marart=ALCO&seopth=ALCO-SP-915-FILTRO-OLIO-ALCO
L54998,SO734,FILTRO OLIO P551381 HIFI,https://e-commerce.michelecaroli.com/wso/pages/user/wso0205.jsf?idaa=301367&codart=SO734&marart=230&seopth=HIFI-FILTRI-SO734-FILTRO-OLIO-P551381-HIFI
L54851,SO3548,FILTRO OLIO P553548 HIFI,https://e-commerce.michelecaroli.com/wso/pages/user/wso0205.jsf?idaa=300942&codart=SO3548&marart=230&seopth=HIFI-FILTRI-SO3548-FILTRO-OLIO-P553548-HIFI
L54836,SO3620,FILTRO OLIO P552100 HIFI,https://e-commerce.michelecaroli.com/wso/pages/user/wso0205.jsf?idaa=300945&codart=SO3620&marart=230&seopth=HIFI-FILTRI-SO3620-FILTRO-OLIO-P552100-HIFI
L54714,P148645,PANNELLO,https://e-commerce.michelecaroli.com/wso/pages/user/wso0205.jsf?idaa=154829&codart=P148645&marart=227&seopth=DONALDSON-FILTRI-P148645-PANNELLO
L54563,SP-1014,FILTRO OLIO ALCO,https://e-commerce.michelecaroli.com/wso/pages/user/wso0205.jsf?idaa=465824&codart=SP-1014&marart=ALCO&seopth=ALCO-SP-1014-FILTRO-OLIO-ALCO
L54519,SO3000,FILTRO OLIO P553000 HIFI,https://e-commerce.michelecaroli.com/wso/pages/user/wso0205.jsf?idaa=300875&codart=SO3000&marart=230&seopth=HIFI-FILTRI-SO3000-FILTRO-OLIO-P553000-HIFI
L54514,51444,FILTRO OLIO,https://e-commerce.michelecaroli.com/wso/pages/user/wso0205.jsf?idaa=368341&codart=51444&marart=218&seopth=WIX-INDUSTRIAL-HD-51444-FILTRO-OLIO
L5450808A,J190025,"ELBOW, 45 DEGREE 5 IN (127 MM) OD-I",https://e-commerce.michelecaroli.com/wso/pages/user/wso0205.jsf?idaa=442736&codart=J190025&marart=227&seopth=DONALDSON-FILTRI-J190025-ELBOW-45-DEGREE-5-IN-127-MM-OD-I
L541F,95125E,,https://e-commerce.michelecaroli.com/wso/pages/user/wso0205.jsf?idaa=369668&codart=95125E&marart=218&seopth=WIX-INDUSTRIAL-HD-95125E-FILTRO-NAFTA
L540,P551305,FILTRO OLIO DONALDSON P55-1305 NON ESISTE SU DATABASE DONALDSON,https://e-commerce.michelecaroli.com/wso/pages/user/wso0205.jsf?idaa=439231&codart=P551305&marart=227&seopth=DONALDSON-FILTRI-P551305-FILTRO-OLIO-DONALDSON-P55-1305
L54,51553,FILTRO IDRAULICO,https://e-commerce.michelecaroli.com/wso/pages/user/wso0205.jsf?idaa=368434&codart=51553&marart=218&seopth=WIX-INDUSTRIAL-HD-51553-FILTRO-IDRAULICO
L54,51553,FILTRO IDRAULICO,https://e-commerce.michelecaroli.com/wso/pages/user/wso0205.jsf?idaa=368434&codart=51553&marart=218&seopth=WIX-INDUSTRIAL-HD-51553-FILTRO-IDRAULICO
L5343,T8306,,https://e-commerce.michelecaroli.com/wso/pages/user/wso0205.jsf?idaa=395364&codart=T8306&marart=230&seopth=HIFI-FILTRI-T8306-FILTRO-OLIO-HIFI
L534,SO4032,FILTRO OLIO HIFI,https://e-commerce.michelecaroli.com/wso/pages/user/wso0205.jsf?idaa=300132&codart=SO4032&marart=230&seopth=HIFI-FILTRI-SO4032-FILTRO-OLIO-HIFI
L534,SO4032,FILTRO OLIO HIFI,https://e-commerce.michelecaroli.com/wso/pages/user/wso0205.jsf?idaa=300132&codart=SO4032&marart=230&seopth=HIFI-FILTRI-SO4032-FILTRO-OLIO-HIFI
L532G,26540153,FILTRO OLIO/OIL FILTER,https://e-commerce.michelecaroli.com/wso/pages/user/wso0205.jsf?idaa=46765&codart=26540153&marart=155&seopth=PERKINS-26540153-FILTRO-OLIO-OIL-FILTER
L532,26540153,FILTRO OLIO/OIL FILTER,https://e-commerce.michelecaroli.com/wso/pages/user/wso0205.jsf?idaa=46765&codart=26540153&marart=155&seopth=PERKINS-26540153-FILTRO-OLIO-OIL-FILTER
L532,26540153,FILTRO OLIO/OIL FILTER,https://e-commerce.michelecaroli.com/wso/pages/user/wso0205.jsf?idaa=46765&codart=26540153&marart=155&seopth=PERKINS-26540153-FILTRO-OLIO-OIL-FILTER
L5300404A,J009633,"ELBOW, 30 DEGREE 5 IN (127 MM) OD-I",https://e-commerce.michelecaroli.com/wso/pages/user/wso0205.jsf?idaa=442601&codart=J009633&marart=227&seopth=DONALDSON-FILTRI-J009633-ELBOW-30-DEGREE-5-IN-127-MM-OD-I
L530,SO599,FILTRO OLIO HIFI,https://e-commerce.michelecaroli.com/wso/pages/user/wso0205.jsf?idaa=300207&codart=SO599&marart=230&seopth=HIFI-FILTRI-SO599-FILTRO-OLIO-HIFI
L530,SO599,FILTRO OLIO HIFI,https://e-commerce.michelecaroli.com/wso/pages/user/wso0205.jsf?idaa=300207&codart=SO599&marart=230&seopth=HIFI-FILTRI-SO599-FILTRO-OLIO-HIFI
L53,SO694,,https://e-commerce.michelecaroli.com/wso/pages/user/wso0205.jsf?idaa=438619&codart=SO694&marart=230&seopth=HIFI-FILTRI-SO694-FILTRO
L52764,51197,FILTRO IDRAULICO,https://e-commerce.michelecaroli.com/wso/pages/user/wso0205.jsf?idaa=368174&codart=51197&marart=218&seopth=WIX-INDUSTRIAL-HD-51197-FILTRO-IDRAULICO
L52698,P114318,GOMITO M11L-4318,https://e-commerce.michelecaroli.com/wso/pages/user/wso0205.jsf?idaa=154586&codart=P114318&marart=227&seopth=DONALDSON-FILTRI-P114318-GOMITO-M11L-4318
L526,SO580,FILTRO OLIO P550008# HIFI,https://e-commerce.michelecaroli.com/wso/pages/user/wso0205.jsf?idaa=300199&codart=SO580&marart=230&seopth=HIFI-FILTRI-SO580-FILTRO-OLIO-P550008-HIFI
L523,SO689,FILTRO OLIO P552518 HIFI,https://e-commerce.michelecaroli.com/wso/pages/user/wso0205.jsf?idaa=300375&codart=SO689&marart=230&seopth=HIFI-FILTRI-SO689-FILTRO-OLIO-P552518-HIFI
L523,SO689,FILTRO OLIO P552518 HIFI,https://e-commerce.michelecaroli.com/wso/pages/user/wso0205.jsf?idaa=300375&codart=SO689&marart=230&seopth=HIFI-FILTRI-SO689-FILTRO-OLIO-P552518-HIFI
L52041,P182045,,https://e-commerce.michelecaroli.com/wso/pages/user/wso0205.jsf?idaa=155911&codart=P182045&marart=227&seopth=DONALDSON-FILTRI-P182045-FILTRO-ARIA-SOSTITUITO-DA-P181045
L52029,P551216,FILTRO IDRAULICO,https://e-commerce.michelecaroli.com/wso/pages/user/wso0205.jsf?idaa=311973&codart=P551216&marart=227&seopth=DONALDSON-FILTRI-P551216-FILTRO-IDRAULICO
L52,51036,FILTRO OLIO P550051,https://e-commerce.michelecaroli.com/wso/pages/user/wso0205.jsf?idaa=368073&codart=51036&marart=218&seopth=WIX-INDUSTRIAL-HD-51036-FILTRO-OLIO-P550051
L52,51036,FILTRO OLIO P550051,https://e-commerce.michelecaroli.com/wso/pages/user/wso0205.jsf?idaa=368073&codart=51036&marart=218&seopth=WIX-INDUSTRIAL-HD-51036-FILTRO-OLIO-P550051
L519,T1624,FILTRO OLIO P550227 HIFI,https://e-commerce.michelecaroli.com/wso/pages/user/wso0205.jsf?idaa=395320&codart=T1624&marart=230&seopth=HIFI-FILTRI-T1624-FILTRO-OLIO-P550227-HIFI
L517,51138,FILTRO OLIO,https://e-commerce.michelecaroli.com/wso/pages/user/wso0205.jsf?idaa=368129&codart=51138&marart=218&seopth=WIX-INDUSTRIAL-HD-51138-FILTRO-OLIO
L516,51302E,FILTRO OLIO P550052,https://e-commerce.michelecaroli.com/wso/pages/user/wso0205.jsf?idaa=369112&codart=51302E&marart=218&seopth=WIX-INDUSTRIAL-HD-51302E-FILTRO-OLIO-P550052
L515,P550311,FILTRO OLIO AD IMMERSIONE,https://e-commerce.michelecaroli.com/wso/pages/user/wso0205.jsf?idaa=156542&codart=P550311&marart=227&seopth=DONALDSON-FILTRI-P550311-FILTRO-OLIO-AD-IMMERSIONE
L512,P524374,,https://e-commerce.michelecaroli.com/wso/pages/user/wso0205.jsf?idaa=156150&codart=P524374&marart=227&seopth=DONALDSON-FILTRI-P524374-FILTRO-ARIA-DONALDSON-P52-4374
L512,P524374,,https://e-commerce.michelecaroli.com/wso/pages/user/wso0205.jsf?idaa=156150&codart=P524374&marart=227&seopth=DONALDSON-FILTRI-P524374-FILTRO-ARIA-DONALDSON-P52-4374
L510,SA545,FILTRO ARIA RENAULT 4,https://e-commerce.michelecaroli.com/wso/pages/user/wso0205.jsf?idaa=438616&codart=SA545&marart=230&seopth=HIFI-FILTRI-SA545-FILTRO-ARIA-RENAULT-4
L510,SA545,FILTRO ARIA RENAULT 4,https://e-commerce.michelecaroli.com/wso/pages/user/wso0205.jsf?idaa=438616&codart=SA545&marart=230&seopth=HIFI-FILTRI-SA545-FILTRO-ARIA-RENAULT-4
L51,51036,FILTRO OLIO P550051,https://e-commerce.michelecaroli.com/wso/pages/user/wso0205.jsf?idaa=368073&codart=51036&marart=218&seopth=WIX-INDUSTRIAL-HD-51036-FILTRO-OLIO-P550051
L51,51036,FILTRO OLIO P550051,https://e-commerce.michelecaroli.com/wso/pages/user/wso0205.jsf?idaa=368073&codart=51036&marart=218&seopth=WIX-INDUSTRIAL-HD-51036-FILTRO-OLIO-P550051
L50780,51133,FILTRO OLIO# P550132,https://e-commerce.michelecaroli.com/wso/pages/user/wso0205.jsf?idaa=368125&codart=51133&marart=218&seopth=WIX-INDUSTRIAL-HD-51133-FILTRO-OLIO-P550132
L50500,92126E,,https://e-commerce.michelecaroli.com/wso/pages/user/wso0205.jsf?idaa=369252&codart=92126E&marart=218&seopth=WIX-INDUSTRIAL-HD-92126E-FILTRO-OLIO
L50308,SO633,FILTRO OLIO HIFI,https://e-commerce.michelecaroli.com/wso/pages/user/wso0205.jsf?idaa=300350&codart=SO633&marart=230&seopth=HIFI-FILTRI-SO633-FILTRO-OLIO-HIFI
L50301,SO3333,FILTRO OLIO P551670# HIFI,https://e-commerce.michelecaroli.com/wso/pages/user/wso0205.jsf?idaa=300892&codart=SO3333&marart=230&seopth=HIFI-FILTRI-SO3333-FILTRO-OLIO-P551670-HIFI
L50300,SO3333,FILTRO OLIO P551670# HIFI,https://e-commerce.michelecaroli.com/wso/pages/user/wso0205.jsf?idaa=300892&codart=SO3333&marart=230&seopth=HIFI-FILTRI-SO3333-FILTRO-OLIO-P551670-HIFI
L50250,P550777,FILTRO@OLIO DONALDSON conf.6,https://e-commerce.michelecaroli.com/wso/pages/user/wso0205.jsf?idaa=156797&codart=P550777&marart=227&seopth=DONALDSON-FILTRI-P550777-FILTRO-OLIO-DONALDSON-conf-6
L502,51021E,FILTRO OLIO#,https://e-commerce.michelecaroli.com/wso/pages/user/wso0205.jsf?idaa=369090&codart=51021E&marart=218&seopth=WIX-INDUSTRIAL-HD-51021E-FILTRO-OLIO-
L502,51021E,FILTRO OLIO#,https://e-commerce.michelecaroli.com/wso/pages/user/wso0205.jsf?idaa=369090&codart=51021E&marart=218&seopth=WIX-INDUSTRIAL-HD-51021E-FILTRO-OLIO-
L50148,SO3485,FILTRO OLIO HIFI,https://e-commerce.michelecaroli.com/wso/pages/user/wso0205.jsf?idaa=395249&codart=SO3485&marart=230&seopth=HIFI-FILTRI-SO3485-FILTRO-OLIO-HIFI
L50146,51717,FILTRO OLIO,https://e-commerce.michelecaroli.com/wso/pages/user/wso0205.jsf?idaa=368572&codart=51717&marart=218&seopth=WIX-INDUSTRIAL-HD-51717-FILTRO-OLIO
L50116,P550671,FILTRO OLIO,https://e-commerce.michelecaroli.com/wso/pages/user/wso0205.jsf?idaa=156730&codart=P550671&marart=227&seopth=DONALDSON-FILTRI-P550671-FILTRO-OLIO
L50095,P554206,FILTRO OLIO DONALDSON P55-4206,https://e-commerce.michelecaroli.com/wso/pages/user/wso0205.jsf?idaa=157108&codart=P554206&marart=227&seopth=DONALDSON-FILTRI-P554206-FILTRO-OLIO-DONALDSON-P55-4206
L50085,SN211,FILTRO NAFTA P555823 HIFI,https://e-commerce.michelecaroli.com/wso/pages/user/wso0205.jsf?idaa=299735&codart=SN211&marart=230&seopth=HIFI-FILTRI-SN211-FILTRO-NAFTA-P555823-HIFI
L50078,51133,FILTRO OLIO# P550132,https://e-commerce.michelecaroli.com/wso/pages/user/wso0205.jsf?idaa=368125&codart=51133&marart=218&seopth=WIX-INDUSTRIAL-HD-51133-FILTRO-OLIO-P550132
L50077,33381,FILTRO NAFTA,https://e-commerce.michelecaroli.com/wso/pages/user/wso0205.jsf?idaa=365410&codart=33381&marart=218&seopth=WIX-INDUSTRIAL-HD-33381-FILTRO-NAFTA
L50070,51722,FILTRO OLIO,https://e-commerce.michelecaroli.com/wso/pages/user/wso0205.jsf?idaa=368576&codart=51722&marart=218&seopth=WIX-INDUSTRIAL-HD-51722-FILTRO-OLIO
L50068,SO667,FILTRO OLIO P554004 HIFI,https://e-commerce.michelecaroli.com/wso/pages/user/wso0205.jsf?idaa=300364&codart=SO667&marart=230&seopth=HIFI-FILTRI-SO667-FILTRO-OLIO-P554004-HIFI
L50060,J009641,"ELBOW, 60 DEGREE 5 IN (127 MM) OD-I",https://e-commerce.michelecaroli.com/wso/pages/user/wso0205.jsf?idaa=442605&codart=J009641&marart=227&seopth=DONALDSON-FILTRI-J009641-ELBOW-60-DEGREE-5-IN-127-MM-OD-I
L50045F,J190025,"ELBOW, 45 DEGREE 5 IN (127 MM) OD-I",https://e-commerce.michelecaroli.com/wso/pages/user/wso0205.jsf?idaa=442736&codart=J190025&marart=227&seopth=DONALDSON-FILTRI-J190025-ELBOW-45-DEGREE-5-IN-127-MM-OD-I
L50044,33354,FILTRO NAFTA P551127,https://e-commerce.michelecaroli.com/wso/pages/user/wso0205.jsf?idaa=365345&codart=33354&marart=218&seopth=WIX-INDUSTRIAL-HD-33354-FILTRO-NAFTA-P551127
L50043,51127,FILTRO IDRAULICO,https://e-commerce.michelecaroli.com/wso/pages/user/wso0205.jsf?idaa=368123&codart=51127&marart=218&seopth=WIX-INDUSTRIAL-HD-51127-FILTRO-IDRAULICO
L50042,51127,FILTRO IDRAULICO,https://e-commerce.michelecaroli.com/wso/pages/user/wso0205.jsf?idaa=368123&codart=51127&marart=218&seopth=WIX-INDUSTRIAL-HD-51127-FILTRO-IDRAULICO
L50041,51954,FILTRO OLIO,https://e-commerce.michelecaroli.com/wso/pages/user/wso0205.jsf?idaa=368689&codart=51954&marart=218&seopth=WIX-INDUSTRIAL-HD-51954-FILTRO-OLIO
L50034,SO045,FILTRO OLIO P551604# HIFI,https://e-commerce.michelecaroli.com/wso/pages/user/wso0205.jsf?idaa=300661&codart=SO045&marart=230&seopth=HIFI-FILTRI-SO045-FILTRO-OLIO-P551604-HIFI
L50031,51727,FILTRO OLIO,https://e-commerce.michelecaroli.com/wso/pages/user/wso0205.jsf?idaa=368581&codart=51727&marart=218&seopth=WIX-INDUSTRIAL-HD-51727-FILTRO-OLIO
L50030,L50030,TESTA SOSP. DX./SX. MAZDA 323 III,https://e-commerce.michelecaroli.com/wso/pages/user/wso0205.jsf?idaa=264671&codart=L50030&marart=MONRT&seopth=MONROE-TIRANTERIA-L50030-TESTA-SOSP-DX-SX-MAZDA-323-III
L50030,L50030,TESTA SOSP. DX./SX. MAZDA 323 III,https://e-commerce.michelecaroli.com/wso/pages/user/wso0205.jsf?idaa=264671&codart=L50030&marart=MONRT&seopth=MONROE-TIRANTERIA-L50030-TESTA-SOSP-DX-SX-MAZDA-323-III
L50028,51440,FILTRO OLIO,https://e-commerce.michelecaroli.com/wso/pages/user/wso0205.jsf?idaa=368338&codart=51440&marart=218&seopth=WIX-INDUSTRIAL-HD-51440-FILTRO-OLIO
L50007,51168,FILTRO OLIO,https://e-commerce.michelecaroli.com/wso/pages/user/wso0205.jsf?idaa=368153&codart=51168&marart=218&seopth=WIX-INDUSTRIAL-HD-51168-FILTRO-OLIO
L50005,L50005,BRACCIO SX. MAZDA 626 II,https://e-commerce.michelecaroli.com/wso/pages/user/wso0205.jsf?idaa=264666&codart=L50005&marart=MONRT&seopth=MONROE-TIRANTERIA-L50005-BRACCIO-SX-MAZDA-626-II
L50005,L50005,BRACCIO SX. MAZDA 626 II,https://e-commerce.michelecaroli.com/wso/pages/user/wso0205.jsf?idaa=264666&codart=L50005&marart=MONRT&seopth=MONROE-TIRANTERIA-L50005-BRACCIO-SX-MAZDA-626-II
L50002,P558462,FILTRO OLIO DONALDSON P55-84 62,https://e-commerce.michelecaroli.com/wso/pages/user/wso0205.jsf?idaa=157189&codart=P558462&marart=227&seopth=DONALDSON-FILTRI-P558462-FILTRO-OLIO-DONALDSON-P55-84-62
L50,51049,FILTRO OLIO,https://e-commerce.michelecaroli.com/wso/pages/user/wso0205.jsf?idaa=368078&codart=51049&marart=218&seopth=WIX-INDUSTRIAL-HD-51049-FILTRO-OLIO
L50,51049,FILTRO OLIO,https://e-commerce.michelecaroli.com/wso/pages/user/wso0205.jsf?idaa=368078&codart=51049&marart=218&seopth=WIX-INDUSTRIAL-HD-51049-FILTRO-OLIO
L50,51049,FILTRO OLIO,https://e-commerce.michelecaroli.com/wso/pages/user/wso0205.jsf?idaa=368078&codart=51049&marart=218&seopth=WIX-INDUSTRIAL-HD-51049-FILTRO-OLIO
L5,51010,FILTRO OLIO,https://e-commerce.michelecaroli.com/wso/pages/user/wso0205.jsf?idaa=368066&codart=51010&marart=218&seopth=WIX-INDUSTRIAL-HD-51010-FILTRO-OLIO
L5,51010,FILTRO OLIO,https://e-commerce.michelecaroli.com/wso/pages/user/wso0205.jsf?idaa=368066&codart=51010&marart=218&seopth=WIX-INDUSTRIAL-HD-51010-FILTRO-OLIO
L497,SH66335,FILTRO HYDR. HIFI,https://e-commerce.michelecaroli.com/wso/pages/user/wso0205.jsf?idaa=446188&codart=SH66335&marart=230&seopth=HIFI-FILTRI-SH66335-FILTRO-HYDR-HIFI
L4967,SP-1008,FILTRO OLIO,https://e-commerce.michelecaroli.com/wso/pages/user/wso0205.jsf?idaa=465818&codart=SP-1008&marart=ALCO&seopth=ALCO-SP-1008-FILTRO-OLIO
L496,p574000,,https://e-commerce.michelecaroli.com/wso/pages/user/wso0205.jsf?idaa=157302&codart=p574000&marart=227&seopth=DONALDSON-FILTRI-p574000-FILTRO-IDRAULICO-OBSOLETO
L494,48142231,FILTRO OLIO IDRAULICO ORIGINALE CNH EX 84226258,https://e-commerce.michelecaroli.com/wso/pages/user/wso0205.jsf?idaa=505274&codart=48142231&marart=CNH&seopth=CNH-AGRICOLTURE-48142231-FILTRO-OLIO-IDRAULICO-ORIGINALE-CNH
L49165,P105608,MANICOTTO S/RIDUZIONE 76X76X135,https://e-commerce.michelecaroli.com/wso/pages/user/wso0205.jsf?idaa=154538&codart=P105608&marart=227&seopth=DONALDSON-FILTRI-P105608-MANICOTTO-S-RIDUZIONE-76X76X135
L49127,51613,FILTRO OLIO,https://e-commerce.michelecaroli.com/wso/pages/user/wso0205.jsf?idaa=368489&codart=51613&marart=218&seopth=WIX-INDUSTRIAL-HD-51613-FILTRO-OLIO
L491,51491,FILTRO IDRAULICO,https://e-commerce.michelecaroli.com/wso/pages/user/wso0205.jsf?idaa=368378&codart=51491&marart=218&seopth=WIX-INDUSTRIAL-HD-51491-FILTRO-IDRAULICO
L49087,P550319,FILTRO OLIO DONALDSON P55-0319,https://e-commerce.michelecaroli.com/wso/pages/user/wso0205.jsf?idaa=156548&codart=P550319&marart=227&seopth=DONALDSON-FILTRI-P550319-FILTRO-OLIO-DONALDSON-P55-0319
L490181A,P206345,"ELBOW, 90 DEGREE 4 IN (102 MM) OD-I",https://e-commerce.michelecaroli.com/wso/pages/user/wso0205.jsf?idaa=441164&codart=P206345&marart=227&seopth=DONALDSON-FILTRI-P206345-ELBOW-90-DEGREE-4-IN-102-MM-OD-I
L4901818A,P206345,"ELBOW, 90 DEGREE 4 IN (102 MM) OD-I",https://e-commerce.michelecaroli.com/wso/pages/user/wso0205.jsf?idaa=441164&codart=P206345&marart=227&seopth=DONALDSON-FILTRI-P206345-ELBOW-90-DEGREE-4-IN-102-MM-OD-I
L4901010A,P206344,"ELBOW, 90 DEG 4 IN OD-ID",https://e-commerce.michelecaroli.com/wso/pages/user/wso0205.jsf?idaa=441163&codart=P206344&marart=227&seopth=DONALDSON-FILTRI-P206344-ELBOW-90-DEG-4-IN-OD-ID
L4900808A,J008681,"ELBOW, 90 DEGREE 4 IN (102 MM) OD-I",https://e-commerce.michelecaroli.com/wso/pages/user/wso0205.jsf?idaa=442580&codart=J008681&marart=227&seopth=DONALDSON-FILTRI-J008681-ELBOW-90-DEGREE-4-IN-102-MM-OD-I
L490,P163567,FILTRO HYDR.DONALDSON P16-3567,https://e-commerce.michelecaroli.com/wso/pages/user/wso0205.jsf?idaa=154893&codart=P163567&marart=227&seopth=DONALDSON-FILTRI-P163567-FILTRO-HYDR-DONALDSON-P16-3567
L48906,h002436,"PRE FILTRO TOP SPIN 2,5 64X162X146 MM",https://e-commerce.michelecaroli.com/wso/pages/user/wso0205.jsf?idaa=154217&codart=h002436&marart=227&seopth=DONALDSON-FILTRI-h002436-PRE-FILTRO-TOP-SPIN-2-5
L488,P163558,FILTRO HYDR.DONALDSON P16-3558,https://e-commerce.michelecaroli.com/wso/pages/user/wso0205.jsf?idaa=154892&codart=P163558&marart=227&seopth=DONALDSON-FILTRI-P163558-FILTRO-HYDR-DONALDSON-P16-3558
L488,P163558,FILTRO HYDR.DONALDSON P16-3558,https://e-commerce.michelecaroli.com/wso/pages/user/wso0205.jsf?idaa=154892&codart=P163558&marart=227&seopth=DONALDSON-FILTRI-P163558-FILTRO-HYDR-DONALDSON-P16-3558
L4851,SO3548,FILTRO OLIO P553548 HIFI,https://e-commerce.michelecaroli.com/wso/pages/user/wso0205.jsf?idaa=300942&codart=SO3548&marart=230&seopth=HIFI-FILTRI-SO3548-FILTRO-OLIO-P553548-HIFI
L48430,25.505.00,FILTRO OLIO IMM. UFI 25.505.00,https://e-commerce.michelecaroli.com/wso/pages/user/wso0205.jsf?idaa=149896&codart=25.505.00&marart=UFIHD&seopth=UFI-HD-25-505-00-FILTRO-OLIO-IMM-UFI-25-505-00
L48215,SO4072,FILTRO OLIO HIFI,https://e-commerce.michelecaroli.com/wso/pages/user/wso0205.jsf?idaa=300137&codart=SO4072&marart=230&seopth=HIFI-FILTRI-SO4072-FILTRO-OLIO-HIFI
L482,57802,FILTRO OLIO,https://e-commerce.michelecaroli.com/wso/pages/user/wso0205.jsf?idaa=368940&codart=57802&marart=218&seopth=WIX-INDUSTRIAL-HD-57802-FILTRO-OLIO
L48,51755,FILTRO OLIO,https://e-commerce.michelecaroli.com/wso/pages/user/wso0205.jsf?idaa=368606&codart=51755&marart=218&seopth=WIX-INDUSTRIAL-HD-51755-FILTRO-OLIO
L48,51755,FILTRO OLIO,https://e-commerce.michelecaroli.com/wso/pages/user/wso0205.jsf?idaa=368606&codart=51755&marart=218&seopth=WIX-INDUSTRIAL-HD-51755-FILTRO-OLIO
L48,51755,FILTRO OLIO,https://e-commerce.michelecaroli.com/wso/pages/user/wso0205.jsf?idaa=368606&codart=51755&marart=218&seopth=WIX-INDUSTRIAL-HD-51755-FILTRO-OLIO
L479,SH56387,FILTRO HYDR. P551324 HIFI,https://e-commerce.michelecaroli.com/wso/pages/user/wso0205.jsf?idaa=294164&codart=SH56387&marart=230&seopth=HIFI-FILTRI-SH56387-FILTRO-HYDR-P551324-HIFI
L47430,25.505.00,FILTRO OLIO IMM. UFI 25.505.00,https://e-commerce.michelecaroli.com/wso/pages/user/wso0205.jsf?idaa=149896&codart=25.505.00&marart=UFIHD&seopth=UFI-HD-25-505-00-FILTRO-OLIO-IMM-UFI-25-505-00
L47419,P101291,RIDUTTORE DONALDSON 76X102X133,https://e-commerce.michelecaroli.com/wso/pages/user/wso0205.jsf?idaa=154507&codart=P101291&marart=227&seopth=DONALDSON-FILTRI-P101291-RIDUTTORE-DONALDSON-76X102X133
L47356,51021E,FILTRO OLIO#,https://e-commerce.michelecaroli.com/wso/pages/user/wso0205.jsf?idaa=369090&codart=51021E&marart=218&seopth=WIX-INDUSTRIAL-HD-51021E-FILTRO-OLIO-
L47304,51765E,FILTRO OLIO# P554925,https://e-commerce.michelecaroli.com/wso/pages/user/wso0205.jsf?idaa=369134&codart=51765E&marart=218&seopth=WIX-INDUSTRIAL-HD-51765E-FILTRO-OLIO-P554925
L47215,SO4072,FILTRO OLIO HIFI,https://e-commerce.michelecaroli.com/wso/pages/user/wso0205.jsf?idaa=300137&codart=SO4072&marart=230&seopth=HIFI-FILTRI-SO4072-FILTRO-OLIO-HIFI
L47056,P552471,FILTRO OLIO,https://e-commerce.michelecaroli.com/wso/pages/user/wso0205.jsf?idaa=311988&codart=P552471&marart=227&seopth=DONALDSON-FILTRI-P552471-FILTRO-OLIO
L47045,24.309.00,FILTRO NAFTA DAF,https://e-commerce.michelecaroli.com/wso/pages/user/wso0205.jsf?idaa=148897&codart=24.309.00&marart=UFIHD&seopth=UFI-HD-24-309-00-FILTRO-NAFTA-DAF
L47033,SO040,FILTRO OLIO P553771# HIFI,https://e-commerce.michelecaroli.com/wso/pages/user/wso0205.jsf?idaa=300659&codart=SO040&marart=230&seopth=HIFI-FILTRI-SO040-FILTRO-OLIO-P553771-HIFI
L47,SO780,FILTRO OLIO P550047 HIFI,https://e-commerce.michelecaroli.com/wso/pages/user/wso0205.jsf?idaa=301372&codart=SO780&marart=230&seopth=HIFI-FILTRI-SO780-FILTRO-OLIO-P550047-HIFI
L47,SO780,FILTRO OLIO P550047 HIFI,https://e-commerce.michelecaroli.com/wso/pages/user/wso0205.jsf?idaa=301372&codart=SO780&marart=230&seopth=HIFI-FILTRI-SO780-FILTRO-OLIO-P550047-HIFI
L47,SO780,FILTRO OLIO P550047 HIFI,https://e-commerce.michelecaroli.com/wso/pages/user/wso0205.jsf?idaa=301372&codart=SO780&marart=230&seopth=HIFI-FILTRI-SO780-FILTRO-OLIO-P550047-HIFI
L46999,33033,PREFILTRO,https://e-commerce.michelecaroli.com/wso/pages/user/wso0205.jsf?idaa=365730&codart=33033&marart=218&seopth=WIX-INDUSTRIAL-HD-33033-PREFILTRO
L4681,SP-812,FILTRO OLIO,https://e-commerce.michelecaroli.com/wso/pages/user/wso0205.jsf?idaa=466312&codart=SP-812&marart=ALCO&seopth=ALCO-SP-812-FILTRO-OLIO
L46279,M080018,"MUFFLER, ROUND STYLE 1",https://e-commerce.michelecaroli.com/wso/pages/user/wso0205.jsf?idaa=442871&codart=M080018&marart=227&seopth=DONALDSON-FILTRI-M080018-MUFFLER-ROUND-STYLE-1
L4622,SP-1002,FILTRO OLIO,https://e-commerce.michelecaroli.com/wso/pages/user/wso0205.jsf?idaa=465814&codart=SP-1002&marart=ALCO&seopth=ALCO-SP-1002-FILTRO-OLIO
L46066,SO6096,,https://e-commerce.michelecaroli.com/wso/pages/user/wso0205.jsf?idaa=300260&codart=SO6096&marart=230&seopth=HIFI-FILTRI-SO6096-FILTRO-OLIO-HIFI
L4604F,33899,FILTRO NAFTA,https://e-commerce.michelecaroli.com/wso/pages/user/wso0205.jsf?idaa=366171&codart=33899&marart=218&seopth=WIX-INDUSTRIAL-HD-33899-FILTRO-NAFTA
L4600808A,J009640,"ELBOW, 60 DEGREE 4 IN (102 MM) OD-I",https://e-commerce.michelecaroli.com/wso/pages/user/wso0205.jsf?idaa=442604&codart=J009640&marart=227&seopth=DONALDSON-FILTRI-J009640-ELBOW-60-DEGREE-4-IN-102-MM-OD-I
L45939,23.469.00,FILTRO OLIO UFI 23.469.00,https://e-commerce.michelecaroli.com/wso/pages/user/wso0205.jsf?idaa=148841&codart=23.469.00&marart=UFIHD&seopth=UFI-HD-23-469-00-FILTRO-OLIO-UFI-23-469-00
L45936,57080,FILTRO OLIO,https://e-commerce.michelecaroli.com/wso/pages/user/wso0205.jsf?idaa=369408&codart=57080&marart=218&seopth=WIX-INDUSTRIAL-HD-57080-FILTRO-OLIO
L45851,SO3548,FILTRO OLIO P553548 HIFI,https://e-commerce.michelecaroli.com/wso/pages/user/wso0205.jsf?idaa=300942&codart=SO3548&marart=230&seopth=HIFI-FILTRI-SO3548-FILTRO-OLIO-P553548-HIFI
L45752,P101891,RIDUTTORE DONALDSON 102X140X152,https://e-commerce.michelecaroli.com/wso/pages/user/wso0205.jsf?idaa=442989&codart=P101891&marart=227&seopth=DONALDSON-FILTRI-P101891-RIDUTTORE-DONALDSON-102X140X152
L457,SH66354,FILTRO HYDR. P165354 HIFI,https://e-commerce.michelecaroli.com/wso/pages/user/wso0205.jsf?idaa=296294&codart=SH66354&marart=230&seopth=HIFI-FILTRI-SH66354-FILTRO-HYDR-P165354-HIFI
L455,51455,FILTRO IDRAULICO P164375,https://e-commerce.michelecaroli.com/wso/pages/user/wso0205.jsf?idaa=368350&codart=51455&marart=218&seopth=WIX-INDUSTRIAL-HD-51455-FILTRO-IDRAULICO-P164375
L45486,H000165,RAIN CAP METALLO,https://e-commerce.michelecaroli.com/wso/pages/user/wso0205.jsf?idaa=442492&codart=H000165&marart=227&seopth=DONALDSON-FILTRI-H000165-RAIN-CAP-METALLO
L454,SH66335,FILTRO HYDR. HIFI,https://e-commerce.michelecaroli.com/wso/pages/user/wso0205.jsf?idaa=446188&codart=SH66335&marart=230&seopth=HIFI-FILTRI-SH66335-FILTRO-HYDR-HIFI
L45391,P551019,FILTRO OLIO,https://e-commerce.michelecaroli.com/wso/pages/user/wso0205.jsf?idaa=313777&codart=P551019&marart=227&seopth=DONALDSON-FILTRI-P551019-FILTRO-OLIO
L45335,P551018,FILTRO OLIO,https://e-commerce.michelecaroli.com/wso/pages/user/wso0205.jsf?idaa=313776&codart=P551018&marart=227&seopth=DONALDSON-FILTRI-P551018-FILTRO-OLIO
L45319,51641,FILTRO OLIO,https://e-commerce.michelecaroli.com/wso/pages/user/wso0205.jsf?idaa=368514&codart=51641&marart=218&seopth=WIX-INDUSTRIAL-HD-51641-FILTRO-OLIO
L45281,57113,,https://e-commerce.michelecaroli.com/wso/pages/user/wso0205.jsf?idaa=369437&codart=57113&marart=218&seopth=WIX-INDUSTRIAL-HD-57113-FILTRO-OLIO
L45262,51675,FILTRO OLIO,https://e-commerce.michelecaroli.com/wso/pages/user/wso0205.jsf?idaa=368542&codart=51675&marart=218&seopth=WIX-INDUSTRIAL-HD-51675-FILTRO-OLIO
L45259,SO7035,FILTRO OLIO P550563 HIFI,https://e-commerce.michelecaroli.com/wso/pages/user/wso0205.jsf?idaa=300450&codart=SO7035&marart=230&seopth=HIFI-FILTRI-SO7035-FILTRO-OLIO-P550563-HIFI
L45242,P502476,FILTRO OLIO DONALDSON P50-2476,https://e-commerce.michelecaroli.com/wso/pages/user/wso0205.jsf?idaa=156088&codart=P502476&marart=227&seopth=DONALDSON-FILTRI-P502476-FILTRO-OLIO-DONALDSON-P50-2476
L4515089,P182000,"AIR FILTER, PRIMARY FINNED",https://e-commerce.michelecaroli.com/wso/pages/user/wso0205.jsf?idaa=441114&codart=P182000&marart=227&seopth=DONALDSON-FILTRI-P182000-AIR-FILTER-PRIMARY-FINNED
L450F,J190002,"ELBOW, 90 DEGREE 4.5 IN (114 MM) OD",https://e-commerce.michelecaroli.com/wso/pages/user/wso0205.jsf?idaa=442730&codart=J190002&marart=227&seopth=DONALDSON-FILTRI-J190002-ELBOW-90-DEGREE-4-5-IN-114-MM-OD
L4509010,P182045,,https://e-commerce.michelecaroli.com/wso/pages/user/wso0205.jsf?idaa=155911&codart=P182045&marart=227&seopth=DONALDSON-FILTRI-P182045-FILTRO-ARIA-SOSTITUITO-DA-P181045
L450,SH66419,FILTRO HYDR.HIFI P163496/P163419,https://e-commerce.michelecaroli.com/wso/pages/user/wso0205.jsf?idaa=296298&codart=SH66419&marart=230&seopth=HIFI-FILTRI-SH66419-FILTRO-HYDR-HIFI-P163496-P163419
L45,SO580,FILTRO OLIO P550008# HIFI,https://e-commerce.michelecaroli.com/wso/pages/user/wso0205.jsf?idaa=300199&codart=SO580&marart=230&seopth=HIFI-FILTRI-SO580-FILTRO-OLIO-P550008-HIFI
L45,SO580,FILTRO OLIO P550008# HIFI,https://e-commerce.michelecaroli.com/wso/pages/user/wso0205.jsf?idaa=300199&codart=SO580&marart=230&seopth=HIFI-FILTRI-SO580-FILTRO-OLIO-P550008-HIFI
L44872,SO10034,,https://e-commerce.michelecaroli.com/wso/pages/user/wso0205.jsf?idaa=300686&codart=SO10034&marart=230&seopth=HIFI-FILTRI-SO10034-FILTRO-OLIO-P550371-HIFI
L44796,S9710R,FILTRO SOFIMA 1909101,https://e-commerce.michelecaroli.com/wso/pages/user/wso0205.jsf?idaa=470590&codart=S9710R&marart=SOFI&seopth=SOFIMA-S9710R-FILTRO-SOFIMA-1909101
L44754,51282,FILTRO OLIO,https://e-commerce.michelecaroli.com/wso/pages/user/wso0205.jsf?idaa=368230&codart=51282&marart=218&seopth=WIX-INDUSTRIAL-HD-51282-FILTRO-OLIO
L44735,P502476,FILTRO OLIO DONALDSON P50-2476,https://e-commerce.michelecaroli.com/wso/pages/user/wso0205.jsf?idaa=156088&codart=P502476&marart=227&seopth=DONALDSON-FILTRI-P502476-FILTRO-OLIO-DONALDSON-P50-2476
L4459,SP-934,FILTRO OLIO,https://e-commerce.michelecaroli.com/wso/pages/user/wso0205.jsf?idaa=466400&codart=SP-934&marart=ALCO&seopth=ALCO-SP-934-FILTRO-OLIO
L444F,33073,FILTRO NAFTA,https://e-commerce.michelecaroli.com/wso/pages/user/wso0205.jsf?idaa=365761&codart=33073&marart=218&seopth=WIX-INDUSTRIAL-HD-33073-FILTRO-NAFTA
L44444,51758,FILTRO OLIO,https://e-commerce.michelecaroli.com/wso/pages/user/wso0205.jsf?idaa=368608&codart=51758&marart=218&seopth=WIX-INDUSTRIAL-HD-51758-FILTRO-OLIO
L44422,P551018,FILTRO OLIO,https://e-commerce.michelecaroli.com/wso/pages/user/wso0205.jsf?idaa=313776&codart=P551018&marart=227&seopth=DONALDSON-FILTRI-P551018-FILTRO-OLIO
