Code searched,Matched code,Part Category on Michele,Link to Michele product
LAF1821,P537450,FILTRO ARIA DONALDSON P53-7450,https://e-commerce.michelecaroli.com/wso/pages/user/wso0205.jsf?idaa=156324&codart=P537450&marart=227&seopth=DONALDSON-FILTRI-P537450-FILTRO-ARIA-DONALDSON-P53-7450
LAF1817,27.214.00,FILTRO ARIA SCANIA,https://e-commerce.michelecaroli.com/wso/pages/user/wso0205.jsf?idaa=150257&codart=27.214.00&marart=UFIHD&seopth=UFI-HD-27-214-00-FILTRO-ARIA-SCANIA
LAF1815,P524831,FILTRO ARIA DONALDSON P52-4831,https://e-commerce.michelecaroli.com/wso/pages/user/wso0205.jsf?idaa=156160&codart=P524831&marart=227&seopth=DONALDSON-FILTRI-P524831-FILTRO-ARIA-DONALDSON-P52-4831
LAF1814,46723,FILTRO ARIA P124046,https://e-commerce.michelecaroli.com/wso/pages/user/wso0205.jsf?idaa=367458&codart=46723&marart=218&seopth=WIX-INDUSTRIAL-HD-46723-FILTRO-ARIA-P124046
LAF1806,46617,FILTRO ARIA,https://e-commerce.michelecaroli.com/wso/pages/user/wso0205.jsf?idaa=367366&codart=46617&marart=218&seopth=WIX-INDUSTRIAL-HD-46617-FILTRO-ARIA
LAF1802,46877,FILTRO ARIA,https://e-commerce.michelecaroli.com/wso/pages/user/wso0205.jsf?idaa=367592&codart=46877&marart=218&seopth=WIX-INDUSTRIAL-HD-46877-FILTRO-ARIA
LAF1799,46849,,https://e-commerce.michelecaroli.com/wso/pages/user/wso0205.jsf?idaa=367564&codart=46849&marart=218&seopth=WIX-INDUSTRIAL-HD-46849-FILTRO-ARIA
LAF1797,46571,FILTRO ARIA,https://e-commerce.michelecaroli.com/wso/pages/user/wso0205.jsf?idaa=367327&codart=46571&marart=218&seopth=WIX-INDUSTRIAL-HD-46571-FILTRO-ARIA
LAF1796,P181205,FILTRO ARIA DONALDSON P18-1205,https://e-commerce.michelecaroli.com/wso/pages/user/wso0205.jsf?idaa=155899&codart=P181205&marart=227&seopth=DONALDSON-FILTRI-P181205-FILTRO-ARIA-DONALDSON-P18-1205
LAF1793,SA17246,FILTRO ARIA HIFI SICUREZZA,https://e-commerce.michelecaroli.com/wso/pages/user/wso0205.jsf?idaa=289593&codart=SA17246&marart=230&seopth=HIFI-FILTRI-SA17246-FILTRO-ARIA-HIFI-SICUREZZA
LAF1792,SC11680,FILTRO PANNELLO 598X180X24,https://e-commerce.michelecaroli.com/wso/pages/user/wso0205.jsf?idaa=291598&codart=SC11680&marart=230&seopth=HIFI-FILTRI-SC11680-FILTRO-PANNELLO-598X180X24
LAF1787,MD-7582S,FILTRO ARIA,https://e-commerce.michelecaroli.com/wso/pages/user/wso0205.jsf?idaa=464353&codart=MD-7582S&marart=ALCO&seopth=ALCO-MD-7582S-FILTRO-ARIA
LAF1787,MD-7582S,FILTRO ARIA,https://e-commerce.michelecaroli.com/wso/pages/user/wso0205.jsf?idaa=464353&codart=MD-7582S&marart=ALCO&seopth=ALCO-MD-7582S-FILTRO-ARIA
LAF1786,SA10775,,https://e-commerce.michelecaroli.com/wso/pages/user/wso0205.jsf?idaa=336051&codart=SA10775&marart=230&seopth=HIFI-FILTRI-SA10775-FILTRO-ARIA-HIFI
LAF1784,42519,FILTRO ARIA,https://e-commerce.michelecaroli.com/wso/pages/user/wso0205.jsf?idaa=366584&codart=42519&marart=218&seopth=WIX-INDUSTRIAL-HD-42519-FILTRO-ARIA
LAF1784,42519,FILTRO ARIA,https://e-commerce.michelecaroli.com/wso/pages/user/wso0205.jsf?idaa=366584&codart=42519&marart=218&seopth=WIX-INDUSTRIAL-HD-42519-FILTRO-ARIA
LAF1782,P530642,FILTRO ARIA DONALDSON P53-0642,https://e-commerce.michelecaroli.com/wso/pages/user/wso0205.jsf?idaa=156256&codart=P530642&marart=227&seopth=DONALDSON-FILTRI-P530642-FILTRO-ARIA-DONALDSON-P53-0642
LAF1780,42628,FILTRO ARIA,https://e-commerce.michelecaroli.com/wso/pages/user/wso0205.jsf?idaa=366679&codart=42628&marart=218&seopth=WIX-INDUSTRIAL-HD-42628-FILTRO-ARIA
LAF1780,42628,FILTRO ARIA,https://e-commerce.michelecaroli.com/wso/pages/user/wso0205.jsf?idaa=366679&codart=42628&marart=218&seopth=WIX-INDUSTRIAL-HD-42628-FILTRO-ARIA
LAF178,42088,FILTRO ARIA,https://e-commerce.michelecaroli.com/wso/pages/user/wso0205.jsf?idaa=366305&codart=42088&marart=218&seopth=WIX-INDUSTRIAL-HD-42088-FILTRO-ARIA
LAF1775,46724,FILTRO ARIA,https://e-commerce.michelecaroli.com/wso/pages/user/wso0205.jsf?idaa=367459&codart=46724&marart=218&seopth=WIX-INDUSTRIAL-HD-46724-FILTRO-ARIA
LAF1771,SC70011,FILTRO PANNELLO 683X157X55/68,https://e-commerce.michelecaroli.com/wso/pages/user/wso0205.jsf?idaa=292270&codart=SC70011&marart=230&seopth=HIFI-FILTRI-SC70011-FILTRO-PANNELLO-683X157X55-68
LAF1765,SA10840,FILTRO ARIA SICUREZZA P116446 HIFI,https://e-commerce.michelecaroli.com/wso/pages/user/wso0205.jsf?idaa=336073&codart=SA10840&marart=230&seopth=HIFI-FILTRI-SA10840-FILTRO-ARIA-SICUREZZA-P116446-HIFI
LAF1762,P110852,FILTRO ARIA OBSOLETO,https://e-commerce.michelecaroli.com/wso/pages/user/wso0205.jsf?idaa=154556&codart=P110852&marart=227&seopth=DONALDSON-FILTRI-P110852-FILTRO-ARIA
LAF1760,MD-290,FILTRO ARIA,https://e-commerce.michelecaroli.com/wso/pages/user/wso0205.jsf?idaa=463573&codart=MD-290&marart=ALCO&seopth=ALCO-MD-290-FILTRO-ARIA
LAF1757,P182046,FILTRO ARIA DONALDSON P18-2046 ABBINATO C/FILTRO INTERNO P119373,https://e-commerce.michelecaroli.com/wso/pages/user/wso0205.jsf?idaa=155912&codart=P182046&marart=227&seopth=DONALDSON-FILTRI-P182046-FILTRO-ARIA-DONALDSON-P18-2046
LAF1754,SA11854,FILTRO ARIA P119373 HIFI,https://e-commerce.michelecaroli.com/wso/pages/user/wso0205.jsf?idaa=336297&codart=SA11854&marart=230&seopth=HIFI-FILTRI-SA11854-FILTRO-ARIA-P119373-HIFI
LAF1754,SA11854,FILTRO ARIA P119373 HIFI,https://e-commerce.michelecaroli.com/wso/pages/user/wso0205.jsf?idaa=336297&codart=SA11854&marart=230&seopth=HIFI-FILTRI-SA11854-FILTRO-ARIA-P119373-HIFI
LAF1728,SA11552,FILTRO ARIA P181087 HIFI,https://e-commerce.michelecaroli.com/wso/pages/user/wso0205.jsf?idaa=336173&codart=SA11552&marart=230&seopth=HIFI-FILTRI-SA11552-FILTRO-ARIA-P181087-HIFI
LAF1719,SA11793,FILTRO ARIA P776697 HIFI,https://e-commerce.michelecaroli.com/wso/pages/user/wso0205.jsf?idaa=336270&codart=SA11793&marart=230&seopth=HIFI-FILTRI-SA11793-FILTRO-ARIA-P776697-HIFI
LAF1671,P528234,FILTRO ARIA DONALDSON P52-8234,https://e-commerce.michelecaroli.com/wso/pages/user/wso0205.jsf?idaa=156239&codart=P528234&marart=227&seopth=DONALDSON-FILTRI-P528234-FILTRO-ARIA-DONALDSON-P52-8234
LAF1646001531280,42731,FILTRO ARIA,https://e-commerce.michelecaroli.com/wso/pages/user/wso0205.jsf?idaa=366769&codart=42731&marart=218&seopth=WIX-INDUSTRIAL-HD-42731-FILTRO-ARIA
LAF16441,D055004,FILTRO ARIA,https://e-commerce.michelecaroli.com/wso/pages/user/wso0205.jsf?idaa=154087&codart=D055004&marart=227&seopth=DONALDSON-FILTRI-D055004-FILTRO-ARIA
LAF1628,42583,FILTRO ARIA,https://e-commerce.michelecaroli.com/wso/pages/user/wso0205.jsf?idaa=366643&codart=42583&marart=218&seopth=WIX-INDUSTRIAL-HD-42583-FILTRO-ARIA
LAF1616,42582,FILTRO ARIA,https://e-commerce.michelecaroli.com/wso/pages/user/wso0205.jsf?idaa=366642&codart=42582&marart=218&seopth=WIX-INDUSTRIAL-HD-42582-FILTRO-ARIA
LAF160,42114,,https://e-commerce.michelecaroli.com/wso/pages/user/wso0205.jsf?idaa=366329&codart=42114&marart=218&seopth=WIX-INDUSTRIAL-HD-42114-FILTRO-ARIA
LAF158,42050,FILTRO ARIA,https://e-commerce.michelecaroli.com/wso/pages/user/wso0205.jsf?idaa=366276&codart=42050&marart=218&seopth=WIX-INDUSTRIAL-HD-42050-FILTRO-ARIA
LAF148,42055,FILTRO ARIA,https://e-commerce.michelecaroli.com/wso/pages/user/wso0205.jsf?idaa=366281&codart=42055&marart=218&seopth=WIX-INDUSTRIAL-HD-42055-FILTRO-ARIA
LAF1478,SA14593,FILTRO ARIA P181092 HIFI,https://e-commerce.michelecaroli.com/wso/pages/user/wso0205.jsf?idaa=288934&codart=SA14593&marart=230&seopth=HIFI-FILTRI-SA14593-FILTRO-ARIA-P181092-HIFI
LAF1475,MD-7274,FILTRO ARIA,https://e-commerce.michelecaroli.com/wso/pages/user/wso0205.jsf?idaa=464193&codart=MD-7274&marart=ALCO&seopth=ALCO-MD-7274-FILTRO-ARIA
LAF1470,SA14017,FILTRO ARIA P140131 HIFI,https://e-commerce.michelecaroli.com/wso/pages/user/wso0205.jsf?idaa=288858&codart=SA14017&marart=230&seopth=HIFI-FILTRI-SA14017-FILTRO-ARIA-P140131-HIFI
LAF1467,46555,FILTRO ARIA P132935,https://e-commerce.michelecaroli.com/wso/pages/user/wso0205.jsf?idaa=367313&codart=46555&marart=218&seopth=WIX-INDUSTRIAL-HD-46555-FILTRO-ARIA-P132935
LAF1466,MD-712K,FILTRO ARIA,https://e-commerce.michelecaroli.com/wso/pages/user/wso0205.jsf?idaa=464143&codart=MD-712K&marart=ALCO&seopth=ALCO-MD-712K-FILTRO-ARIA
LAF1465,46774,FILTRO ARIA,https://e-commerce.michelecaroli.com/wso/pages/user/wso0205.jsf?idaa=367501&codart=46774&marart=218&seopth=WIX-INDUSTRIAL-HD-46774-FILTRO-ARIA
LAF1462,42003,FILTRO ARIA,https://e-commerce.michelecaroli.com/wso/pages/user/wso0205.jsf?idaa=366240&codart=42003&marart=218&seopth=WIX-INDUSTRIAL-HD-42003-FILTRO-ARIA
LAF1461,SC17014,FILTRO PANNELLO 736X235X56,https://e-commerce.michelecaroli.com/wso/pages/user/wso0205.jsf?idaa=291617&codart=SC17014&marart=230&seopth=HIFI-FILTRI-SC17014-FILTRO-PANNELLO-736X235X56
LAF146,SA545,FILTRO ARIA RENAULT 4,https://e-commerce.michelecaroli.com/wso/pages/user/wso0205.jsf?idaa=438616&codart=SA545&marart=230&seopth=HIFI-FILTRI-SA545-FILTRO-ARIA-RENAULT-4
LAF1459,42757,FILTRO ARIA,https://e-commerce.michelecaroli.com/wso/pages/user/wso0205.jsf?idaa=366791&codart=42757&marart=218&seopth=WIX-INDUSTRIAL-HD-42757-FILTRO-ARIA
LAF1458001517490,SA16239,FILTRO ARIA P136258 HIFI,https://e-commerce.michelecaroli.com/wso/pages/user/wso0205.jsf?idaa=289152&codart=SA16239&marart=230&seopth=HIFI-FILTRI-SA16239-FILTRO-ARIA-P136258-HIFI
LAF1458,SA16239,FILTRO ARIA P136258 HIFI,https://e-commerce.michelecaroli.com/wso/pages/user/wso0205.jsf?idaa=289152&codart=SA16239&marart=230&seopth=HIFI-FILTRI-SA16239-FILTRO-ARIA-P136258-HIFI
LAF1456,42638,FILTRO ARIA,https://e-commerce.michelecaroli.com/wso/pages/user/wso0205.jsf?idaa=366689&codart=42638&marart=218&seopth=WIX-INDUSTRIAL-HD-42638-FILTRO-ARIA
LAF1445,42578,,https://e-commerce.michelecaroli.com/wso/pages/user/wso0205.jsf?idaa=366638&codart=42578&marart=218&seopth=WIX-INDUSTRIAL-HD-42578-FILTRO-ARIA
LAF142,42241,FILTRO ARIA,https://e-commerce.michelecaroli.com/wso/pages/user/wso0205.jsf?idaa=366401&codart=42241&marart=218&seopth=WIX-INDUSTRIAL-HD-42241-FILTRO-ARIA
LAF1394,46375,FILTRO ARIA# P131394,https://e-commerce.michelecaroli.com/wso/pages/user/wso0205.jsf?idaa=367162&codart=46375&marart=218&seopth=WIX-INDUSTRIAL-HD-46375-FILTRO-ARIA-P131394
LAF1351,46899,FILTRO ARIA,https://e-commerce.michelecaroli.com/wso/pages/user/wso0205.jsf?idaa=367606&codart=46899&marart=218&seopth=WIX-INDUSTRIAL-HD-46899-FILTRO-ARIA
LAF1339,46833,FILTRO ARIA,https://e-commerce.michelecaroli.com/wso/pages/user/wso0205.jsf?idaa=367552&codart=46833&marart=218&seopth=WIX-INDUSTRIAL-HD-46833-FILTRO-ARIA
LAF130,P142808,,https://e-commerce.michelecaroli.com/wso/pages/user/wso0205.jsf?idaa=154805&codart=P142808&marart=227&seopth=DONALDSON-FILTRI-P142808-PANNELLO-DONALDSON-P14-2808
LAF1248,MD-120K,FILTRO ARIA ALCO P181054,https://e-commerce.michelecaroli.com/wso/pages/user/wso0205.jsf?idaa=463489&codart=MD-120K&marart=ALCO&seopth=ALCO-MD-120K-FILTRO-ARIA-ALCO-P181054
LAF1246B,MD-120K,FILTRO ARIA ALCO P181054,https://e-commerce.michelecaroli.com/wso/pages/user/wso0205.jsf?idaa=463489&codart=MD-120K&marart=ALCO&seopth=ALCO-MD-120K-FILTRO-ARIA-ALCO-P181054
LAF1246A,MD-120K,FILTRO ARIA ALCO P181054,https://e-commerce.michelecaroli.com/wso/pages/user/wso0205.jsf?idaa=463489&codart=MD-120K&marart=ALCO&seopth=ALCO-MD-120K-FILTRO-ARIA-ALCO-P181054
LAF1226,42581,,https://e-commerce.michelecaroli.com/wso/pages/user/wso0205.jsf?idaa=366641&codart=42581&marart=218&seopth=WIX-INDUSTRIAL-HD-42581-FILTRO-ARIA
LAF1212,42580,FILTRO ARIA,https://e-commerce.michelecaroli.com/wso/pages/user/wso0205.jsf?idaa=366640&codart=42580&marart=218&seopth=WIX-INDUSTRIAL-HD-42580-FILTRO-ARIA
LAF1200,P528219,FILTRO ARIA DONALDSON P52-8219,https://e-commerce.michelecaroli.com/wso/pages/user/wso0205.jsf?idaa=156233&codart=P528219&marart=227&seopth=DONALDSON-FILTRI-P528219-FILTRO-ARIA-DONALDSON-P52-8219
LAF119,SA10793,FILTRO ARIA P528231 HIFI 152X108X50 MM.,https://e-commerce.michelecaroli.com/wso/pages/user/wso0205.jsf?idaa=336055&codart=SA10793&marart=230&seopth=HIFI-FILTRI-SA10793-FILTRO-ARIA-P528231-HIFI
LAF11844,46895,FILTRO ARIA,https://e-commerce.michelecaroli.com/wso/pages/user/wso0205.jsf?idaa=367603&codart=46895&marart=218&seopth=WIX-INDUSTRIAL-HD-46895-FILTRO-ARIA
LAF1163,P611440,FILTRO ARIA DONALDSON P61-1440,https://e-commerce.michelecaroli.com/wso/pages/user/wso0205.jsf?idaa=157401&codart=P611440&marart=227&seopth=DONALDSON-FILTRI-P611440-FILTRO-ARIA-DONALDSON-P61-1440
LAF1146,42700,FILTRO ARIA,https://e-commerce.michelecaroli.com/wso/pages/user/wso0205.jsf?idaa=366741&codart=42700&marart=218&seopth=WIX-INDUSTRIAL-HD-42700-FILTRO-ARIA
LAF1095,46675,FILTRO ARIA,https://e-commerce.michelecaroli.com/wso/pages/user/wso0205.jsf?idaa=367417&codart=46675&marart=218&seopth=WIX-INDUSTRIAL-HD-46675-FILTRO-ARIA
LAF1038,42139,FILTRO ARIA,https://e-commerce.michelecaroli.com/wso/pages/user/wso0205.jsf?idaa=366351&codart=42139&marart=218&seopth=WIX-INDUSTRIAL-HD-42139-FILTRO-ARIA
LAF1012,P181133,FILTRO ARIA DONALDSON P18-1133,https://e-commerce.michelecaroli.com/wso/pages/user/wso0205.jsf?idaa=155877&codart=P181133&marart=227&seopth=DONALDSON-FILTRI-P181133-FILTRO-ARIA-DONALDSON-P18-1133
LAF101,42110,FILTRO ARIA,https://e-commerce.michelecaroli.com/wso/pages/user/wso0205.jsf?idaa=366325&codart=42110&marart=218&seopth=WIX-INDUSTRIAL-HD-42110-FILTRO-ARIA
LA99816,P206344,"ELBOW, 90 DEG 4 IN OD-ID",https://e-commerce.michelecaroli.com/wso/pages/user/wso0205.jsf?idaa=441163&codart=P206344&marart=227&seopth=DONALDSON-FILTRI-P206344-ELBOW-90-DEG-4-IN-OD-ID
LA994,SA10440,FILTRO ARIA SICUREZZ P119374 HIFI ACCOPPIATO CON SA10368,https://e-commerce.michelecaroli.com/wso/pages/user/wso0205.jsf?idaa=336026&codart=SA10440&marart=230&seopth=HIFI-FILTRI-SA10440-FILTRO-ARIA-SICUREZZ-P119374-HIFI
LA993,42119,FILTRO ARIA P181034/P182034,https://e-commerce.michelecaroli.com/wso/pages/user/wso0205.jsf?idaa=366333&codart=42119&marart=218&seopth=WIX-INDUSTRIAL-HD-42119-FILTRO-ARIA-P181034-P182034
LA992,SA17246,FILTRO ARIA HIFI SICUREZZA,https://e-commerce.michelecaroli.com/wso/pages/user/wso0205.jsf?idaa=289593&codart=SA17246&marart=230&seopth=HIFI-FILTRI-SA17246-FILTRO-ARIA-HIFI-SICUREZZA
LA991F,42768,FILTRO ARIA,https://e-commerce.michelecaroli.com/wso/pages/user/wso0205.jsf?idaa=366801&codart=42768&marart=218&seopth=WIX-INDUSTRIAL-HD-42768-FILTRO-ARIA
LA991,42768,FILTRO ARIA,https://e-commerce.michelecaroli.com/wso/pages/user/wso0205.jsf?idaa=366801&codart=42768&marart=218&seopth=WIX-INDUSTRIAL-HD-42768-FILTRO-ARIA
LA987,42763,,https://e-commerce.michelecaroli.com/wso/pages/user/wso0205.jsf?idaa=366797&codart=42763&marart=218&seopth=WIX-INDUSTRIAL-HD-42763-FILTRO-ARIA
LA986,PA3477,FILTRO ARIA KIA BESTA 2.2 DIESEL (6 5 HP),https://e-commerce.michelecaroli.com/wso/pages/user/wso0205.jsf?idaa=145613&codart=PA3477&marart=221&seopth=FILTRI-MULLER-PA3477-FILTRO-ARIA-KIA-BESTA-2-2-DIESEL-6
LA982,P539466,FILTRO ARIA DONALDSON OBSOLETO SOST OBSOLETO,https://e-commerce.michelecaroli.com/wso/pages/user/wso0205.jsf?idaa=156349&codart=P539466&marart=227&seopth=DONALDSON-FILTRI-P539466-FILTRO-ARIA-DONALDSON-OBSOLETO-SOST
LA9813,SA10312,FILTRO ARIA HIFI,https://e-commerce.michelecaroli.com/wso/pages/user/wso0205.jsf?idaa=335989&codart=SA10312&marart=230&seopth=HIFI-FILTRI-SA10312-FILTRO-ARIA-HIFI
LA9812,42760,FILTRO ARIA,https://e-commerce.michelecaroli.com/wso/pages/user/wso0205.jsf?idaa=366794&codart=42760&marart=218&seopth=WIX-INDUSTRIAL-HD-42760-FILTRO-ARIA
LA9811,42890,FILTRO ARIA,https://e-commerce.michelecaroli.com/wso/pages/user/wso0205.jsf?idaa=366876&codart=42890&marart=218&seopth=WIX-INDUSTRIAL-HD-42890-FILTRO-ARIA
LA981,MD-392,FILTRO ARIA,https://e-commerce.michelecaroli.com/wso/pages/user/wso0205.jsf?idaa=463655&codart=MD-392&marart=ALCO&seopth=ALCO-MD-392-FILTRO-ARIA
LA981,MD-392,FILTRO ARIA,https://e-commerce.michelecaroli.com/wso/pages/user/wso0205.jsf?idaa=463655&codart=MD-392&marart=ALCO&seopth=ALCO-MD-392-FILTRO-ARIA
LA976,42519,FILTRO ARIA,https://e-commerce.michelecaroli.com/wso/pages/user/wso0205.jsf?idaa=366584&codart=42519&marart=218&seopth=WIX-INDUSTRIAL-HD-42519-FILTRO-ARIA
LA974,42933,,https://e-commerce.michelecaroli.com/wso/pages/user/wso0205.jsf?idaa=366908&codart=42933&marart=218&seopth=WIX-INDUSTRIAL-HD-42933-FILTRO-ARIA
LA968,P528211,FILTRO ARIA DONALDSON P52-8211 OBSOLETO,https://e-commerce.michelecaroli.com/wso/pages/user/wso0205.jsf?idaa=156229&codart=P528211&marart=227&seopth=DONALDSON-FILTRI-P528211-FILTRO-ARIA-DONALDSON-P52-8211
LA967,46616,FILTRO ARIA,https://e-commerce.michelecaroli.com/wso/pages/user/wso0205.jsf?idaa=367365&codart=46616&marart=218&seopth=WIX-INDUSTRIAL-HD-46616-FILTRO-ARIA
LA966,MD-7234,FILTRO ARIA,https://e-commerce.michelecaroli.com/wso/pages/user/wso0205.jsf?idaa=464180&codart=MD-7234&marart=ALCO&seopth=ALCO-MD-7234-FILTRO-ARIA
LA963,46663,FILTRO ARIA,https://e-commerce.michelecaroli.com/wso/pages/user/wso0205.jsf?idaa=367408&codart=46663&marart=218&seopth=WIX-INDUSTRIAL-HD-46663-FILTRO-ARIA
LA959,46544,FILTRO ARIA,https://e-commerce.michelecaroli.com/wso/pages/user/wso0205.jsf?idaa=367304&codart=46544&marart=218&seopth=WIX-INDUSTRIAL-HD-46544-FILTRO-ARIA
LA958,42096,FILTRO ARIA,https://e-commerce.michelecaroli.com/wso/pages/user/wso0205.jsf?idaa=366311&codart=42096&marart=218&seopth=WIX-INDUSTRIAL-HD-42096-FILTRO-ARIA
LA957,42613,FILTRO ARIA,https://e-commerce.michelecaroli.com/wso/pages/user/wso0205.jsf?idaa=366670&codart=42613&marart=218&seopth=WIX-INDUSTRIAL-HD-42613-FILTRO-ARIA
LA952,P526499,FILTRO ARIA,https://e-commerce.michelecaroli.com/wso/pages/user/wso0205.jsf?idaa=156201&codart=P526499&marart=227&seopth=DONALDSON-FILTRI-P526499-FILTRO-ARIA
LA951,P181074,FILTRO ARIA DONALDSON P18-1074,https://e-commerce.michelecaroli.com/wso/pages/user/wso0205.jsf?idaa=155834&codart=P181074&marart=227&seopth=DONALDSON-FILTRI-P181074-FILTRO-ARIA-DONALDSON-P18-1074
LA949,P131231,"FILTRO ABITACOLO 228,7X813X65 DONA LDSON",https://e-commerce.michelecaroli.com/wso/pages/user/wso0205.jsf?idaa=154711&codart=P131231&marart=227&seopth=DONALDSON-FILTRI-P131231-FILTRO-ABITACOLO-228-7X813X65-DONA
LA945,SA11572,FILTRO ARIA P145756 HIFI,https://e-commerce.michelecaroli.com/wso/pages/user/wso0205.jsf?idaa=336182&codart=SA11572&marart=230&seopth=HIFI-FILTRI-SA11572-FILTRO-ARIA-P145756-HIFI
LA916,42819,FILTRO ARIA,https://e-commerce.michelecaroli.com/wso/pages/user/wso0205.jsf?idaa=366835&codart=42819&marart=218&seopth=WIX-INDUSTRIAL-HD-42819-FILTRO-ARIA
LA915,SA7005,FILTRO ARIA HIFI,https://e-commerce.michelecaroli.com/wso/pages/user/wso0205.jsf?idaa=291036&codart=SA7005&marart=230&seopth=HIFI-FILTRI-SA7005-FILTRO-ARIA-HIFI
LA909,SA11905K,,https://e-commerce.michelecaroli.com/wso/pages/user/wso0205.jsf?idaa=438709&codart=SA11905K&marart=230&seopth=HIFI-FILTRI-SA11905K-FILTRO
LA907,42920,FILTRO ARIA P119375,https://e-commerce.michelecaroli.com/wso/pages/user/wso0205.jsf?idaa=366896&codart=42920&marart=218&seopth=WIX-INDUSTRIAL-HD-42920-FILTRO-ARIA-P119375
LA895,SA11805,FILTRO ARIA ESTERNO P526505 HIFI ACCOPPIATO CON SA11785,https://e-commerce.michelecaroli.com/wso/pages/user/wso0205.jsf?idaa=336275&codart=SA11805&marart=230&seopth=HIFI-FILTRI-SA11805-FILTRO-ARIA-ESTERNO-P526505-HIFI
LA893,SA11867,FILTRO ARIA P127075 HIFI,https://e-commerce.michelecaroli.com/wso/pages/user/wso0205.jsf?idaa=336300&codart=SA11867&marart=230&seopth=HIFI-FILTRI-SA11867-FILTRO-ARIA-P127075-HIFI
LA890F,SA14114K,FILTRO ARIA P772564 HIFI,https://e-commerce.michelecaroli.com/wso/pages/user/wso0205.jsf?idaa=288877&codart=SA14114K&marart=230&seopth=HIFI-FILTRI-SA14114K-FILTRO-ARIA-P772564-HIFI
LA890,SA14114K,FILTRO ARIA P772564 HIFI,https://e-commerce.michelecaroli.com/wso/pages/user/wso0205.jsf?idaa=288877&codart=SA14114K&marart=230&seopth=HIFI-FILTRI-SA14114K-FILTRO-ARIA-P772564-HIFI
LA883,42759,FILTRO ARIA,https://e-commerce.michelecaroli.com/wso/pages/user/wso0205.jsf?idaa=366793&codart=42759&marart=218&seopth=WIX-INDUSTRIAL-HD-42759-FILTRO-ARIA
LA880,42480E,FILTRO ARIA,https://e-commerce.michelecaroli.com/wso/pages/user/wso0205.jsf?idaa=369037&codart=42480E&marart=218&seopth=WIX-INDUSTRIAL-HD-42480E-FILTRO-ARIA
LA872,42700,FILTRO ARIA,https://e-commerce.michelecaroli.com/wso/pages/user/wso0205.jsf?idaa=366741&codart=42700&marart=218&seopth=WIX-INDUSTRIAL-HD-42700-FILTRO-ARIA
LA870,42521,FILTRO ARIA,https://e-commerce.michelecaroli.com/wso/pages/user/wso0205.jsf?idaa=366586&codart=42521&marart=218&seopth=WIX-INDUSTRIAL-HD-42521-FILTRO-ARIA
LA869,SA11718,FILTRO ARIA ESTERNO P181080 HIFI,https://e-commerce.michelecaroli.com/wso/pages/user/wso0205.jsf?idaa=336235&codart=SA11718&marart=230&seopth=HIFI-FILTRI-SA11718-FILTRO-ARIA-ESTERNO-P181080-HIFI
LA865,SA11716,FILTRO ARIA SICUREZZA P526501 HIFI ACOPPIATO CON SA11694,https://e-commerce.michelecaroli.com/wso/pages/user/wso0205.jsf?idaa=336233&codart=SA11716&marart=230&seopth=HIFI-FILTRI-SA11716-FILTRO-ARIA-SICUREZZA-P526501-HIFI
LA864,P182055,FILTRO ARIA,https://e-commerce.michelecaroli.com/wso/pages/user/wso0205.jsf?idaa=155915&codart=P182055&marart=227&seopth=DONALDSON-FILTRI-P182055-FILTRO-ARIA
LA86,42215,FILTRO ARIA,https://e-commerce.michelecaroli.com/wso/pages/user/wso0205.jsf?idaa=366382&codart=42215&marart=218&seopth=WIX-INDUSTRIAL-HD-42215-FILTRO-ARIA
LA858,42941,FILTRO ARIA,https://e-commerce.michelecaroli.com/wso/pages/user/wso0205.jsf?idaa=366913&codart=42941&marart=218&seopth=WIX-INDUSTRIAL-HD-42941-FILTRO-ARIA
LA856,46774,FILTRO ARIA,https://e-commerce.michelecaroli.com/wso/pages/user/wso0205.jsf?idaa=367501&codart=46774&marart=218&seopth=WIX-INDUSTRIAL-HD-46774-FILTRO-ARIA
LA853,P181012,FILTRO ARIA DONALDSON PI8-1012,https://e-commerce.michelecaroli.com/wso/pages/user/wso0205.jsf?idaa=155782&codart=P181012&marart=227&seopth=DONALDSON-FILTRI-P181012-FILTRO-ARIA-DONALDSON-PI8-1012
LA852,SA11819,PANNELLO P150135 HIFI,https://e-commerce.michelecaroli.com/wso/pages/user/wso0205.jsf?idaa=336285&codart=SA11819&marart=230&seopth=HIFI-FILTRI-SA11819-PANNELLO-P150135-HIFI
LA846,42496,FILTRO ARIA,https://e-commerce.michelecaroli.com/wso/pages/user/wso0205.jsf?idaa=366563&codart=42496&marart=218&seopth=WIX-INDUSTRIAL-HD-42496-FILTRO-ARIA
LA845,42495,FILTRO ARIA,https://e-commerce.michelecaroli.com/wso/pages/user/wso0205.jsf?idaa=366562&codart=42495&marart=218&seopth=WIX-INDUSTRIAL-HD-42495-FILTRO-ARIA
LA844,SA10926,FILTRO ARIA SICUREZZA P124047 HIFI ABBINATO CON SA10925,https://e-commerce.michelecaroli.com/wso/pages/user/wso0205.jsf?idaa=336108&codart=SA10926&marart=230&seopth=HIFI-FILTRI-SA10926-FILTRO-ARIA-SICUREZZA-P124047-HIFI
LA843,P182082,"AIR FILTER, PRIMARY ROUND",https://e-commerce.michelecaroli.com/wso/pages/user/wso0205.jsf?idaa=441117&codart=P182082&marart=227&seopth=DONALDSON-FILTRI-P182082-AIR-FILTER-PRIMARY-ROUND
LA839,SC17050,,https://e-commerce.michelecaroli.com/wso/pages/user/wso0205.jsf?idaa=291619&codart=SC17050&marart=230&seopth=HIFI-FILTRI-SC17050-FILTRO-PANNELLO-1190X180X56
LA838,46576,,https://e-commerce.michelecaroli.com/wso/pages/user/wso0205.jsf?idaa=367332&codart=46576&marart=218&seopth=WIX-INDUSTRIAL-HD-46576-FILTRO-ARIA
LA827,42730,,https://e-commerce.michelecaroli.com/wso/pages/user/wso0205.jsf?idaa=366768&codart=42730&marart=218&seopth=WIX-INDUSTRIAL-HD-42730-FILTRO-ARIA
LA823,46250,FILTRO ARIA,https://e-commerce.michelecaroli.com/wso/pages/user/wso0205.jsf?idaa=367073&codart=46250&marart=218&seopth=WIX-INDUSTRIAL-HD-46250-FILTRO-ARIA
LA821,42263,FILTRO ARIA,https://e-commerce.michelecaroli.com/wso/pages/user/wso0205.jsf?idaa=366418&codart=42263&marart=218&seopth=WIX-INDUSTRIAL-HD-42263-FILTRO-ARIA
LA819,46328E,,https://e-commerce.michelecaroli.com/wso/pages/user/wso0205.jsf?idaa=369050&codart=46328E&marart=218&seopth=WIX-INDUSTRIAL-HD-46328E-FILTRO-ARIA
LA818,93154E,,https://e-commerce.michelecaroli.com/wso/pages/user/wso0205.jsf?idaa=369458&codart=93154E&marart=218&seopth=WIX-INDUSTRIAL-HD-93154E-FILTRO-ARIA
LA817,MD-520,FILTRO ARIA,https://e-commerce.michelecaroli.com/wso/pages/user/wso0205.jsf?idaa=463881&codart=MD-520&marart=ALCO&seopth=ALCO-MD-520-FILTRO-ARIA
LA815,SA11552,FILTRO ARIA P181087 HIFI,https://e-commerce.michelecaroli.com/wso/pages/user/wso0205.jsf?idaa=336173&codart=SA11552&marart=230&seopth=HIFI-FILTRI-SA11552-FILTRO-ARIA-P181087-HIFI
LA814,46546,FILTRO ARIA,https://e-commerce.michelecaroli.com/wso/pages/user/wso0205.jsf?idaa=367306&codart=46546&marart=218&seopth=WIX-INDUSTRIAL-HD-46546-FILTRO-ARIA
LA812,93023E,FILTRO ARIA P778462,https://e-commerce.michelecaroli.com/wso/pages/user/wso0205.jsf?idaa=369300&codart=93023E&marart=218&seopth=WIX-INDUSTRIAL-HD-93023E-FILTRO-ARIA-P778462
LA805,P181005,FILTRO ARIA DONALDSON P18-1005,https://e-commerce.michelecaroli.com/wso/pages/user/wso0205.jsf?idaa=155777&codart=P181005&marart=227&seopth=DONALDSON-FILTRI-P181005-FILTRO-ARIA-DONALDSON-P18-1005
LA804,P181018,FILTRO ARIA DONALDSON P18-1018,https://e-commerce.michelecaroli.com/wso/pages/user/wso0205.jsf?idaa=155788&codart=P181018&marart=227&seopth=DONALDSON-FILTRI-P181018-FILTRO-ARIA-DONALDSON-P18-1018
LA802,P118540,,https://e-commerce.michelecaroli.com/wso/pages/user/wso0205.jsf?idaa=154615&codart=P118540&marart=227&seopth=DONALDSON-FILTRI-P118540-PANNELLO-DONALDSON-M11L-8540
LA800,42573,FILTRO A PANNELLO,https://e-commerce.michelecaroli.com/wso/pages/user/wso0205.jsf?idaa=366635&codart=42573&marart=218&seopth=WIX-INDUSTRIAL-HD-42573-FILTRO-A-PANNELLO
LA797,42602,FILTRO ARIA,https://e-commerce.michelecaroli.com/wso/pages/user/wso0205.jsf?idaa=366662&codart=42602&marart=218&seopth=WIX-INDUSTRIAL-HD-42602-FILTRO-ARIA
LA796,42003,FILTRO ARIA,https://e-commerce.michelecaroli.com/wso/pages/user/wso0205.jsf?idaa=366240&codart=42003&marart=218&seopth=WIX-INDUSTRIAL-HD-42003-FILTRO-ARIA
LA791,46554E,,https://e-commerce.michelecaroli.com/wso/pages/user/wso0205.jsf?idaa=369064&codart=46554E&marart=218&seopth=WIX-INDUSTRIAL-HD-46554E-FILTRO-ARIA-P771561
LA784F,P131343,FILTRO ARIA DONALDSON P13-1343 ABBINATO C/FILTRO INTERNO P122425,https://e-commerce.michelecaroli.com/wso/pages/user/wso0205.jsf?idaa=154722&codart=P131343&marart=227&seopth=DONALDSON-FILTRI-P131343-FILTRO-ARIA-DONALDSON-P13-1343
LA782F,SA10385K,FILTRO ARIA P181050# HIFI ABBINATO CON SA14762,https://e-commerce.michelecaroli.com/wso/pages/user/wso0205.jsf?idaa=336011&codart=SA10385K&marart=230&seopth=HIFI-FILTRI-SA10385K-FILTRO-ARIA-P181050-HIFI
LA777F,P182063,FILTRO ARIA DONALDSON P18-2063 ABBINATO CON P119778,https://e-commerce.michelecaroli.com/wso/pages/user/wso0205.jsf?idaa=155918&codart=P182063&marart=227&seopth=DONALDSON-FILTRI-P182063-FILTRO-ARIA-DONALDSON-P18-2063
LA776F,SA10384K,FILTRO ARIA ESTERNO P772545 HIFI ACCOPPIATO CON SA10754,https://e-commerce.michelecaroli.com/wso/pages/user/wso0205.jsf?idaa=336010&codart=SA10384K&marart=230&seopth=HIFI-FILTRI-SA10384K-FILTRO-ARIA-ESTERNO-P772545-HIFI
LA769,42528,FILTRO ARIA,https://e-commerce.michelecaroli.com/wso/pages/user/wso0205.jsf?idaa=366592&codart=42528&marart=218&seopth=WIX-INDUSTRIAL-HD-42528-FILTRO-ARIA
LA767,42539,FILTRO ARIA INTERNO ABBINATO CON 42505,https://e-commerce.michelecaroli.com/wso/pages/user/wso0205.jsf?idaa=366603&codart=42539&marart=218&seopth=WIX-INDUSTRIAL-HD-42539-FILTRO-ARIA-INTERNO
LA762,P128960,,https://e-commerce.michelecaroli.com/wso/pages/user/wso0205.jsf?idaa=154692&codart=P128960&marart=227&seopth=DONALDSON-FILTRI-P128960-FILTRO-ARIA-DONALDSON-P12-8960
LA756,42137,FILTRO ARIA,https://e-commerce.michelecaroli.com/wso/pages/user/wso0205.jsf?idaa=366349&codart=42137&marart=218&seopth=WIX-INDUSTRIAL-HD-42137-FILTRO-ARIA
LA755R,SA14100,FILTRO ARIA P119778 HIFI,https://e-commerce.michelecaroli.com/wso/pages/user/wso0205.jsf?idaa=288876&codart=SA14100&marart=230&seopth=HIFI-FILTRI-SA14100-FILTRO-ARIA-P119778-HIFI
LA755,SA14100,FILTRO ARIA P119778 HIFI,https://e-commerce.michelecaroli.com/wso/pages/user/wso0205.jsf?idaa=288876&codart=SA14100&marart=230&seopth=HIFI-FILTRI-SA14100-FILTRO-ARIA-P119778-HIFI
LA753,42707,FILTRO ARIA,https://e-commerce.michelecaroli.com/wso/pages/user/wso0205.jsf?idaa=366746&codart=42707&marart=218&seopth=WIX-INDUSTRIAL-HD-42707-FILTRO-ARIA
LA747,46565,FILTRO ARIA,https://e-commerce.michelecaroli.com/wso/pages/user/wso0205.jsf?idaa=367322&codart=46565&marart=218&seopth=WIX-INDUSTRIAL-HD-46565-FILTRO-ARIA
LA744,46598,FILTRO ARIA,https://e-commerce.michelecaroli.com/wso/pages/user/wso0205.jsf?idaa=367351&codart=46598&marart=218&seopth=WIX-INDUSTRIAL-HD-46598-FILTRO-ARIA
LA743,P181205,FILTRO ARIA DONALDSON P18-1205,https://e-commerce.michelecaroli.com/wso/pages/user/wso0205.jsf?idaa=155899&codart=P181205&marart=227&seopth=DONALDSON-FILTRI-P181205-FILTRO-ARIA-DONALDSON-P18-1205
LA736,P539458,FILTRO ARIA,https://e-commerce.michelecaroli.com/wso/pages/user/wso0205.jsf?idaa=156347&codart=P539458&marart=227&seopth=DONALDSON-FILTRI-P539458-FILTRO-ARIA
LA729,42757,FILTRO ARIA,https://e-commerce.michelecaroli.com/wso/pages/user/wso0205.jsf?idaa=366791&codart=42757&marart=218&seopth=WIX-INDUSTRIAL-HD-42757-FILTRO-ARIA
LA728,P526493,FILTRO ARIA DONALDSON P52-64 93,https://e-commerce.michelecaroli.com/wso/pages/user/wso0205.jsf?idaa=156197&codart=P526493&marart=227&seopth=DONALDSON-FILTRI-P526493-FILTRO-ARIA-DONALDSON-P52-64-93
LA727,P526492,FILTRO ARIA DONALDSON P52-6492,https://e-commerce.michelecaroli.com/wso/pages/user/wso0205.jsf?idaa=156196&codart=P526492&marart=227&seopth=DONALDSON-FILTRI-P526492-FILTRO-ARIA-DONALDSON-P52-6492
LA723,P607371,"AIR FILTER, PRIMARY ROUND",https://e-commerce.michelecaroli.com/wso/pages/user/wso0205.jsf?idaa=442329&codart=P607371&marart=227&seopth=DONALDSON-FILTRI-P607371-AIR-FILTER-PRIMARY-ROUND
LA720,42638,FILTRO ARIA,https://e-commerce.michelecaroli.com/wso/pages/user/wso0205.jsf?idaa=366689&codart=42638&marart=218&seopth=WIX-INDUSTRIAL-HD-42638-FILTRO-ARIA
LA719F,P131343,FILTRO ARIA DONALDSON P13-1343 ABBINATO C/FILTRO INTERNO P122425,https://e-commerce.michelecaroli.com/wso/pages/user/wso0205.jsf?idaa=154722&codart=P131343&marart=227&seopth=DONALDSON-FILTRI-P131343-FILTRO-ARIA-DONALDSON-P13-1343
LA719,P131343,FILTRO ARIA DONALDSON P13-1343 ABBINATO C/FILTRO INTERNO P122425,https://e-commerce.michelecaroli.com/wso/pages/user/wso0205.jsf?idaa=154722&codart=P131343&marart=227&seopth=DONALDSON-FILTRI-P131343-FILTRO-ARIA-DONALDSON-P13-1343
LA709,P121557,FILTRO ARIA OBSOLETO,https://e-commerce.michelecaroli.com/wso/pages/user/wso0205.jsf?idaa=154644&codart=P121557&marart=227&seopth=DONALDSON-FILTRI-P121557-FILTRO-ARIA
LA699,SA11590,FILTRO ARIA SICUREZZAP181208 HIFI ACCOPPIATO CON SA11591,https://e-commerce.michelecaroli.com/wso/pages/user/wso0205.jsf?idaa=336185&codart=SA11590&marart=230&seopth=HIFI-FILTRI-SA11590-FILTRO-ARIA-SICUREZZAP181208-HIFI
LA6951,42598,FILTRO ARIA P524835,https://e-commerce.michelecaroli.com/wso/pages/user/wso0205.jsf?idaa=366658&codart=42598&marart=218&seopth=WIX-INDUSTRIAL-HD-42598-FILTRO-ARIA-P524835
LA6941,42599,FILTRO ARIA,https://e-commerce.michelecaroli.com/wso/pages/user/wso0205.jsf?idaa=366659&codart=42599&marart=218&seopth=WIX-INDUSTRIAL-HD-42599-FILTRO-ARIA
LA694,42599,FILTRO ARIA,https://e-commerce.michelecaroli.com/wso/pages/user/wso0205.jsf?idaa=366659&codart=42599&marart=218&seopth=WIX-INDUSTRIAL-HD-42599-FILTRO-ARIA
LA6931,P142813,FILTRO ARIA DONALDSON A PANNELLO,https://e-commerce.michelecaroli.com/wso/pages/user/wso0205.jsf?idaa=154809&codart=P142813&marart=227&seopth=DONALDSON-FILTRI-P142813-FILTRO-ARIA-DONALDSON-A-PANNELLO
LA693,P142813,FILTRO ARIA DONALDSON A PANNELLO,https://e-commerce.michelecaroli.com/wso/pages/user/wso0205.jsf?idaa=154809&codart=P142813&marart=227&seopth=DONALDSON-FILTRI-P142813-FILTRO-ARIA-DONALDSON-A-PANNELLO
LA692F,MD-7126K,,https://e-commerce.michelecaroli.com/wso/pages/user/wso0205.jsf?idaa=464142&codart=MD-7126K&marart=ALCO&seopth=ALCO-MD-7126K-FILTRO-ARIA
LA692,MD-7126K,,https://e-commerce.michelecaroli.com/wso/pages/user/wso0205.jsf?idaa=464142&codart=MD-7126K&marart=ALCO&seopth=ALCO-MD-7126K-FILTRO-ARIA
LA691,46514,FILTRO ARIA,https://e-commerce.michelecaroli.com/wso/pages/user/wso0205.jsf?idaa=367281&codart=46514&marart=218&seopth=WIX-INDUSTRIAL-HD-46514-FILTRO-ARIA
LA690F,SA14009K,FILTRO ARIA HIFI,https://e-commerce.michelecaroli.com/wso/pages/user/wso0205.jsf?idaa=288854&codart=SA14009K&marart=230&seopth=HIFI-FILTRI-SA14009K-FILTRO-ARIA-HIFI
LA689,P182055,FILTRO ARIA,https://e-commerce.michelecaroli.com/wso/pages/user/wso0205.jsf?idaa=155915&codart=P182055&marart=227&seopth=DONALDSON-FILTRI-P182055-FILTRO-ARIA
LA6870,46870,FILTRO ARIA,https://e-commerce.michelecaroli.com/wso/pages/user/wso0205.jsf?idaa=367585&codart=46870&marart=218&seopth=WIX-INDUSTRIAL-HD-46870-FILTRO-ARIA
LA6837,SA17101,FILTRO ARIA P780030# HIFI,https://e-commerce.michelecaroli.com/wso/pages/user/wso0205.jsf?idaa=289497&codart=SA17101&marart=230&seopth=HIFI-FILTRI-SA17101-FILTRO-ARIA-P780030-HIFI
LA6836,SA17100,FILTRO ARIA P778989# HIFI,https://e-commerce.michelecaroli.com/wso/pages/user/wso0205.jsf?idaa=289496&codart=SA17100&marart=230&seopth=HIFI-FILTRI-SA17100-FILTRO-ARIA-P778989-HIFI
LA6818,27.516.00,FILTRO ARIA UFI 27.516.00,https://e-commerce.michelecaroli.com/wso/pages/user/wso0205.jsf?idaa=370335&codart=27.516.00&marart=UFIHD&seopth=UFI-HD-27-516-00-FILTRO-ARIA-UFI-27-516-00
LA6811,46811,FILTRO ARIA,https://e-commerce.michelecaroli.com/wso/pages/user/wso0205.jsf?idaa=367534&codart=46811&marart=218&seopth=WIX-INDUSTRIAL-HD-46811-FILTRO-ARIA
LA680F,P182045,,https://e-commerce.michelecaroli.com/wso/pages/user/wso0205.jsf?idaa=155911&codart=P182045&marart=227&seopth=DONALDSON-FILTRI-P182045-FILTRO-ARIA-SOSTITUITO-DA-P181045
LA676,SA10855,FILTRO ARIA SICUREZZA P131336 HIFI ABBINATO CON SA10854,https://e-commerce.michelecaroli.com/wso/pages/user/wso0205.jsf?idaa=336080&codart=SA10855&marart=230&seopth=HIFI-FILTRI-SA10855-FILTRO-ARIA-SICUREZZA-P131336-HIFI
LA670,SA10913,FILTRO ARIA SICUREZZA P141319 HIFI ACCOPPIATO CON SA10897,https://e-commerce.michelecaroli.com/wso/pages/user/wso0205.jsf?idaa=336101&codart=SA10913&marart=230&seopth=HIFI-FILTRI-SA10913-FILTRO-ARIA-SICUREZZA-P141319-HIFI
LA666,42687,FILTRO ARIA,https://e-commerce.michelecaroli.com/wso/pages/user/wso0205.jsf?idaa=366730&codart=42687&marart=218&seopth=WIX-INDUSTRIAL-HD-42687-FILTRO-ARIA
LA665,42976,FILTRO ARIA,https://e-commerce.michelecaroli.com/wso/pages/user/wso0205.jsf?idaa=366938&codart=42976&marart=218&seopth=WIX-INDUSTRIAL-HD-42976-FILTRO-ARIA
LA663,SA10823,FILTRO ARIA HIFI,https://e-commerce.michelecaroli.com/wso/pages/user/wso0205.jsf?idaa=336064&codart=SA10823&marart=230&seopth=HIFI-FILTRI-SA10823-FILTRO-ARIA-HIFI
LA659S,42212,FILTRO ARIA,https://e-commerce.michelecaroli.com/wso/pages/user/wso0205.jsf?idaa=366381&codart=42212&marart=218&seopth=WIX-INDUSTRIAL-HD-42212-FILTRO-ARIA
LA658S,P182000,"AIR FILTER, PRIMARY FINNED",https://e-commerce.michelecaroli.com/wso/pages/user/wso0205.jsf?idaa=441114&codart=P182000&marart=227&seopth=DONALDSON-FILTRI-P182000-AIR-FILTER-PRIMARY-FINNED
LA658F,SA14009K,FILTRO ARIA HIFI,https://e-commerce.michelecaroli.com/wso/pages/user/wso0205.jsf?idaa=288854&codart=SA14009K&marart=230&seopth=HIFI-FILTRI-SA14009K-FILTRO-ARIA-HIFI
LA6511,42783,FILTRO ARIA,https://e-commerce.michelecaroli.com/wso/pages/user/wso0205.jsf?idaa=366813&codart=42783&marart=218&seopth=WIX-INDUSTRIAL-HD-42783-FILTRO-ARIA
LA651,42783,FILTRO ARIA,https://e-commerce.michelecaroli.com/wso/pages/user/wso0205.jsf?idaa=366813&codart=42783&marart=218&seopth=WIX-INDUSTRIAL-HD-42783-FILTRO-ARIA
LA649,SA10442,FILTRO ARIA P136390 HIFI ABBINATO CON SA11637,https://e-commerce.michelecaroli.com/wso/pages/user/wso0205.jsf?idaa=336028&codart=SA10442&marart=230&seopth=HIFI-FILTRI-SA10442-FILTRO-ARIA-P136390-HIFI
LA647,P130764,FILTRO ARIA DONALDSON P13-0764,https://e-commerce.michelecaroli.com/wso/pages/user/wso0205.jsf?idaa=154701&codart=P130764&marart=227&seopth=DONALDSON-FILTRI-P130764-FILTRO-ARIA-DONALDSON-P13-0764
LA638,P113247,PANNELLO DONALDSON M11L-3247,https://e-commerce.michelecaroli.com/wso/pages/user/wso0205.jsf?idaa=154573&codart=P113247&marart=227&seopth=DONALDSON-FILTRI-P113247-PANNELLO-DONALDSON-M11L-3247
LA636,P181205,FILTRO ARIA DONALDSON P18-1205,https://e-commerce.michelecaroli.com/wso/pages/user/wso0205.jsf?idaa=155899&codart=P181205&marart=227&seopth=DONALDSON-FILTRI-P181205-FILTRO-ARIA-DONALDSON-P18-1205
LA634,P182049,FILTRO ARIA ESTERNO ABBINATO C/FILTRO INTERNO P116446,https://e-commerce.michelecaroli.com/wso/pages/user/wso0205.jsf?idaa=155913&codart=P182049&marart=227&seopth=DONALDSON-FILTRI-P182049-FILTRO-ARIA-ESTERNO
LA632F,MD-552K,FILTRO ARIA INTERNO 71 MM,https://e-commerce.michelecaroli.com/wso/pages/user/wso0205.jsf?idaa=464008&codart=MD-552K&marart=ALCO&seopth=ALCO-MD-552K-FILTRO-ARIA-INTERNO-71-MM
LA632,MD-552K,FILTRO ARIA INTERNO 71 MM,https://e-commerce.michelecaroli.com/wso/pages/user/wso0205.jsf?idaa=464008&codart=MD-552K&marart=ALCO&seopth=ALCO-MD-552K-FILTRO-ARIA-INTERNO-71-MM
LA626,SA14009K,FILTRO ARIA HIFI,https://e-commerce.michelecaroli.com/wso/pages/user/wso0205.jsf?idaa=288854&codart=SA14009K&marart=230&seopth=HIFI-FILTRI-SA14009K-FILTRO-ARIA-HIFI
LA622,42981,FILTRO ARIA,https://e-commerce.michelecaroli.com/wso/pages/user/wso0205.jsf?idaa=366941&codart=42981&marart=218&seopth=WIX-INDUSTRIAL-HD-42981-FILTRO-ARIA
LA620F,SA10785K,,https://e-commerce.michelecaroli.com/wso/pages/user/wso0205.jsf?idaa=355491&codart=SA10785K&marart=230&seopth=HIFI-FILTRI-SA10785K-FILTRO-ARIA-P113703-HIFI
LA62,42490,FILTRO ARIA,https://e-commerce.michelecaroli.com/wso/pages/user/wso0205.jsf?idaa=366557&codart=42490&marart=218&seopth=WIX-INDUSTRIAL-HD-42490-FILTRO-ARIA
