Code searched,Matched code,Part Category on Michele,Link to Michele product
SK48714,SK48714,,https://e-commerce.michelecaroli.com/wso/pages/user/wso0205.jsf?idaa=412184&codart=SK48714&marart=233&seopth=SF-FILTER-SK48714-FILTRO-NAFTA
SK48713,SK48713,,https://e-commerce.michelecaroli.com/wso/pages/user/wso0205.jsf?idaa=412183&codart=SK48713&marart=233&seopth=SF-FILTER-SK48713-FILTRO-NAFTA
SK48711,SK48711,,https://e-commerce.michelecaroli.com/wso/pages/user/wso0205.jsf?idaa=412181&codart=SK48711&marart=233&seopth=SF-FILTER-SK48711-FILTRO-NAFTA
SK48710,SK48710,,https://e-commerce.michelecaroli.com/wso/pages/user/wso0205.jsf?idaa=412180&codart=SK48710&marart=233&seopth=SF-FILTER-SK48710-FILTRO-NAFTA
SK48709,SN40792,FILTRO NAFTA HIFI,https://e-commerce.michelecaroli.com/wso/pages/user/wso0205.jsf?idaa=395154&codart=SN40792&marart=230&seopth=HIFI-FILTRI-SN40792-FILTRO-NAFTA-HIFI
SK48708,SK48708,,https://e-commerce.michelecaroli.com/wso/pages/user/wso0205.jsf?idaa=412179&codart=SK48708&marart=233&seopth=SF-FILTER-SK48708-FILTRO-NAFTA
SK48707,SK48707,,https://e-commerce.michelecaroli.com/wso/pages/user/wso0205.jsf?idaa=412178&codart=SK48707&marart=233&seopth=SF-FILTER-SK48707-FILTRO-NAFTA
SK48706,SK48706,,https://e-commerce.michelecaroli.com/wso/pages/user/wso0205.jsf?idaa=412177&codart=SK48706&marart=233&seopth=SF-FILTER-SK48706-FILTRO-NAFTA
SK48705,SK48705,,https://e-commerce.michelecaroli.com/wso/pages/user/wso0205.jsf?idaa=412176&codart=SK48705&marart=233&seopth=SF-FILTER-SK48705-FILTRO-NAFTA
SK48704,SK48704,,https://e-commerce.michelecaroli.com/wso/pages/user/wso0205.jsf?idaa=412175&codart=SK48704&marart=233&seopth=SF-FILTER-SK48704-FILTRO-NAFTA
SK48703,SK48703,,https://e-commerce.michelecaroli.com/wso/pages/user/wso0205.jsf?idaa=412174&codart=SK48703&marart=233&seopth=SF-FILTER-SK48703-FILTRO-NAFTA
SK48701,SK48701,,https://e-commerce.michelecaroli.com/wso/pages/user/wso0205.jsf?idaa=412173&codart=SK48701&marart=233&seopth=SF-FILTER-SK48701-FILTRO-NAFTA
SK48699SET,SK48699-SET,,https://e-commerce.michelecaroli.com/wso/pages/user/wso0205.jsf?idaa=412172&codart=SK48699-SET&marart=233&seopth=SF-FILTER-SK48699-SET-FILTRO-NAFTA
SK48697,SK48697,,https://e-commerce.michelecaroli.com/wso/pages/user/wso0205.jsf?idaa=412171&codart=SK48697&marart=233&seopth=SF-FILTER-SK48697-FILTRO-NAFTA
SK48696,SK48696,,https://e-commerce.michelecaroli.com/wso/pages/user/wso0205.jsf?idaa=412170&codart=SK48696&marart=233&seopth=SF-FILTER-SK48696-FILTRO-NAFTA
SK48695,SK48695,,https://e-commerce.michelecaroli.com/wso/pages/user/wso0205.jsf?idaa=412169&codart=SK48695&marart=233&seopth=SF-FILTER-SK48695-FILTRO-NAFTA
SK48685,SK48685,,https://e-commerce.michelecaroli.com/wso/pages/user/wso0205.jsf?idaa=412166&codart=SK48685&marart=233&seopth=SF-FILTER-SK48685-FILTRO-NAFTA
SK48684,SK48684,,https://e-commerce.michelecaroli.com/wso/pages/user/wso0205.jsf?idaa=412165&codart=SK48684&marart=233&seopth=SF-FILTER-SK48684-FILTRO-NAFTA
SK48683,SK48683,,https://e-commerce.michelecaroli.com/wso/pages/user/wso0205.jsf?idaa=412164&codart=SK48683&marart=233&seopth=SF-FILTER-SK48683-FILTRO-NAFTA
SK48682,SK48682,,https://e-commerce.michelecaroli.com/wso/pages/user/wso0205.jsf?idaa=412163&codart=SK48682&marart=233&seopth=SF-FILTER-SK48682-FILTRO-NAFTA
SK48680,SK48680,,https://e-commerce.michelecaroli.com/wso/pages/user/wso0205.jsf?idaa=412161&codart=SK48680&marart=233&seopth=SF-FILTER-SK48680-FILTRO-NAFTA
SK48679,SK48679,,https://e-commerce.michelecaroli.com/wso/pages/user/wso0205.jsf?idaa=412160&codart=SK48679&marart=233&seopth=SF-FILTER-SK48679-FILTRO-NAFTA
SK48676,SK48676,,https://e-commerce.michelecaroli.com/wso/pages/user/wso0205.jsf?idaa=412157&codart=SK48676&marart=233&seopth=SF-FILTER-SK48676-FILTRO-NAFTA
SK48675,SK48675,,https://e-commerce.michelecaroli.com/wso/pages/user/wso0205.jsf?idaa=412156&codart=SK48675&marart=233&seopth=SF-FILTER-SK48675-FILTRO-NAFTA
SK48674,SK48674,,https://e-commerce.michelecaroli.com/wso/pages/user/wso0205.jsf?idaa=412155&codart=SK48674&marart=233&seopth=SF-FILTER-SK48674-FILTRO-NAFTA
SK48672,SK48672,,https://e-commerce.michelecaroli.com/wso/pages/user/wso0205.jsf?idaa=412154&codart=SK48672&marart=233&seopth=SF-FILTER-SK48672-FILTRO-NAFTA
SK48670,SK48670,,https://e-commerce.michelecaroli.com/wso/pages/user/wso0205.jsf?idaa=412153&codart=SK48670&marart=233&seopth=SF-FILTER-SK48670-FILTRO-NAFTA
SK48668,SK48668,,https://e-commerce.michelecaroli.com/wso/pages/user/wso0205.jsf?idaa=412151&codart=SK48668&marart=233&seopth=SF-FILTER-SK48668-FILTRO-NAFTA
SK486642,SK48664/2,,https://e-commerce.michelecaroli.com/wso/pages/user/wso0205.jsf?idaa=412148&codart=SK48664%2F2&marart=233&seopth=SF-FILTER-SK48664-2-FILTRO-NAFTA
SK48656,SK48656,,https://e-commerce.michelecaroli.com/wso/pages/user/wso0205.jsf?idaa=412146&codart=SK48656&marart=233&seopth=SF-FILTER-SK48656-FILTRO-NAFTA
SK48655,SK48655,,https://e-commerce.michelecaroli.com/wso/pages/user/wso0205.jsf?idaa=412145&codart=SK48655&marart=233&seopth=SF-FILTER-SK48655-FILTRO-NAFTA
SK48650SET,SK48650-SET,,https://e-commerce.michelecaroli.com/wso/pages/user/wso0205.jsf?idaa=412141&codart=SK48650-SET&marart=233&seopth=SF-FILTER-SK48650-SET-FILTRO-NAFTA
SK48650,SK48650,,https://e-commerce.michelecaroli.com/wso/pages/user/wso0205.jsf?idaa=412140&codart=SK48650&marart=233&seopth=SF-FILTER-SK48650-FILTRO-NAFTA
SK48648,SK48648,,https://e-commerce.michelecaroli.com/wso/pages/user/wso0205.jsf?idaa=412139&codart=SK48648&marart=233&seopth=SF-FILTER-SK48648-FILTRO-NAFTA
SK48647,SK48647,,https://e-commerce.michelecaroli.com/wso/pages/user/wso0205.jsf?idaa=412138&codart=SK48647&marart=233&seopth=SF-FILTER-SK48647-FILTRO-NAFTA
SK48646,SK48646,,https://e-commerce.michelecaroli.com/wso/pages/user/wso0205.jsf?idaa=412137&codart=SK48646&marart=233&seopth=SF-FILTER-SK48646-FILTRO-NAFTA
SK48642,SK48642,,https://e-commerce.michelecaroli.com/wso/pages/user/wso0205.jsf?idaa=412136&codart=SK48642&marart=233&seopth=SF-FILTER-SK48642-FILTRO-NAFTA
SK48639,SK48639,,https://e-commerce.michelecaroli.com/wso/pages/user/wso0205.jsf?idaa=412133&codart=SK48639&marart=233&seopth=SF-FILTER-SK48639-FILTRO-NAFTA
SK48638,SK48638,,https://e-commerce.michelecaroli.com/wso/pages/user/wso0205.jsf?idaa=412132&codart=SK48638&marart=233&seopth=SF-FILTER-SK48638-FILTRO-NAFTA
SK48636,SK48636,,https://e-commerce.michelecaroli.com/wso/pages/user/wso0205.jsf?idaa=412130&codart=SK48636&marart=233&seopth=SF-FILTER-SK48636-FILTRO-NAFTA
SK48635,SK48635,,https://e-commerce.michelecaroli.com/wso/pages/user/wso0205.jsf?idaa=412129&codart=SK48635&marart=233&seopth=SF-FILTER-SK48635-FILTRO-NAFTA
SK48630SET,SK48630-SET,,https://e-commerce.michelecaroli.com/wso/pages/user/wso0205.jsf?idaa=412127&codart=SK48630-SET&marart=233&seopth=SF-FILTER-SK48630-SET-FILTRO-NAFTA
SK48629,SK48629,,https://e-commerce.michelecaroli.com/wso/pages/user/wso0205.jsf?idaa=412126&codart=SK48629&marart=233&seopth=SF-FILTER-SK48629-FILTRO-NAFTA
SK48628HNBR,SK48628-HNBR,,https://e-commerce.michelecaroli.com/wso/pages/user/wso0205.jsf?idaa=412125&codart=SK48628-HNBR&marart=233&seopth=SF-FILTER-SK48628-HNBR-FILTRO-NAFTA
SK48626,SK48626,,https://e-commerce.michelecaroli.com/wso/pages/user/wso0205.jsf?idaa=412123&codart=SK48626&marart=233&seopth=SF-FILTER-SK48626-FILTRO-NAFTA
SK48625,SK48625,,https://e-commerce.michelecaroli.com/wso/pages/user/wso0205.jsf?idaa=412121&codart=SK48625&marart=233&seopth=SF-FILTER-SK48625-FILTRO-NAFTA
SK48623,SK48623,,https://e-commerce.michelecaroli.com/wso/pages/user/wso0205.jsf?idaa=412119&codart=SK48623&marart=233&seopth=SF-FILTER-SK48623-FILTRO-NAFTA
SK48622,SK48622,,https://e-commerce.michelecaroli.com/wso/pages/user/wso0205.jsf?idaa=412118&codart=SK48622&marart=233&seopth=SF-FILTER-SK48622-FILTRO-NAFTA
SK48621,SK48621,,https://e-commerce.michelecaroli.com/wso/pages/user/wso0205.jsf?idaa=412117&codart=SK48621&marart=233&seopth=SF-FILTER-SK48621-FILTRO-NAFTA
SK48619,SK48619,,https://e-commerce.michelecaroli.com/wso/pages/user/wso0205.jsf?idaa=412116&codart=SK48619&marart=233&seopth=SF-FILTER-SK48619-FILTRO-NAFTA
SK48617,SK48617,,https://e-commerce.michelecaroli.com/wso/pages/user/wso0205.jsf?idaa=412114&codart=SK48617&marart=233&seopth=SF-FILTER-SK48617-FILTRO-NAFTA
SK48614,04268706,,https://e-commerce.michelecaroli.com/wso/pages/user/wso0205.jsf?idaa=109211&codart=04268706&marart=159&seopth=DEUTZ-04268706-CARTUCCIA-FILTRO-FILTER-CARTRIDGE
SK48611,SK48611,,https://e-commerce.michelecaroli.com/wso/pages/user/wso0205.jsf?idaa=412110&codart=SK48611&marart=233&seopth=SF-FILTER-SK48611-FILTRO-NAFTA
SK48610,SK48610,,https://e-commerce.michelecaroli.com/wso/pages/user/wso0205.jsf?idaa=412109&codart=SK48610&marart=233&seopth=SF-FILTER-SK48610-FILTRO-NAFTA
SK48608,SK48608,,https://e-commerce.michelecaroli.com/wso/pages/user/wso0205.jsf?idaa=412107&codart=SK48608&marart=233&seopth=SF-FILTER-SK48608-FILTRO-NAFTA
SK48607,SK48607,,https://e-commerce.michelecaroli.com/wso/pages/user/wso0205.jsf?idaa=412106&codart=SK48607&marart=233&seopth=SF-FILTER-SK48607-FILTRO-NAFTA
SK48606,SK48606,,https://e-commerce.michelecaroli.com/wso/pages/user/wso0205.jsf?idaa=412105&codart=SK48606&marart=233&seopth=SF-FILTER-SK48606-FILTRO-NAFTA
SK48603,SK48603,,https://e-commerce.michelecaroli.com/wso/pages/user/wso0205.jsf?idaa=412102&codart=SK48603&marart=233&seopth=SF-FILTER-SK48603-FILTRO-NAFTA
SK486021,SK48602/1,,https://e-commerce.michelecaroli.com/wso/pages/user/wso0205.jsf?idaa=412101&codart=SK48602%2F1&marart=233&seopth=SF-FILTER-SK48602-1-FILTRO-NAFTA
SK486021,SK48602/1,,https://e-commerce.michelecaroli.com/wso/pages/user/wso0205.jsf?idaa=412101&codart=SK48602%2F1&marart=233&seopth=SF-FILTER-SK48602-1-FILTRO-NAFTA
SK48597,SK48597,,https://e-commerce.michelecaroli.com/wso/pages/user/wso0205.jsf?idaa=412097&codart=SK48597&marart=233&seopth=SF-FILTER-SK48597-FILTRO-NAFTA
SK48595,SK48595,,https://e-commerce.michelecaroli.com/wso/pages/user/wso0205.jsf?idaa=412095&codart=SK48595&marart=233&seopth=SF-FILTER-SK48595-FILTRO-NAFTA
SK48587,SK48587,,https://e-commerce.michelecaroli.com/wso/pages/user/wso0205.jsf?idaa=412090&codart=SK48587&marart=233&seopth=SF-FILTER-SK48587-FILTRO-NAFTA
SK48586,SK48586,,https://e-commerce.michelecaroli.com/wso/pages/user/wso0205.jsf?idaa=412089&codart=SK48586&marart=233&seopth=SF-FILTER-SK48586-FILTRO-NAFTA
SK48585,SK48585,,https://e-commerce.michelecaroli.com/wso/pages/user/wso0205.jsf?idaa=412088&codart=SK48585&marart=233&seopth=SF-FILTER-SK48585-FILTRO-NAFTA
SK48582,SK48582,,https://e-commerce.michelecaroli.com/wso/pages/user/wso0205.jsf?idaa=412085&codart=SK48582&marart=233&seopth=SF-FILTER-SK48582-FILTRO-NAFTA
SK48581,SK48581,,https://e-commerce.michelecaroli.com/wso/pages/user/wso0205.jsf?idaa=412084&codart=SK48581&marart=233&seopth=SF-FILTER-SK48581-FILTRO-NAFTA
SK48580,SK48580,,https://e-commerce.michelecaroli.com/wso/pages/user/wso0205.jsf?idaa=412083&codart=SK48580&marart=233&seopth=SF-FILTER-SK48580-FILTRO-NAFTA
SK48579,SK48579,,https://e-commerce.michelecaroli.com/wso/pages/user/wso0205.jsf?idaa=412082&codart=SK48579&marart=233&seopth=SF-FILTER-SK48579-FILTRO-NAFTA
SK48578,SK48578,,https://e-commerce.michelecaroli.com/wso/pages/user/wso0205.jsf?idaa=412081&codart=SK48578&marart=233&seopth=SF-FILTER-SK48578-FILTRO-NAFTA
SK48577,SK48577,,https://e-commerce.michelecaroli.com/wso/pages/user/wso0205.jsf?idaa=412080&codart=SK48577&marart=233&seopth=SF-FILTER-SK48577-FILTRO-NAFTA
SK48576,SK48576,,https://e-commerce.michelecaroli.com/wso/pages/user/wso0205.jsf?idaa=412079&codart=SK48576&marart=233&seopth=SF-FILTER-SK48576-FILTRO-NAFTA
SK48574,SK48574,,https://e-commerce.michelecaroli.com/wso/pages/user/wso0205.jsf?idaa=412077&codart=SK48574&marart=233&seopth=SF-FILTER-SK48574-FILTRO-NAFTA
SK48573,SK48573,,https://e-commerce.michelecaroli.com/wso/pages/user/wso0205.jsf?idaa=412076&codart=SK48573&marart=233&seopth=SF-FILTER-SK48573-FILTRO-NAFTA
SK48571,SK48571,,https://e-commerce.michelecaroli.com/wso/pages/user/wso0205.jsf?idaa=412075&codart=SK48571&marart=233&seopth=SF-FILTER-SK48571-FILTRO-NAFTA
SK48570,SK48570,,https://e-commerce.michelecaroli.com/wso/pages/user/wso0205.jsf?idaa=412074&codart=SK48570&marart=233&seopth=SF-FILTER-SK48570-FILTRO-NAFTA
SK48566,SK48566,,https://e-commerce.michelecaroli.com/wso/pages/user/wso0205.jsf?idaa=412071&codart=SK48566&marart=233&seopth=SF-FILTER-SK48566-FILTRO-NAFTA
SK48563,SK48563,,https://e-commerce.michelecaroli.com/wso/pages/user/wso0205.jsf?idaa=412068&codart=SK48563&marart=233&seopth=SF-FILTER-SK48563-FILTRO-NAFTA
SK48562,SK48562,,https://e-commerce.michelecaroli.com/wso/pages/user/wso0205.jsf?idaa=412067&codart=SK48562&marart=233&seopth=SF-FILTER-SK48562-FILTRO-NAFTA
SK48558,SK48558,,https://e-commerce.michelecaroli.com/wso/pages/user/wso0205.jsf?idaa=412065&codart=SK48558&marart=233&seopth=SF-FILTER-SK48558-FILTRO-NAFTA
SK48556,SK48556,,https://e-commerce.michelecaroli.com/wso/pages/user/wso0205.jsf?idaa=412063&codart=SK48556&marart=233&seopth=SF-FILTER-SK48556-FILTRO-NAFTA
SK48556,SK48556,,https://e-commerce.michelecaroli.com/wso/pages/user/wso0205.jsf?idaa=412063&codart=SK48556&marart=233&seopth=SF-FILTER-SK48556-FILTRO-NAFTA
SK48555,SK48555,,https://e-commerce.michelecaroli.com/wso/pages/user/wso0205.jsf?idaa=412062&codart=SK48555&marart=233&seopth=SF-FILTER-SK48555-FILTRO-NAFTA
SK48549,SK48549,,https://e-commerce.michelecaroli.com/wso/pages/user/wso0205.jsf?idaa=412058&codart=SK48549&marart=233&seopth=SF-FILTER-SK48549-FILTRO-NAFTA
SK48548SET,SK48548-SET,,https://e-commerce.michelecaroli.com/wso/pages/user/wso0205.jsf?idaa=412057&codart=SK48548-SET&marart=233&seopth=SF-FILTER-SK48548-SET-FILTRO-NAFTA
SK48546,SK48546,,https://e-commerce.michelecaroli.com/wso/pages/user/wso0205.jsf?idaa=412054&codart=SK48546&marart=233&seopth=SF-FILTER-SK48546-FILTRO-NAFTA
SK48545,SK48545,,https://e-commerce.michelecaroli.com/wso/pages/user/wso0205.jsf?idaa=412053&codart=SK48545&marart=233&seopth=SF-FILTER-SK48545-FILTRO-NAFTA
SK48544,SK48544,,https://e-commerce.michelecaroli.com/wso/pages/user/wso0205.jsf?idaa=412052&codart=SK48544&marart=233&seopth=SF-FILTER-SK48544-FILTRO-NAFTA
SK48540,SK48540,,https://e-commerce.michelecaroli.com/wso/pages/user/wso0205.jsf?idaa=412049&codart=SK48540&marart=233&seopth=SF-FILTER-SK48540-FILTRO-NAFTA
SK48539,SK48539,,https://e-commerce.michelecaroli.com/wso/pages/user/wso0205.jsf?idaa=412048&codart=SK48539&marart=233&seopth=SF-FILTER-SK48539-FILTRO-NAFTA
SK48538,SK48538,,https://e-commerce.michelecaroli.com/wso/pages/user/wso0205.jsf?idaa=412047&codart=SK48538&marart=233&seopth=SF-FILTER-SK48538-FILTRO-NAFTA
SK48536,SK48536,,https://e-commerce.michelecaroli.com/wso/pages/user/wso0205.jsf?idaa=412045&codart=SK48536&marart=233&seopth=SF-FILTER-SK48536-FILTRO-NAFTA
SK48533,SK48533,,https://e-commerce.michelecaroli.com/wso/pages/user/wso0205.jsf?idaa=412042&codart=SK48533&marart=233&seopth=SF-FILTER-SK48533-FILTRO-NAFTA
SK48532,SK48532,,https://e-commerce.michelecaroli.com/wso/pages/user/wso0205.jsf?idaa=412041&codart=SK48532&marart=233&seopth=SF-FILTER-SK48532-FILTRO-NAFTA
SK48530,SK48530,,https://e-commerce.michelecaroli.com/wso/pages/user/wso0205.jsf?idaa=412039&codart=SK48530&marart=233&seopth=SF-FILTER-SK48530-FILTRO-NAFTA
SK48529,SK48529,,https://e-commerce.michelecaroli.com/wso/pages/user/wso0205.jsf?idaa=412038&codart=SK48529&marart=233&seopth=SF-FILTER-SK48529-FILTRO-NAFTA
SK48527,SK48527,,https://e-commerce.michelecaroli.com/wso/pages/user/wso0205.jsf?idaa=412036&codart=SK48527&marart=233&seopth=SF-FILTER-SK48527-FILTRO-NAFTA
SK48526,SK48526,,https://e-commerce.michelecaroli.com/wso/pages/user/wso0205.jsf?idaa=412035&codart=SK48526&marart=233&seopth=SF-FILTER-SK48526-FILTRO-NAFTA
SK48525,SK48525,,https://e-commerce.michelecaroli.com/wso/pages/user/wso0205.jsf?idaa=412034&codart=SK48525&marart=233&seopth=SF-FILTER-SK48525-FILTRO-NAFTA
SK48524,SK48524,,https://e-commerce.michelecaroli.com/wso/pages/user/wso0205.jsf?idaa=412033&codart=SK48524&marart=233&seopth=SF-FILTER-SK48524-FILTRO-NAFTA
SK48523,SK48523,,https://e-commerce.michelecaroli.com/wso/pages/user/wso0205.jsf?idaa=412032&codart=SK48523&marart=233&seopth=SF-FILTER-SK48523-FILTRO-NAFTA
