Code searched,Matched code,Part Category on Michele,Link to Michele product
SH66115,51491,FILTRO IDRAULICO,https://e-commerce.michelecaroli.com/wso/pages/user/wso0205.jsf?idaa=368378&codart=51491&marart=218&seopth=WIX-INDUSTRIAL-HD-51491-FILTRO-IDRAULICO
SH66109,SH66109,,https://e-commerce.michelecaroli.com/wso/pages/user/wso0205.jsf?idaa=400084&codart=SH66109&marart=230&seopth=HIFI-FILTRI-SH66109-FILTRO-IDRAULICO
SH66109,SH66109,,https://e-commerce.michelecaroli.com/wso/pages/user/wso0205.jsf?idaa=400084&codart=SH66109&marart=230&seopth=HIFI-FILTRI-SH66109-FILTRO-IDRAULICO
SH66105,P502178,FILTRO HYDR.DONALDSON P50-2178,https://e-commerce.michelecaroli.com/wso/pages/user/wso0205.jsf?idaa=156035&codart=P502178&marart=227&seopth=DONALDSON-FILTRI-P502178-FILTRO-HYDR-DONALDSON-P50-2178
SH66091,SH66091,FILTRO HYDR. HIFI,https://e-commerce.michelecaroli.com/wso/pages/user/wso0205.jsf?idaa=343798&codart=SH66091&marart=230&seopth=HIFI-FILTRI-SH66091-FILTRO-HYDR-HIFI
SH66090,SH66090,,https://e-commerce.michelecaroli.com/wso/pages/user/wso0205.jsf?idaa=296191&codart=SH66090&marart=230&seopth=HIFI-FILTRI-SH66090-FILTRO-HYDR-HIFI
SH66086,SH66086,,https://e-commerce.michelecaroli.com/wso/pages/user/wso0205.jsf?idaa=296190&codart=SH66086&marart=230&seopth=HIFI-FILTRI-SH66086-FILTRO-HYDR-HIFI
SH66082,SH66082,,https://e-commerce.michelecaroli.com/wso/pages/user/wso0205.jsf?idaa=443539&codart=SH66082&marart=230&seopth=HIFI-FILTRI-SH66082-FILTRO-HYDR-P164707-HIFI
SH66082,SH66082,,https://e-commerce.michelecaroli.com/wso/pages/user/wso0205.jsf?idaa=443539&codart=SH66082&marart=230&seopth=HIFI-FILTRI-SH66082-FILTRO-HYDR-P164707-HIFI
SH66080,SH66080,,https://e-commerce.michelecaroli.com/wso/pages/user/wso0205.jsf?idaa=296185&codart=SH66080&marart=230&seopth=HIFI-FILTRI-SH66080-FILTRO-HYDR-HIFI
SH66079,51691,FILTRO IDRAULICO,https://e-commerce.michelecaroli.com/wso/pages/user/wso0205.jsf?idaa=368556&codart=51691&marart=218&seopth=WIX-INDUSTRIAL-HD-51691-FILTRO-IDRAULICO
SH66072,SH66072,,https://e-commerce.michelecaroli.com/wso/pages/user/wso0205.jsf?idaa=296181&codart=SH66072&marart=230&seopth=HIFI-FILTRI-SH66072-FILTRO-HYDR-HIFI
SH66071,51499,FILTRO IDRAULICO,https://e-commerce.michelecaroli.com/wso/pages/user/wso0205.jsf?idaa=368385&codart=51499&marart=218&seopth=WIX-INDUSTRIAL-HD-51499-FILTRO-IDRAULICO
SH66065,51439,FILTRO IDRAULICO,https://e-commerce.michelecaroli.com/wso/pages/user/wso0205.jsf?idaa=368337&codart=51439&marart=218&seopth=WIX-INDUSTRIAL-HD-51439-FILTRO-IDRAULICO
SH66064,SH66064,FILTRO OLIO P550940 HIFI,https://e-commerce.michelecaroli.com/wso/pages/user/wso0205.jsf?idaa=296178&codart=SH66064&marart=230&seopth=HIFI-FILTRI-SH66064-FILTRO-OLIO-P550940-HIFI
SH66053,SH66053,,https://e-commerce.michelecaroli.com/wso/pages/user/wso0205.jsf?idaa=296172&codart=SH66053&marart=230&seopth=HIFI-FILTRI-SH66053-FILTRO-HYDR-HIFI
SH66051,SH66051,FILTRO HYDR. HIFI,https://e-commerce.michelecaroli.com/wso/pages/user/wso0205.jsf?idaa=296171&codart=SH66051&marart=230&seopth=HIFI-FILTRI-SH66051-FILTRO-HYDR-HIFI
SH66045,SH66045,FILTRO HYDR. HIFI,https://e-commerce.michelecaroli.com/wso/pages/user/wso0205.jsf?idaa=296168&codart=SH66045&marart=230&seopth=HIFI-FILTRI-SH66045-FILTRO-HYDR-HIFI
SH66044,SH66044,,https://e-commerce.michelecaroli.com/wso/pages/user/wso0205.jsf?idaa=296167&codart=SH66044&marart=230&seopth=HIFI-FILTRI-SH66044-FILTRO-HYDR-HIFI
SH66040,SH66040,,https://e-commerce.michelecaroli.com/wso/pages/user/wso0205.jsf?idaa=296165&codart=SH66040&marart=230&seopth=HIFI-FILTRI-SH66040-FILTRO-HYDR-HIFI
SH66038,SH66038,FILTRO HYDR. HIFI,https://e-commerce.michelecaroli.com/wso/pages/user/wso0205.jsf?idaa=296163&codart=SH66038&marart=230&seopth=HIFI-FILTRI-SH66038-FILTRO-HYDR-HIFI
SH66036,SH66036,,https://e-commerce.michelecaroli.com/wso/pages/user/wso0205.jsf?idaa=296162&codart=SH66036&marart=230&seopth=HIFI-FILTRI-SH66036-FILTRO-HYDR-HIFI
SH66030,51532,FILTRO IDRAULICO,https://e-commerce.michelecaroli.com/wso/pages/user/wso0205.jsf?idaa=368415&codart=51532&marart=218&seopth=WIX-INDUSTRIAL-HD-51532-FILTRO-IDRAULICO
SH66016,SH66016,,https://e-commerce.michelecaroli.com/wso/pages/user/wso0205.jsf?idaa=400075&codart=SH66016&marart=230&seopth=HIFI-FILTRI-SH66016-FILTRO-IDRAULICO
SH66012,P166254,FILTRO@HYDR.DONALDSON P16-6254,https://e-commerce.michelecaroli.com/wso/pages/user/wso0205.jsf?idaa=154989&codart=P166254&marart=227&seopth=DONALDSON-FILTRI-P166254-FILTRO-HYDR-DONALDSON-P16-6254
SH66012,P166254,FILTRO@HYDR.DONALDSON P16-6254,https://e-commerce.michelecaroli.com/wso/pages/user/wso0205.jsf?idaa=154989&codart=P166254&marart=227&seopth=DONALDSON-FILTRI-P166254-FILTRO-HYDR-DONALDSON-P16-6254
SH66012,P166254,FILTRO@HYDR.DONALDSON P16-6254,https://e-commerce.michelecaroli.com/wso/pages/user/wso0205.jsf?idaa=154989&codart=P166254&marart=227&seopth=DONALDSON-FILTRI-P166254-FILTRO-HYDR-DONALDSON-P16-6254
SH66010,SH66010,,https://e-commerce.michelecaroli.com/wso/pages/user/wso0205.jsf?idaa=296155&codart=SH66010&marart=230&seopth=HIFI-FILTRI-SH66010-FILTRO-HYDR-HIFI
SH66009,51584,FILTRO IDRAULICO,https://e-commerce.michelecaroli.com/wso/pages/user/wso0205.jsf?idaa=368462&codart=51584&marart=218&seopth=WIX-INDUSTRIAL-HD-51584-FILTRO-IDRAULICO
SH66007,P162955,FILTRO IDRAULICO,https://e-commerce.michelecaroli.com/wso/pages/user/wso0205.jsf?idaa=155580&codart=P162955&marart=227&seopth=DONALDSON-FILTRI-P162955-FILTRO-IDRAULICO
SH66006,51560,FILTRO IDRAULICO,https://e-commerce.michelecaroli.com/wso/pages/user/wso0205.jsf?idaa=368440&codart=51560&marart=218&seopth=WIX-INDUSTRIAL-HD-51560-FILTRO-IDRAULICO
SH66005,P164812,FILTRO IDRAULICO,https://e-commerce.michelecaroli.com/wso/pages/user/wso0205.jsf?idaa=311855&codart=P164812&marart=227&seopth=DONALDSON-FILTRI-P164812-FILTRO-IDRAULICO
SH65745,SH65745,,https://e-commerce.michelecaroli.com/wso/pages/user/wso0205.jsf?idaa=400074&codart=SH65745&marart=230&seopth=HIFI-FILTRI-SH65745-FILTRO-HYDR-HIFI
SH65712,SH65712,,https://e-commerce.michelecaroli.com/wso/pages/user/wso0205.jsf?idaa=296152&codart=SH65712&marart=230&seopth=HIFI-FILTRI-SH65712-FILTRO-HYDR-HIFI
SH65705,SH65705,,https://e-commerce.michelecaroli.com/wso/pages/user/wso0205.jsf?idaa=400072&codart=SH65705&marart=230&seopth=HIFI-FILTRI-SH65705-FILTRO-HYDR-HIFI
SH65701,SH65701,,https://e-commerce.michelecaroli.com/wso/pages/user/wso0205.jsf?idaa=296151&codart=SH65701&marart=230&seopth=HIFI-FILTRI-SH65701-FILTRO-HYDR-HIFI
SH65687,SH65687,,https://e-commerce.michelecaroli.com/wso/pages/user/wso0205.jsf?idaa=296150&codart=SH65687&marart=230&seopth=HIFI-FILTRI-SH65687-FILTRO-HYDR-HIFI
SH65683,SH65683,,https://e-commerce.michelecaroli.com/wso/pages/user/wso0205.jsf?idaa=296147&codart=SH65683&marart=230&seopth=HIFI-FILTRI-SH65683-FILTRO-HYDR-HIFI
SH65676,SH65676,,https://e-commerce.michelecaroli.com/wso/pages/user/wso0205.jsf?idaa=296145&codart=SH65676&marart=230&seopth=HIFI-FILTRI-SH65676-FILTRO-HYDR-HIFI
SH65660,SH65660,,https://e-commerce.michelecaroli.com/wso/pages/user/wso0205.jsf?idaa=296142&codart=SH65660&marart=230&seopth=HIFI-FILTRI-SH65660-FILTRO-HYDR-HIFI
SH65653,SH65653,,https://e-commerce.michelecaroli.com/wso/pages/user/wso0205.jsf?idaa=296139&codart=SH65653&marart=230&seopth=HIFI-FILTRI-SH65653-FILTRO-HYDR-HIFI
SH65648,SH65648,,https://e-commerce.michelecaroli.com/wso/pages/user/wso0205.jsf?idaa=296138&codart=SH65648&marart=230&seopth=HIFI-FILTRI-SH65648-FILTRO-HYDR-HIFI
SH65646,SH65646,,https://e-commerce.michelecaroli.com/wso/pages/user/wso0205.jsf?idaa=296137&codart=SH65646&marart=230&seopth=HIFI-FILTRI-SH65646-FILTRO-HYDR-HIFI
SH65630,SH65630,,https://e-commerce.michelecaroli.com/wso/pages/user/wso0205.jsf?idaa=296134&codart=SH65630&marart=230&seopth=HIFI-FILTRI-SH65630-FILTRO-HYDR-HIFI
SH65628V,SH65628V,,https://e-commerce.michelecaroli.com/wso/pages/user/wso0205.jsf?idaa=400066&codart=SH65628V&marart=230&seopth=HIFI-FILTRI-SH65628V-FILTRO-HYDR-HIFI
SH65623,SH65623,,https://e-commerce.michelecaroli.com/wso/pages/user/wso0205.jsf?idaa=296133&codart=SH65623&marart=230&seopth=HIFI-FILTRI-SH65623-FILTRO-HYDR-HIFI
SH65620,SH65620,,https://e-commerce.michelecaroli.com/wso/pages/user/wso0205.jsf?idaa=400065&codart=SH65620&marart=230&seopth=HIFI-FILTRI-SH65620-FILTRO-HYDR-HIFI
SH65616,SH65616,,https://e-commerce.michelecaroli.com/wso/pages/user/wso0205.jsf?idaa=296131&codart=SH65616&marart=230&seopth=HIFI-FILTRI-SH65616-FILTRO-HYDR-HIFI
SH65615,SH65615,,https://e-commerce.michelecaroli.com/wso/pages/user/wso0205.jsf?idaa=296130&codart=SH65615&marart=230&seopth=HIFI-FILTRI-SH65615-FILTRO-HYDR-HIFI
SH65608,SH65608,,https://e-commerce.michelecaroli.com/wso/pages/user/wso0205.jsf?idaa=400064&codart=SH65608&marart=230&seopth=HIFI-FILTRI-SH65608-FILTRO-HYDR-HIFI
SH65598,SH65598,,https://e-commerce.michelecaroli.com/wso/pages/user/wso0205.jsf?idaa=400063&codart=SH65598&marart=230&seopth=HIFI-FILTRI-SH65598-FILTRO-HYDR-HIFI
SH65597,SH65597,,https://e-commerce.michelecaroli.com/wso/pages/user/wso0205.jsf?idaa=296128&codart=SH65597&marart=230&seopth=HIFI-FILTRI-SH65597-FILTRO-HYDR-HIFI
SH65594,SH65594,,https://e-commerce.michelecaroli.com/wso/pages/user/wso0205.jsf?idaa=400062&codart=SH65594&marart=230&seopth=HIFI-FILTRI-SH65594-FILTRO-HYDR-HIFI
SH65591,SH65591,,https://e-commerce.michelecaroli.com/wso/pages/user/wso0205.jsf?idaa=296126&codart=SH65591&marart=230&seopth=HIFI-FILTRI-SH65591-FILTRO-HYDR-HIFI
SH65589,SH65589,FILTRO HYDR. HIFI,https://e-commerce.michelecaroli.com/wso/pages/user/wso0205.jsf?idaa=296124&codart=SH65589&marart=230&seopth=HIFI-FILTRI-SH65589-FILTRO-HYDR-HIFI
SH65587,SH65587,,https://e-commerce.michelecaroli.com/wso/pages/user/wso0205.jsf?idaa=296122&codart=SH65587&marart=230&seopth=HIFI-FILTRI-SH65587-FILTRO-HYDR-HIFI
SH65586,SH65586,,https://e-commerce.michelecaroli.com/wso/pages/user/wso0205.jsf?idaa=296121&codart=SH65586&marart=230&seopth=HIFI-FILTRI-SH65586-FILTRO-HYDR-HIFI
SH65585,SH65585,,https://e-commerce.michelecaroli.com/wso/pages/user/wso0205.jsf?idaa=400061&codart=SH65585&marart=230&seopth=HIFI-FILTRI-SH65585-FILTRO-HYDR-HIFI
SH65582,SH65582,,https://e-commerce.michelecaroli.com/wso/pages/user/wso0205.jsf?idaa=296120&codart=SH65582&marart=230&seopth=HIFI-FILTRI-SH65582-FILTRO-HYDR-HIFI
SH65576,SH65576,,https://e-commerce.michelecaroli.com/wso/pages/user/wso0205.jsf?idaa=400059&codart=SH65576&marart=230&seopth=HIFI-FILTRI-SH65576-FILTRO-HYDR-HIFI
SH65574,SH65574,,https://e-commerce.michelecaroli.com/wso/pages/user/wso0205.jsf?idaa=296118&codart=SH65574&marart=230&seopth=HIFI-FILTRI-SH65574-FILTRO-HYDR-HIFI
SH65571,SH65571,,https://e-commerce.michelecaroli.com/wso/pages/user/wso0205.jsf?idaa=296117&codart=SH65571&marart=230&seopth=HIFI-FILTRI-SH65571-FILTRO-HYDR-HIFI
SH65570,SH65570,,https://e-commerce.michelecaroli.com/wso/pages/user/wso0205.jsf?idaa=296116&codart=SH65570&marart=230&seopth=HIFI-FILTRI-SH65570-FILTRO-HYDR-HIFI
SH65567,SH65567,,https://e-commerce.michelecaroli.com/wso/pages/user/wso0205.jsf?idaa=400058&codart=SH65567&marart=230&seopth=HIFI-FILTRI-SH65567-FILTRO-HYDR-SEPAR-HIFI
SH65558,SH65558,,https://e-commerce.michelecaroli.com/wso/pages/user/wso0205.jsf?idaa=296114&codart=SH65558&marart=230&seopth=HIFI-FILTRI-SH65558-FILTRO-HYDR-HIFI
SH65557,SH65557,FILTRO HYDR. HIFI,https://e-commerce.michelecaroli.com/wso/pages/user/wso0205.jsf?idaa=296113&codart=SH65557&marart=230&seopth=HIFI-FILTRI-SH65557-FILTRO-HYDR-HIFI
SH65554,SH65554,,https://e-commerce.michelecaroli.com/wso/pages/user/wso0205.jsf?idaa=296111&codart=SH65554&marart=230&seopth=HIFI-FILTRI-SH65554-FILTRO-HYDR-HIFI
SH65553,SH65553,,https://e-commerce.michelecaroli.com/wso/pages/user/wso0205.jsf?idaa=296110&codart=SH65553&marart=230&seopth=HIFI-FILTRI-SH65553-FILTRO-HYDR-HIFI
SH65547,SH65547,,https://e-commerce.michelecaroli.com/wso/pages/user/wso0205.jsf?idaa=400057&codart=SH65547&marart=230&seopth=HIFI-FILTRI-SH65547-FILTRO-HYDR-HIFI
SH65545,SH65545,,https://e-commerce.michelecaroli.com/wso/pages/user/wso0205.jsf?idaa=400056&codart=SH65545&marart=230&seopth=HIFI-FILTRI-SH65545-FILTRO-HYDR-HIFI
SH65543,SH65543,,https://e-commerce.michelecaroli.com/wso/pages/user/wso0205.jsf?idaa=296109&codart=SH65543&marart=230&seopth=HIFI-FILTRI-SH65543-FILTRO-HYDR-HIFI
SH65541,SH65541,,https://e-commerce.michelecaroli.com/wso/pages/user/wso0205.jsf?idaa=296107&codart=SH65541&marart=230&seopth=HIFI-FILTRI-SH65541-FILTRO-HYDR-HIFI
SH65535,SH65535,,https://e-commerce.michelecaroli.com/wso/pages/user/wso0205.jsf?idaa=296105&codart=SH65535&marart=230&seopth=HIFI-FILTRI-SH65535-FILTRO-HYDR-HIFI
SH65532,SH65532,,https://e-commerce.michelecaroli.com/wso/pages/user/wso0205.jsf?idaa=296103&codart=SH65532&marart=230&seopth=HIFI-FILTRI-SH65532-FILTRO-HYDR-HIFI
SH65531,SH65531,,https://e-commerce.michelecaroli.com/wso/pages/user/wso0205.jsf?idaa=296102&codart=SH65531&marart=230&seopth=HIFI-FILTRI-SH65531-FILTRO-HYDR-HIFI
SH65528,SH65528,,https://e-commerce.michelecaroli.com/wso/pages/user/wso0205.jsf?idaa=296101&codart=SH65528&marart=230&seopth=HIFI-FILTRI-SH65528-FILTRO-HYDR-HIFI
SH65527,SH65527,,https://e-commerce.michelecaroli.com/wso/pages/user/wso0205.jsf?idaa=296100&codart=SH65527&marart=230&seopth=HIFI-FILTRI-SH65527-FILTRO-HYDR-HIFI
SH65522,SH65522,,https://e-commerce.michelecaroli.com/wso/pages/user/wso0205.jsf?idaa=296096&codart=SH65522&marart=230&seopth=HIFI-FILTRI-SH65522-FILTRO-HYDR-HIFI
SH65517,SH65517,,https://e-commerce.michelecaroli.com/wso/pages/user/wso0205.jsf?idaa=296095&codart=SH65517&marart=230&seopth=HIFI-FILTRI-SH65517-FILTRO-HYDR-HIFI
SH65504,SH65504,,https://e-commerce.michelecaroli.com/wso/pages/user/wso0205.jsf?idaa=296092&codart=SH65504&marart=230&seopth=HIFI-FILTRI-SH65504-FILTRO-HYDR-HIFI
SH65501,SH65501,,https://e-commerce.michelecaroli.com/wso/pages/user/wso0205.jsf?idaa=296091&codart=SH65501&marart=230&seopth=HIFI-FILTRI-SH65501-FILTRO-HYDR-HIFI
SH65500,SH65500,FILTRO HYDR. HIFI,https://e-commerce.michelecaroli.com/wso/pages/user/wso0205.jsf?idaa=296090&codart=SH65500&marart=230&seopth=HIFI-FILTRI-SH65500-FILTRO-HYDR-HIFI
SH65497,SH65497,,https://e-commerce.michelecaroli.com/wso/pages/user/wso0205.jsf?idaa=296089&codart=SH65497&marart=230&seopth=HIFI-FILTRI-SH65497-FILTRO-HYDR-HIFI
SH65493,SH65493,FILTRO HYDR. HIFI,https://e-commerce.michelecaroli.com/wso/pages/user/wso0205.jsf?idaa=400055&codart=SH65493&marart=230&seopth=HIFI-FILTRI-SH65493-FILTRO-HYDR-HIFI
SH65486,SH65486,,https://e-commerce.michelecaroli.com/wso/pages/user/wso0205.jsf?idaa=296086&codart=SH65486&marart=230&seopth=HIFI-FILTRI-SH65486-FILTRO-HYDR-HIFI
SH65485,SH65485,,https://e-commerce.michelecaroli.com/wso/pages/user/wso0205.jsf?idaa=296085&codart=SH65485&marart=230&seopth=HIFI-FILTRI-SH65485-FILTRO-HYDR-HIFI
SH65484,SH65484,,https://e-commerce.michelecaroli.com/wso/pages/user/wso0205.jsf?idaa=400054&codart=SH65484&marart=230&seopth=HIFI-FILTRI-SH65484-FILTRO-HYDR-HIFI
SH65483,SH65483,FILTRO HYDR. HIFI,https://e-commerce.michelecaroli.com/wso/pages/user/wso0205.jsf?idaa=296084&codart=SH65483&marart=230&seopth=HIFI-FILTRI-SH65483-FILTRO-HYDR-HIFI
SH65481,SH65481,FILTRO HYDR. HIFI,https://e-commerce.michelecaroli.com/wso/pages/user/wso0205.jsf?idaa=296083&codart=SH65481&marart=230&seopth=HIFI-FILTRI-SH65481-FILTRO-HYDR-HIFI
SH65477,SH65477,,https://e-commerce.michelecaroli.com/wso/pages/user/wso0205.jsf?idaa=400053&codart=SH65477&marart=230&seopth=HIFI-FILTRI-SH65477-FILTRO-HYDR-HIFI
SH65462,SH65462,,https://e-commerce.michelecaroli.com/wso/pages/user/wso0205.jsf?idaa=296077&codart=SH65462&marart=230&seopth=HIFI-FILTRI-SH65462-FILTRO-HYDR-HIFI
SH65459,SH65459,,https://e-commerce.michelecaroli.com/wso/pages/user/wso0205.jsf?idaa=296074&codart=SH65459&marart=230&seopth=HIFI-FILTRI-SH65459-FILTRO-HYDR-HIFI
SH65458,SH65458,,https://e-commerce.michelecaroli.com/wso/pages/user/wso0205.jsf?idaa=296073&codart=SH65458&marart=230&seopth=HIFI-FILTRI-SH65458-FILTRO-HYDR-HIFI
SH65451,SH65451,,https://e-commerce.michelecaroli.com/wso/pages/user/wso0205.jsf?idaa=296071&codart=SH65451&marart=230&seopth=HIFI-FILTRI-SH65451-FILTRO-HYDR-HIFI
SH65448,SH65448,,https://e-commerce.michelecaroli.com/wso/pages/user/wso0205.jsf?idaa=296070&codart=SH65448&marart=230&seopth=HIFI-FILTRI-SH65448-FILTRO-HYDR-HIFI
SH65444,SH65444,,https://e-commerce.michelecaroli.com/wso/pages/user/wso0205.jsf?idaa=296069&codart=SH65444&marart=230&seopth=HIFI-FILTRI-SH65444-FILTRO-HYDR-HIFI
SH65443,SH65443,,https://e-commerce.michelecaroli.com/wso/pages/user/wso0205.jsf?idaa=296068&codart=SH65443&marart=230&seopth=HIFI-FILTRI-SH65443-FILTRO-HYDR-HIFI
SH65441,SH65441,,https://e-commerce.michelecaroli.com/wso/pages/user/wso0205.jsf?idaa=296067&codart=SH65441&marart=230&seopth=HIFI-FILTRI-SH65441-FILTRO-HYDR-HIFI
SH65440,SH65440,,https://e-commerce.michelecaroli.com/wso/pages/user/wso0205.jsf?idaa=296066&codart=SH65440&marart=230&seopth=HIFI-FILTRI-SH65440-FILTRO-HYDR-HIFI
SH65437,SH65437,,https://e-commerce.michelecaroli.com/wso/pages/user/wso0205.jsf?idaa=400051&codart=SH65437&marart=230&seopth=HIFI-FILTRI-SH65437-FILTRO-HYDR-HIFI
SH65435,SH65435,,https://e-commerce.michelecaroli.com/wso/pages/user/wso0205.jsf?idaa=296063&codart=SH65435&marart=230&seopth=HIFI-FILTRI-SH65435-FILTRO-HYDR-HIFI
SH65433,SH65433,,https://e-commerce.michelecaroli.com/wso/pages/user/wso0205.jsf?idaa=296062&codart=SH65433&marart=230&seopth=HIFI-FILTRI-SH65433-FILTRO-HYDR-HIFI
SH65432,SH65432,,https://e-commerce.michelecaroli.com/wso/pages/user/wso0205.jsf?idaa=296061&codart=SH65432&marart=230&seopth=HIFI-FILTRI-SH65432-FILTRO-HYDR-HIFI
SH65428,SH65428,,https://e-commerce.michelecaroli.com/wso/pages/user/wso0205.jsf?idaa=296060&codart=SH65428&marart=230&seopth=HIFI-FILTRI-SH65428-FILTRO-HYDR-HIFI
SH65426,SH65426,,https://e-commerce.michelecaroli.com/wso/pages/user/wso0205.jsf?idaa=400050&codart=SH65426&marart=230&seopth=HIFI-FILTRI-SH65426-FILTRO-HYDR-HIFI
SH65425,SH65425,FILTRO HYDR. HIFI,https://e-commerce.michelecaroli.com/wso/pages/user/wso0205.jsf?idaa=296058&codart=SH65425&marart=230&seopth=HIFI-FILTRI-SH65425-FILTRO-HYDR-HIFI
SH65423V,SH65423V,,https://e-commerce.michelecaroli.com/wso/pages/user/wso0205.jsf?idaa=296056&codart=SH65423V&marart=230&seopth=HIFI-FILTRI-SH65423V-FILTRO-HYDR-HIFI
SH65421,SH65421,,https://e-commerce.michelecaroli.com/wso/pages/user/wso0205.jsf?idaa=296865&codart=SH65421&marart=230&seopth=HIFI-FILTRI-SH65421-FILTRO-HYDR-HIFI
SH65419,SH65419,,https://e-commerce.michelecaroli.com/wso/pages/user/wso0205.jsf?idaa=296864&codart=SH65419&marart=230&seopth=HIFI-FILTRI-SH65419-FILTRO-HYDR-HIFI
SH65416,SH65416,,https://e-commerce.michelecaroli.com/wso/pages/user/wso0205.jsf?idaa=296861&codart=SH65416&marart=230&seopth=HIFI-FILTRI-SH65416-FILTRO-HYDR-HIFI
SH65412,SH65412,FILTRO HYDR. HIFI,https://e-commerce.michelecaroli.com/wso/pages/user/wso0205.jsf?idaa=296860&codart=SH65412&marart=230&seopth=HIFI-FILTRI-SH65412-FILTRO-HYDR-HIFI
SH65410,SH65410,,https://e-commerce.michelecaroli.com/wso/pages/user/wso0205.jsf?idaa=296858&codart=SH65410&marart=230&seopth=HIFI-FILTRI-SH65410-FILTRO-HYDR-HIFI
SH65409,SH65409,,https://e-commerce.michelecaroli.com/wso/pages/user/wso0205.jsf?idaa=296857&codart=SH65409&marart=230&seopth=HIFI-FILTRI-SH65409-FILTRO-HYDR-HIFI
SH65408,SH65408,,https://e-commerce.michelecaroli.com/wso/pages/user/wso0205.jsf?idaa=296856&codart=SH65408&marart=230&seopth=HIFI-FILTRI-SH65408-FILTRO-HYDR-HIFI
SH65407,SH65407,,https://e-commerce.michelecaroli.com/wso/pages/user/wso0205.jsf?idaa=400049&codart=SH65407&marart=230&seopth=HIFI-FILTRI-SH65407-FILTRO-HYDR-HIFI
SH65406,SH65406,,https://e-commerce.michelecaroli.com/wso/pages/user/wso0205.jsf?idaa=296855&codart=SH65406&marart=230&seopth=HIFI-FILTRI-SH65406-FILTRO-HYDR-HIFI
SH65405,SH65405,,https://e-commerce.michelecaroli.com/wso/pages/user/wso0205.jsf?idaa=296854&codart=SH65405&marart=230&seopth=HIFI-FILTRI-SH65405-FILTRO-HYDR-HIFI
SH65404,SH65404,,https://e-commerce.michelecaroli.com/wso/pages/user/wso0205.jsf?idaa=296853&codart=SH65404&marart=230&seopth=HIFI-FILTRI-SH65404-FILTRO-HYDR-HIFI
SH65402V,SH65402V,,https://e-commerce.michelecaroli.com/wso/pages/user/wso0205.jsf?idaa=400048&codart=SH65402V&marart=230&seopth=HIFI-FILTRI-SH65402V-FILTRO-HYDR-HIFI
SH65400,SH65400,,https://e-commerce.michelecaroli.com/wso/pages/user/wso0205.jsf?idaa=296850&codart=SH65400&marart=230&seopth=HIFI-FILTRI-SH65400-FILTRO-HYDR-HIFI
SH65399,SH65399,,https://e-commerce.michelecaroli.com/wso/pages/user/wso0205.jsf?idaa=296849&codart=SH65399&marart=230&seopth=HIFI-FILTRI-SH65399-FILTRO-HYDR-HIFI
SH65398,SH65398,,https://e-commerce.michelecaroli.com/wso/pages/user/wso0205.jsf?idaa=296848&codart=SH65398&marart=230&seopth=HIFI-FILTRI-SH65398-FILTRO-HYDR-HIFI
SH65397,SH65397,,https://e-commerce.michelecaroli.com/wso/pages/user/wso0205.jsf?idaa=296847&codart=SH65397&marart=230&seopth=HIFI-FILTRI-SH65397-FILTRO-HYDR-HIFI
SH65396,SH65396,,https://e-commerce.michelecaroli.com/wso/pages/user/wso0205.jsf?idaa=296846&codart=SH65396&marart=230&seopth=HIFI-FILTRI-SH65396-FILTRO-HYDR-HIFI
SH65395,SH65395,,https://e-commerce.michelecaroli.com/wso/pages/user/wso0205.jsf?idaa=296844&codart=SH65395&marart=230&seopth=HIFI-FILTRI-SH65395-FILTRO-HYDR-HIFI
SH65391,SH65391,,https://e-commerce.michelecaroli.com/wso/pages/user/wso0205.jsf?idaa=296840&codart=SH65391&marart=230&seopth=HIFI-FILTRI-SH65391-FILTRO-HYDR-HIFI
SH65324,SH65324,,https://e-commerce.michelecaroli.com/wso/pages/user/wso0205.jsf?idaa=296833&codart=SH65324&marart=230&seopth=HIFI-FILTRI-SH65324-FILTRO-HYDR-HIFI
SH65316,SH65316,,https://e-commerce.michelecaroli.com/wso/pages/user/wso0205.jsf?idaa=400046&codart=SH65316&marart=230&seopth=HIFI-FILTRI-SH65316-FILTRO-HYDR-HIFI
SH65310,SH65310,FILTRO HYDR. HIFI,https://e-commerce.michelecaroli.com/wso/pages/user/wso0205.jsf?idaa=296831&codart=SH65310&marart=230&seopth=HIFI-FILTRI-SH65310-FILTRO-HYDR-HIFI
SH65303,SH65303,,https://e-commerce.michelecaroli.com/wso/pages/user/wso0205.jsf?idaa=296830&codart=SH65303&marart=230&seopth=HIFI-FILTRI-SH65303-FILTRO-HYDR-HIFI
SH65301,SH65301,,https://e-commerce.michelecaroli.com/wso/pages/user/wso0205.jsf?idaa=296829&codart=SH65301&marart=230&seopth=HIFI-FILTRI-SH65301-FILTRO-HYDR-HIFI
SH65297,SH65297,,https://e-commerce.michelecaroli.com/wso/pages/user/wso0205.jsf?idaa=296828&codart=SH65297&marart=230&seopth=HIFI-FILTRI-SH65297-FILTRO-HYDR-HIFI
SH65294,SH65294,,https://e-commerce.michelecaroli.com/wso/pages/user/wso0205.jsf?idaa=296826&codart=SH65294&marart=230&seopth=HIFI-FILTRI-SH65294-FILTRO-HYDR-HIFI
SH65293,SH65293,,https://e-commerce.michelecaroli.com/wso/pages/user/wso0205.jsf?idaa=296825&codart=SH65293&marart=230&seopth=HIFI-FILTRI-SH65293-FILTRO-HYDR-HIFI
SH65290,SH65290,,https://e-commerce.michelecaroli.com/wso/pages/user/wso0205.jsf?idaa=296823&codart=SH65290&marart=230&seopth=HIFI-FILTRI-SH65290-FILTRO-HYDR-HIFI
SH65288,SH65288,,https://e-commerce.michelecaroli.com/wso/pages/user/wso0205.jsf?idaa=296822&codart=SH65288&marart=230&seopth=HIFI-FILTRI-SH65288-FILTRO-HYDR-HIFI
SH65282,SH65282,,https://e-commerce.michelecaroli.com/wso/pages/user/wso0205.jsf?idaa=400044&codart=SH65282&marart=230&seopth=HIFI-FILTRI-SH65282-FILTRO-HYDR-HIFI
SH65281,SH65281,,https://e-commerce.michelecaroli.com/wso/pages/user/wso0205.jsf?idaa=296819&codart=SH65281&marart=230&seopth=HIFI-FILTRI-SH65281-FILTRO-HYDR-HIFI
SH65273,SH65273,,https://e-commerce.michelecaroli.com/wso/pages/user/wso0205.jsf?idaa=296815&codart=SH65273&marart=230&seopth=HIFI-FILTRI-SH65273-FILTRO-HYDR-HIFI
SH65263,SH65263,,https://e-commerce.michelecaroli.com/wso/pages/user/wso0205.jsf?idaa=296813&codart=SH65263&marart=230&seopth=HIFI-FILTRI-SH65263-FILTRO-HYDR-HIFI
SH65261,SH65261,,https://e-commerce.michelecaroli.com/wso/pages/user/wso0205.jsf?idaa=296811&codart=SH65261&marart=230&seopth=HIFI-FILTRI-SH65261-FILTRO-HYDR-HIFI
SH65259,SH65259,,https://e-commerce.michelecaroli.com/wso/pages/user/wso0205.jsf?idaa=296809&codart=SH65259&marart=230&seopth=HIFI-FILTRI-SH65259-FILTRO-HYDR-HIFI
SH65257,SH65257,,https://e-commerce.michelecaroli.com/wso/pages/user/wso0205.jsf?idaa=400043&codart=SH65257&marart=230&seopth=HIFI-FILTRI-SH65257-FILTRO-HYDR-HIFI
SH65256,SH65256,,https://e-commerce.michelecaroli.com/wso/pages/user/wso0205.jsf?idaa=400042&codart=SH65256&marart=230&seopth=HIFI-FILTRI-SH65256-FILTRO-HYDR-HIFI
SH65255,SH65255,,https://e-commerce.michelecaroli.com/wso/pages/user/wso0205.jsf?idaa=296808&codart=SH65255&marart=230&seopth=HIFI-FILTRI-SH65255-FILTRO-HYDR-HIFI
SH65247,SH65247,,https://e-commerce.michelecaroli.com/wso/pages/user/wso0205.jsf?idaa=296805&codart=SH65247&marart=230&seopth=HIFI-FILTRI-SH65247-FILTRO-HYDR-HIFI
SH65239,SH65239,,https://e-commerce.michelecaroli.com/wso/pages/user/wso0205.jsf?idaa=296801&codart=SH65239&marart=230&seopth=HIFI-FILTRI-SH65239-FILTRO-HYDR-HIFI
SH65237,SH65237,,https://e-commerce.michelecaroli.com/wso/pages/user/wso0205.jsf?idaa=296799&codart=SH65237&marart=230&seopth=HIFI-FILTRI-SH65237-FILTRO-HYDR-HIFI
SH65229,SH65229,,https://e-commerce.michelecaroli.com/wso/pages/user/wso0205.jsf?idaa=296797&codart=SH65229&marart=230&seopth=HIFI-FILTRI-SH65229-FILTRO-HYDR-HIFI
SH65227,SH65227,,https://e-commerce.michelecaroli.com/wso/pages/user/wso0205.jsf?idaa=400038&codart=SH65227&marart=230&seopth=HIFI-FILTRI-SH65227-FILTRO-HYDR-HIFI
SH65226,SH65226,,https://e-commerce.michelecaroli.com/wso/pages/user/wso0205.jsf?idaa=296796&codart=SH65226&marart=230&seopth=HIFI-FILTRI-SH65226-FILTRO-HYDR-HIFI
SH65224,SH65224,,https://e-commerce.michelecaroli.com/wso/pages/user/wso0205.jsf?idaa=296795&codart=SH65224&marart=230&seopth=HIFI-FILTRI-SH65224-FILTRO-HYDR-HIFI
SH65212,SH65212,,https://e-commerce.michelecaroli.com/wso/pages/user/wso0205.jsf?idaa=296793&codart=SH65212&marart=230&seopth=HIFI-FILTRI-SH65212-FILTRO-HYDR-HIFI
SH65211,SH65211,,https://e-commerce.michelecaroli.com/wso/pages/user/wso0205.jsf?idaa=296792&codart=SH65211&marart=230&seopth=HIFI-FILTRI-SH65211-FILTRO-HYDR-HIFI
SH65209,SH65209,,https://e-commerce.michelecaroli.com/wso/pages/user/wso0205.jsf?idaa=296790&codart=SH65209&marart=230&seopth=HIFI-FILTRI-SH65209-FILTRO-HYDR-HIFI
SH65198,SH65198,,https://e-commerce.michelecaroli.com/wso/pages/user/wso0205.jsf?idaa=296787&codart=SH65198&marart=230&seopth=HIFI-FILTRI-SH65198-FILTRO-HYDR-HIFI
SH65196,SH65196,,https://e-commerce.michelecaroli.com/wso/pages/user/wso0205.jsf?idaa=296785&codart=SH65196&marart=230&seopth=HIFI-FILTRI-SH65196-FILTRO-HYDR-HIFI
SH65195,SH65195,,https://e-commerce.michelecaroli.com/wso/pages/user/wso0205.jsf?idaa=296784&codart=SH65195&marart=230&seopth=HIFI-FILTRI-SH65195-FILTRO-HYDR-HIFI
SH65190,SH65190,,https://e-commerce.michelecaroli.com/wso/pages/user/wso0205.jsf?idaa=296782&codart=SH65190&marart=230&seopth=HIFI-FILTRI-SH65190-FILTRO-HYDR-HIFI
SH65187,SH65187,,https://e-commerce.michelecaroli.com/wso/pages/user/wso0205.jsf?idaa=296781&codart=SH65187&marart=230&seopth=HIFI-FILTRI-SH65187-FILTRO-HYDR-HIFI
SH65179,SH65179,FILTRO HYDR. HIFI,https://e-commerce.michelecaroli.com/wso/pages/user/wso0205.jsf?idaa=296780&codart=SH65179&marart=230&seopth=HIFI-FILTRI-SH65179-FILTRO-HYDR-HIFI
SH65178,SH65178,,https://e-commerce.michelecaroli.com/wso/pages/user/wso0205.jsf?idaa=400033&codart=SH65178&marart=230&seopth=HIFI-FILTRI-SH65178-FILTRO-HYDR-HIFI
SH65177,SH65177,FILTRO HYDR. HIFI,https://e-commerce.michelecaroli.com/wso/pages/user/wso0205.jsf?idaa=296779&codart=SH65177&marart=230&seopth=HIFI-FILTRI-SH65177-FILTRO-HYDR-HIFI
SH65176,SH65176,,https://e-commerce.michelecaroli.com/wso/pages/user/wso0205.jsf?idaa=296778&codart=SH65176&marart=230&seopth=HIFI-FILTRI-SH65176-FILTRO-HYDR-HIFI
SH65175,SH65175,,https://e-commerce.michelecaroli.com/wso/pages/user/wso0205.jsf?idaa=296777&codart=SH65175&marart=230&seopth=HIFI-FILTRI-SH65175-FILTRO-HYDR-HIFI
SH65174,SH65174,,https://e-commerce.michelecaroli.com/wso/pages/user/wso0205.jsf?idaa=400032&codart=SH65174&marart=230&seopth=HIFI-FILTRI-SH65174-FILTRO-HYDR-HIFI
SH65169,SH65169,,https://e-commerce.michelecaroli.com/wso/pages/user/wso0205.jsf?idaa=400031&codart=SH65169&marart=230&seopth=HIFI-FILTRI-SH65169-FILTRO-HYDR-HIFI
SH65162,SH65162,,https://e-commerce.michelecaroli.com/wso/pages/user/wso0205.jsf?idaa=296774&codart=SH65162&marart=230&seopth=HIFI-FILTRI-SH65162-FILTRO-HYDR-HIFI
SH65161,SH65161,,https://e-commerce.michelecaroli.com/wso/pages/user/wso0205.jsf?idaa=296773&codart=SH65161&marart=230&seopth=HIFI-FILTRI-SH65161-FILTRO-HYDR-HIFI
SH65159,SH65159,,https://e-commerce.michelecaroli.com/wso/pages/user/wso0205.jsf?idaa=296771&codart=SH65159&marart=230&seopth=HIFI-FILTRI-SH65159-FILTRO-HYDR-HIFI
SH65157,SH65157,,https://e-commerce.michelecaroli.com/wso/pages/user/wso0205.jsf?idaa=296770&codart=SH65157&marart=230&seopth=HIFI-FILTRI-SH65157-FILTRO-HYDR-HIFI
SH65156,SH65156,FILTRO HYDR. HIFI,https://e-commerce.michelecaroli.com/wso/pages/user/wso0205.jsf?idaa=296769&codart=SH65156&marart=230&seopth=HIFI-FILTRI-SH65156-FILTRO-HYDR-HIFI
SH65155,SH65155,FILTRO HYDR. HIFI,https://e-commerce.michelecaroli.com/wso/pages/user/wso0205.jsf?idaa=296768&codart=SH65155&marart=230&seopth=HIFI-FILTRI-SH65155-FILTRO-HYDR-HIFI
SH65148,SH65148,,https://e-commerce.michelecaroli.com/wso/pages/user/wso0205.jsf?idaa=296766&codart=SH65148&marart=230&seopth=HIFI-FILTRI-SH65148-FILTRO-HYDR-HIFI
SH65146,SH65146,,https://e-commerce.michelecaroli.com/wso/pages/user/wso0205.jsf?idaa=296765&codart=SH65146&marart=230&seopth=HIFI-FILTRI-SH65146-FILTRO-HYDR-HIFI
SH65145,SH65145,,https://e-commerce.michelecaroli.com/wso/pages/user/wso0205.jsf?idaa=296764&codart=SH65145&marart=230&seopth=HIFI-FILTRI-SH65145-FILTRO-HYDR-HIFI
SH65140,SH65140,,https://e-commerce.michelecaroli.com/wso/pages/user/wso0205.jsf?idaa=296763&codart=SH65140&marart=230&seopth=HIFI-FILTRI-SH65140-FILTRO-HYDR-HIFI
SH65125,SH65125,,https://e-commerce.michelecaroli.com/wso/pages/user/wso0205.jsf?idaa=296759&codart=SH65125&marart=230&seopth=HIFI-FILTRI-SH65125-FILTRO-HYDR-HIFI
SH65124,SH65124,,https://e-commerce.michelecaroli.com/wso/pages/user/wso0205.jsf?idaa=296758&codart=SH65124&marart=230&seopth=HIFI-FILTRI-SH65124-FILTRO-HYDR-HIFI
SH65119,SH65119,,https://e-commerce.michelecaroli.com/wso/pages/user/wso0205.jsf?idaa=296757&codart=SH65119&marart=230&seopth=HIFI-FILTRI-SH65119-FILTRO-HYDR-HIFI
SH65112,SH65112,,https://e-commerce.michelecaroli.com/wso/pages/user/wso0205.jsf?idaa=296754&codart=SH65112&marart=230&seopth=HIFI-FILTRI-SH65112-FILTRO-HYDR-HIFI
SH65108,SH65108,,https://e-commerce.michelecaroli.com/wso/pages/user/wso0205.jsf?idaa=296753&codart=SH65108&marart=230&seopth=HIFI-FILTRI-SH65108-FILTRO-HYDR-HIFI
SH65107,SH65107,,https://e-commerce.michelecaroli.com/wso/pages/user/wso0205.jsf?idaa=400029&codart=SH65107&marart=230&seopth=HIFI-FILTRI-SH65107-FILTRO-HYDR-HIFI
SH65106,SH65106,,https://e-commerce.michelecaroli.com/wso/pages/user/wso0205.jsf?idaa=296752&codart=SH65106&marart=230&seopth=HIFI-FILTRI-SH65106-FILTRO-HYDR-HIFI
SH65104,SH65104,,https://e-commerce.michelecaroli.com/wso/pages/user/wso0205.jsf?idaa=296751&codart=SH65104&marart=230&seopth=HIFI-FILTRI-SH65104-FILTRO-HYDR-HIFI
SH65101,SH65101,,https://e-commerce.michelecaroli.com/wso/pages/user/wso0205.jsf?idaa=296749&codart=SH65101&marart=230&seopth=HIFI-FILTRI-SH65101-FILTRO-HYDR-HIFI
SH65100,SH65100,,https://e-commerce.michelecaroli.com/wso/pages/user/wso0205.jsf?idaa=296748&codart=SH65100&marart=230&seopth=HIFI-FILTRI-SH65100-FILTRO-HYDR-HIFI
SH65096,SH65096,,https://e-commerce.michelecaroli.com/wso/pages/user/wso0205.jsf?idaa=296746&codart=SH65096&marart=230&seopth=HIFI-FILTRI-SH65096-FILTRO-HYDR-HIFI
SH65095,SH65095,,https://e-commerce.michelecaroli.com/wso/pages/user/wso0205.jsf?idaa=296745&codart=SH65095&marart=230&seopth=HIFI-FILTRI-SH65095-FILTRO-HYDR-HIFI
SH65094,SH65094,,https://e-commerce.michelecaroli.com/wso/pages/user/wso0205.jsf?idaa=296744&codart=SH65094&marart=230&seopth=HIFI-FILTRI-SH65094-FILTRO-HYDR-HIFI
SH65088,SH65088,,https://e-commerce.michelecaroli.com/wso/pages/user/wso0205.jsf?idaa=400027&codart=SH65088&marart=230&seopth=HIFI-FILTRI-SH65088-FILTRO-HYDR-HIFI
SH65079,SH65079,,https://e-commerce.michelecaroli.com/wso/pages/user/wso0205.jsf?idaa=400025&codart=SH65079&marart=230&seopth=HIFI-FILTRI-SH65079-FILTRO-HYDR-HIFI
SH65078,SH65078,,https://e-commerce.michelecaroli.com/wso/pages/user/wso0205.jsf?idaa=296734&codart=SH65078&marart=230&seopth=HIFI-FILTRI-SH65078-FILTRO-HYDR-HIFI
SH65077,SH65077,,https://e-commerce.michelecaroli.com/wso/pages/user/wso0205.jsf?idaa=296733&codart=SH65077&marart=230&seopth=HIFI-FILTRI-SH65077-FILTRO-HYDR-HIFI
SH65072,SH65072,,https://e-commerce.michelecaroli.com/wso/pages/user/wso0205.jsf?idaa=296732&codart=SH65072&marart=230&seopth=HIFI-FILTRI-SH65072-FILTRO-HYDR-HIFI
SH65070,SH65070,FILTRO HYDR. HIFI,https://e-commerce.michelecaroli.com/wso/pages/user/wso0205.jsf?idaa=296730&codart=SH65070&marart=230&seopth=HIFI-FILTRI-SH65070-FILTRO-HYDR-HIFI
SH65068,SH65068,,https://e-commerce.michelecaroli.com/wso/pages/user/wso0205.jsf?idaa=296729&codart=SH65068&marart=230&seopth=HIFI-FILTRI-SH65068-FILTRO-HYDR-HIFI
SH65067,SH65067,,https://e-commerce.michelecaroli.com/wso/pages/user/wso0205.jsf?idaa=296728&codart=SH65067&marart=230&seopth=HIFI-FILTRI-SH65067-FILTRO-HYDR-HIFI
SH65065,SH65065,,https://e-commerce.michelecaroli.com/wso/pages/user/wso0205.jsf?idaa=296727&codart=SH65065&marart=230&seopth=HIFI-FILTRI-SH65065-FILTRO-HYDR-HIFI
SH65063,SH65063,,https://e-commerce.michelecaroli.com/wso/pages/user/wso0205.jsf?idaa=296725&codart=SH65063&marart=230&seopth=HIFI-FILTRI-SH65063-FILTRO-HYDR-HIFI
SH65061,SH65061,,https://e-commerce.michelecaroli.com/wso/pages/user/wso0205.jsf?idaa=400023&codart=SH65061&marart=230&seopth=HIFI-FILTRI-SH65061-FILTRO-HYDR-HIFI
