Code searched,Matched code,Part Category on Michele,Link to Michele product
SH60374,SH60374,FILTRO HYDR. HIFI,https://e-commerce.michelecaroli.com/wso/pages/user/wso0205.jsf?idaa=294659&codart=SH60374&marart=230&seopth=HIFI-FILTRI-SH60374-FILTRO-HYDR-HIFI
SH60373,SH60373,FILTRO HYDR. HIFI,https://e-commerce.michelecaroli.com/wso/pages/user/wso0205.jsf?idaa=294658&codart=SH60373&marart=230&seopth=HIFI-FILTRI-SH60373-FILTRO-HYDR-HIFI
SH60370,SH60370,,https://e-commerce.michelecaroli.com/wso/pages/user/wso0205.jsf?idaa=399810&codart=SH60370&marart=230&seopth=HIFI-FILTRI-SH60370-FILTRO-HYDR-HIFI
SH60365,SH60365,,https://e-commerce.michelecaroli.com/wso/pages/user/wso0205.jsf?idaa=399809&codart=SH60365&marart=230&seopth=HIFI-FILTRI-SH60365-FILTRO-HYDR-HIFI
SH60364,SH60364,,https://e-commerce.michelecaroli.com/wso/pages/user/wso0205.jsf?idaa=294652&codart=SH60364&marart=230&seopth=HIFI-FILTRI-SH60364-FILTRO-HYDR-HIFI
SH60363,SH60363,,https://e-commerce.michelecaroli.com/wso/pages/user/wso0205.jsf?idaa=294651&codart=SH60363&marart=230&seopth=HIFI-FILTRI-SH60363-FILTRO-HYDR-HIFI
SH60361,SH60361,,https://e-commerce.michelecaroli.com/wso/pages/user/wso0205.jsf?idaa=294649&codart=SH60361&marart=230&seopth=HIFI-FILTRI-SH60361-FILTRO-HYDR-HIFI
SH60358,SH60358,,https://e-commerce.michelecaroli.com/wso/pages/user/wso0205.jsf?idaa=294646&codart=SH60358&marart=230&seopth=HIFI-FILTRI-SH60358-FILTRO-HYDR-HIFI
SH60356,SH60356,,https://e-commerce.michelecaroli.com/wso/pages/user/wso0205.jsf?idaa=294644&codart=SH60356&marart=230&seopth=HIFI-FILTRI-SH60356-FILTRO-HYDR-HIFI
SH60353,SH60353,FILTRO HYDR. HIFI,https://e-commerce.michelecaroli.com/wso/pages/user/wso0205.jsf?idaa=294642&codart=SH60353&marart=230&seopth=HIFI-FILTRI-SH60353-FILTRO-HYDR-HIFI
SH60351,SH60351,,https://e-commerce.michelecaroli.com/wso/pages/user/wso0205.jsf?idaa=294640&codart=SH60351&marart=230&seopth=HIFI-FILTRI-SH60351-FILTRO-HYDR-HIFI
SH60350,SH60350,,https://e-commerce.michelecaroli.com/wso/pages/user/wso0205.jsf?idaa=294639&codart=SH60350&marart=230&seopth=HIFI-FILTRI-SH60350-FILTRO-HYDR-HIFI
SH60348,SH60348,,https://e-commerce.michelecaroli.com/wso/pages/user/wso0205.jsf?idaa=294637&codart=SH60348&marart=230&seopth=HIFI-FILTRI-SH60348-FILTRO-HYDR-HIFI
SH60345,SH60345,,https://e-commerce.michelecaroli.com/wso/pages/user/wso0205.jsf?idaa=294634&codart=SH60345&marart=230&seopth=HIFI-FILTRI-SH60345-FILTRO-HYDR-HIFI
SH60343,SH60343,,https://e-commerce.michelecaroli.com/wso/pages/user/wso0205.jsf?idaa=294632&codart=SH60343&marart=230&seopth=HIFI-FILTRI-SH60343-FILTRO-HYDR-HIFI
SH60342,SH60342,,https://e-commerce.michelecaroli.com/wso/pages/user/wso0205.jsf?idaa=294631&codart=SH60342&marart=230&seopth=HIFI-FILTRI-SH60342-FILTRO-HYDR-HIFI
SH60338,SH60338,,https://e-commerce.michelecaroli.com/wso/pages/user/wso0205.jsf?idaa=294629&codart=SH60338&marart=230&seopth=HIFI-FILTRI-SH60338-FILTRO-HYDR-HIFI
SH60334,SH60334,,https://e-commerce.michelecaroli.com/wso/pages/user/wso0205.jsf?idaa=294626&codart=SH60334&marart=230&seopth=HIFI-FILTRI-SH60334-FILTRO-HYDR-HIFI
SH60331,SH60331,,https://e-commerce.michelecaroli.com/wso/pages/user/wso0205.jsf?idaa=294624&codart=SH60331&marart=230&seopth=HIFI-FILTRI-SH60331-FILTRO-HYDR-HIFI
SH60330,SH60330,,https://e-commerce.michelecaroli.com/wso/pages/user/wso0205.jsf?idaa=294623&codart=SH60330&marart=230&seopth=HIFI-FILTRI-SH60330-FILTRO-HYDR-HIFI
SH60327,SH60327,,https://e-commerce.michelecaroli.com/wso/pages/user/wso0205.jsf?idaa=294620&codart=SH60327&marart=230&seopth=HIFI-FILTRI-SH60327-FILTRO-HYDR-HIFI
SH60326,SH60326,,https://e-commerce.michelecaroli.com/wso/pages/user/wso0205.jsf?idaa=294619&codart=SH60326&marart=230&seopth=HIFI-FILTRI-SH60326-FILTRO-HYDR-HIFI
SH60323,SH60323,,https://e-commerce.michelecaroli.com/wso/pages/user/wso0205.jsf?idaa=294616&codart=SH60323&marart=230&seopth=HIFI-FILTRI-SH60323-FILTRO-HYDR-HIFI
SH60318,SH60318,FILTRO HYDR. HIFI,https://e-commerce.michelecaroli.com/wso/pages/user/wso0205.jsf?idaa=294611&codart=SH60318&marart=230&seopth=HIFI-FILTRI-SH60318-FILTRO-HYDR-HIFI
SH60315,SH60315,FILTRO HYDR. HIFI,https://e-commerce.michelecaroli.com/wso/pages/user/wso0205.jsf?idaa=294609&codart=SH60315&marart=230&seopth=HIFI-FILTRI-SH60315-FILTRO-HYDR-HIFI
SH60313,SH60313,,https://e-commerce.michelecaroli.com/wso/pages/user/wso0205.jsf?idaa=294607&codart=SH60313&marart=230&seopth=HIFI-FILTRI-SH60313-FILTRO-HYDR-HIFI
SH60311,SH60311,,https://e-commerce.michelecaroli.com/wso/pages/user/wso0205.jsf?idaa=294606&codart=SH60311&marart=230&seopth=HIFI-FILTRI-SH60311-FILTRO-HYDR-HIFI
SH60309,SH60309,FILTRO HYDR. HIFI,https://e-commerce.michelecaroli.com/wso/pages/user/wso0205.jsf?idaa=294605&codart=SH60309&marart=230&seopth=HIFI-FILTRI-SH60309-FILTRO-HYDR-HIFI
SH60308,SH60308,,https://e-commerce.michelecaroli.com/wso/pages/user/wso0205.jsf?idaa=294604&codart=SH60308&marart=230&seopth=HIFI-FILTRI-SH60308-FILTRO-HYDR-HIFI
SH60306,SH60306,,https://e-commerce.michelecaroli.com/wso/pages/user/wso0205.jsf?idaa=294602&codart=SH60306&marart=230&seopth=HIFI-FILTRI-SH60306-FILTRO-HYDR-HIFI
SH60303,SH60303,,https://e-commerce.michelecaroli.com/wso/pages/user/wso0205.jsf?idaa=294599&codart=SH60303&marart=230&seopth=HIFI-FILTRI-SH60303-FILTRO-HYDR-HIFI
SH60302,SH60302,,https://e-commerce.michelecaroli.com/wso/pages/user/wso0205.jsf?idaa=294598&codart=SH60302&marart=230&seopth=HIFI-FILTRI-SH60302-FILTRO-HYDR-HIFI
SH60299,SH60299,,https://e-commerce.michelecaroli.com/wso/pages/user/wso0205.jsf?idaa=294596&codart=SH60299&marart=230&seopth=HIFI-FILTRI-SH60299-FILTRO-HYDR-HIFI
SH60297,SH60297,,https://e-commerce.michelecaroli.com/wso/pages/user/wso0205.jsf?idaa=294594&codart=SH60297&marart=230&seopth=HIFI-FILTRI-SH60297-FILTRO-HYDR-HIFI
SH60295,SH60295,,https://e-commerce.michelecaroli.com/wso/pages/user/wso0205.jsf?idaa=294592&codart=SH60295&marart=230&seopth=HIFI-FILTRI-SH60295-FILTRO-HYDR-HIFI
SH60293,SH60293,FILTRO HYDR. HIFI,https://e-commerce.michelecaroli.com/wso/pages/user/wso0205.jsf?idaa=294590&codart=SH60293&marart=230&seopth=HIFI-FILTRI-SH60293-FILTRO-HYDR-HIFI
SH60292,SH60292,,https://e-commerce.michelecaroli.com/wso/pages/user/wso0205.jsf?idaa=294589&codart=SH60292&marart=230&seopth=HIFI-FILTRI-SH60292-FILTRO-HYDR-HIFI
SH60288,SH60288,,https://e-commerce.michelecaroli.com/wso/pages/user/wso0205.jsf?idaa=294586&codart=SH60288&marart=230&seopth=HIFI-FILTRI-SH60288-FILTRO-HYDR-HIFI
SH60287,SH60287,,https://e-commerce.michelecaroli.com/wso/pages/user/wso0205.jsf?idaa=294585&codart=SH60287&marart=230&seopth=HIFI-FILTRI-SH60287-FILTRO-HYDR-HIFI
SH60285,SH60285,,https://e-commerce.michelecaroli.com/wso/pages/user/wso0205.jsf?idaa=294583&codart=SH60285&marart=230&seopth=HIFI-FILTRI-SH60285-FILTRO-HYDR-HIFI
SH60282,SH60282,,https://e-commerce.michelecaroli.com/wso/pages/user/wso0205.jsf?idaa=294581&codart=SH60282&marart=230&seopth=HIFI-FILTRI-SH60282-FILTRO-HYDR-HIFI
SH60278,SH60278,FILTRO HYDR. HIFI,https://e-commerce.michelecaroli.com/wso/pages/user/wso0205.jsf?idaa=294577&codart=SH60278&marart=230&seopth=HIFI-FILTRI-SH60278-FILTRO-HYDR-HIFI
SH60275,SH60275,FILTRO HYDR. HIFI,https://e-commerce.michelecaroli.com/wso/pages/user/wso0205.jsf?idaa=294574&codart=SH60275&marart=230&seopth=HIFI-FILTRI-SH60275-FILTRO-HYDR-HIFI
SH60274,SH60274,,https://e-commerce.michelecaroli.com/wso/pages/user/wso0205.jsf?idaa=294573&codart=SH60274&marart=230&seopth=HIFI-FILTRI-SH60274-FILTRO-HYDR-HIFI
SH60271,SH60271,FILTRO HYDR. HIFI,https://e-commerce.michelecaroli.com/wso/pages/user/wso0205.jsf?idaa=294572&codart=SH60271&marart=230&seopth=HIFI-FILTRI-SH60271-FILTRO-HYDR-HIFI
SH60260,SH60260,,https://e-commerce.michelecaroli.com/wso/pages/user/wso0205.jsf?idaa=294564&codart=SH60260&marart=230&seopth=HIFI-FILTRI-SH60260-FILTRO-HYDR-HIFI
SH60257,SH60257,,https://e-commerce.michelecaroli.com/wso/pages/user/wso0205.jsf?idaa=294562&codart=SH60257&marart=230&seopth=HIFI-FILTRI-SH60257-FILTRO-HYDR-HIFI
SH60247,SH60247,FILTRO HYDR. HIFI,https://e-commerce.michelecaroli.com/wso/pages/user/wso0205.jsf?idaa=294553&codart=SH60247&marart=230&seopth=HIFI-FILTRI-SH60247-FILTRO-HYDR-HIFI
SH60246,SH60246,,https://e-commerce.michelecaroli.com/wso/pages/user/wso0205.jsf?idaa=294552&codart=SH60246&marart=230&seopth=HIFI-FILTRI-SH60246-FILTRO-HYDR-HIFI
SH60240,SH60240,FILTRO HYDR. HIFI,https://e-commerce.michelecaroli.com/wso/pages/user/wso0205.jsf?idaa=294546&codart=SH60240&marart=230&seopth=HIFI-FILTRI-SH60240-FILTRO-HYDR-HIFI
SH60240,SH60240,FILTRO HYDR. HIFI,https://e-commerce.michelecaroli.com/wso/pages/user/wso0205.jsf?idaa=294546&codart=SH60240&marart=230&seopth=HIFI-FILTRI-SH60240-FILTRO-HYDR-HIFI
SH60235,SH60235,,https://e-commerce.michelecaroli.com/wso/pages/user/wso0205.jsf?idaa=294543&codart=SH60235&marart=230&seopth=HIFI-FILTRI-SH60235-FILTRO-HYDR-HIFI
SH60231,SH60231,FILTRO HYDR. HIFI,https://e-commerce.michelecaroli.com/wso/pages/user/wso0205.jsf?idaa=294539&codart=SH60231&marart=230&seopth=HIFI-FILTRI-SH60231-FILTRO-HYDR-HIFI
SH60229,SH60229,,https://e-commerce.michelecaroli.com/wso/pages/user/wso0205.jsf?idaa=294537&codart=SH60229&marart=230&seopth=HIFI-FILTRI-SH60229-FILTRO-HYDR-HIFI
SH60227,SH60227,,https://e-commerce.michelecaroli.com/wso/pages/user/wso0205.jsf?idaa=294535&codart=SH60227&marart=230&seopth=HIFI-FILTRI-SH60227-FILTRO-HYDR-HIFI
SH60224,SH60224,,https://e-commerce.michelecaroli.com/wso/pages/user/wso0205.jsf?idaa=294533&codart=SH60224&marart=230&seopth=HIFI-FILTRI-SH60224-FILTRO-HYDR-HIFI
SH60220,SH60220,,https://e-commerce.michelecaroli.com/wso/pages/user/wso0205.jsf?idaa=294529&codart=SH60220&marart=230&seopth=HIFI-FILTRI-SH60220-FILTRO-HYDR-HIFI
SH60217,SH60217,,https://e-commerce.michelecaroli.com/wso/pages/user/wso0205.jsf?idaa=294526&codart=SH60217&marart=230&seopth=HIFI-FILTRI-SH60217-FILTRO-HYDR-HIFI
SH60214,SH60214,FILTRO HYDR. HIFI,https://e-commerce.michelecaroli.com/wso/pages/user/wso0205.jsf?idaa=294524&codart=SH60214&marart=230&seopth=HIFI-FILTRI-SH60214-FILTRO-HYDR-HIFI
SH60193,SH60193,FILTRO HYDR. HIFI,https://e-commerce.michelecaroli.com/wso/pages/user/wso0205.jsf?idaa=294508&codart=SH60193&marart=230&seopth=HIFI-FILTRI-SH60193-FILTRO-HYDR-HIFI
SH60181,SH60181,FILTRO HYDR. HIFI,https://e-commerce.michelecaroli.com/wso/pages/user/wso0205.jsf?idaa=294498&codart=SH60181&marart=230&seopth=HIFI-FILTRI-SH60181-FILTRO-HYDR-HIFI
SH60179,SH60179,,https://e-commerce.michelecaroli.com/wso/pages/user/wso0205.jsf?idaa=294496&codart=SH60179&marart=230&seopth=HIFI-FILTRI-SH60179-FILTRO-HYDR-HIFI
SH60178,SH60178,,https://e-commerce.michelecaroli.com/wso/pages/user/wso0205.jsf?idaa=399806&codart=SH60178&marart=230&seopth=HIFI-FILTRI-SH60178-FILTRO-HYDR-HIFI
SH60177,SH60177,,https://e-commerce.michelecaroli.com/wso/pages/user/wso0205.jsf?idaa=294495&codart=SH60177&marart=230&seopth=HIFI-FILTRI-SH60177-FILTRO-HYDR-HIFI
SH60171,SH60171,,https://e-commerce.michelecaroli.com/wso/pages/user/wso0205.jsf?idaa=294490&codart=SH60171&marart=230&seopth=HIFI-FILTRI-SH60171-FILTRO-HYDR-HIFI
SH60170,SH60170,FILTRO HYDR. HIFI,https://e-commerce.michelecaroli.com/wso/pages/user/wso0205.jsf?idaa=294489&codart=SH60170&marart=230&seopth=HIFI-FILTRI-SH60170-FILTRO-HYDR-HIFI
SH60165,SH60165,,https://e-commerce.michelecaroli.com/wso/pages/user/wso0205.jsf?idaa=294484&codart=SH60165&marart=230&seopth=HIFI-FILTRI-SH60165-FILTRO-HYDR-HIFI
SH60164,SH60164,,https://e-commerce.michelecaroli.com/wso/pages/user/wso0205.jsf?idaa=294483&codart=SH60164&marart=230&seopth=HIFI-FILTRI-SH60164-FILTRO-HYDR-HIFI
SH60163,SH60163,FILTRO HYDR. HIFI,https://e-commerce.michelecaroli.com/wso/pages/user/wso0205.jsf?idaa=294482&codart=SH60163&marart=230&seopth=HIFI-FILTRI-SH60163-FILTRO-HYDR-HIFI
SH60158,SH60158,,https://e-commerce.michelecaroli.com/wso/pages/user/wso0205.jsf?idaa=294477&codart=SH60158&marart=230&seopth=HIFI-FILTRI-SH60158-FILTRO-HYDR-HIFI
SH60155,SH60155,FILTRO HYDR. HIFI,https://e-commerce.michelecaroli.com/wso/pages/user/wso0205.jsf?idaa=294474&codart=SH60155&marart=230&seopth=HIFI-FILTRI-SH60155-FILTRO-HYDR-HIFI
SH60152,SH60152,FILTRO HYDR. HIFI,https://e-commerce.michelecaroli.com/wso/pages/user/wso0205.jsf?idaa=294471&codart=SH60152&marart=230&seopth=HIFI-FILTRI-SH60152-FILTRO-HYDR-HIFI
SH60147,SH60147,FILTRO HYDR. HIFI,https://e-commerce.michelecaroli.com/wso/pages/user/wso0205.jsf?idaa=294467&codart=SH60147&marart=230&seopth=HIFI-FILTRI-SH60147-FILTRO-HYDR-HIFI
SH60146,SH60146,,https://e-commerce.michelecaroli.com/wso/pages/user/wso0205.jsf?idaa=294466&codart=SH60146&marart=230&seopth=HIFI-FILTRI-SH60146-FILTRO-HYDR-HIFI
SH60143,SH60143,,https://e-commerce.michelecaroli.com/wso/pages/user/wso0205.jsf?idaa=294464&codart=SH60143&marart=230&seopth=HIFI-FILTRI-SH60143-FILTRO-HYDR-HIFI
SH60142,SH60142,FILTRO HYDR. HIFI,https://e-commerce.michelecaroli.com/wso/pages/user/wso0205.jsf?idaa=294463&codart=SH60142&marart=230&seopth=HIFI-FILTRI-SH60142-FILTRO-HYDR-HIFI
SH60140,SH60140,FILTRO HYDR. HIFI,https://e-commerce.michelecaroli.com/wso/pages/user/wso0205.jsf?idaa=294462&codart=SH60140&marart=230&seopth=HIFI-FILTRI-SH60140-FILTRO-HYDR-HIFI
SH60139,SH60139,,https://e-commerce.michelecaroli.com/wso/pages/user/wso0205.jsf?idaa=294461&codart=SH60139&marart=230&seopth=HIFI-FILTRI-SH60139-FILTRO-HYDR-HIFI
SH60136,SH60136,,https://e-commerce.michelecaroli.com/wso/pages/user/wso0205.jsf?idaa=294458&codart=SH60136&marart=230&seopth=HIFI-FILTRI-SH60136-FILTRO-HYDR-HIFI
SH60124,SH60124,,https://e-commerce.michelecaroli.com/wso/pages/user/wso0205.jsf?idaa=294447&codart=SH60124&marart=230&seopth=HIFI-FILTRI-SH60124-FILTRO-HYDR-HIFI
SH60116,SH60116,,https://e-commerce.michelecaroli.com/wso/pages/user/wso0205.jsf?idaa=147231&codart=SH60116&marart=222&seopth=FILTRI-VARI-SH60116-FILTRO-IDRAULICO
SH60116,SH60116,,https://e-commerce.michelecaroli.com/wso/pages/user/wso0205.jsf?idaa=147231&codart=SH60116&marart=222&seopth=FILTRI-VARI-SH60116-FILTRO-IDRAULICO
SH60115,SH60115,FILTRO HYDR. HIFI,https://e-commerce.michelecaroli.com/wso/pages/user/wso0205.jsf?idaa=294438&codart=SH60115&marart=230&seopth=HIFI-FILTRI-SH60115-FILTRO-HYDR-HIFI
SH60113,SH60113,FILTRO HYDR. HIFI,https://e-commerce.michelecaroli.com/wso/pages/user/wso0205.jsf?idaa=294436&codart=SH60113&marart=230&seopth=HIFI-FILTRI-SH60113-FILTRO-HYDR-HIFI
SH60111,SH60111,FILTRO HYDR. HIFI,https://e-commerce.michelecaroli.com/wso/pages/user/wso0205.jsf?idaa=294434&codart=SH60111&marart=230&seopth=HIFI-FILTRI-SH60111-FILTRO-HYDR-HIFI
SH60103,SH60103,FILTRO HYDR. HIFI,https://e-commerce.michelecaroli.com/wso/pages/user/wso0205.jsf?idaa=295238&codart=SH60103&marart=230&seopth=HIFI-FILTRI-SH60103-FILTRO-HYDR-HIFI
SH60091,SH60091,,https://e-commerce.michelecaroli.com/wso/pages/user/wso0205.jsf?idaa=295229&codart=SH60091&marart=230&seopth=HIFI-FILTRI-SH60091-FILTRO-HYDR-HIFI
SH60088,SH60088,FILTRO HYDR. HIFI,https://e-commerce.michelecaroli.com/wso/pages/user/wso0205.jsf?idaa=295226&codart=SH60088&marart=230&seopth=HIFI-FILTRI-SH60088-FILTRO-HYDR-HIFI
SH60087,SH60087,,https://e-commerce.michelecaroli.com/wso/pages/user/wso0205.jsf?idaa=295225&codart=SH60087&marart=230&seopth=HIFI-FILTRI-SH60087-FILTRO-HYDR-HIFI
SH60083,P173578,"HYDRAULIC FILTER, CARTRIDGE",https://e-commerce.michelecaroli.com/wso/pages/user/wso0205.jsf?idaa=441067&codart=P173578&marart=227&seopth=DONALDSON-FILTRI-P173578-HYDRAULIC-FILTER-CARTRIDGE
SH60077,SH60077,FILTRO HYDR. HIFI,https://e-commerce.michelecaroli.com/wso/pages/user/wso0205.jsf?idaa=295216&codart=SH60077&marart=230&seopth=HIFI-FILTRI-SH60077-FILTRO-HYDR-HIFI
SH60073,SH60073,FILTRO HYDR. HIFI,https://e-commerce.michelecaroli.com/wso/pages/user/wso0205.jsf?idaa=295213&codart=SH60073&marart=230&seopth=HIFI-FILTRI-SH60073-FILTRO-HYDR-HIFI
SH60072,SH60101,FILTRO HYDR. P762921 HIFI,https://e-commerce.michelecaroli.com/wso/pages/user/wso0205.jsf?idaa=295236&codart=SH60101&marart=230&seopth=HIFI-FILTRI-SH60101-FILTRO-HYDR-P762921-HIFI
SH60065,SH60065,,https://e-commerce.michelecaroli.com/wso/pages/user/wso0205.jsf?idaa=295206&codart=SH60065&marart=230&seopth=HIFI-FILTRI-SH60065-FILTRO-HYDR-HIFI
SH60064,SH60064,,https://e-commerce.michelecaroli.com/wso/pages/user/wso0205.jsf?idaa=295205&codart=SH60064&marart=230&seopth=HIFI-FILTRI-SH60064-FILTRO-HYDR-HIFI
SH60063,SH60063,,https://e-commerce.michelecaroli.com/wso/pages/user/wso0205.jsf?idaa=295204&codart=SH60063&marart=230&seopth=HIFI-FILTRI-SH60063-FILTRO-HYDR-HIFI
SH60062,SH60062,,https://e-commerce.michelecaroli.com/wso/pages/user/wso0205.jsf?idaa=295203&codart=SH60062&marart=230&seopth=HIFI-FILTRI-SH60062-FILTRO-HYDR-HIFI
SH60060,SH60060,FILTRO HYDR. HIFI,https://e-commerce.michelecaroli.com/wso/pages/user/wso0205.jsf?idaa=295201&codart=SH60060&marart=230&seopth=HIFI-FILTRI-SH60060-FILTRO-HYDR-HIFI
SH60059,SH60059,,https://e-commerce.michelecaroli.com/wso/pages/user/wso0205.jsf?idaa=295200&codart=SH60059&marart=230&seopth=HIFI-FILTRI-SH60059-FILTRO-HYDR-HIFI
SH60058,SH60058,,https://e-commerce.michelecaroli.com/wso/pages/user/wso0205.jsf?idaa=295199&codart=SH60058&marart=230&seopth=HIFI-FILTRI-SH60058-FILTRO-HYDR-HIFI
SH60051,SH60051,FILTRO HYDR. HIFI,https://e-commerce.michelecaroli.com/wso/pages/user/wso0205.jsf?idaa=295193&codart=SH60051&marart=230&seopth=HIFI-FILTRI-SH60051-FILTRO-HYDR-HIFI
SH60048,SH60048,FILTRO HYDR. HIFI,https://e-commerce.michelecaroli.com/wso/pages/user/wso0205.jsf?idaa=295191&codart=SH60048&marart=230&seopth=HIFI-FILTRI-SH60048-FILTRO-HYDR-HIFI
SH60047,SH60047,FILTRO HYDR. HIFI,https://e-commerce.michelecaroli.com/wso/pages/user/wso0205.jsf?idaa=295190&codart=SH60047&marart=230&seopth=HIFI-FILTRI-SH60047-FILTRO-HYDR-HIFI
SH60043,SH60043,,https://e-commerce.michelecaroli.com/wso/pages/user/wso0205.jsf?idaa=295187&codart=SH60043&marart=230&seopth=HIFI-FILTRI-SH60043-FILTRO-HYDR-HIFI
SH60041,SH60041,,https://e-commerce.michelecaroli.com/wso/pages/user/wso0205.jsf?idaa=295185&codart=SH60041&marart=230&seopth=HIFI-FILTRI-SH60041-FILTRO-HYDR-HIFI
SH60037,SH60037,FILTRO HYDR. HIFI,https://e-commerce.michelecaroli.com/wso/pages/user/wso0205.jsf?idaa=295181&codart=SH60037&marart=230&seopth=HIFI-FILTRI-SH60037-FILTRO-HYDR-HIFI
SH60032,SH60032,FILTRO HYDR. HIFI,https://e-commerce.michelecaroli.com/wso/pages/user/wso0205.jsf?idaa=295176&codart=SH60032&marart=230&seopth=HIFI-FILTRI-SH60032-FILTRO-HYDR-HIFI
SH60024,SH60024,,https://e-commerce.michelecaroli.com/wso/pages/user/wso0205.jsf?idaa=295169&codart=SH60024&marart=230&seopth=HIFI-FILTRI-SH60024-FILTRO-HYDR-HIFI
SH60020,SH60020,,https://e-commerce.michelecaroli.com/wso/pages/user/wso0205.jsf?idaa=295166&codart=SH60020&marart=230&seopth=HIFI-FILTRI-SH60020-FILTRO-HYDR-HIFI
SH60018,SH60018,FILTRO HYDR. HIFI,https://e-commerce.michelecaroli.com/wso/pages/user/wso0205.jsf?idaa=295164&codart=SH60018&marart=230&seopth=HIFI-FILTRI-SH60018-FILTRO-HYDR-HIFI
SH60015,SH60015,FILTRO HYDR. HIFI,https://e-commerce.michelecaroli.com/wso/pages/user/wso0205.jsf?idaa=295161&codart=SH60015&marart=230&seopth=HIFI-FILTRI-SH60015-FILTRO-HYDR-HIFI
SH60013,SH60013,FILTRO HYDR. HIFI,https://e-commerce.michelecaroli.com/wso/pages/user/wso0205.jsf?idaa=295159&codart=SH60013&marart=230&seopth=HIFI-FILTRI-SH60013-FILTRO-HYDR-HIFI
SH60009,SH60009,,https://e-commerce.michelecaroli.com/wso/pages/user/wso0205.jsf?idaa=295155&codart=SH60009&marart=230&seopth=HIFI-FILTRI-SH60009-FILTRO-HYDR-HIFI
SH60005,SH60005,FILTRO HYDR. HIFI,https://e-commerce.michelecaroli.com/wso/pages/user/wso0205.jsf?idaa=295151&codart=SH60005&marart=230&seopth=HIFI-FILTRI-SH60005-FILTRO-HYDR-HIFI
SH60004,SH60004,FILTRO HYDR. HIFI,https://e-commerce.michelecaroli.com/wso/pages/user/wso0205.jsf?idaa=295150&codart=SH60004&marart=230&seopth=HIFI-FILTRI-SH60004-FILTRO-HYDR-HIFI
SH60000,SH60000,FILTRO HYDR. HIFI,https://e-commerce.michelecaroli.com/wso/pages/user/wso0205.jsf?idaa=295147&codart=SH60000&marart=230&seopth=HIFI-FILTRI-SH60000-FILTRO-HYDR-HIFI
SH59098,SH59098,FILTRO HYDR. HIFI,https://e-commerce.michelecaroli.com/wso/pages/user/wso0205.jsf?idaa=295138&codart=SH59098&marart=230&seopth=HIFI-FILTRI-SH59098-FILTRO-HYDR-HIFI
SH59095,SH59095,,https://e-commerce.michelecaroli.com/wso/pages/user/wso0205.jsf?idaa=295135&codart=SH59095&marart=230&seopth=HIFI-FILTRI-SH59095-FILTRO-HYDR-HIFI
SH59094,SH59094,FILTRO HYDR. HIFI,https://e-commerce.michelecaroli.com/wso/pages/user/wso0205.jsf?idaa=295134&codart=SH59094&marart=230&seopth=HIFI-FILTRI-SH59094-FILTRO-HYDR-HIFI
SH59093,SH59093,,https://e-commerce.michelecaroli.com/wso/pages/user/wso0205.jsf?idaa=295133&codart=SH59093&marart=230&seopth=HIFI-FILTRI-SH59093-FILTRO-HYDR-HIFI
SH59092,SH59092,FILTRO HYDR. HIFI,https://e-commerce.michelecaroli.com/wso/pages/user/wso0205.jsf?idaa=295132&codart=SH59092&marart=230&seopth=HIFI-FILTRI-SH59092-FILTRO-HYDR-HIFI
SH59091,SH59091,FILTRO HYDR. HIFI,https://e-commerce.michelecaroli.com/wso/pages/user/wso0205.jsf?idaa=295131&codart=SH59091&marart=230&seopth=HIFI-FILTRI-SH59091-FILTRO-HYDR-HIFI
SH59043,SH59043,,https://e-commerce.michelecaroli.com/wso/pages/user/wso0205.jsf?idaa=295127&codart=SH59043&marart=230&seopth=HIFI-FILTRI-SH59043-FILTRO-HYDR-HIFI
SH59032,SH59032,FILTRO HYDR. HIFI,https://e-commerce.michelecaroli.com/wso/pages/user/wso0205.jsf?idaa=295121&codart=SH59032&marart=230&seopth=HIFI-FILTRI-SH59032-FILTRO-HYDR-HIFI
SH59028,SH59028,FILTRO HYDR. HIFI,https://e-commerce.michelecaroli.com/wso/pages/user/wso0205.jsf?idaa=295117&codart=SH59028&marart=230&seopth=HIFI-FILTRI-SH59028-FILTRO-HYDR-HIFI
SH59021,SH59021,,https://e-commerce.michelecaroli.com/wso/pages/user/wso0205.jsf?idaa=295112&codart=SH59021&marart=230&seopth=HIFI-FILTRI-SH59021-FILTRO-HYDR-HIFI
SH59018,SH59018,,https://e-commerce.michelecaroli.com/wso/pages/user/wso0205.jsf?idaa=295110&codart=SH59018&marart=230&seopth=HIFI-FILTRI-SH59018-FILTRO-HYDR-HIFI
SH59017,SH59017,,https://e-commerce.michelecaroli.com/wso/pages/user/wso0205.jsf?idaa=295109&codart=SH59017&marart=230&seopth=HIFI-FILTRI-SH59017-FILTRO-HYDR-HIFI
SH59011,SH59011,FILTRO HYDR. HIFI,https://e-commerce.michelecaroli.com/wso/pages/user/wso0205.jsf?idaa=295105&codart=SH59011&marart=230&seopth=HIFI-FILTRI-SH59011-FILTRO-HYDR-HIFI
SH59010,SH59010,FILTRO HYDR. HIFI,https://e-commerce.michelecaroli.com/wso/pages/user/wso0205.jsf?idaa=295104&codart=SH59010&marart=230&seopth=HIFI-FILTRI-SH59010-FILTRO-HYDR-HIFI
SH59001,SH59001,FILTRO HYDR. HIFI,https://e-commerce.michelecaroli.com/wso/pages/user/wso0205.jsf?idaa=295097&codart=SH59001&marart=230&seopth=HIFI-FILTRI-SH59001-FILTRO-HYDR-HIFI
SH57567,SH57567,,https://e-commerce.michelecaroli.com/wso/pages/user/wso0205.jsf?idaa=295093&codart=SH57567&marart=230&seopth=HIFI-FILTRI-SH57567-FILTRO-HYDR-HIFI
SH57523,SH57523,,https://e-commerce.michelecaroli.com/wso/pages/user/wso0205.jsf?idaa=295091&codart=SH57523&marart=230&seopth=HIFI-FILTRI-SH57523-FILTRO-HYDR-HIFI
SH57406,SH57406,,https://e-commerce.michelecaroli.com/wso/pages/user/wso0205.jsf?idaa=295090&codart=SH57406&marart=230&seopth=HIFI-FILTRI-SH57406-FILTRO-HYDR-HIFI
SH57403,SH57403,,https://e-commerce.michelecaroli.com/wso/pages/user/wso0205.jsf?idaa=295089&codart=SH57403&marart=230&seopth=HIFI-FILTRI-SH57403-FILTRO-HYDR-HIFI
SH57401,SH57401,FILTRO HYDR. HIFI,https://e-commerce.michelecaroli.com/wso/pages/user/wso0205.jsf?idaa=295088&codart=SH57401&marart=230&seopth=HIFI-FILTRI-SH57401-FILTRO-HYDR-HIFI
SH57400V,SH57400V,,https://e-commerce.michelecaroli.com/wso/pages/user/wso0205.jsf?idaa=399800&codart=SH57400V&marart=230&seopth=HIFI-FILTRI-SH57400V-FILTRO-HYDR-HIFI
SH57389,SH57389,,https://e-commerce.michelecaroli.com/wso/pages/user/wso0205.jsf?idaa=399799&codart=SH57389&marart=230&seopth=HIFI-FILTRI-SH57389-FILTRO-HYDR-HIFI
SH57381,SH57381,,https://e-commerce.michelecaroli.com/wso/pages/user/wso0205.jsf?idaa=295083&codart=SH57381&marart=230&seopth=HIFI-FILTRI-SH57381-FILTRO-HYDR-HIFI
SH57379,P169444,FILTRO IDRAULICO,https://e-commerce.michelecaroli.com/wso/pages/user/wso0205.jsf?idaa=155055&codart=P169444&marart=227&seopth=DONALDSON-FILTRI-P169444-FILTRO-IDRAULICO
SH57369,SH57369,,https://e-commerce.michelecaroli.com/wso/pages/user/wso0205.jsf?idaa=295080&codart=SH57369&marart=230&seopth=HIFI-FILTRI-SH57369-FILTRO-HYDR-HIFI
SH57368,SH57368,,https://e-commerce.michelecaroli.com/wso/pages/user/wso0205.jsf?idaa=295079&codart=SH57368&marart=230&seopth=HIFI-FILTRI-SH57368-FILTRO-HYDR-HIFI
SH57367,SH57367,,https://e-commerce.michelecaroli.com/wso/pages/user/wso0205.jsf?idaa=438576&codart=SH57367&marart=230&seopth=HIFI-FILTRI-SH57367-FILTRO
SH57362,SH57362,,https://e-commerce.michelecaroli.com/wso/pages/user/wso0205.jsf?idaa=295076&codart=SH57362&marart=230&seopth=HIFI-FILTRI-SH57362-FILTRO-HYDR-HIFI
SH57358,SH57358,,https://e-commerce.michelecaroli.com/wso/pages/user/wso0205.jsf?idaa=295075&codart=SH57358&marart=230&seopth=HIFI-FILTRI-SH57358-FILTRO-HYDR-HIFI
SH57357,SH57357,,https://e-commerce.michelecaroli.com/wso/pages/user/wso0205.jsf?idaa=295074&codart=SH57357&marart=230&seopth=HIFI-FILTRI-SH57357-FILTRO-HYDR-HIFI
SH57351,SH57351,,https://e-commerce.michelecaroli.com/wso/pages/user/wso0205.jsf?idaa=295071&codart=SH57351&marart=230&seopth=HIFI-FILTRI-SH57351-FILTRO-HYDR-HIFI
SH57147,SH57147,,https://e-commerce.michelecaroli.com/wso/pages/user/wso0205.jsf?idaa=399795&codart=SH57147&marart=230&seopth=HIFI-FILTRI-SH57147-FILTRO-HYDR-HIFI
SH57133,SH57133,FILTRO HYDR. HIFI,https://e-commerce.michelecaroli.com/wso/pages/user/wso0205.jsf?idaa=295059&codart=SH57133&marart=230&seopth=HIFI-FILTRI-SH57133-FILTRO-HYDR-HIFI
SH57133,SH57133,FILTRO HYDR. HIFI,https://e-commerce.michelecaroli.com/wso/pages/user/wso0205.jsf?idaa=295059&codart=SH57133&marart=230&seopth=HIFI-FILTRI-SH57133-FILTRO-HYDR-HIFI
SH57129,SH57129,FILTRO HYDR. HIFI,https://e-commerce.michelecaroli.com/wso/pages/user/wso0205.jsf?idaa=295055&codart=SH57129&marart=230&seopth=HIFI-FILTRI-SH57129-FILTRO-HYDR-HIFI
SH57129,SH57129,FILTRO HYDR. HIFI,https://e-commerce.michelecaroli.com/wso/pages/user/wso0205.jsf?idaa=295055&codart=SH57129&marart=230&seopth=HIFI-FILTRI-SH57129-FILTRO-HYDR-HIFI
SH57126,P169433,FILTRO HYDR.ATTUALE P164598,https://e-commerce.michelecaroli.com/wso/pages/user/wso0205.jsf?idaa=155053&codart=P169433&marart=227&seopth=DONALDSON-FILTRI-P169433-FILTRO-HYDR-ATTUALE-P164598
SH57120V,SH57120V,,https://e-commerce.michelecaroli.com/wso/pages/user/wso0205.jsf?idaa=399794&codart=SH57120V&marart=230&seopth=HIFI-FILTRI-SH57120V-FILTRO-HYDR-HIFI
SH57117V,SH57117V,,https://e-commerce.michelecaroli.com/wso/pages/user/wso0205.jsf?idaa=295044&codart=SH57117V&marart=230&seopth=HIFI-FILTRI-SH57117V-FILTRO-HYDR-HIFI
SH57100V,SH57100V,,https://e-commerce.michelecaroli.com/wso/pages/user/wso0205.jsf?idaa=295038&codart=SH57100V&marart=230&seopth=HIFI-FILTRI-SH57100V-FILTRO-HYDR-P167182-HIFI
SH57095V,SH57095V,,https://e-commerce.michelecaroli.com/wso/pages/user/wso0205.jsf?idaa=399792&codart=SH57095V&marart=230&seopth=HIFI-FILTRI-SH57095V-FILTRO-HYDR-HIFI
SH57094V,SH57094V,,https://e-commerce.michelecaroli.com/wso/pages/user/wso0205.jsf?idaa=295031&codart=SH57094V&marart=230&seopth=HIFI-FILTRI-SH57094V-FILTRO-HYDR-HIFI
SH57080,SH57080,,https://e-commerce.michelecaroli.com/wso/pages/user/wso0205.jsf?idaa=295023&codart=SH57080&marart=230&seopth=HIFI-FILTRI-SH57080-FILTRO-HYDR-HIFI
SH57055,SH57055,,https://e-commerce.michelecaroli.com/wso/pages/user/wso0205.jsf?idaa=295019&codart=SH57055&marart=230&seopth=HIFI-FILTRI-SH57055-FILTRO-HYDR-HIFI
SH57055,SH57055,,https://e-commerce.michelecaroli.com/wso/pages/user/wso0205.jsf?idaa=295019&codart=SH57055&marart=230&seopth=HIFI-FILTRI-SH57055-FILTRO-HYDR-HIFI
SH56858,SH56858,,https://e-commerce.michelecaroli.com/wso/pages/user/wso0205.jsf?idaa=399789&codart=SH56858&marart=230&seopth=HIFI-FILTRI-SH56858-FILTRO-HYDR-HIFI
SH56858,SH56858,,https://e-commerce.michelecaroli.com/wso/pages/user/wso0205.jsf?idaa=399789&codart=SH56858&marart=230&seopth=HIFI-FILTRI-SH56858-FILTRO-HYDR-HIFI
SH56855,SH56855,,https://e-commerce.michelecaroli.com/wso/pages/user/wso0205.jsf?idaa=399788&codart=SH56855&marart=230&seopth=HIFI-FILTRI-SH56855-FILTRO-HYDR-HIFI
SH56855,SH56855,,https://e-commerce.michelecaroli.com/wso/pages/user/wso0205.jsf?idaa=399788&codart=SH56855&marart=230&seopth=HIFI-FILTRI-SH56855-FILTRO-HYDR-HIFI
SH56854,SH56854,FILTRO HYDR. HIFI,https://e-commerce.michelecaroli.com/wso/pages/user/wso0205.jsf?idaa=295017&codart=SH56854&marart=230&seopth=HIFI-FILTRI-SH56854-FILTRO-HYDR-HIFI
SH56854,SH56854,FILTRO HYDR. HIFI,https://e-commerce.michelecaroli.com/wso/pages/user/wso0205.jsf?idaa=295017&codart=SH56854&marart=230&seopth=HIFI-FILTRI-SH56854-FILTRO-HYDR-HIFI
SH56783,SH56783,,https://e-commerce.michelecaroli.com/wso/pages/user/wso0205.jsf?idaa=295015&codart=SH56783&marart=230&seopth=HIFI-FILTRI-SH56783-FILTRO-HYDR-HIFI
SH56781,SH56781,,https://e-commerce.michelecaroli.com/wso/pages/user/wso0205.jsf?idaa=295014&codart=SH56781&marart=230&seopth=HIFI-FILTRI-SH56781-FILTRO-HYDR-HIFI
SH56683,P551238,FILTRO HYDR.ATTUALE P569383,https://e-commerce.michelecaroli.com/wso/pages/user/wso0205.jsf?idaa=156938&codart=P551238&marart=227&seopth=DONALDSON-FILTRI-P551238-FILTRO-HYDR-ATTUALE-P569383
SH56671,SH56671,,https://e-commerce.michelecaroli.com/wso/pages/user/wso0205.jsf?idaa=294214&codart=SH56671&marart=230&seopth=HIFI-FILTRI-SH56671-FILTRO-HYDR-HIFI
SH56663,SH56663,,https://e-commerce.michelecaroli.com/wso/pages/user/wso0205.jsf?idaa=294212&codart=SH56663&marart=230&seopth=HIFI-FILTRI-SH56663-FILTRO-HYDR-HIFI
SH56662,SH56662,,https://e-commerce.michelecaroli.com/wso/pages/user/wso0205.jsf?idaa=294211&codart=SH56662&marart=230&seopth=HIFI-FILTRI-SH56662-FILTRO-HYDR-HIFI
SH56618,SH56618,,https://e-commerce.michelecaroli.com/wso/pages/user/wso0205.jsf?idaa=294203&codart=SH56618&marart=230&seopth=HIFI-FILTRI-SH56618-FILTRO-HYDR-HIFI
SH56617,SH56605,FILTRO HYDR. P164384 HIFI,https://e-commerce.michelecaroli.com/wso/pages/user/wso0205.jsf?idaa=294201&codart=SH56605&marart=230&seopth=HIFI-FILTRI-SH56605-FILTRO-HYDR-P164384-HIFI
SH56570,SH56570,FILTRO HYDR. P565060 HIFI,https://e-commerce.michelecaroli.com/wso/pages/user/wso0205.jsf?idaa=294197&codart=SH56570&marart=230&seopth=HIFI-FILTRI-SH56570-FILTRO-HYDR-P565060-HIFI
SH56554,SH56554,,https://e-commerce.michelecaroli.com/wso/pages/user/wso0205.jsf?idaa=294193&codart=SH56554&marart=230&seopth=HIFI-FILTRI-SH56554-FILTRO-HYDR-HIFI
SH56543,51274,FILTRO IDRAULICO,https://e-commerce.michelecaroli.com/wso/pages/user/wso0205.jsf?idaa=368224&codart=51274&marart=218&seopth=WIX-INDUSTRIAL-HD-51274-FILTRO-IDRAULICO
SH56532,51207,FILTRO IDRAULICO,https://e-commerce.michelecaroli.com/wso/pages/user/wso0205.jsf?idaa=368184&codart=51207&marart=218&seopth=WIX-INDUSTRIAL-HD-51207-FILTRO-IDRAULICO
SH56513,SH56513,,https://e-commerce.michelecaroli.com/wso/pages/user/wso0205.jsf?idaa=294190&codart=SH56513&marart=230&seopth=HIFI-FILTRI-SH56513-FILTRO-HYDR-HIFI
SH56513,SH56513,,https://e-commerce.michelecaroli.com/wso/pages/user/wso0205.jsf?idaa=294190&codart=SH56513&marart=230&seopth=HIFI-FILTRI-SH56513-FILTRO-HYDR-HIFI
SH56510,SH56510,,https://e-commerce.michelecaroli.com/wso/pages/user/wso0205.jsf?idaa=294189&codart=SH56510&marart=230&seopth=HIFI-FILTRI-SH56510-FILTRO-HYDR-HIFI
SH56510,SH56510,,https://e-commerce.michelecaroli.com/wso/pages/user/wso0205.jsf?idaa=294189&codart=SH56510&marart=230&seopth=HIFI-FILTRI-SH56510-FILTRO-HYDR-HIFI
SH56509,51508,FILTRO IDRAULICO,https://e-commerce.michelecaroli.com/wso/pages/user/wso0205.jsf?idaa=368392&codart=51508&marart=218&seopth=WIX-INDUSTRIAL-HD-51508-FILTRO-IDRAULICO
SH56505,SH56505,,https://e-commerce.michelecaroli.com/wso/pages/user/wso0205.jsf?idaa=294188&codart=SH56505&marart=230&seopth=HIFI-FILTRI-SH56505-FILTRO-HYDR-HIFI
SH56501,SH56501,FILTRO HYDR. HIFI,https://e-commerce.michelecaroli.com/wso/pages/user/wso0205.jsf?idaa=294187&codart=SH56501&marart=230&seopth=HIFI-FILTRI-SH56501-FILTRO-HYDR-HIFI
SH56501,SH56501,FILTRO HYDR. HIFI,https://e-commerce.michelecaroli.com/wso/pages/user/wso0205.jsf?idaa=294187&codart=SH56501&marart=230&seopth=HIFI-FILTRI-SH56501-FILTRO-HYDR-HIFI
SH56486,SH56486,,https://e-commerce.michelecaroli.com/wso/pages/user/wso0205.jsf?idaa=294185&codart=SH56486&marart=230&seopth=HIFI-FILTRI-SH56486-FILTRO-HYDR-HIFI
SH56418,SH56418,FILTRO HYDR. HIFI,https://e-commerce.michelecaroli.com/wso/pages/user/wso0205.jsf?idaa=294178&codart=SH56418&marart=230&seopth=HIFI-FILTRI-SH56418-FILTRO-HYDR-HIFI
SH56417,SH56417,,https://e-commerce.michelecaroli.com/wso/pages/user/wso0205.jsf?idaa=294177&codart=SH56417&marart=230&seopth=HIFI-FILTRI-SH56417-FILTRO-HYDR-HIFI
SH56411,SH56411,FILTRO HYDR. HIFI,https://e-commerce.michelecaroli.com/wso/pages/user/wso0205.jsf?idaa=294175&codart=SH56411&marart=230&seopth=HIFI-FILTRI-SH56411-FILTRO-HYDR-HIFI
SH56411,SH56411,FILTRO HYDR. HIFI,https://e-commerce.michelecaroli.com/wso/pages/user/wso0205.jsf?idaa=294175&codart=SH56411&marart=230&seopth=HIFI-FILTRI-SH56411-FILTRO-HYDR-HIFI
SH56399,SH56399,FILTRO HYDR. HIFI,https://e-commerce.michelecaroli.com/wso/pages/user/wso0205.jsf?idaa=294167&codart=SH56399&marart=230&seopth=HIFI-FILTRI-SH56399-FILTRO-HYDR-HIFI
SH56394,SH56394,FILTRO HYDR. P550922 HIFI,https://e-commerce.michelecaroli.com/wso/pages/user/wso0205.jsf?idaa=294166&codart=SH56394&marart=230&seopth=HIFI-FILTRI-SH56394-FILTRO-HYDR-P550922-HIFI
SH56375,SH56375,FILTRO HYDR. HIFI,https://e-commerce.michelecaroli.com/wso/pages/user/wso0205.jsf?idaa=294156&codart=SH56375&marart=230&seopth=HIFI-FILTRI-SH56375-FILTRO-HYDR-HIFI
SH56373,SH56373,FILTRO HYDR. HIFI,https://e-commerce.michelecaroli.com/wso/pages/user/wso0205.jsf?idaa=294154&codart=SH56373&marart=230&seopth=HIFI-FILTRI-SH56373-FILTRO-HYDR-HIFI
SH56372,SH56372,,https://e-commerce.michelecaroli.com/wso/pages/user/wso0205.jsf?idaa=294153&codart=SH56372&marart=230&seopth=HIFI-FILTRI-SH56372-FILTRO-HYDR-HIFI
SH56364,SH56364,,https://e-commerce.michelecaroli.com/wso/pages/user/wso0205.jsf?idaa=294147&codart=SH56364&marart=230&seopth=HIFI-FILTRI-SH56364-FILTRO-HYDR-HIFI
SH56363,SH56363,,https://e-commerce.michelecaroli.com/wso/pages/user/wso0205.jsf?idaa=294146&codart=SH56363&marart=230&seopth=HIFI-FILTRI-SH56363-FILTRO-HYDR-HIFI
SH56362,SH56362,,https://e-commerce.michelecaroli.com/wso/pages/user/wso0205.jsf?idaa=294145&codart=SH56362&marart=230&seopth=HIFI-FILTRI-SH56362-FILTRO-HYDR-HIFI
SH56352,SH56352,FILTRO HYDR. HIFI,https://e-commerce.michelecaroli.com/wso/pages/user/wso0205.jsf?idaa=294136&codart=SH56352&marart=230&seopth=HIFI-FILTRI-SH56352-FILTRO-HYDR-HIFI
