Code searched,Matched code,Part Category on Michele,Link to Michele product
SEFC651,C065001,FILTRO ARIA DONALDSON C06-5001,https://e-commerce.michelecaroli.com/wso/pages/user/wso0205.jsf?idaa=154064&codart=C065001&marart=227&seopth=DONALDSON-FILTRI-C065001-FILTRO-ARIA-DONALDSON-C06-5001
SEFC1251,SAC125004,FILTRO ARIA C125004 HIFI,https://e-commerce.michelecaroli.com/wso/pages/user/wso0205.jsf?idaa=291538&codart=SAC125004&marart=230&seopth=HIFI-FILTRI-SAC125004-FILTRO-ARIA-C125004-HIFI
SEFC1052,46423,FILTRO ARIA,https://e-commerce.michelecaroli.com/wso/pages/user/wso0205.jsf?idaa=367200&codart=46423&marart=218&seopth=WIX-INDUSTRIAL-HD-46423-FILTRO-ARIA
SEFC1051,SAC105003,,https://e-commerce.michelecaroli.com/wso/pages/user/wso0205.jsf?idaa=291536&codart=SAC105003&marart=230&seopth=HIFI-FILTRI-SAC105003-FILTRO-ARIA-C105003-HIFI
SEFB853,SAB085011,,https://e-commerce.michelecaroli.com/wso/pages/user/wso0205.jsf?idaa=399705&codart=SAB085011&marart=230&seopth=HIFI-FILTRI-SAB085011-FILTRO-ARIA-B085011-HIFI
SEFB852,46679,FILTRO ARIA,https://e-commerce.michelecaroli.com/wso/pages/user/wso0205.jsf?idaa=367421&codart=46679&marart=218&seopth=WIX-INDUSTRIAL-HD-46679-FILTRO-ARIA
SEFB851,SAB085048,,https://e-commerce.michelecaroli.com/wso/pages/user/wso0205.jsf?idaa=438573&codart=SAB085048&marart=230&seopth=HIFI-FILTRI-SAB085048-FILTRO
SEFB1052,B105020,FILTRO@ARIA,https://e-commerce.michelecaroli.com/wso/pages/user/wso0205.jsf?idaa=154044&codart=B105020&marart=227&seopth=DONALDSON-FILTRI-B105020-FILTRO-ARIA
SEF,T1624,FILTRO OLIO P550227 HIFI,https://e-commerce.michelecaroli.com/wso/pages/user/wso0205.jsf?idaa=395320&codart=T1624&marart=230&seopth=HIFI-FILTRI-T1624-FILTRO-OLIO-P550227-HIFI
SEC75212100,P169019,"HYDRAULIC FILTER, STRAINER",https://e-commerce.michelecaroli.com/wso/pages/user/wso0205.jsf?idaa=441000&codart=P169019&marart=227&seopth=DONALDSON-FILTRI-P169019-HYDRAULIC-FILTER-STRAINER
SE75361411,SH77530,FILTRO HYDR. HIFI,https://e-commerce.michelecaroli.com/wso/pages/user/wso0205.jsf?idaa=298447&codart=SH77530&marart=230&seopth=HIFI-FILTRI-SH77530-FILTRO-HYDR-HIFI
SE75351311,SH77032,FILTRO HYDR. HIFI,https://e-commerce.michelecaroli.com/wso/pages/user/wso0205.jsf?idaa=298258&codart=SH77032&marart=230&seopth=HIFI-FILTRI-SH77032-FILTRO-HYDR-HIFI
SE551C13,SE551C/13,,https://e-commerce.michelecaroli.com/wso/pages/user/wso0205.jsf?idaa=68607&codart=SE551C%2F13&marart=155&seopth=PERKINS-SE551C-13-INDICATORE-INDICATOR
SE551C13,SE551C/13,,https://e-commerce.michelecaroli.com/wso/pages/user/wso0205.jsf?idaa=68607&codart=SE551C%2F13&marart=155&seopth=PERKINS-SE551C-13-INDICATORE-INDICATOR
SE551A13,SE551A/13,,https://e-commerce.michelecaroli.com/wso/pages/user/wso0205.jsf?idaa=68603&codart=SE551A%2F13&marart=155&seopth=PERKINS-SE551A-13-INDICATORE-INDICATOR
SE551A13,SE551A/13,,https://e-commerce.michelecaroli.com/wso/pages/user/wso0205.jsf?idaa=68603&codart=SE551A%2F13&marart=155&seopth=PERKINS-SE551A-13-INDICATORE-INDICATOR
SE51100,57453,FILTRO OLIO,https://e-commerce.michelecaroli.com/wso/pages/user/wso0205.jsf?idaa=368865&codart=57453&marart=218&seopth=WIX-INDUSTRIAL-HD-57453-FILTRO-OLIO
SE429C4,SE429C/4,,https://e-commerce.michelecaroli.com/wso/pages/user/wso0205.jsf?idaa=68568&codart=SE429C%2F4&marart=155&seopth=PERKINS-SE429C-4-FILTRO-NAFTA-FUEL-FILTER
SE429C4,SE429C/4,,https://e-commerce.michelecaroli.com/wso/pages/user/wso0205.jsf?idaa=68568&codart=SE429C%2F4&marart=155&seopth=PERKINS-SE429C-4-FILTRO-NAFTA-FUEL-FILTER
SE3,SH56756,,https://e-commerce.michelecaroli.com/wso/pages/user/wso0205.jsf?idaa=438534&codart=SH56756&marart=230&seopth=HIFI-FILTRI-SH56756-FILTRO-HYDR-HIFI-P167162
SE280,27.130.00,FILTRO ARIA DIV.,https://e-commerce.michelecaroli.com/wso/pages/user/wso0205.jsf?idaa=150183&codart=27.130.00&marart=UFIHD&seopth=UFI-HD-27-130-00-FILTRO-ARIA-DIV-
SE2623802,P502476,FILTRO OLIO DONALDSON P50-2476,https://e-commerce.michelecaroli.com/wso/pages/user/wso0205.jsf?idaa=156088&codart=P502476&marart=227&seopth=DONALDSON-FILTRI-P502476-FILTRO-OLIO-DONALDSON-P50-2476
SE25P,SH56760,FILTRO HYDR. P550388 HIFI GILBARCO 140845093,https://e-commerce.michelecaroli.com/wso/pages/user/wso0205.jsf?idaa=294222&codart=SH56760&marart=230&seopth=HIFI-FILTRI-SH56760-FILTRO-HYDR-P550388-HIFI
SE2300310,SE2-3003-10,,https://e-commerce.michelecaroli.com/wso/pages/user/wso0205.jsf?idaa=409617&codart=SE2-3003-10&marart=233&seopth=SF-FILTER-SE2-3003-10-erode-filter
SE210,SE210,,https://e-commerce.michelecaroli.com/wso/pages/user/wso0205.jsf?idaa=319659&codart=SE210&marart=180&seopth=SKF-CUSCINETTI-SE210-SUPPORTO-EX-SNL210
SE210,SE210,,https://e-commerce.michelecaroli.com/wso/pages/user/wso0205.jsf?idaa=319659&codart=SE210&marart=180&seopth=SKF-CUSCINETTI-SE210-SUPPORTO-EX-SNL210
SE20230,SE20230,,https://e-commerce.michelecaroli.com/wso/pages/user/wso0205.jsf?idaa=292928&codart=SE20230&marart=230&seopth=HIFI-FILTRI-SE20230-FILTRO-NAFTA-HIFI
SE20100,57451,FILTRO OLIO,https://e-commerce.michelecaroli.com/wso/pages/user/wso0205.jsf?idaa=368863&codart=57451&marart=218&seopth=WIX-INDUSTRIAL-HD-57451-FILTRO-OLIO
SE150,27.129.00,FILTRO ARIA DIV.,https://e-commerce.michelecaroli.com/wso/pages/user/wso0205.jsf?idaa=150182&codart=27.129.00&marart=UFIHD&seopth=UFI-HD-27-129-00-FILTRO-ARIA-DIV-
SE120,SA11790,FILTRO ARIA P776695 HIFI,https://e-commerce.michelecaroli.com/wso/pages/user/wso0205.jsf?idaa=336267&codart=SA11790&marart=230&seopth=HIFI-FILTRI-SA11790-FILTRO-ARIA-P776695-HIFI
SE1114,SE111/4,,https://e-commerce.michelecaroli.com/wso/pages/user/wso0205.jsf?idaa=68208&codart=SE111%2F4&marart=155&seopth=PERKINS-SE111-4-FILTRO-OLIO-OIL-FILTER
SE1114,SE111/4,,https://e-commerce.michelecaroli.com/wso/pages/user/wso0205.jsf?idaa=68208&codart=SE111%2F4&marart=155&seopth=PERKINS-SE111-4-FILTRO-OLIO-OIL-FILTER
SE111,SO045,FILTRO OLIO P551604# HIFI,https://e-commerce.michelecaroli.com/wso/pages/user/wso0205.jsf?idaa=300661&codart=SO045&marart=230&seopth=HIFI-FILTRI-SO045-FILTRO-OLIO-P551604-HIFI
SE10100,57450,FILTRO OLIO,https://e-commerce.michelecaroli.com/wso/pages/user/wso0205.jsf?idaa=368862&codart=57450&marart=218&seopth=WIX-INDUSTRIAL-HD-57450-FILTRO-OLIO
SE100100,P169020,FILTRO HYDR.DONALDSON PI6-9020,https://e-commerce.michelecaroli.com/wso/pages/user/wso0205.jsf?idaa=155041&codart=P169020&marart=227&seopth=DONALDSON-FILTRI-P169020-FILTRO-HYDR-DONALDSON-PI6-9020
SE08100,SH77688,,https://e-commerce.michelecaroli.com/wso/pages/user/wso0205.jsf?idaa=438648&codart=SH77688&marart=230&seopth=HIFI-FILTRI-SH77688-FILTRO-IDRAULICO-HIFI
SE081,MD-392,FILTRO ARIA,https://e-commerce.michelecaroli.com/wso/pages/user/wso0205.jsf?idaa=463655&codart=MD-392&marart=ALCO&seopth=ALCO-MD-392-FILTRO-ARIA
SE081,MD-392,FILTRO ARIA,https://e-commerce.michelecaroli.com/wso/pages/user/wso0205.jsf?idaa=463655&codart=MD-392&marart=ALCO&seopth=ALCO-MD-392-FILTRO-ARIA
SE080,27.055.00,FILTRO ARIA DIV.,https://e-commerce.michelecaroli.com/wso/pages/user/wso0205.jsf?idaa=150114&codart=27.055.00&marart=UFIHD&seopth=UFI-HD-27-055-00-FILTRO-ARIA-DIV-
SE046,SA10077,FILTRO ARIA ESTERNO HIFI ABBINATO CON EST.SA14087,https://e-commerce.michelecaroli.com/wso/pages/user/wso0205.jsf?idaa=335941&codart=SA10077&marart=230&seopth=HIFI-FILTRI-SA10077-FILTRO-ARIA-ESTERNO-HIFI
SE045,SA14471,FILTRO ARIA P777523 HIFI,https://e-commerce.michelecaroli.com/wso/pages/user/wso0205.jsf?idaa=288889&codart=SA14471&marart=230&seopth=HIFI-FILTRI-SA14471-FILTRO-ARIA-P777523-HIFI
SE022119900B,S7111NC,FILTRO CAV296 SOFIMA,https://e-commerce.michelecaroli.com/wso/pages/user/wso0205.jsf?idaa=446634&codart=S7111NC&marart=SOFI&seopth=SOFIMA-S7111NC-FILTRO-CAV296-SOFIMA
SE01830,SE01830,,https://e-commerce.michelecaroli.com/wso/pages/user/wso0205.jsf?idaa=292927&codart=SE01830&marart=230&seopth=HIFI-FILTRI-SE01830-FILTRO
SE01830,SE01830,,https://e-commerce.michelecaroli.com/wso/pages/user/wso0205.jsf?idaa=292927&codart=SE01830&marart=230&seopth=HIFI-FILTRI-SE01830-FILTRO
SE014G20B,P173190,FILTRO HYDR.DONALDSON P17-3190,https://e-commerce.michelecaroli.com/wso/pages/user/wso0205.jsf?idaa=156304&codart=P173190&marart=227&seopth=DONALDSON-FILTRI-P173190-FILTRO-HYDR-DONALDSON-P17-3190
SE0113850,FT7220,FILTRO NAFTA P550049 HIFI,https://e-commerce.michelecaroli.com/wso/pages/user/wso0205.jsf?idaa=394792&codart=FT7220&marart=230&seopth=HIFI-FILTRI-FT7220-FILTRO-NAFTA-P550049-HIFI
SE000169,57450,FILTRO OLIO,https://e-commerce.michelecaroli.com/wso/pages/user/wso0205.jsf?idaa=368862&codart=57450&marart=218&seopth=WIX-INDUSTRIAL-HD-57450-FILTRO-OLIO
SE,51348,FILTRO OLIO# P550335,https://e-commerce.michelecaroli.com/wso/pages/user/wso0205.jsf?idaa=368274&codart=51348&marart=218&seopth=WIX-INDUSTRIAL-HD-51348-FILTRO-OLIO-P550335
SDL39983,SDL39983,,https://e-commerce.michelecaroli.com/wso/pages/user/wso0205.jsf?idaa=409613&codart=SDL39983&marart=233&seopth=SF-FILTER-SDL39983-FILTRO-ARIA-PER-COMPRESSORI
SDL39925,SDL39925,,https://e-commerce.michelecaroli.com/wso/pages/user/wso0205.jsf?idaa=409609&codart=SDL39925&marart=233&seopth=SF-FILTER-SDL39925-FILTRO-ARIA-PER-COMPRESSORI
SDL39917,SDL39917,,https://e-commerce.michelecaroli.com/wso/pages/user/wso0205.jsf?idaa=409608&codart=SDL39917&marart=233&seopth=SF-FILTER-SDL39917-FILTRO-ARIA-PER-COMPRESSORI
SDL39906,SDL39906,,https://e-commerce.michelecaroli.com/wso/pages/user/wso0205.jsf?idaa=409606&codart=SDL39906&marart=233&seopth=SF-FILTER-SDL39906-FILTRO-ARIA-PER-COMPRESSORI
SDL39902,SDL39902,,https://e-commerce.michelecaroli.com/wso/pages/user/wso0205.jsf?idaa=409605&codart=SDL39902&marart=233&seopth=SF-FILTER-SDL39902-FILTRO-ARIA-PER-COMPRESSORI
SDL39901,SDL39901,,https://e-commerce.michelecaroli.com/wso/pages/user/wso0205.jsf?idaa=409604&codart=SDL39901&marart=233&seopth=SF-FILTER-SDL39901-FILTRO-ARIA-PER-COMPRESSORI
SDL39392,SDL39392,,https://e-commerce.michelecaroli.com/wso/pages/user/wso0205.jsf?idaa=409593&codart=SDL39392&marart=233&seopth=SF-FILTER-SDL39392-FILTRO-ARIA-PER-COMPRESSORI
SDL39391,SDL39391,,https://e-commerce.michelecaroli.com/wso/pages/user/wso0205.jsf?idaa=409592&codart=SDL39391&marart=233&seopth=SF-FILTER-SDL39391-FILTRO-ARIA-PER-COMPRESSORI
SDL39390,SDL39390,,https://e-commerce.michelecaroli.com/wso/pages/user/wso0205.jsf?idaa=409591&codart=SDL39390&marart=233&seopth=SF-FILTER-SDL39390-FILTRO-ARIA-PER-COMPRESSORI
SDL39389,SDL39389,,https://e-commerce.michelecaroli.com/wso/pages/user/wso0205.jsf?idaa=409590&codart=SDL39389&marart=233&seopth=SF-FILTER-SDL39389-FILTRO-ARIA-PER-COMPRESSORI
SDL39388,SDL39388,,https://e-commerce.michelecaroli.com/wso/pages/user/wso0205.jsf?idaa=409589&codart=SDL39388&marart=233&seopth=SF-FILTER-SDL39388-FILTRO-ARIA-PER-COMPRESSORI
SDL39387,SDL39387,,https://e-commerce.michelecaroli.com/wso/pages/user/wso0205.jsf?idaa=409588&codart=SDL39387&marart=233&seopth=SF-FILTER-SDL39387-FILTRO-ARIA-PER-COMPRESSORI
SDL39372,SDL39372,,https://e-commerce.michelecaroli.com/wso/pages/user/wso0205.jsf?idaa=409580&codart=SDL39372&marart=233&seopth=SF-FILTER-SDL39372-FILTRO-ARIA-PER-COMPRESSORI
SDL39371,SDL39371,,https://e-commerce.michelecaroli.com/wso/pages/user/wso0205.jsf?idaa=409579&codart=SDL39371&marart=233&seopth=SF-FILTER-SDL39371-FILTRO-ARIA-PER-COMPRESSORI
SDL39370,SDL39370,,https://e-commerce.michelecaroli.com/wso/pages/user/wso0205.jsf?idaa=409578&codart=SDL39370&marart=233&seopth=SF-FILTER-SDL39370-FILTRO-ARIA-PER-COMPRESSORI
SDL39369,SDL39369,,https://e-commerce.michelecaroli.com/wso/pages/user/wso0205.jsf?idaa=409577&codart=SDL39369&marart=233&seopth=SF-FILTER-SDL39369-FILTRO-ARIA-PER-COMPRESSORI
SDL39368,SDL39368,,https://e-commerce.michelecaroli.com/wso/pages/user/wso0205.jsf?idaa=409576&codart=SDL39368&marart=233&seopth=SF-FILTER-SDL39368-FILTRO-ARIA-PER-COMPRESSORI
SDL39367,SDL39367,,https://e-commerce.michelecaroli.com/wso/pages/user/wso0205.jsf?idaa=409575&codart=SDL39367&marart=233&seopth=SF-FILTER-SDL39367-FILTRO-ARIA-PER-COMPRESSORI
SDL39357,SDL39357,,https://e-commerce.michelecaroli.com/wso/pages/user/wso0205.jsf?idaa=409568&codart=SDL39357&marart=233&seopth=SF-FILTER-SDL39357-FILTRO-ARIA-PER-COMPRESSORI
SDL39354,SDL39354,,https://e-commerce.michelecaroli.com/wso/pages/user/wso0205.jsf?idaa=409567&codart=SDL39354&marart=233&seopth=SF-FILTER-SDL39354-FILTRO-ARIA-PER-COMPRESSORI
SDL39351,SDL39351,,https://e-commerce.michelecaroli.com/wso/pages/user/wso0205.jsf?idaa=409565&codart=SDL39351&marart=233&seopth=SF-FILTER-SDL39351-FILTRO-ARIA-PER-COMPRESSORI
SDL39350,SDL39350,,https://e-commerce.michelecaroli.com/wso/pages/user/wso0205.jsf?idaa=409564&codart=SDL39350&marart=233&seopth=SF-FILTER-SDL39350-FILTRO-ARIA-PER-COMPRESSORI
SDL39349,SDL39349,,https://e-commerce.michelecaroli.com/wso/pages/user/wso0205.jsf?idaa=409563&codart=SDL39349&marart=233&seopth=SF-FILTER-SDL39349-FILTRO-ARIA-PER-COMPRESSORI
SDL39348,SDL39348,,https://e-commerce.michelecaroli.com/wso/pages/user/wso0205.jsf?idaa=409562&codart=SDL39348&marart=233&seopth=SF-FILTER-SDL39348-FILTRO-ARIA-PER-COMPRESSORI
SDL39347,SDL39347,,https://e-commerce.michelecaroli.com/wso/pages/user/wso0205.jsf?idaa=409561&codart=SDL39347&marart=233&seopth=SF-FILTER-SDL39347-FILTRO-ARIA-PER-COMPRESSORI
SDL39346,SDL39346,,https://e-commerce.michelecaroli.com/wso/pages/user/wso0205.jsf?idaa=409560&codart=SDL39346&marart=233&seopth=SF-FILTER-SDL39346-FILTRO-ARIA-PER-COMPRESSORI
SDL39345,SDL39345,,https://e-commerce.michelecaroli.com/wso/pages/user/wso0205.jsf?idaa=409559&codart=SDL39345&marart=233&seopth=SF-FILTER-SDL39345-FILTRO-ARIA-PER-COMPRESSORI
SDL39332,SDL39332,,https://e-commerce.michelecaroli.com/wso/pages/user/wso0205.jsf?idaa=409551&codart=SDL39332&marart=233&seopth=SF-FILTER-SDL39332-FILTRO-ARIA-PER-COMPRESSORI
SDL39331,SDL39331,,https://e-commerce.michelecaroli.com/wso/pages/user/wso0205.jsf?idaa=409550&codart=SDL39331&marart=233&seopth=SF-FILTER-SDL39331-FILTRO-ARIA-PER-COMPRESSORI
SDL39330,SDL39330,,https://e-commerce.michelecaroli.com/wso/pages/user/wso0205.jsf?idaa=409549&codart=SDL39330&marart=233&seopth=SF-FILTER-SDL39330-FILTRO-ARIA-PER-COMPRESSORI
SDL39328,SDL39328,,https://e-commerce.michelecaroli.com/wso/pages/user/wso0205.jsf?idaa=409547&codart=SDL39328&marart=233&seopth=SF-FILTER-SDL39328-FILTRO-ARIA-PER-COMPRESSORI
SDL39327,SDL39327,,https://e-commerce.michelecaroli.com/wso/pages/user/wso0205.jsf?idaa=409546&codart=SDL39327&marart=233&seopth=SF-FILTER-SDL39327-FILTRO-ARIA-PER-COMPRESSORI
SDL39326,SDL39326,,https://e-commerce.michelecaroli.com/wso/pages/user/wso0205.jsf?idaa=409545&codart=SDL39326&marart=233&seopth=SF-FILTER-SDL39326-FILTRO-ARIA-PER-COMPRESSORI
SDL39312,SDL39312,,https://e-commerce.michelecaroli.com/wso/pages/user/wso0205.jsf?idaa=409540&codart=SDL39312&marart=233&seopth=SF-FILTER-SDL39312-FILTRO-ARIA-PER-COMPRESSORI
SDL39311,SDL39311,,https://e-commerce.michelecaroli.com/wso/pages/user/wso0205.jsf?idaa=409539&codart=SDL39311&marart=233&seopth=SF-FILTER-SDL39311-FILTRO-ARIA-PER-COMPRESSORI
SDL39310,SDL39310,,https://e-commerce.michelecaroli.com/wso/pages/user/wso0205.jsf?idaa=409538&codart=SDL39310&marart=233&seopth=SF-FILTER-SDL39310-FILTRO-ARIA-PER-COMPRESSORI
SDL39309,SDL39309,,https://e-commerce.michelecaroli.com/wso/pages/user/wso0205.jsf?idaa=409537&codart=SDL39309&marart=233&seopth=SF-FILTER-SDL39309-FILTRO-ARIA-PER-COMPRESSORI
SDL39308,SDL39308,,https://e-commerce.michelecaroli.com/wso/pages/user/wso0205.jsf?idaa=409536&codart=SDL39308&marart=233&seopth=SF-FILTER-SDL39308-FILTRO-ARIA-PER-COMPRESSORI
SDL39307,SDL39307,,https://e-commerce.michelecaroli.com/wso/pages/user/wso0205.jsf?idaa=409535&codart=SDL39307&marart=233&seopth=SF-FILTER-SDL39307-FILTRO-ARIA-PER-COMPRESSORI
SDL39306,SDL39306,,https://e-commerce.michelecaroli.com/wso/pages/user/wso0205.jsf?idaa=409534&codart=SDL39306&marart=233&seopth=SF-FILTER-SDL39306-FILTRO-ARIA-PER-COMPRESSORI
SDL39002,SDL39002,,https://e-commerce.michelecaroli.com/wso/pages/user/wso0205.jsf?idaa=409520&codart=SDL39002&marart=233&seopth=SF-FILTER-SDL39002-FILTRO-ARIA-PER-COMPRESSORI
SDL38721,SDL38721,,https://e-commerce.michelecaroli.com/wso/pages/user/wso0205.jsf?idaa=409516&codart=SDL38721&marart=233&seopth=SF-FILTER-SDL38721-FILTRO-ARIA-PER-COMPRESSORI
SDL38711,SDL38711,,https://e-commerce.michelecaroli.com/wso/pages/user/wso0205.jsf?idaa=409511&codart=SDL38711&marart=233&seopth=SF-FILTER-SDL38711-FILTRO-ARIA-PER-COMPRESSORI
SDL38531,SDL38531,,https://e-commerce.michelecaroli.com/wso/pages/user/wso0205.jsf?idaa=409505&codart=SDL38531&marart=233&seopth=SF-FILTER-SDL38531-FILTRO-ARIA-PER-COMPRESSORI
SDL38517,SDL38517,,https://e-commerce.michelecaroli.com/wso/pages/user/wso0205.jsf?idaa=409501&codart=SDL38517&marart=233&seopth=SF-FILTER-SDL38517-FILTRO-ARIA-PER-COMPRESSORI
SDL38044,SDL38044,,https://e-commerce.michelecaroli.com/wso/pages/user/wso0205.jsf?idaa=409495&codart=SDL38044&marart=233&seopth=SF-FILTER-SDL38044-FILTRO-ARIA-PER-COMPRESSORI
SDL37806,SDL37806,,https://e-commerce.michelecaroli.com/wso/pages/user/wso0205.jsf?idaa=409491&codart=SDL37806&marart=233&seopth=SF-FILTER-SDL37806-FILTRO-ARIA-PER-COMPRESSORI
SDL36627,SDL36627,,https://e-commerce.michelecaroli.com/wso/pages/user/wso0205.jsf?idaa=409475&codart=SDL36627&marart=233&seopth=SF-FILTER-SDL36627-FILTRO-ARIA-PER-COMPRESSORI
SDL36625,SDL36625,,https://e-commerce.michelecaroli.com/wso/pages/user/wso0205.jsf?idaa=409474&codart=SDL36625&marart=233&seopth=SF-FILTER-SDL36625-FILTRO-ARIA-PER-COMPRESSORI
SDL36624,SDL36624,,https://e-commerce.michelecaroli.com/wso/pages/user/wso0205.jsf?idaa=409473&codart=SDL36624&marart=233&seopth=SF-FILTER-SDL36624-FILTRO-ARIA-PER-COMPRESSORI
SDL36617,SDL36617,,https://e-commerce.michelecaroli.com/wso/pages/user/wso0205.jsf?idaa=409472&codart=SDL36617&marart=233&seopth=SF-FILTER-SDL36617-FILTRO-ARIA-PER-COMPRESSORI
SDL36088,SDL36088,,https://e-commerce.michelecaroli.com/wso/pages/user/wso0205.jsf?idaa=409465&codart=SDL36088&marart=233&seopth=SF-FILTER-SDL36088-FILTRO-ARIA-PER-COMPRESSORI
SDL36087,SDL36087,,https://e-commerce.michelecaroli.com/wso/pages/user/wso0205.jsf?idaa=409464&codart=SDL36087&marart=233&seopth=SF-FILTER-SDL36087-FILTRO-ARIA-PER-COMPRESSORI
SDL36017,SDL36017,,https://e-commerce.michelecaroli.com/wso/pages/user/wso0205.jsf?idaa=409458&codart=SDL36017&marart=233&seopth=SF-FILTER-SDL36017-FILTRO-ARIA-PER-COMPRESSORI
SDL35674,SDL35674,,https://e-commerce.michelecaroli.com/wso/pages/user/wso0205.jsf?idaa=409454&codart=SDL35674&marart=233&seopth=SF-FILTER-SDL35674-FILTRO-ARIA-PER-COMPRESSORI
SDL35673,SDL35673,,https://e-commerce.michelecaroli.com/wso/pages/user/wso0205.jsf?idaa=409453&codart=SDL35673&marart=233&seopth=SF-FILTER-SDL35673-FILTRO-ARIA-PER-COMPRESSORI
SDL35671,SDL35671,,https://e-commerce.michelecaroli.com/wso/pages/user/wso0205.jsf?idaa=409452&codart=SDL35671&marart=233&seopth=SF-FILTER-SDL35671-FILTRO-ARIA-PER-COMPRESSORI
SDL35664,SDL35664,,https://e-commerce.michelecaroli.com/wso/pages/user/wso0205.jsf?idaa=409450&codart=SDL35664&marart=233&seopth=SF-FILTER-SDL35664-FILTRO-ARIA-PER-COMPRESSORI
SDL35663,SDL35663,,https://e-commerce.michelecaroli.com/wso/pages/user/wso0205.jsf?idaa=409449&codart=SDL35663&marart=233&seopth=SF-FILTER-SDL35663-FILTRO-ARIA-PER-COMPRESSORI
SDL35661,SDL35661,,https://e-commerce.michelecaroli.com/wso/pages/user/wso0205.jsf?idaa=409448&codart=SDL35661&marart=233&seopth=SF-FILTER-SDL35661-FILTRO-ARIA-PER-COMPRESSORI
SDL35083,SDL35083,,https://e-commerce.michelecaroli.com/wso/pages/user/wso0205.jsf?idaa=409430&codart=SDL35083&marart=233&seopth=SF-FILTER-SDL35083-FILTRO-ARIA-PER-COMPRESSORI
SDL35064,SDL35064,,https://e-commerce.michelecaroli.com/wso/pages/user/wso0205.jsf?idaa=409429&codart=SDL35064&marart=233&seopth=SF-FILTER-SDL35064-FILTRO-ARIA-PER-COMPRESSORI
SDL35056,SDL35056,,https://e-commerce.michelecaroli.com/wso/pages/user/wso0205.jsf?idaa=409428&codart=SDL35056&marart=233&seopth=SF-FILTER-SDL35056-FILTRO-ARIA-PER-COMPRESSORI
SDL34107,SDL34107,,https://e-commerce.michelecaroli.com/wso/pages/user/wso0205.jsf?idaa=409398&codart=SDL34107&marart=233&seopth=SF-FILTER-SDL34107-FILTRO-ARIA-PER-COMPRESSORI
SDL34050,SDL34050,,https://e-commerce.michelecaroli.com/wso/pages/user/wso0205.jsf?idaa=409391&codart=SDL34050&marart=233&seopth=SF-FILTER-SDL34050-FILTRO-ARIA-PER-COMPRESSORI
SDL34038,SDL34038,,https://e-commerce.michelecaroli.com/wso/pages/user/wso0205.jsf?idaa=409390&codart=SDL34038&marart=233&seopth=SF-FILTER-SDL34038-FILTRO-ARIA-PER-COMPRESSORI
SDL34010,SDL34010,,https://e-commerce.michelecaroli.com/wso/pages/user/wso0205.jsf?idaa=409387&codart=SDL34010&marart=233&seopth=SF-FILTER-SDL34010-FILTRO-ARIA-PER-COMPRESSORI
SDL32107,SDL32107,,https://e-commerce.michelecaroli.com/wso/pages/user/wso0205.jsf?idaa=409386&codart=SDL32107&marart=233&seopth=SF-FILTER-SDL32107-FILTRO-ARIA-PER-COMPRESSORI
SDL32105P,SDL32105-P,,https://e-commerce.michelecaroli.com/wso/pages/user/wso0205.jsf?idaa=409384&codart=SDL32105-P&marart=233&seopth=SF-FILTER-SDL32105-P-FILTRO-ARIA-PER-COMPRESSORI
SDL32104,SDL32104,,https://e-commerce.michelecaroli.com/wso/pages/user/wso0205.jsf?idaa=409383&codart=SDL32104&marart=233&seopth=SF-FILTER-SDL32104-FILTRO-ARIA-PER-COMPRESSORI
SDL32103,SDL32103,,https://e-commerce.michelecaroli.com/wso/pages/user/wso0205.jsf?idaa=409382&codart=SDL32103&marart=233&seopth=SF-FILTER-SDL32103-FILTRO-ARIA-PER-COMPRESSORI
SDL32102P,SDL32102-P,,https://e-commerce.michelecaroli.com/wso/pages/user/wso0205.jsf?idaa=409381&codart=SDL32102-P&marart=233&seopth=SF-FILTER-SDL32102-P-FILTRO-ARIA-PER-COMPRESSORI
SDL32101P,SDL32101-P,,https://e-commerce.michelecaroli.com/wso/pages/user/wso0205.jsf?idaa=409380&codart=SDL32101-P&marart=233&seopth=SF-FILTER-SDL32101-P-FILTRO-ARIA-PER-COMPRESSORI
SDL32091,SDL32091,,https://e-commerce.michelecaroli.com/wso/pages/user/wso0205.jsf?idaa=409371&codart=SDL32091&marart=233&seopth=SF-FILTER-SDL32091-FILTRO-ARIA-PER-COMPRESSORI
SDL32087,SDL32087,,https://e-commerce.michelecaroli.com/wso/pages/user/wso0205.jsf?idaa=409367&codart=SDL32087&marart=233&seopth=SF-FILTER-SDL32087-FILTRO-ARIA-PER-COMPRESSORI
SDL32086,SDL32086,,https://e-commerce.michelecaroli.com/wso/pages/user/wso0205.jsf?idaa=409366&codart=SDL32086&marart=233&seopth=SF-FILTER-SDL32086-FILTRO-ARIA-PER-COMPRESSORI
SDL32085,SDL32085,,https://e-commerce.michelecaroli.com/wso/pages/user/wso0205.jsf?idaa=409365&codart=SDL32085&marart=233&seopth=SF-FILTER-SDL32085-FILTRO-ARIA-PER-COMPRESSORI
SDL32084,SDL32084,,https://e-commerce.michelecaroli.com/wso/pages/user/wso0205.jsf?idaa=409364&codart=SDL32084&marart=233&seopth=SF-FILTER-SDL32084-FILTRO-ARIA-PER-COMPRESSORI
SDL32081,SDL32081,,https://e-commerce.michelecaroli.com/wso/pages/user/wso0205.jsf?idaa=409361&codart=SDL32081&marart=233&seopth=SF-FILTER-SDL32081-FILTRO-ARIA-PER-COMPRESSORI
SDL32081,SDL32081,,https://e-commerce.michelecaroli.com/wso/pages/user/wso0205.jsf?idaa=409361&codart=SDL32081&marart=233&seopth=SF-FILTER-SDL32081-FILTRO-ARIA-PER-COMPRESSORI
SDL32062,SDL32062,,https://e-commerce.michelecaroli.com/wso/pages/user/wso0205.jsf?idaa=409357&codart=SDL32062&marart=233&seopth=SF-FILTER-SDL32062-FILTRO-ARIA-PER-COMPRESSORI
SDL32051,SDL32051,,https://e-commerce.michelecaroli.com/wso/pages/user/wso0205.jsf?idaa=409353&codart=SDL32051&marart=233&seopth=SF-FILTER-SDL32051-FILTRO-ARIA-PER-COMPRESSORI
SDL32050,SDL32050,,https://e-commerce.michelecaroli.com/wso/pages/user/wso0205.jsf?idaa=409352&codart=SDL32050&marart=233&seopth=SF-FILTER-SDL32050-FILTRO-ARIA-PER-COMPRESSORI
SDL32049,SDL32049,,https://e-commerce.michelecaroli.com/wso/pages/user/wso0205.jsf?idaa=409351&codart=SDL32049&marart=233&seopth=SF-FILTER-SDL32049-FILTRO-ARIA-PER-COMPRESSORI
SDL32048,SDL32048,,https://e-commerce.michelecaroli.com/wso/pages/user/wso0205.jsf?idaa=409350&codart=SDL32048&marart=233&seopth=SF-FILTER-SDL32048-FILTRO-ARIA-PER-COMPRESSORI
SDL32041P,SDL32041-P,,https://e-commerce.michelecaroli.com/wso/pages/user/wso0205.jsf?idaa=409343&codart=SDL32041-P&marart=233&seopth=SF-FILTER-SDL32041-P-FILTRO-ARIA-PER-COMPRESSORI
SDL32040P,SDL32040-P,,https://e-commerce.michelecaroli.com/wso/pages/user/wso0205.jsf?idaa=409342&codart=SDL32040-P&marart=233&seopth=SF-FILTER-SDL32040-P-FILTRO-ARIA-PER-COMPRESSORI
SDL32038P,SDL32038-P,,https://e-commerce.michelecaroli.com/wso/pages/user/wso0205.jsf?idaa=409340&codart=SDL32038-P&marart=233&seopth=SF-FILTER-SDL32038-P-FILTRO-ARIA-PER-COMPRESSORI
SDL32009,SDL32009,,https://e-commerce.michelecaroli.com/wso/pages/user/wso0205.jsf?idaa=409333&codart=SDL32009&marart=233&seopth=SF-FILTER-SDL32009-FILTRO-ARIA-PER-COMPRESSORI
SDL32008,SDL32008,,https://e-commerce.michelecaroli.com/wso/pages/user/wso0205.jsf?idaa=409332&codart=SDL32008&marart=233&seopth=SF-FILTER-SDL32008-FILTRO-ARIA-PER-COMPRESSORI
SDL32007,SDL32007,,https://e-commerce.michelecaroli.com/wso/pages/user/wso0205.jsf?idaa=409331&codart=SDL32007&marart=233&seopth=SF-FILTER-SDL32007-FILTRO-ARIA-PER-COMPRESSORI
SDL32006,SDL32006,,https://e-commerce.michelecaroli.com/wso/pages/user/wso0205.jsf?idaa=409330&codart=SDL32006&marart=233&seopth=SF-FILTER-SDL32006-FILTRO-ARIA-PER-COMPRESSORI
SDL31636,SDL31636,,https://e-commerce.michelecaroli.com/wso/pages/user/wso0205.jsf?idaa=409322&codart=SDL31636&marart=233&seopth=SF-FILTER-SDL31636-FILTRO-ARIA-PER-COMPRESSORI
SDL31632,SDL31632,,https://e-commerce.michelecaroli.com/wso/pages/user/wso0205.jsf?idaa=409320&codart=SDL31632&marart=233&seopth=SF-FILTER-SDL31632-FILTRO-ARIA-PER-COMPRESSORI
SDL31631,SDL31631,,https://e-commerce.michelecaroli.com/wso/pages/user/wso0205.jsf?idaa=409319&codart=SDL31631&marart=233&seopth=SF-FILTER-SDL31631-FILTRO-ARIA-PER-COMPRESSORI
SDL31630,SDL31630,,https://e-commerce.michelecaroli.com/wso/pages/user/wso0205.jsf?idaa=409318&codart=SDL31630&marart=233&seopth=SF-FILTER-SDL31630-FILTRO-ARIA-PER-COMPRESSORI
SDL31629,SDL31629,,https://e-commerce.michelecaroli.com/wso/pages/user/wso0205.jsf?idaa=409317&codart=SDL31629&marart=233&seopth=SF-FILTER-SDL31629-FILTRO-ARIA-PER-COMPRESSORI
SDL31628,SDL31628,,https://e-commerce.michelecaroli.com/wso/pages/user/wso0205.jsf?idaa=409316&codart=SDL31628&marart=233&seopth=SF-FILTER-SDL31628-FILTRO-ARIA-PER-COMPRESSORI
SDL31617,SDL31617,,https://e-commerce.michelecaroli.com/wso/pages/user/wso0205.jsf?idaa=409306&codart=SDL31617&marart=233&seopth=SF-FILTER-SDL31617-FILTRO-ARIA-PER-COMPRESSORI
SDL31615,SDL31615,,https://e-commerce.michelecaroli.com/wso/pages/user/wso0205.jsf?idaa=409304&codart=SDL31615&marart=233&seopth=SF-FILTER-SDL31615-FILTRO-ARIA-PER-COMPRESSORI
SDL31614,SDL31614,,https://e-commerce.michelecaroli.com/wso/pages/user/wso0205.jsf?idaa=409303&codart=SDL31614&marart=233&seopth=SF-FILTER-SDL31614-FILTRO-ARIA-PER-COMPRESSORI
SDL31613,SDL31613,,https://e-commerce.michelecaroli.com/wso/pages/user/wso0205.jsf?idaa=409302&codart=SDL31613&marart=233&seopth=SF-FILTER-SDL31613-FILTRO-ARIA-PER-COMPRESSORI
SDL31609,SDL31609,,https://e-commerce.michelecaroli.com/wso/pages/user/wso0205.jsf?idaa=409298&codart=SDL31609&marart=233&seopth=SF-FILTER-SDL31609-FILTRO-ARIA-PER-COMPRESSORI
SDL31506,SDL31506,,https://e-commerce.michelecaroli.com/wso/pages/user/wso0205.jsf?idaa=409280&codart=SDL31506&marart=233&seopth=SF-FILTER-SDL31506-FILTRO-ARIA-PER-COMPRESSORI
SDL31505,SDL31505,,https://e-commerce.michelecaroli.com/wso/pages/user/wso0205.jsf?idaa=409279&codart=SDL31505&marart=233&seopth=SF-FILTER-SDL31505-FILTRO-ARIA-PER-COMPRESSORI
SDL31504,SDL31504,,https://e-commerce.michelecaroli.com/wso/pages/user/wso0205.jsf?idaa=409278&codart=SDL31504&marart=233&seopth=SF-FILTER-SDL31504-FILTRO-ARIA-PER-COMPRESSORI
SDL31497,SDL31497,,https://e-commerce.michelecaroli.com/wso/pages/user/wso0205.jsf?idaa=409271&codart=SDL31497&marart=233&seopth=SF-FILTER-SDL31497-FILTRO-ARIA-PER-COMPRESSORI
SDL31474,SDL31474,,https://e-commerce.michelecaroli.com/wso/pages/user/wso0205.jsf?idaa=409265&codart=SDL31474&marart=233&seopth=SF-FILTER-SDL31474-FILTRO-ARIA-PER-COMPRESSORI
SDL31473,SDL31473,,https://e-commerce.michelecaroli.com/wso/pages/user/wso0205.jsf?idaa=409264&codart=SDL31473&marart=233&seopth=SF-FILTER-SDL31473-FILTRO-ARIA-PER-COMPRESSORI
SDL31472,SDL31472,,https://e-commerce.michelecaroli.com/wso/pages/user/wso0205.jsf?idaa=409263&codart=SDL31472&marart=233&seopth=SF-FILTER-SDL31472-FILTRO-ARIA-PER-COMPRESSORI
SDL31464,SDL31464,,https://e-commerce.michelecaroli.com/wso/pages/user/wso0205.jsf?idaa=409255&codart=SDL31464&marart=233&seopth=SF-FILTER-SDL31464-FILTRO-ARIA-PER-COMPRESSORI
SDL31461,SDL31461,,https://e-commerce.michelecaroli.com/wso/pages/user/wso0205.jsf?idaa=409252&codart=SDL31461&marart=233&seopth=SF-FILTER-SDL31461-FILTRO-ARIA-PER-COMPRESSORI
SDL31460,SDL31460,,https://e-commerce.michelecaroli.com/wso/pages/user/wso0205.jsf?idaa=409251&codart=SDL31460&marart=233&seopth=SF-FILTER-SDL31460-FILTRO-ARIA-PER-COMPRESSORI
SDL31459,SDL31459,,https://e-commerce.michelecaroli.com/wso/pages/user/wso0205.jsf?idaa=409250&codart=SDL31459&marart=233&seopth=SF-FILTER-SDL31459-FILTRO-ARIA-PER-COMPRESSORI
SDL31457,SDL31457,,https://e-commerce.michelecaroli.com/wso/pages/user/wso0205.jsf?idaa=409248&codart=SDL31457&marart=233&seopth=SF-FILTER-SDL31457-FILTRO-ARIA-PER-COMPRESSORI
SDL31451,SDL31451,,https://e-commerce.michelecaroli.com/wso/pages/user/wso0205.jsf?idaa=409243&codart=SDL31451&marart=233&seopth=SF-FILTER-SDL31451-FILTRO-ARIA-PER-COMPRESSORI
SDL31448,SDL31448,,https://e-commerce.michelecaroli.com/wso/pages/user/wso0205.jsf?idaa=409240&codart=SDL31448&marart=233&seopth=SF-FILTER-SDL31448-FILTRO-ARIA-PER-COMPRESSORI
SDL31447,SDL31447,,https://e-commerce.michelecaroli.com/wso/pages/user/wso0205.jsf?idaa=409239&codart=SDL31447&marart=233&seopth=SF-FILTER-SDL31447-FILTRO-ARIA-PER-COMPRESSORI
SDL31446,SDL31446,,https://e-commerce.michelecaroli.com/wso/pages/user/wso0205.jsf?idaa=409238&codart=SDL31446&marart=233&seopth=SF-FILTER-SDL31446-FILTRO-ARIA-PER-COMPRESSORI
SDL31444,SDL31444,,https://e-commerce.michelecaroli.com/wso/pages/user/wso0205.jsf?idaa=409236&codart=SDL31444&marart=233&seopth=SF-FILTER-SDL31444-FILTRO-ARIA-PER-COMPRESSORI
SDL31430,SDL31430,,https://e-commerce.michelecaroli.com/wso/pages/user/wso0205.jsf?idaa=409225&codart=SDL31430&marart=233&seopth=SF-FILTER-SDL31430-FILTRO-ARIA-PER-COMPRESSORI
SDL31158,SDL31158,,https://e-commerce.michelecaroli.com/wso/pages/user/wso0205.jsf?idaa=409212&codart=SDL31158&marart=233&seopth=SF-FILTER-SDL31158-FILTRO-ARIA-PER-COMPRESSORI
SDL31150,SDL31150,,https://e-commerce.michelecaroli.com/wso/pages/user/wso0205.jsf?idaa=409208&codart=SDL31150&marart=233&seopth=SF-FILTER-SDL31150-FILTRO-ARIA-PER-COMPRESSORI
SDL31140,SDL31140,,https://e-commerce.michelecaroli.com/wso/pages/user/wso0205.jsf?idaa=409207&codart=SDL31140&marart=233&seopth=SF-FILTER-SDL31140-FILTRO-ARIA-PER-COMPRESSORI
SDL31136,SDL31136,,https://e-commerce.michelecaroli.com/wso/pages/user/wso0205.jsf?idaa=409204&codart=SDL31136&marart=233&seopth=SF-FILTER-SDL31136-FILTRO-ARIA-PER-COMPRESSORI
SDL31134,SDL31134,,https://e-commerce.michelecaroli.com/wso/pages/user/wso0205.jsf?idaa=409202&codart=SDL31134&marart=233&seopth=SF-FILTER-SDL31134-FILTRO-ARIA-PER-COMPRESSORI
SDL31131,SDL31131,,https://e-commerce.michelecaroli.com/wso/pages/user/wso0205.jsf?idaa=409200&codart=SDL31131&marart=233&seopth=SF-FILTER-SDL31131-FILTRO-ARIA-PER-COMPRESSORI
SDL31130,SDL31130,,https://e-commerce.michelecaroli.com/wso/pages/user/wso0205.jsf?idaa=409199&codart=SDL31130&marart=233&seopth=SF-FILTER-SDL31130-FILTRO-ARIA-PER-COMPRESSORI
SDL31128,SDL31128,,https://e-commerce.michelecaroli.com/wso/pages/user/wso0205.jsf?idaa=409197&codart=SDL31128&marart=233&seopth=SF-FILTER-SDL31128-FILTRO-ARIA-PER-COMPRESSORI
SDL31127,SDL31127,,https://e-commerce.michelecaroli.com/wso/pages/user/wso0205.jsf?idaa=409196&codart=SDL31127&marart=233&seopth=SF-FILTER-SDL31127-FILTRO-ARIA-PER-COMPRESSORI
SDL31126,SDL31126,,https://e-commerce.michelecaroli.com/wso/pages/user/wso0205.jsf?idaa=409195&codart=SDL31126&marart=233&seopth=SF-FILTER-SDL31126-FILTRO-ARIA-PER-COMPRESSORI
SDL31124,SDL31124,,https://e-commerce.michelecaroli.com/wso/pages/user/wso0205.jsf?idaa=409193&codart=SDL31124&marart=233&seopth=SF-FILTER-SDL31124-FILTRO-ARIA-PER-COMPRESSORI
SDL31122,SDL31122,,https://e-commerce.michelecaroli.com/wso/pages/user/wso0205.jsf?idaa=409191&codart=SDL31122&marart=233&seopth=SF-FILTER-SDL31122-FILTRO-ARIA-PER-COMPRESSORI
SDL31032,SDL31032,,https://e-commerce.michelecaroli.com/wso/pages/user/wso0205.jsf?idaa=409187&codart=SDL31032&marart=233&seopth=SF-FILTER-SDL31032-FILTRO-ARIA-PER-COMPRESSORI
SDL31023,SDL31023,,https://e-commerce.michelecaroli.com/wso/pages/user/wso0205.jsf?idaa=409186&codart=SDL31023&marart=233&seopth=SF-FILTER-SDL31023-FILTRO-ARIA-PER-COMPRESSORI
SDL31023,SDL31023,,https://e-commerce.michelecaroli.com/wso/pages/user/wso0205.jsf?idaa=409186&codart=SDL31023&marart=233&seopth=SF-FILTER-SDL31023-FILTRO-ARIA-PER-COMPRESSORI
SDL30442,SDL30442,,https://e-commerce.michelecaroli.com/wso/pages/user/wso0205.jsf?idaa=409180&codart=SDL30442&marart=233&seopth=SF-FILTER-SDL30442-FILTRO-ARIA-PER-COMPRESSORI
SDL30345,SDL30345,,https://e-commerce.michelecaroli.com/wso/pages/user/wso0205.jsf?idaa=409173&codart=SDL30345&marart=233&seopth=SF-FILTER-SDL30345-FILTRO-ARIA-PER-COMPRESSORI
SDL30344,SDL30344,,https://e-commerce.michelecaroli.com/wso/pages/user/wso0205.jsf?idaa=409172&codart=SDL30344&marart=233&seopth=SF-FILTER-SDL30344-FILTRO-ARIA-PER-COMPRESSORI
SDL30334,SDL30334,,https://e-commerce.michelecaroli.com/wso/pages/user/wso0205.jsf?idaa=409164&codart=SDL30334&marart=233&seopth=SF-FILTER-SDL30334-FILTRO-ARIA-PER-COMPRESSORI
SDL30316,SDL30316,,https://e-commerce.michelecaroli.com/wso/pages/user/wso0205.jsf?idaa=409163&codart=SDL30316&marart=233&seopth=SF-FILTER-SDL30316-FILTRO-ARIA-PER-COMPRESSORI
SDL30310,SDL30310,,https://e-commerce.michelecaroli.com/wso/pages/user/wso0205.jsf?idaa=409162&codart=SDL30310&marart=233&seopth=SF-FILTER-SDL30310-FILTRO-ARIA-PER-COMPRESSORI
SDL30221,SDL30221,,https://e-commerce.michelecaroli.com/wso/pages/user/wso0205.jsf?idaa=409146&codart=SDL30221&marart=233&seopth=SF-FILTER-SDL30221-FILTRO-ARIA-PER-COMPRESSORI
SDL30218B,SDL30218/B,,https://e-commerce.michelecaroli.com/wso/pages/user/wso0205.jsf?idaa=409145&codart=SDL30218%2FB&marart=233&seopth=SF-FILTER-SDL30218-B-FILTRO-ARIA-PER-COMPRESSORI
SDL30218,SDL30218,,https://e-commerce.michelecaroli.com/wso/pages/user/wso0205.jsf?idaa=409144&codart=SDL30218&marart=233&seopth=SF-FILTER-SDL30218-FILTRO-ARIA-PER-COMPRESSORI
SDL30203,SDL30203,,https://e-commerce.michelecaroli.com/wso/pages/user/wso0205.jsf?idaa=409136&codart=SDL30203&marart=233&seopth=SF-FILTER-SDL30203-FILTRO-ARIA-PER-COMPRESSORI
SDL30173,SDL30173,,https://e-commerce.michelecaroli.com/wso/pages/user/wso0205.jsf?idaa=409131&codart=SDL30173&marart=233&seopth=SF-FILTER-SDL30173-FILTRO-ARIA-PER-COMPRESSORI
SDL30146,SDL30146,,https://e-commerce.michelecaroli.com/wso/pages/user/wso0205.jsf?idaa=409120&codart=SDL30146&marart=233&seopth=SF-FILTER-SDL30146-FILTRO-ARIA-PER-COMPRESSORI
SDL30138,SDL30138,,https://e-commerce.michelecaroli.com/wso/pages/user/wso0205.jsf?idaa=409118&codart=SDL30138&marart=233&seopth=SF-FILTER-SDL30138-FILTRO-ARIA-PER-COMPRESSORI
SDL30095,SDL30095,,https://e-commerce.michelecaroli.com/wso/pages/user/wso0205.jsf?idaa=409106&codart=SDL30095&marart=233&seopth=SF-FILTER-SDL30095-FILTRO-ARIA-PER-COMPRESSORI
SDL30093,SDL30093,,https://e-commerce.michelecaroli.com/wso/pages/user/wso0205.jsf?idaa=409105&codart=SDL30093&marart=233&seopth=SF-FILTER-SDL30093-FILTRO-ARIA-PER-COMPRESSORI
SDL30089,SDL30089,,https://e-commerce.michelecaroli.com/wso/pages/user/wso0205.jsf?idaa=409104&codart=SDL30089&marart=233&seopth=SF-FILTER-SDL30089-FILTRO-ARIA-PER-COMPRESSORI
SDL30037,SDL30037,,https://e-commerce.michelecaroli.com/wso/pages/user/wso0205.jsf?idaa=409100&codart=SDL30037&marart=233&seopth=SF-FILTER-SDL30037-FILTRO-ARIA-PER-COMPRESSORI
