Code searched,Matched code,Part Category on Michele,Link to Michele product
SL6065,SL6065,,https://e-commerce.michelecaroli.com/wso/pages/user/wso0205.jsf?idaa=412583&codart=SL6065&marart=233&seopth=SF-FILTER-SL6065-FILTRO-ARIA
SL6065,SL6065,,https://e-commerce.michelecaroli.com/wso/pages/user/wso0205.jsf?idaa=412583&codart=SL6065&marart=233&seopth=SF-FILTER-SL6065-FILTRO-ARIA
SL6051,SL6051,,https://e-commerce.michelecaroli.com/wso/pages/user/wso0205.jsf?idaa=412581&codart=SL6051&marart=233&seopth=SF-FILTER-SL6051-FILTRO-ARIA
SL6051,SL6051,,https://e-commerce.michelecaroli.com/wso/pages/user/wso0205.jsf?idaa=412581&codart=SL6051&marart=233&seopth=SF-FILTER-SL6051-FILTRO-ARIA
SL6048,SL6048,,https://e-commerce.michelecaroli.com/wso/pages/user/wso0205.jsf?idaa=412578&codart=SL6048&marart=233&seopth=SF-FILTER-SL6048-FILTRO-ARIA
SL6048,SL6048,,https://e-commerce.michelecaroli.com/wso/pages/user/wso0205.jsf?idaa=412578&codart=SL6048&marart=233&seopth=SF-FILTER-SL6048-FILTRO-ARIA
SL6047,SL6047,,https://e-commerce.michelecaroli.com/wso/pages/user/wso0205.jsf?idaa=412577&codart=SL6047&marart=233&seopth=SF-FILTER-SL6047-FILTRO-ARIA
SL6047,SL6047,,https://e-commerce.michelecaroli.com/wso/pages/user/wso0205.jsf?idaa=412577&codart=SL6047&marart=233&seopth=SF-FILTER-SL6047-FILTRO-ARIA
SL6045,SL6045,,https://e-commerce.michelecaroli.com/wso/pages/user/wso0205.jsf?idaa=412576&codart=SL6045&marart=233&seopth=SF-FILTER-SL6045-FILTRO-ARIA
SL6045,SL6045,,https://e-commerce.michelecaroli.com/wso/pages/user/wso0205.jsf?idaa=412576&codart=SL6045&marart=233&seopth=SF-FILTER-SL6045-FILTRO-ARIA
SL6040,SL6040,,https://e-commerce.michelecaroli.com/wso/pages/user/wso0205.jsf?idaa=412575&codart=SL6040&marart=233&seopth=SF-FILTER-SL6040-FILTRO-ARIA
SL6039,SL6039,,https://e-commerce.michelecaroli.com/wso/pages/user/wso0205.jsf?idaa=412574&codart=SL6039&marart=233&seopth=SF-FILTER-SL6039-FILTRO-ARIA
SL6039,SL6039,,https://e-commerce.michelecaroli.com/wso/pages/user/wso0205.jsf?idaa=412574&codart=SL6039&marart=233&seopth=SF-FILTER-SL6039-FILTRO-ARIA
SL603100,SN206,FILTRO NAFTA P556916 HIFI,https://e-commerce.michelecaroli.com/wso/pages/user/wso0205.jsf?idaa=299720&codart=SN206&marart=230&seopth=HIFI-FILTRI-SN206-FILTRO-NAFTA-P556916-HIFI
SL603053,51954,FILTRO OLIO,https://e-commerce.michelecaroli.com/wso/pages/user/wso0205.jsf?idaa=368689&codart=51954&marart=218&seopth=WIX-INDUSTRIAL-HD-51954-FILTRO-OLIO
SL603050,SN105,FILTRO NAFTA P550105 HIFI,https://e-commerce.michelecaroli.com/wso/pages/user/wso0205.jsf?idaa=298869&codart=SN105&marart=230&seopth=HIFI-FILTRI-SN105-FILTRO-NAFTA-P550105-HIFI
SL603007,S7111NC,FILTRO CAV296 SOFIMA,https://e-commerce.michelecaroli.com/wso/pages/user/wso0205.jsf?idaa=446634&codart=S7111NC&marart=SOFI&seopth=SOFIMA-S7111NC-FILTRO-CAV296-SOFIMA
SL603006,P550311,FILTRO OLIO AD IMMERSIONE,https://e-commerce.michelecaroli.com/wso/pages/user/wso0205.jsf?idaa=156542&codart=P550311&marart=227&seopth=DONALDSON-FILTRI-P550311-FILTRO-OLIO-AD-IMMERSIONE
SL60155,SL60155,,https://e-commerce.michelecaroli.com/wso/pages/user/wso0205.jsf?idaa=412567&codart=SL60155&marart=233&seopth=SF-FILTER-SL60155-FILTRO-ARIA
SL60153,SL60153,,https://e-commerce.michelecaroli.com/wso/pages/user/wso0205.jsf?idaa=412566&codart=SL60153&marart=233&seopth=SF-FILTER-SL60153-FILTRO-ARIA
SL60151,SL60151,,https://e-commerce.michelecaroli.com/wso/pages/user/wso0205.jsf?idaa=412564&codart=SL60151&marart=233&seopth=SF-FILTER-SL60151-FILTRO-ARIA
SL60150,SL60150,,https://e-commerce.michelecaroli.com/wso/pages/user/wso0205.jsf?idaa=412563&codart=SL60150&marart=233&seopth=SF-FILTER-SL60150-FILTRO-ARIA
SL60147,SL60147,,https://e-commerce.michelecaroli.com/wso/pages/user/wso0205.jsf?idaa=412560&codart=SL60147&marart=233&seopth=SF-FILTER-SL60147-FILTRO-ARIA
SL60146,SL60146,,https://e-commerce.michelecaroli.com/wso/pages/user/wso0205.jsf?idaa=412559&codart=SL60146&marart=233&seopth=SF-FILTER-SL60146-FILTRO-ARIA
SL60145,SL60145,,https://e-commerce.michelecaroli.com/wso/pages/user/wso0205.jsf?idaa=412558&codart=SL60145&marart=233&seopth=SF-FILTER-SL60145-FILTRO-ARIA
SL60144,SL60144,,https://e-commerce.michelecaroli.com/wso/pages/user/wso0205.jsf?idaa=412557&codart=SL60144&marart=233&seopth=SF-FILTER-SL60144-FILTRO-ARIA
SL601391,SL60139/1,,https://e-commerce.michelecaroli.com/wso/pages/user/wso0205.jsf?idaa=412552&codart=SL60139%2F1&marart=233&seopth=SF-FILTER-SL60139-1-FILTRO-ARIA
SL60139,SL60139,,https://e-commerce.michelecaroli.com/wso/pages/user/wso0205.jsf?idaa=412551&codart=SL60139&marart=233&seopth=SF-FILTER-SL60139-FILTRO-ARIA
SL60138,SL60138,,https://e-commerce.michelecaroli.com/wso/pages/user/wso0205.jsf?idaa=412550&codart=SL60138&marart=233&seopth=SF-FILTER-SL60138-FILTRO-ARIA
SL60137,SL60137,,https://e-commerce.michelecaroli.com/wso/pages/user/wso0205.jsf?idaa=412549&codart=SL60137&marart=233&seopth=SF-FILTER-SL60137-FILTRO-ARIA
SL60134,SL60134,,https://e-commerce.michelecaroli.com/wso/pages/user/wso0205.jsf?idaa=412546&codart=SL60134&marart=233&seopth=SF-FILTER-SL60134-FILTRO-ARIA
SL60133,SL60133,,https://e-commerce.michelecaroli.com/wso/pages/user/wso0205.jsf?idaa=412545&codart=SL60133&marart=233&seopth=SF-FILTER-SL60133-FILTRO-ARIA
SL60130,SL60130,,https://e-commerce.michelecaroli.com/wso/pages/user/wso0205.jsf?idaa=412543&codart=SL60130&marart=233&seopth=SF-FILTER-SL60130-FILTRO-ARIA
SL60128,SL60128,,https://e-commerce.michelecaroli.com/wso/pages/user/wso0205.jsf?idaa=412541&codart=SL60128&marart=233&seopth=SF-FILTER-SL60128-FILTRO-ARIA
SL60127,SL60127,,https://e-commerce.michelecaroli.com/wso/pages/user/wso0205.jsf?idaa=412540&codart=SL60127&marart=233&seopth=SF-FILTER-SL60127-FILTRO-ARIA
SL60126,SL60126,,https://e-commerce.michelecaroli.com/wso/pages/user/wso0205.jsf?idaa=412539&codart=SL60126&marart=233&seopth=SF-FILTER-SL60126-FILTRO-ARIA
SL60124,SL60124,,https://e-commerce.michelecaroli.com/wso/pages/user/wso0205.jsf?idaa=412538&codart=SL60124&marart=233&seopth=SF-FILTER-SL60124-FILTRO-ARIA
SL60123,SL60123,,https://e-commerce.michelecaroli.com/wso/pages/user/wso0205.jsf?idaa=412537&codart=SL60123&marart=233&seopth=SF-FILTER-SL60123-FILTRO-ARIA
SL60122,SL60122,,https://e-commerce.michelecaroli.com/wso/pages/user/wso0205.jsf?idaa=412536&codart=SL60122&marart=233&seopth=SF-FILTER-SL60122-FILTRO-ARIA
SL60121,SL60121,,https://e-commerce.michelecaroli.com/wso/pages/user/wso0205.jsf?idaa=412535&codart=SL60121&marart=233&seopth=SF-FILTER-SL60121-FILTRO-ARIA
SL60119,SL60119,,https://e-commerce.michelecaroli.com/wso/pages/user/wso0205.jsf?idaa=412532&codart=SL60119&marart=233&seopth=SF-FILTER-SL60119-FILTRO-ARIA
SL60117,SL60117,,https://e-commerce.michelecaroli.com/wso/pages/user/wso0205.jsf?idaa=412531&codart=SL60117&marart=233&seopth=SF-FILTER-SL60117-FILTRO-ARIA
SL60114,SL60114,,https://e-commerce.michelecaroli.com/wso/pages/user/wso0205.jsf?idaa=412527&codart=SL60114&marart=233&seopth=SF-FILTER-SL60114-FILTRO-ARIA
SL60112,SL60112,,https://e-commerce.michelecaroli.com/wso/pages/user/wso0205.jsf?idaa=412526&codart=SL60112&marart=233&seopth=SF-FILTER-SL60112-FILTRO-ARIA
SL60111,42796,FILTRO ARIA,https://e-commerce.michelecaroli.com/wso/pages/user/wso0205.jsf?idaa=366825&codart=42796&marart=218&seopth=WIX-INDUSTRIAL-HD-42796-FILTRO-ARIA
SL60110,SL60110,,https://e-commerce.michelecaroli.com/wso/pages/user/wso0205.jsf?idaa=412525&codart=SL60110&marart=233&seopth=SF-FILTER-SL60110-FILTRO-ARIA
SL60109,SL60109,,https://e-commerce.michelecaroli.com/wso/pages/user/wso0205.jsf?idaa=412523&codart=SL60109&marart=233&seopth=SF-FILTER-SL60109-FILTRO-ARIA
SL60106,SL60106,,https://e-commerce.michelecaroli.com/wso/pages/user/wso0205.jsf?idaa=412522&codart=SL60106&marart=233&seopth=SF-FILTER-SL60106-FILTRO-ARIA
SL60104,SL60104,,https://e-commerce.michelecaroli.com/wso/pages/user/wso0205.jsf?idaa=412520&codart=SL60104&marart=233&seopth=SF-FILTER-SL60104-FILTRO-ARIA
SL5985,SL5985,,https://e-commerce.michelecaroli.com/wso/pages/user/wso0205.jsf?idaa=412517&codart=SL5985&marart=233&seopth=SF-FILTER-SL5985-FILTRO-ARIA
SL5979,SL5979,,https://e-commerce.michelecaroli.com/wso/pages/user/wso0205.jsf?idaa=412515&codart=SL5979&marart=233&seopth=SF-FILTER-SL5979-FILTRO-ARIA
SL5979,SL5979,,https://e-commerce.michelecaroli.com/wso/pages/user/wso0205.jsf?idaa=412515&codart=SL5979&marart=233&seopth=SF-FILTER-SL5979-FILTRO-ARIA
SL5969,P780332,,https://e-commerce.michelecaroli.com/wso/pages/user/wso0205.jsf?idaa=157920&codart=P780332&marart=227&seopth=DONALDSON-FILTRI-P780332-FILTRO-ARIA-DONALDSON-P78-0332
SL5969,P780332,,https://e-commerce.michelecaroli.com/wso/pages/user/wso0205.jsf?idaa=157920&codart=P780332&marart=227&seopth=DONALDSON-FILTRI-P780332-FILTRO-ARIA-DONALDSON-P78-0332
SL5968,SL5968,,https://e-commerce.michelecaroli.com/wso/pages/user/wso0205.jsf?idaa=412513&codart=SL5968&marart=233&seopth=SF-FILTER-SL5968-FILTRO-ARIA
SL5968,SL5968,,https://e-commerce.michelecaroli.com/wso/pages/user/wso0205.jsf?idaa=412513&codart=SL5968&marart=233&seopth=SF-FILTER-SL5968-FILTRO-ARIA
SL5953,SL5953,,https://e-commerce.michelecaroli.com/wso/pages/user/wso0205.jsf?idaa=412505&codart=SL5953&marart=233&seopth=SF-FILTER-SL5953-FILTRO-ARIA
SL5953,SL5953,,https://e-commerce.michelecaroli.com/wso/pages/user/wso0205.jsf?idaa=412505&codart=SL5953&marart=233&seopth=SF-FILTER-SL5953-FILTRO-ARIA
SL5952,SL5952,,https://e-commerce.michelecaroli.com/wso/pages/user/wso0205.jsf?idaa=412504&codart=SL5952&marart=233&seopth=SF-FILTER-SL5952-FILTRO-ARIA
SL5952,SL5952,,https://e-commerce.michelecaroli.com/wso/pages/user/wso0205.jsf?idaa=412504&codart=SL5952&marart=233&seopth=SF-FILTER-SL5952-FILTRO-ARIA
SL5951,SL5951,,https://e-commerce.michelecaroli.com/wso/pages/user/wso0205.jsf?idaa=412503&codart=SL5951&marart=233&seopth=SF-FILTER-SL5951-FILTRO-ARIA
SL5951,SL5951,,https://e-commerce.michelecaroli.com/wso/pages/user/wso0205.jsf?idaa=412503&codart=SL5951&marart=233&seopth=SF-FILTER-SL5951-FILTRO-ARIA
SL5948,SL5948,,https://e-commerce.michelecaroli.com/wso/pages/user/wso0205.jsf?idaa=412500&codart=SL5948&marart=233&seopth=SF-FILTER-SL5948-FILTRO-ARIA
SL5948,SL5948,,https://e-commerce.michelecaroli.com/wso/pages/user/wso0205.jsf?idaa=412500&codart=SL5948&marart=233&seopth=SF-FILTER-SL5948-FILTRO-ARIA
SL5947,SL5947,,https://e-commerce.michelecaroli.com/wso/pages/user/wso0205.jsf?idaa=412499&codart=SL5947&marart=233&seopth=SF-FILTER-SL5947-FILTRO-ARIA
SL5947,SL5947,,https://e-commerce.michelecaroli.com/wso/pages/user/wso0205.jsf?idaa=412499&codart=SL5947&marart=233&seopth=SF-FILTER-SL5947-FILTRO-ARIA
SL5945,SL5945,,https://e-commerce.michelecaroli.com/wso/pages/user/wso0205.jsf?idaa=412497&codart=SL5945&marart=233&seopth=SF-FILTER-SL5945-FILTRO-ARIA
SL5945,SL5945,,https://e-commerce.michelecaroli.com/wso/pages/user/wso0205.jsf?idaa=412497&codart=SL5945&marart=233&seopth=SF-FILTER-SL5945-FILTRO-ARIA
SL5944,SL5944,,https://e-commerce.michelecaroli.com/wso/pages/user/wso0205.jsf?idaa=412496&codart=SL5944&marart=233&seopth=SF-FILTER-SL5944-FILTRO-ARIA
SL5944,SL5944,,https://e-commerce.michelecaroli.com/wso/pages/user/wso0205.jsf?idaa=412496&codart=SL5944&marart=233&seopth=SF-FILTER-SL5944-FILTRO-ARIA
SL5942,SL5942,,https://e-commerce.michelecaroli.com/wso/pages/user/wso0205.jsf?idaa=412494&codart=SL5942&marart=233&seopth=SF-FILTER-SL5942-FILTRO-ARIA
SL5942,SL5942,,https://e-commerce.michelecaroli.com/wso/pages/user/wso0205.jsf?idaa=412494&codart=SL5942&marart=233&seopth=SF-FILTER-SL5942-FILTRO-ARIA
SL5941,SL5941,,https://e-commerce.michelecaroli.com/wso/pages/user/wso0205.jsf?idaa=412493&codart=SL5941&marart=233&seopth=SF-FILTER-SL5941-FILTRO-ARIA
SL5941,SL5941,,https://e-commerce.michelecaroli.com/wso/pages/user/wso0205.jsf?idaa=412493&codart=SL5941&marart=233&seopth=SF-FILTER-SL5941-FILTRO-ARIA
SL5940,SL5940,,https://e-commerce.michelecaroli.com/wso/pages/user/wso0205.jsf?idaa=412492&codart=SL5940&marart=233&seopth=SF-FILTER-SL5940-FILTRO-ARIA
SL5938,SL5938,,https://e-commerce.michelecaroli.com/wso/pages/user/wso0205.jsf?idaa=412490&codart=SL5938&marart=233&seopth=SF-FILTER-SL5938-FILTRO-ARIA
SL5932,SL5932,,https://e-commerce.michelecaroli.com/wso/pages/user/wso0205.jsf?idaa=412485&codart=SL5932&marart=233&seopth=SF-FILTER-SL5932-FILTRO-ARIA
SL5932,SL5932,,https://e-commerce.michelecaroli.com/wso/pages/user/wso0205.jsf?idaa=412485&codart=SL5932&marart=233&seopth=SF-FILTER-SL5932-FILTRO-ARIA
SL5923,SL5923,,https://e-commerce.michelecaroli.com/wso/pages/user/wso0205.jsf?idaa=412480&codart=SL5923&marart=233&seopth=SF-FILTER-SL5923-FILTRO-ARIA
SL5923,SL5923,,https://e-commerce.michelecaroli.com/wso/pages/user/wso0205.jsf?idaa=412480&codart=SL5923&marart=233&seopth=SF-FILTER-SL5923-FILTRO-ARIA
SL5921,SL5921,,https://e-commerce.michelecaroli.com/wso/pages/user/wso0205.jsf?idaa=412478&codart=SL5921&marart=233&seopth=SF-FILTER-SL5921-FILTRO-ARIA
SL5921,SL5921,,https://e-commerce.michelecaroli.com/wso/pages/user/wso0205.jsf?idaa=412478&codart=SL5921&marart=233&seopth=SF-FILTER-SL5921-FILTRO-ARIA
SL5915,SL5915,,https://e-commerce.michelecaroli.com/wso/pages/user/wso0205.jsf?idaa=412474&codart=SL5915&marart=233&seopth=SF-FILTER-SL5915-FILTRO-ARIA
SL5915,SL5915,,https://e-commerce.michelecaroli.com/wso/pages/user/wso0205.jsf?idaa=412474&codart=SL5915&marart=233&seopth=SF-FILTER-SL5915-FILTRO-ARIA
SL5910,SL5910,,https://e-commerce.michelecaroli.com/wso/pages/user/wso0205.jsf?idaa=412469&codart=SL5910&marart=233&seopth=SF-FILTER-SL5910-FILTRO-ARIA
SL5910,SL5910,,https://e-commerce.michelecaroli.com/wso/pages/user/wso0205.jsf?idaa=412469&codart=SL5910&marart=233&seopth=SF-FILTER-SL5910-FILTRO-ARIA
SL5909,SL5909,,https://e-commerce.michelecaroli.com/wso/pages/user/wso0205.jsf?idaa=412468&codart=SL5909&marart=233&seopth=SF-FILTER-SL5909-FILTRO-ARIA
SL5909,SL5909,,https://e-commerce.michelecaroli.com/wso/pages/user/wso0205.jsf?idaa=412468&codart=SL5909&marart=233&seopth=SF-FILTER-SL5909-FILTRO-ARIA
SL5907,SL5907,,https://e-commerce.michelecaroli.com/wso/pages/user/wso0205.jsf?idaa=412466&codart=SL5907&marart=233&seopth=SF-FILTER-SL5907-FILTRO-ARIA
SL5907,SL5907,,https://e-commerce.michelecaroli.com/wso/pages/user/wso0205.jsf?idaa=412466&codart=SL5907&marart=233&seopth=SF-FILTER-SL5907-FILTRO-ARIA
SL5906,SL5906,,https://e-commerce.michelecaroli.com/wso/pages/user/wso0205.jsf?idaa=412465&codart=SL5906&marart=233&seopth=SF-FILTER-SL5906-FILTRO-ARIA
SL5906,SL5906,,https://e-commerce.michelecaroli.com/wso/pages/user/wso0205.jsf?idaa=412465&codart=SL5906&marart=233&seopth=SF-FILTER-SL5906-FILTRO-ARIA
SL5903,SL5903,,https://e-commerce.michelecaroli.com/wso/pages/user/wso0205.jsf?idaa=412464&codart=SL5903&marart=233&seopth=SF-FILTER-SL5903-FILTRO-ARIA
SL5903,SL5903,,https://e-commerce.michelecaroli.com/wso/pages/user/wso0205.jsf?idaa=412464&codart=SL5903&marart=233&seopth=SF-FILTER-SL5903-FILTRO-ARIA
SL5901,SL5901,,https://e-commerce.michelecaroli.com/wso/pages/user/wso0205.jsf?idaa=412462&codart=SL5901&marart=233&seopth=SF-FILTER-SL5901-FILTRO-ARIA
SL5901,SL5901,,https://e-commerce.michelecaroli.com/wso/pages/user/wso0205.jsf?idaa=412462&codart=SL5901&marart=233&seopth=SF-FILTER-SL5901-FILTRO-ARIA
SL5897,SL5897,,https://e-commerce.michelecaroli.com/wso/pages/user/wso0205.jsf?idaa=412460&codart=SL5897&marart=233&seopth=SF-FILTER-SL5897-FILTRO-ARIA
SL5897,SL5897,,https://e-commerce.michelecaroli.com/wso/pages/user/wso0205.jsf?idaa=412460&codart=SL5897&marart=233&seopth=SF-FILTER-SL5897-FILTRO-ARIA
SL5896,SL5896,,https://e-commerce.michelecaroli.com/wso/pages/user/wso0205.jsf?idaa=412459&codart=SL5896&marart=233&seopth=SF-FILTER-SL5896-FILTRO-ARIA
SL5896,SL5896,,https://e-commerce.michelecaroli.com/wso/pages/user/wso0205.jsf?idaa=412459&codart=SL5896&marart=233&seopth=SF-FILTER-SL5896-FILTRO-ARIA
SL5894,SL5894,,https://e-commerce.michelecaroli.com/wso/pages/user/wso0205.jsf?idaa=412457&codart=SL5894&marart=233&seopth=SF-FILTER-SL5894-FILTRO-ARIA
SL5894,SL5894,,https://e-commerce.michelecaroli.com/wso/pages/user/wso0205.jsf?idaa=412457&codart=SL5894&marart=233&seopth=SF-FILTER-SL5894-FILTRO-ARIA
