Code searched,Matched code,Part Category on Michele,Link to Michele product
SH74531,SH74531,,https://e-commerce.michelecaroli.com/wso/pages/user/wso0205.jsf?idaa=400252&codart=SH74531&marart=230&seopth=HIFI-FILTRI-SH74531-FILTRO-HYDR-HIFI
SH74524,SH74524,,https://e-commerce.michelecaroli.com/wso/pages/user/wso0205.jsf?idaa=400250&codart=SH74524&marart=230&seopth=HIFI-FILTRI-SH74524-FILTRO-HYDR-HIFI
SH74515,SH74515,,https://e-commerce.michelecaroli.com/wso/pages/user/wso0205.jsf?idaa=400247&codart=SH74515&marart=230&seopth=HIFI-FILTRI-SH74515-FILTRO-HYDR-HIFI
SH74514,SH74514,,https://e-commerce.michelecaroli.com/wso/pages/user/wso0205.jsf?idaa=400246&codart=SH74514&marart=230&seopth=HIFI-FILTRI-SH74514-FILTRO-HYDR-HIFI
SH74511,SH74511,,https://e-commerce.michelecaroli.com/wso/pages/user/wso0205.jsf?idaa=400245&codart=SH74511&marart=230&seopth=HIFI-FILTRI-SH74511-FILTRO-HYDR-HIFI
SH74506,SH74506,,https://e-commerce.michelecaroli.com/wso/pages/user/wso0205.jsf?idaa=401291&codart=SH74506&marart=230&seopth=HIFI-FILTRI-SH74506-FILTRO-HYDR-HIFI
SH74505,SH74505,,https://e-commerce.michelecaroli.com/wso/pages/user/wso0205.jsf?idaa=297155&codart=SH74505&marart=230&seopth=HIFI-FILTRI-SH74505-FILTRO-HYDR-HIFI
SH74503,SH74503,,https://e-commerce.michelecaroli.com/wso/pages/user/wso0205.jsf?idaa=297154&codart=SH74503&marart=230&seopth=HIFI-FILTRI-SH74503-FILTRO-HYDR-HIFI
SH74498,SH74498,,https://e-commerce.michelecaroli.com/wso/pages/user/wso0205.jsf?idaa=400244&codart=SH74498&marart=230&seopth=HIFI-FILTRI-SH74498-FILTRO-HYDR-HIFI
SH74495,SH74495,,https://e-commerce.michelecaroli.com/wso/pages/user/wso0205.jsf?idaa=400243&codart=SH74495&marart=230&seopth=HIFI-FILTRI-SH74495-FILTRO-HYDR-HIFI
SH74477,SH74477,FILTRO HYDR. HIFI,https://e-commerce.michelecaroli.com/wso/pages/user/wso0205.jsf?idaa=297149&codart=SH74477&marart=230&seopth=HIFI-FILTRI-SH74477-FILTRO-HYDR-HIFI
SH74475V,SH74475V,,https://e-commerce.michelecaroli.com/wso/pages/user/wso0205.jsf?idaa=297148&codart=SH74475V&marart=230&seopth=HIFI-FILTRI-SH74475V-FILTRO-HYDR-HIFI
SH74473,SH74473,,https://e-commerce.michelecaroli.com/wso/pages/user/wso0205.jsf?idaa=400240&codart=SH74473&marart=230&seopth=HIFI-FILTRI-SH74473-FILTRO-HYDR-HIFI
SH74471A,SH74471A,,https://e-commerce.michelecaroli.com/wso/pages/user/wso0205.jsf?idaa=509288&codart=SH74471A&marart=230&seopth=HIFI-FILTRI-SH74471A-FILTRO-IDRAULICO-HIFI
SH74465,SH74465,,https://e-commerce.michelecaroli.com/wso/pages/user/wso0205.jsf?idaa=297147&codart=SH74465&marart=230&seopth=HIFI-FILTRI-SH74465-FILTRO-HYDR-HIFI
SH74464,SH74464,,https://e-commerce.michelecaroli.com/wso/pages/user/wso0205.jsf?idaa=297146&codart=SH74464&marart=230&seopth=HIFI-FILTRI-SH74464-FILTRO-HYDR-HIFI
SH74462,SH74462,,https://e-commerce.michelecaroli.com/wso/pages/user/wso0205.jsf?idaa=297145&codart=SH74462&marart=230&seopth=HIFI-FILTRI-SH74462-FILTRO-HYDR-HIFI
SH74450,SH74450,,https://e-commerce.michelecaroli.com/wso/pages/user/wso0205.jsf?idaa=297138&codart=SH74450&marart=230&seopth=HIFI-FILTRI-SH74450-FILTRO-HYDR-HIFI
SH74446,SH74446,,https://e-commerce.michelecaroli.com/wso/pages/user/wso0205.jsf?idaa=297136&codart=SH74446&marart=230&seopth=HIFI-FILTRI-SH74446-FILTRO-HYDR-HIFI
SH74442,SH74442,,https://e-commerce.michelecaroli.com/wso/pages/user/wso0205.jsf?idaa=297134&codart=SH74442&marart=230&seopth=HIFI-FILTRI-SH74442-FILTRO-HYDR-HIFI
SH74439,SH74439,,https://e-commerce.michelecaroli.com/wso/pages/user/wso0205.jsf?idaa=400238&codart=SH74439&marart=230&seopth=HIFI-FILTRI-SH74439-FILTRO-HYDR-HIFI
SH74417,SH74417,,https://e-commerce.michelecaroli.com/wso/pages/user/wso0205.jsf?idaa=400237&codart=SH74417&marart=230&seopth=HIFI-FILTRI-SH74417-FILTRO-HYDR-HIFI
SH74416,SH74416,,https://e-commerce.michelecaroli.com/wso/pages/user/wso0205.jsf?idaa=297130&codart=SH74416&marart=230&seopth=HIFI-FILTRI-SH74416-FILTRO-HYDR-HIFI
SH74414,SH74414,,https://e-commerce.michelecaroli.com/wso/pages/user/wso0205.jsf?idaa=297129&codart=SH74414&marart=230&seopth=HIFI-FILTRI-SH74414-FILTRO-HYDR-HIFI
SH74413,SH74413,,https://e-commerce.michelecaroli.com/wso/pages/user/wso0205.jsf?idaa=400236&codart=SH74413&marart=230&seopth=HIFI-FILTRI-SH74413-FILTRO-HYDR-HIFI
SH74408,SH74408,FILTRO HYDR. HIFI,https://e-commerce.michelecaroli.com/wso/pages/user/wso0205.jsf?idaa=297124&codart=SH74408&marart=230&seopth=HIFI-FILTRI-SH74408-FILTRO-HYDR-HIFI
SH74400SP,SH74400SP,FILTRO IDRAULICO HIFI,https://e-commerce.michelecaroli.com/wso/pages/user/wso0205.jsf?idaa=446294&codart=SH74400SP&marart=230&seopth=HIFI-FILTRI-SH74400SP-FILTRO-IDRAULICO-HIFI
SH74397,SH74397,,https://e-commerce.michelecaroli.com/wso/pages/user/wso0205.jsf?idaa=297121&codart=SH74397&marart=230&seopth=HIFI-FILTRI-SH74397-FILTRO-HYDR-HIFI
SH74396,SH74396,,https://e-commerce.michelecaroli.com/wso/pages/user/wso0205.jsf?idaa=297120&codart=SH74396&marart=230&seopth=HIFI-FILTRI-SH74396-FILTRO-HYDR-HIFI
SH74391,SH74391,FILTRO IDRAULICO HIFI,https://e-commerce.michelecaroli.com/wso/pages/user/wso0205.jsf?idaa=297119&codart=SH74391&marart=230&seopth=HIFI-FILTRI-SH74391-FILTRO-IDRAULICO-HIFI
SH74389,SH74389,,https://e-commerce.michelecaroli.com/wso/pages/user/wso0205.jsf?idaa=400233&codart=SH74389&marart=230&seopth=HIFI-FILTRI-SH74389-FILTRO-HYDR-HIFI
SH74388,SH74388,,https://e-commerce.michelecaroli.com/wso/pages/user/wso0205.jsf?idaa=297118&codart=SH74388&marart=230&seopth=HIFI-FILTRI-SH74388-FILTRO-HYDR-HIFI
SH74385,SH74385,,https://e-commerce.michelecaroli.com/wso/pages/user/wso0205.jsf?idaa=297117&codart=SH74385&marart=230&seopth=HIFI-FILTRI-SH74385-FILTRO-HYDR-HIFI
SH74375,SH74375,,https://e-commerce.michelecaroli.com/wso/pages/user/wso0205.jsf?idaa=297115&codart=SH74375&marart=230&seopth=HIFI-FILTRI-SH74375-FILTRO-HYDR-HIFI
SH74373,SH74373,FILTRO HYDR. HIFI,https://e-commerce.michelecaroli.com/wso/pages/user/wso0205.jsf?idaa=297114&codart=SH74373&marart=230&seopth=HIFI-FILTRI-SH74373-FILTRO-HYDR-HIFI
SH74373,SH74373,FILTRO HYDR. HIFI,https://e-commerce.michelecaroli.com/wso/pages/user/wso0205.jsf?idaa=297114&codart=SH74373&marart=230&seopth=HIFI-FILTRI-SH74373-FILTRO-HYDR-HIFI
SH74371,SH74371,,https://e-commerce.michelecaroli.com/wso/pages/user/wso0205.jsf?idaa=297113&codart=SH74371&marart=230&seopth=HIFI-FILTRI-SH74371-FILTRO-HYDR-HIFI
SH74370,SH74370,FILTRO HYDR. HIFI,https://e-commerce.michelecaroli.com/wso/pages/user/wso0205.jsf?idaa=297112&codart=SH74370&marart=230&seopth=HIFI-FILTRI-SH74370-FILTRO-HYDR-HIFI
SH74369,SH74369,,https://e-commerce.michelecaroli.com/wso/pages/user/wso0205.jsf?idaa=400232&codart=SH74369&marart=230&seopth=HIFI-FILTRI-SH74369-FILTRO-HYDR-HIFI
SH74366,SH74366,,https://e-commerce.michelecaroli.com/wso/pages/user/wso0205.jsf?idaa=297111&codart=SH74366&marart=230&seopth=HIFI-FILTRI-SH74366-FILTRO-HYDR-HIFI
SH74363,SH74363,FILTRO HYDR. HIFI,https://e-commerce.michelecaroli.com/wso/pages/user/wso0205.jsf?idaa=297110&codart=SH74363&marart=230&seopth=HIFI-FILTRI-SH74363-FILTRO-HYDR-HIFI
SH74362,SH74362,,https://e-commerce.michelecaroli.com/wso/pages/user/wso0205.jsf?idaa=297109&codart=SH74362&marart=230&seopth=HIFI-FILTRI-SH74362-FILTRO-HYDR-HIFI
SH74360V,SH74360V,,https://e-commerce.michelecaroli.com/wso/pages/user/wso0205.jsf?idaa=297108&codart=SH74360V&marart=230&seopth=HIFI-FILTRI-SH74360V-FILTRO-HYDR-HIFI
SH74359,SH74359,,https://e-commerce.michelecaroli.com/wso/pages/user/wso0205.jsf?idaa=297107&codart=SH74359&marart=230&seopth=HIFI-FILTRI-SH74359-FILTRO-HYDR-HIFI
SH74353,SH74353,,https://e-commerce.michelecaroli.com/wso/pages/user/wso0205.jsf?idaa=297104&codart=SH74353&marart=230&seopth=HIFI-FILTRI-SH74353-FILTRO-HYDR-HIFI
SH74350,SH74350,FILTRO HYDR. HIFI,https://e-commerce.michelecaroli.com/wso/pages/user/wso0205.jsf?idaa=297103&codart=SH74350&marart=230&seopth=HIFI-FILTRI-SH74350-FILTRO-HYDR-HIFI
SH74348,SH74348,,https://e-commerce.michelecaroli.com/wso/pages/user/wso0205.jsf?idaa=297102&codart=SH74348&marart=230&seopth=HIFI-FILTRI-SH74348-FILTRO-HYDR-HIFI
SH74341,SH74341,,https://e-commerce.michelecaroli.com/wso/pages/user/wso0205.jsf?idaa=297101&codart=SH74341&marart=230&seopth=HIFI-FILTRI-SH74341-FILTRO-HYDR-HIFI
SH74333,SH74333,,https://e-commerce.michelecaroli.com/wso/pages/user/wso0205.jsf?idaa=400229&codart=SH74333&marart=230&seopth=HIFI-FILTRI-SH74333-FILTRO-HYDR-HIFI
SH74324,SH74324,,https://e-commerce.michelecaroli.com/wso/pages/user/wso0205.jsf?idaa=297096&codart=SH74324&marart=230&seopth=HIFI-FILTRI-SH74324-FILTRO-HYDR-HIFI
SH74323,SH74323,,https://e-commerce.michelecaroli.com/wso/pages/user/wso0205.jsf?idaa=297095&codart=SH74323&marart=230&seopth=HIFI-FILTRI-SH74323-FILTRO-HYDR-HIFI
SH74322,SH74322,,https://e-commerce.michelecaroli.com/wso/pages/user/wso0205.jsf?idaa=297094&codart=SH74322&marart=230&seopth=HIFI-FILTRI-SH74322-FILTRO-HYDR-HIFI
SH74317,SH74317,,https://e-commerce.michelecaroli.com/wso/pages/user/wso0205.jsf?idaa=297093&codart=SH74317&marart=230&seopth=HIFI-FILTRI-SH74317-FILTRO-HYDR-HIFI
SH74315SP,SH74315SP,FILTRO IDRAULICO HIFI,https://e-commerce.michelecaroli.com/wso/pages/user/wso0205.jsf?idaa=513164&codart=SH74315SP&marart=230&seopth=HIFI-FILTRI-SH74315SP-FILTRO-IDRAULICO-HIFI
SH74313,SH74313,FILTRO HYDR. HIFI,https://e-commerce.michelecaroli.com/wso/pages/user/wso0205.jsf?idaa=297090&codart=SH74313&marart=230&seopth=HIFI-FILTRI-SH74313-FILTRO-HYDR-HIFI
SH74302,SH74302,FILTRO HYDR. HIFI,https://e-commerce.michelecaroli.com/wso/pages/user/wso0205.jsf?idaa=297087&codart=SH74302&marart=230&seopth=HIFI-FILTRI-SH74302-FILTRO-HYDR-HIFI
SH74299,SH74299,,https://e-commerce.michelecaroli.com/wso/pages/user/wso0205.jsf?idaa=297086&codart=SH74299&marart=230&seopth=HIFI-FILTRI-SH74299-FILTRO-HYDR-HIFI
SH74296,SH74296,,https://e-commerce.michelecaroli.com/wso/pages/user/wso0205.jsf?idaa=297084&codart=SH74296&marart=230&seopth=HIFI-FILTRI-SH74296-FILTRO-HYDR-HIFI
SH74293,SH74293,,https://e-commerce.michelecaroli.com/wso/pages/user/wso0205.jsf?idaa=400226&codart=SH74293&marart=230&seopth=HIFI-FILTRI-SH74293-FILTRO-IDRAULICO
SH74292,SH74292,,https://e-commerce.michelecaroli.com/wso/pages/user/wso0205.jsf?idaa=297082&codart=SH74292&marart=230&seopth=HIFI-FILTRI-SH74292-FILTRO-HYDR-HIFI
SH74291,SH74291,,https://e-commerce.michelecaroli.com/wso/pages/user/wso0205.jsf?idaa=297081&codart=SH74291&marart=230&seopth=HIFI-FILTRI-SH74291-FILTRO-HYDR-HIFI
SH74290,SH74290,,https://e-commerce.michelecaroli.com/wso/pages/user/wso0205.jsf?idaa=297080&codart=SH74290&marart=230&seopth=HIFI-FILTRI-SH74290-FILTRO-HYDR-HIFI
SH74288,SH74288,,https://e-commerce.michelecaroli.com/wso/pages/user/wso0205.jsf?idaa=297079&codart=SH74288&marart=230&seopth=HIFI-FILTRI-SH74288-FILTRO-HYDR-HIFI
SH74286V,SH74286V,,https://e-commerce.michelecaroli.com/wso/pages/user/wso0205.jsf?idaa=400224&codart=SH74286V&marart=230&seopth=HIFI-FILTRI-SH74286V-FILTRO-HYDR-HIFI
SH74286,SH74286,,https://e-commerce.michelecaroli.com/wso/pages/user/wso0205.jsf?idaa=297078&codart=SH74286&marart=230&seopth=HIFI-FILTRI-SH74286-FILTRO-HYDR-HIFI
SH74285,SH74285,,https://e-commerce.michelecaroli.com/wso/pages/user/wso0205.jsf?idaa=335910&codart=SH74285&marart=230&seopth=HIFI-FILTRI-SH74285-FILTRO-HYDR-HIFI
SH74278,SH74278,,https://e-commerce.michelecaroli.com/wso/pages/user/wso0205.jsf?idaa=297076&codart=SH74278&marart=230&seopth=HIFI-FILTRI-SH74278-FILTRO-HYDR-HIFI
SH74277,SH74277,,https://e-commerce.michelecaroli.com/wso/pages/user/wso0205.jsf?idaa=297075&codart=SH74277&marart=230&seopth=HIFI-FILTRI-SH74277-FILTRO-HYDR-HIFI
SH74272,SH74272,FILTRO HYDR. HIFI,https://e-commerce.michelecaroli.com/wso/pages/user/wso0205.jsf?idaa=297071&codart=SH74272&marart=230&seopth=HIFI-FILTRI-SH74272-FILTRO-HYDR-HIFI
SH74271,SH74271,,https://e-commerce.michelecaroli.com/wso/pages/user/wso0205.jsf?idaa=297070&codart=SH74271&marart=230&seopth=HIFI-FILTRI-SH74271-FILTRO-HYDR-HIFI
SH74267V,SH74267V,,https://e-commerce.michelecaroli.com/wso/pages/user/wso0205.jsf?idaa=400222&codart=SH74267V&marart=230&seopth=HIFI-FILTRI-SH74267V-FILTRO-HYDR-HIFI
SH74262,SH74262,,https://e-commerce.michelecaroli.com/wso/pages/user/wso0205.jsf?idaa=297066&codart=SH74262&marart=230&seopth=HIFI-FILTRI-SH74262-FILTRO-HYDR-HIFI
SH74261,SH74261,,https://e-commerce.michelecaroli.com/wso/pages/user/wso0205.jsf?idaa=400221&codart=SH74261&marart=230&seopth=HIFI-FILTRI-SH74261-FILTRO-HYDR-HIFI
SH74260,SH74260,,https://e-commerce.michelecaroli.com/wso/pages/user/wso0205.jsf?idaa=297065&codart=SH74260&marart=230&seopth=HIFI-FILTRI-SH74260-FILTRO-HYDR-HIFI
SH74258,SH74258,,https://e-commerce.michelecaroli.com/wso/pages/user/wso0205.jsf?idaa=297063&codart=SH74258&marart=230&seopth=HIFI-FILTRI-SH74258-FILTRO-HYDR-HIFI
SH74257,SH74257,,https://e-commerce.michelecaroli.com/wso/pages/user/wso0205.jsf?idaa=297062&codart=SH74257&marart=230&seopth=HIFI-FILTRI-SH74257-FILTRO-HYDR-HIFI
SH74255,SH74255,,https://e-commerce.michelecaroli.com/wso/pages/user/wso0205.jsf?idaa=297061&codart=SH74255&marart=230&seopth=HIFI-FILTRI-SH74255-FILTRO-HYDR-HIFI
SH74250,SH74250,,https://e-commerce.michelecaroli.com/wso/pages/user/wso0205.jsf?idaa=297056&codart=SH74250&marart=230&seopth=HIFI-FILTRI-SH74250-FILTRO-HYDR-HIFI
SH74249,SH74249,,https://e-commerce.michelecaroli.com/wso/pages/user/wso0205.jsf?idaa=297055&codart=SH74249&marart=230&seopth=HIFI-FILTRI-SH74249-FILTRO-HYDR-HIFI
SH74248,SH74248,FILTRO HYDR. HIFI,https://e-commerce.michelecaroli.com/wso/pages/user/wso0205.jsf?idaa=297054&codart=SH74248&marart=230&seopth=HIFI-FILTRI-SH74248-FILTRO-HYDR-HIFI
SH74238,SH74238,,https://e-commerce.michelecaroli.com/wso/pages/user/wso0205.jsf?idaa=297046&codart=SH74238&marart=230&seopth=HIFI-FILTRI-SH74238-FILTRO-HYDR-HIFI
SH74237,SH74237,,https://e-commerce.michelecaroli.com/wso/pages/user/wso0205.jsf?idaa=297045&codart=SH74237&marart=230&seopth=HIFI-FILTRI-SH74237-FILTRO-HYDR-HIFI
SH74236,SH74236,FILTRO HYDR. HIFI,https://e-commerce.michelecaroli.com/wso/pages/user/wso0205.jsf?idaa=297044&codart=SH74236&marart=230&seopth=HIFI-FILTRI-SH74236-FILTRO-HYDR-HIFI
SH74234,SH74234,,https://e-commerce.michelecaroli.com/wso/pages/user/wso0205.jsf?idaa=297042&codart=SH74234&marart=230&seopth=HIFI-FILTRI-SH74234-FILTRO-HYDR-HIFI
SH74233,SH74233,FILTRO HYDR. HIFI,https://e-commerce.michelecaroli.com/wso/pages/user/wso0205.jsf?idaa=297041&codart=SH74233&marart=230&seopth=HIFI-FILTRI-SH74233-FILTRO-HYDR-HIFI
SH74232,SH74232,,https://e-commerce.michelecaroli.com/wso/pages/user/wso0205.jsf?idaa=297040&codart=SH74232&marart=230&seopth=HIFI-FILTRI-SH74232-FILTRO-HYDR-HIFI
SH74229V,SH74229V,,https://e-commerce.michelecaroli.com/wso/pages/user/wso0205.jsf?idaa=297039&codart=SH74229V&marart=230&seopth=HIFI-FILTRI-SH74229V-FILTRO-HYDR-HIFI
SH74227V,SH74227V,,https://e-commerce.michelecaroli.com/wso/pages/user/wso0205.jsf?idaa=400219&codart=SH74227V&marart=230&seopth=HIFI-FILTRI-SH74227V-FILTRO-HYDR-HIFI
SH74226,SH74226,FILTRO HYDR. HIFI,https://e-commerce.michelecaroli.com/wso/pages/user/wso0205.jsf?idaa=297037&codart=SH74226&marart=230&seopth=HIFI-FILTRI-SH74226-FILTRO-HYDR-HIFI
SH74224,SH74224,,https://e-commerce.michelecaroli.com/wso/pages/user/wso0205.jsf?idaa=297036&codart=SH74224&marart=230&seopth=HIFI-FILTRI-SH74224-FILTRO-HYDR-HIFI
SH74220,SH74220,,https://e-commerce.michelecaroli.com/wso/pages/user/wso0205.jsf?idaa=297033&codart=SH74220&marart=230&seopth=HIFI-FILTRI-SH74220-FILTRO-HYDR-HIFI
SH74216,SH74216,,https://e-commerce.michelecaroli.com/wso/pages/user/wso0205.jsf?idaa=297031&codart=SH74216&marart=230&seopth=HIFI-FILTRI-SH74216-FILTRO-HYDR-HIFI
SH74214,SH74214,,https://e-commerce.michelecaroli.com/wso/pages/user/wso0205.jsf?idaa=297029&codart=SH74214&marart=230&seopth=HIFI-FILTRI-SH74214-FILTRO-HYDR-HIFI
SH74212V,SH74212V,,https://e-commerce.michelecaroli.com/wso/pages/user/wso0205.jsf?idaa=400218&codart=SH74212V&marart=230&seopth=HIFI-FILTRI-SH74212V-FILTRO-HYDR-HIFI
SH74207,SH74207,,https://e-commerce.michelecaroli.com/wso/pages/user/wso0205.jsf?idaa=297026&codart=SH74207&marart=230&seopth=HIFI-FILTRI-SH74207-FILTRO-HYDR-HIFI
SH74205,SH74205,,https://e-commerce.michelecaroli.com/wso/pages/user/wso0205.jsf?idaa=297024&codart=SH74205&marart=230&seopth=HIFI-FILTRI-SH74205-FILTRO-HYDR-HIFI
SH74203,SH74203,,https://e-commerce.michelecaroli.com/wso/pages/user/wso0205.jsf?idaa=297022&codart=SH74203&marart=230&seopth=HIFI-FILTRI-SH74203-FILTRO-HYDR-HIFI
SH74202,SH74202,,https://e-commerce.michelecaroli.com/wso/pages/user/wso0205.jsf?idaa=297021&codart=SH74202&marart=230&seopth=HIFI-FILTRI-SH74202-FILTRO-HYDR-HIFI
SH74201,SH74201,,https://e-commerce.michelecaroli.com/wso/pages/user/wso0205.jsf?idaa=297020&codart=SH74201&marart=230&seopth=HIFI-FILTRI-SH74201-FILTRO-HYDR-HIFI
SH74197,SH74197,FILTRO HYDR. HIFI,https://e-commerce.michelecaroli.com/wso/pages/user/wso0205.jsf?idaa=297017&codart=SH74197&marart=230&seopth=HIFI-FILTRI-SH74197-FILTRO-HYDR-HIFI
SH74195,SH74195,,https://e-commerce.michelecaroli.com/wso/pages/user/wso0205.jsf?idaa=297015&codart=SH74195&marart=230&seopth=HIFI-FILTRI-SH74195-FILTRO-HYDR-HIFI
SH74193V,SH74193V,,https://e-commerce.michelecaroli.com/wso/pages/user/wso0205.jsf?idaa=400217&codart=SH74193V&marart=230&seopth=HIFI-FILTRI-SH74193V-FILTRO-HYDR-HIFI
SH74193,SH74193,,https://e-commerce.michelecaroli.com/wso/pages/user/wso0205.jsf?idaa=297013&codart=SH74193&marart=230&seopth=HIFI-FILTRI-SH74193-FILTRO-HYDR-HIFI
SH74184,SH74184,,https://e-commerce.michelecaroli.com/wso/pages/user/wso0205.jsf?idaa=297007&codart=SH74184&marart=230&seopth=HIFI-FILTRI-SH74184-FILTRO-HYDR-HIFI
SH74182,SH74182,,https://e-commerce.michelecaroli.com/wso/pages/user/wso0205.jsf?idaa=297005&codart=SH74182&marart=230&seopth=HIFI-FILTRI-SH74182-FILTRO-HYDR-HIFI
SH74181,SH74181,FILTRO HYDR. HIFI,https://e-commerce.michelecaroli.com/wso/pages/user/wso0205.jsf?idaa=297004&codart=SH74181&marart=230&seopth=HIFI-FILTRI-SH74181-FILTRO-HYDR-HIFI
SH74180,SH74180,,https://e-commerce.michelecaroli.com/wso/pages/user/wso0205.jsf?idaa=297003&codart=SH74180&marart=230&seopth=HIFI-FILTRI-SH74180-FILTRO-HYDR-HIFI
SH74178,SH74178,,https://e-commerce.michelecaroli.com/wso/pages/user/wso0205.jsf?idaa=297002&codart=SH74178&marart=230&seopth=HIFI-FILTRI-SH74178-FILTRO-HYDR-HIFI
SH74177SP,SH74177SP,FILTRO HYDR. HIFI,https://e-commerce.michelecaroli.com/wso/pages/user/wso0205.jsf?idaa=297001&codart=SH74177SP&marart=230&seopth=HIFI-FILTRI-SH74177SP-FILTRO-HYDR-HIFI
SH74176FEV,SH74176V,FILTRO HYDR. HIFI EX SH74176FEV,https://e-commerce.michelecaroli.com/wso/pages/user/wso0205.jsf?idaa=440856&codart=SH74176V&marart=230&seopth=HIFI-FILTRI-SH74176V-FILTRO-HYDR-HIFI
SH74175,SH74175,,https://e-commerce.michelecaroli.com/wso/pages/user/wso0205.jsf?idaa=296999&codart=SH74175&marart=230&seopth=HIFI-FILTRI-SH74175-FILTRO-HYDR-HIFI
SH74172,SH74172,,https://e-commerce.michelecaroli.com/wso/pages/user/wso0205.jsf?idaa=296997&codart=SH74172&marart=230&seopth=HIFI-FILTRI-SH74172-FILTRO-HYDR-HIFI
SH74168,SH74168,,https://e-commerce.michelecaroli.com/wso/pages/user/wso0205.jsf?idaa=296993&codart=SH74168&marart=230&seopth=HIFI-FILTRI-SH74168-FILTRO-HYDR-HIFI
SH74167,SH74167,,https://e-commerce.michelecaroli.com/wso/pages/user/wso0205.jsf?idaa=296992&codart=SH74167&marart=230&seopth=HIFI-FILTRI-SH74167-FILTRO-HYDR-HIFI
SH74166,SH74166,,https://e-commerce.michelecaroli.com/wso/pages/user/wso0205.jsf?idaa=296991&codart=SH74166&marart=230&seopth=HIFI-FILTRI-SH74166-FILTRO-HYDR-HIFI
SH74165,SH74165,,https://e-commerce.michelecaroli.com/wso/pages/user/wso0205.jsf?idaa=296990&codart=SH74165&marart=230&seopth=HIFI-FILTRI-SH74165-FILTRO-HYDR-HIFI
SH74163,SH74163,,https://e-commerce.michelecaroli.com/wso/pages/user/wso0205.jsf?idaa=296989&codart=SH74163&marart=230&seopth=HIFI-FILTRI-SH74163-FILTRO-HYDR-HIFI
SH74157,SH74157,,https://e-commerce.michelecaroli.com/wso/pages/user/wso0205.jsf?idaa=296986&codart=SH74157&marart=230&seopth=HIFI-FILTRI-SH74157-FILTRO-HYDR-HIFI
SH74155,SH74155,,https://e-commerce.michelecaroli.com/wso/pages/user/wso0205.jsf?idaa=296984&codart=SH74155&marart=230&seopth=HIFI-FILTRI-SH74155-FILTRO-HYDR-HIFI
SH74154,SH74154,,https://e-commerce.michelecaroli.com/wso/pages/user/wso0205.jsf?idaa=400214&codart=SH74154&marart=230&seopth=HIFI-FILTRI-SH74154-FILTRO-HYDR-HIFI
SH74152,SH74152,,https://e-commerce.michelecaroli.com/wso/pages/user/wso0205.jsf?idaa=296981&codart=SH74152&marart=230&seopth=HIFI-FILTRI-SH74152-FILTRO-HYDR-HIFI
SH74148,SH74148,,https://e-commerce.michelecaroli.com/wso/pages/user/wso0205.jsf?idaa=400213&codart=SH74148&marart=230&seopth=HIFI-FILTRI-SH74148-FILTRO-HYDR-HIFI
SH74143,SH74143,,https://e-commerce.michelecaroli.com/wso/pages/user/wso0205.jsf?idaa=296977&codart=SH74143&marart=230&seopth=HIFI-FILTRI-SH74143-FILTRO-HYDR-HIFI
SH74142V,SH74142V,,https://e-commerce.michelecaroli.com/wso/pages/user/wso0205.jsf?idaa=296976&codart=SH74142V&marart=230&seopth=HIFI-FILTRI-SH74142V-FILTRO-HYDR-HIFI
SH74141,SH74141,,https://e-commerce.michelecaroli.com/wso/pages/user/wso0205.jsf?idaa=296974&codart=SH74141&marart=230&seopth=HIFI-FILTRI-SH74141-FILTRO-HYDR-HIFI
SH74139,SH74139,,https://e-commerce.michelecaroli.com/wso/pages/user/wso0205.jsf?idaa=296972&codart=SH74139&marart=230&seopth=HIFI-FILTRI-SH74139-FILTRO-HYDR-HIFI
SH74135,SH74135,FILTRO HYDR. HIFI,https://e-commerce.michelecaroli.com/wso/pages/user/wso0205.jsf?idaa=296970&codart=SH74135&marart=230&seopth=HIFI-FILTRI-SH74135-FILTRO-HYDR-HIFI
SH74134,SH74134,,https://e-commerce.michelecaroli.com/wso/pages/user/wso0205.jsf?idaa=296969&codart=SH74134&marart=230&seopth=HIFI-FILTRI-SH74134-FILTRO-HYDR-HIFI
SH74131,SH74131,,https://e-commerce.michelecaroli.com/wso/pages/user/wso0205.jsf?idaa=296967&codart=SH74131&marart=230&seopth=HIFI-FILTRI-SH74131-FILTRO-HYDR-HIFI
SH74124,SH74124,,https://e-commerce.michelecaroli.com/wso/pages/user/wso0205.jsf?idaa=296965&codart=SH74124&marart=230&seopth=HIFI-FILTRI-SH74124-FILTRO-HYDR-HIFI
SH74123,SH74123,,https://e-commerce.michelecaroli.com/wso/pages/user/wso0205.jsf?idaa=296964&codart=SH74123&marart=230&seopth=HIFI-FILTRI-SH74123-FILTRO-HYDR-HIFI
SH74121,SH74121,,https://e-commerce.michelecaroli.com/wso/pages/user/wso0205.jsf?idaa=296962&codart=SH74121&marart=230&seopth=HIFI-FILTRI-SH74121-FILTRO-HYDR-HIFI
SH74118,SH74118,,https://e-commerce.michelecaroli.com/wso/pages/user/wso0205.jsf?idaa=296960&codart=SH74118&marart=230&seopth=HIFI-FILTRI-SH74118-FILTRO-HYDR-HIFI
SH74117,SH74117,,https://e-commerce.michelecaroli.com/wso/pages/user/wso0205.jsf?idaa=296959&codart=SH74117&marart=230&seopth=HIFI-FILTRI-SH74117-FILTRO-HYDR-HIFI
SH74116,SH74116,FILTRO HYDR. HIFI,https://e-commerce.michelecaroli.com/wso/pages/user/wso0205.jsf?idaa=296958&codart=SH74116&marart=230&seopth=HIFI-FILTRI-SH74116-FILTRO-HYDR-HIFI
SH74114V,SH74114V,FILTRO HYDR. HIFI,https://e-commerce.michelecaroli.com/wso/pages/user/wso0205.jsf?idaa=296957&codart=SH74114V&marart=230&seopth=HIFI-FILTRI-SH74114V-FILTRO-HYDR-HIFI
SH74113,SH74113,,https://e-commerce.michelecaroli.com/wso/pages/user/wso0205.jsf?idaa=296955&codart=SH74113&marart=230&seopth=HIFI-FILTRI-SH74113-FILTRO-HYDR-HIFI
SH74112,SH74112,FILTRO HYDR. HIFI,https://e-commerce.michelecaroli.com/wso/pages/user/wso0205.jsf?idaa=296954&codart=SH74112&marart=230&seopth=HIFI-FILTRI-SH74112-FILTRO-HYDR-HIFI
SH74099,SH74099,,https://e-commerce.michelecaroli.com/wso/pages/user/wso0205.jsf?idaa=296951&codart=SH74099&marart=230&seopth=HIFI-FILTRI-SH74099-FILTRO-HYDR-HIFI
SH74090,SH74090,,https://e-commerce.michelecaroli.com/wso/pages/user/wso0205.jsf?idaa=296950&codart=SH74090&marart=230&seopth=HIFI-FILTRI-SH74090-FILTRO-HYDR-HIFI
SH74083,SH74083,,https://e-commerce.michelecaroli.com/wso/pages/user/wso0205.jsf?idaa=296948&codart=SH74083&marart=230&seopth=HIFI-FILTRI-SH74083-FILTRO-HYDR-HIFI
SH74082,SH74082,,https://e-commerce.michelecaroli.com/wso/pages/user/wso0205.jsf?idaa=296947&codart=SH74082&marart=230&seopth=HIFI-FILTRI-SH74082-FILTRO-HYDR-HIFI
SH74074,SH74074,,https://e-commerce.michelecaroli.com/wso/pages/user/wso0205.jsf?idaa=296944&codart=SH74074&marart=230&seopth=HIFI-FILTRI-SH74074-FILTRO-HYDR-HIFI
SH74070,SH74070,,https://e-commerce.michelecaroli.com/wso/pages/user/wso0205.jsf?idaa=296943&codart=SH74070&marart=230&seopth=HIFI-FILTRI-SH74070-FILTRO-HYDR-HIFI
SH74067,SH74067,,https://e-commerce.michelecaroli.com/wso/pages/user/wso0205.jsf?idaa=296942&codart=SH74067&marart=230&seopth=HIFI-FILTRI-SH74067-FILTRO-HYDR-HIFI
SH74064,SH74064,,https://e-commerce.michelecaroli.com/wso/pages/user/wso0205.jsf?idaa=296939&codart=SH74064&marart=230&seopth=HIFI-FILTRI-SH74064-FILTRO-HYDR-HIFI
SH74063,SH74063,,https://e-commerce.michelecaroli.com/wso/pages/user/wso0205.jsf?idaa=296938&codart=SH74063&marart=230&seopth=HIFI-FILTRI-SH74063-FILTRO-HYDR-HIFI
SH74062,SH74062,FILTRO HYDR. HIFI,https://e-commerce.michelecaroli.com/wso/pages/user/wso0205.jsf?idaa=296937&codart=SH74062&marart=230&seopth=HIFI-FILTRI-SH74062-FILTRO-HYDR-HIFI
SH74058,SH74058,,https://e-commerce.michelecaroli.com/wso/pages/user/wso0205.jsf?idaa=296933&codart=SH74058&marart=230&seopth=HIFI-FILTRI-SH74058-FILTRO-HYDR-HIFI
SH74057,SH74057,,https://e-commerce.michelecaroli.com/wso/pages/user/wso0205.jsf?idaa=296932&codart=SH74057&marart=230&seopth=HIFI-FILTRI-SH74057-FILTRO-HYDR-HIFI
SH74054,SH74054,,https://e-commerce.michelecaroli.com/wso/pages/user/wso0205.jsf?idaa=296929&codart=SH74054&marart=230&seopth=HIFI-FILTRI-SH74054-FILTRO-HYDR-HIFI
SH74053,SH74053,,https://e-commerce.michelecaroli.com/wso/pages/user/wso0205.jsf?idaa=296928&codart=SH74053&marart=230&seopth=HIFI-FILTRI-SH74053-FILTRO-HYDR-HIFI
SH74051,SH74051,FILTRO HYDR. HIFI,https://e-commerce.michelecaroli.com/wso/pages/user/wso0205.jsf?idaa=513806&codart=SH74051&marart=230&seopth=HIFI-FILTRI-SH74051-FILTRO-HYDR-HIFI
SH74050,SH74050,,https://e-commerce.michelecaroli.com/wso/pages/user/wso0205.jsf?idaa=296926&codart=SH74050&marart=230&seopth=HIFI-FILTRI-SH74050-FILTRO-HYDR-HIFI
SH74049V,SH74049V,,https://e-commerce.michelecaroli.com/wso/pages/user/wso0205.jsf?idaa=400210&codart=SH74049V&marart=230&seopth=HIFI-FILTRI-SH74049V-FILTRO-HYDR-HIFI
SH74046,SH74046,,https://e-commerce.michelecaroli.com/wso/pages/user/wso0205.jsf?idaa=296922&codart=SH74046&marart=230&seopth=HIFI-FILTRI-SH74046-FILTRO-HYDR-HIFI
SH74045V,SH74045V,,https://e-commerce.michelecaroli.com/wso/pages/user/wso0205.jsf?idaa=400209&codart=SH74045V&marart=230&seopth=HIFI-FILTRI-SH74045V-FILTRO-HYDR-HIFI
SH74043,SH74043,,https://e-commerce.michelecaroli.com/wso/pages/user/wso0205.jsf?idaa=296919&codart=SH74043&marart=230&seopth=HIFI-FILTRI-SH74043-FILTRO-HYDR-HIFI
SH74036,SH74036,,https://e-commerce.michelecaroli.com/wso/pages/user/wso0205.jsf?idaa=296913&codart=SH74036&marart=230&seopth=HIFI-FILTRI-SH74036-FILTRO-HYDR-HIFI
SH74034V,SH74034V,,https://e-commerce.michelecaroli.com/wso/pages/user/wso0205.jsf?idaa=400207&codart=SH74034V&marart=230&seopth=HIFI-FILTRI-SH74034V-FILTRO-HYDR-HIFI
SH74033V,SH74033V,,https://e-commerce.michelecaroli.com/wso/pages/user/wso0205.jsf?idaa=400206&codart=SH74033V&marart=230&seopth=HIFI-FILTRI-SH74033V-FILTRO-HYDR-HIFI
SH74032,SH74032,,https://e-commerce.michelecaroli.com/wso/pages/user/wso0205.jsf?idaa=296909&codart=SH74032&marart=230&seopth=HIFI-FILTRI-SH74032-FILTRO-HYDR-HIFI
SH74028,SH74028,,https://e-commerce.michelecaroli.com/wso/pages/user/wso0205.jsf?idaa=296906&codart=SH74028&marart=230&seopth=HIFI-FILTRI-SH74028-FILTRO-HYDR-HIFI
SH74027,SH74027,,https://e-commerce.michelecaroli.com/wso/pages/user/wso0205.jsf?idaa=296905&codart=SH74027&marart=230&seopth=HIFI-FILTRI-SH74027-FILTRO-HYDR-HIFI
SH74026,SH74026,FILTRO HYDR. HIFI,https://e-commerce.michelecaroli.com/wso/pages/user/wso0205.jsf?idaa=296904&codart=SH74026&marart=230&seopth=HIFI-FILTRI-SH74026-FILTRO-HYDR-HIFI
SH74025V,SH74025V,FILTRO HYDR. HIFI,https://e-commerce.michelecaroli.com/wso/pages/user/wso0205.jsf?idaa=296903&codart=SH74025V&marart=230&seopth=HIFI-FILTRI-SH74025V-FILTRO-HYDR-HIFI
SH74022,SH74022,,https://e-commerce.michelecaroli.com/wso/pages/user/wso0205.jsf?idaa=296899&codart=SH74022&marart=230&seopth=HIFI-FILTRI-SH74022-FILTRO-HYDR-HIFI
SH74018,SH74018,FILTRO HYDR. HIFI,https://e-commerce.michelecaroli.com/wso/pages/user/wso0205.jsf?idaa=296895&codart=SH74018&marart=230&seopth=HIFI-FILTRI-SH74018-FILTRO-HYDR-HIFI
SH74017,SH74017,,https://e-commerce.michelecaroli.com/wso/pages/user/wso0205.jsf?idaa=296893&codart=SH74017&marart=230&seopth=HIFI-FILTRI-SH74017-FILTRO-HYDR-HIFI
SH74016N,SH74016N,,https://e-commerce.michelecaroli.com/wso/pages/user/wso0205.jsf?idaa=296892&codart=SH74016N&marart=230&seopth=HIFI-FILTRI-SH74016N-FILTRO-HYDR-HIFI
SH74002V,SH74002V,,https://e-commerce.michelecaroli.com/wso/pages/user/wso0205.jsf?idaa=296887&codart=SH74002V&marart=230&seopth=HIFI-FILTRI-SH74002V-FILTRO-HYDR-HIFI
SH74000,SH74000,,https://e-commerce.michelecaroli.com/wso/pages/user/wso0205.jsf?idaa=296884&codart=SH74000&marart=230&seopth=HIFI-FILTRI-SH74000-FILTRO-HYDR-HIFI
SH70995,SH70995,,https://e-commerce.michelecaroli.com/wso/pages/user/wso0205.jsf?idaa=400202&codart=SH70995&marart=230&seopth=HIFI-FILTRI-SH70995-FILTRO-HYDR-HIFI
SH70537,SH70537,FILTRO HYDR. HIFI,https://e-commerce.michelecaroli.com/wso/pages/user/wso0205.jsf?idaa=296883&codart=SH70537&marart=230&seopth=HIFI-FILTRI-SH70537-FILTRO-HYDR-HIFI
SH70535,SH70535,,https://e-commerce.michelecaroli.com/wso/pages/user/wso0205.jsf?idaa=296882&codart=SH70535&marart=230&seopth=HIFI-FILTRI-SH70535-FILTRO-HYDR-HIFI
SH70523,SH70523,,https://e-commerce.michelecaroli.com/wso/pages/user/wso0205.jsf?idaa=296878&codart=SH70523&marart=230&seopth=HIFI-FILTRI-SH70523-FILTRO-HYDR-HIFI
SH70309,SH70309,,https://e-commerce.michelecaroli.com/wso/pages/user/wso0205.jsf?idaa=438472&codart=SH70309&marart=230&seopth=HIFI-FILTRI-SH70309-FILTRO-IDRAULICO-HIFI
SH70263,SH70263,,https://e-commerce.michelecaroli.com/wso/pages/user/wso0205.jsf?idaa=296867&codart=SH70263&marart=230&seopth=HIFI-FILTRI-SH70263-FILTRO-HYDR-HIFI
SH70259,SH70259,FILTRO HYDR. HIFI,https://e-commerce.michelecaroli.com/wso/pages/user/wso0205.jsf?idaa=400197&codart=SH70259&marart=230&seopth=HIFI-FILTRI-SH70259-FILTRO-HYDR-HIFI
SH70258,SH70258,,https://e-commerce.michelecaroli.com/wso/pages/user/wso0205.jsf?idaa=400196&codart=SH70258&marart=230&seopth=HIFI-FILTRI-SH70258-FILTRO-HYDR-HIFI
SH70256,SH70256,,https://e-commerce.michelecaroli.com/wso/pages/user/wso0205.jsf?idaa=400195&codart=SH70256&marart=230&seopth=HIFI-FILTRI-SH70256-FILTRO-HYDR-HIFI
SH70253,SH70253,,https://e-commerce.michelecaroli.com/wso/pages/user/wso0205.jsf?idaa=400194&codart=SH70253&marart=230&seopth=HIFI-FILTRI-SH70253-FILTRO-HYDR-HIFI
SH70248,SH70248,,https://e-commerce.michelecaroli.com/wso/pages/user/wso0205.jsf?idaa=400193&codart=SH70248&marart=230&seopth=HIFI-FILTRI-SH70248-FILTRO-HYDR-HIFI
SH70242,SH70242,,https://e-commerce.michelecaroli.com/wso/pages/user/wso0205.jsf?idaa=400192&codart=SH70242&marart=230&seopth=HIFI-FILTRI-SH70242-FILTRO-HYDR-HIFI
SH70237,SH70237,,https://e-commerce.michelecaroli.com/wso/pages/user/wso0205.jsf?idaa=400191&codart=SH70237&marart=230&seopth=HIFI-FILTRI-SH70237-FILTRO-HYDR-HIFI
SH70233,SH70233,,https://e-commerce.michelecaroli.com/wso/pages/user/wso0205.jsf?idaa=297677&codart=SH70233&marart=230&seopth=HIFI-FILTRI-SH70233-FILTRO-HYDR-HIFI
SH70231,SH70231,,https://e-commerce.michelecaroli.com/wso/pages/user/wso0205.jsf?idaa=297676&codart=SH70231&marart=230&seopth=HIFI-FILTRI-SH70231-FILTRO-HYDR-HIFI
SH70224,SH70224,,https://e-commerce.michelecaroli.com/wso/pages/user/wso0205.jsf?idaa=400189&codart=SH70224&marart=230&seopth=HIFI-FILTRI-SH70224-FILTRO-HYDR-HIFI
SH70217,SH70217,FILTRO HYDR. HIFI,https://e-commerce.michelecaroli.com/wso/pages/user/wso0205.jsf?idaa=297673&codart=SH70217&marart=230&seopth=HIFI-FILTRI-SH70217-FILTRO-HYDR-HIFI
SH70216,SH70216,,https://e-commerce.michelecaroli.com/wso/pages/user/wso0205.jsf?idaa=297672&codart=SH70216&marart=230&seopth=HIFI-FILTRI-SH70216-FILTRO-HYDR-HIFI
SH70200,SH70200,,https://e-commerce.michelecaroli.com/wso/pages/user/wso0205.jsf?idaa=297668&codart=SH70200&marart=230&seopth=HIFI-FILTRI-SH70200-FILTRO-HYDR-HIFI
SH70171,SH70171,,https://e-commerce.michelecaroli.com/wso/pages/user/wso0205.jsf?idaa=297658&codart=SH70171&marart=230&seopth=HIFI-FILTRI-SH70171-FILTRO-HYDR-HIFI
SH70168,SH70168,,https://e-commerce.michelecaroli.com/wso/pages/user/wso0205.jsf?idaa=297657&codart=SH70168&marart=230&seopth=HIFI-FILTRI-SH70168-FILTRO-HYDR-HIFI
SH70156,SH70156,FILTRO HYDR. HIFI,https://e-commerce.michelecaroli.com/wso/pages/user/wso0205.jsf?idaa=297656&codart=SH70156&marart=230&seopth=HIFI-FILTRI-SH70156-FILTRO-HYDR-HIFI
SH70152,SH70152,,https://e-commerce.michelecaroli.com/wso/pages/user/wso0205.jsf?idaa=297655&codart=SH70152&marart=230&seopth=HIFI-FILTRI-SH70152-FILTRO-HYDR-HIFI
SH70147,SH70147,,https://e-commerce.michelecaroli.com/wso/pages/user/wso0205.jsf?idaa=297653&codart=SH70147&marart=230&seopth=HIFI-FILTRI-SH70147-FILTRO-HYDR-HIFI
SH70145,SH70145,FILTRO HYDR. HIFI,https://e-commerce.michelecaroli.com/wso/pages/user/wso0205.jsf?idaa=297652&codart=SH70145&marart=230&seopth=HIFI-FILTRI-SH70145-FILTRO-HYDR-HIFI
SH70137,SH70137,,https://e-commerce.michelecaroli.com/wso/pages/user/wso0205.jsf?idaa=297651&codart=SH70137&marart=230&seopth=HIFI-FILTRI-SH70137-FILTRO-HYDR-HIFI
SH70125,SH70125,,https://e-commerce.michelecaroli.com/wso/pages/user/wso0205.jsf?idaa=297649&codart=SH70125&marart=230&seopth=HIFI-FILTRI-SH70125-FILTRO-HYDR-HIFI
SH70121,SH70121,,https://e-commerce.michelecaroli.com/wso/pages/user/wso0205.jsf?idaa=297648&codart=SH70121&marart=230&seopth=HIFI-FILTRI-SH70121-FILTRO-HYDR-HIFI
SH70117,SH70117,,https://e-commerce.michelecaroli.com/wso/pages/user/wso0205.jsf?idaa=297646&codart=SH70117&marart=230&seopth=HIFI-FILTRI-SH70117-FILTRO-HYDR-HIFI
