Code searched,Matched code,Part Category on Michele,Link to Michele product
SFF5571,P502418,,https://e-commerce.michelecaroli.com/wso/pages/user/wso0205.jsf?idaa=156075&codart=P502418&marart=227&seopth=DONALDSON-FILTRI-P502418-FILTRO-GASOLIO
SFF5424,24.341.00,FILTRO NAFTA SCANIA,https://e-commerce.michelecaroli.com/wso/pages/user/wso0205.jsf?idaa=148918&codart=24.341.00&marart=UFIHD&seopth=UFI-HD-24-341-00-FILTRO-NAFTA-SCANIA
SFF5052,SP-821,FILTRO CARB.,https://e-commerce.michelecaroli.com/wso/pages/user/wso0205.jsf?idaa=466319&codart=SP-821&marart=ALCO&seopth=ALCO-SP-821-FILTRO-CARB-
SFF5036,33958,FILTRO NAFTA P550958,https://e-commerce.michelecaroli.com/wso/pages/user/wso0205.jsf?idaa=366202&codart=33958&marart=218&seopth=WIX-INDUSTRIAL-HD-33958-FILTRO-NAFTA-P550958
SFF4678,SN7230,FILTRO CARB. P550054 HIFI,https://e-commerce.michelecaroli.com/wso/pages/user/wso0205.jsf?idaa=299702&codart=SN7230&marart=230&seopth=HIFI-FILTRI-SN7230-FILTRO-CARB-P550054-HIFI
SFF4347,SN216,FILTRO NAFTA P554347 HIFI,https://e-commerce.michelecaroli.com/wso/pages/user/wso0205.jsf?idaa=299762&codart=SN216&marart=230&seopth=HIFI-FILTRI-SN216-FILTRO-NAFTA-P554347-HIFI
SFF405W,SN5055,FILTRO NAFTA P502131 HIFI,https://e-commerce.michelecaroli.com/wso/pages/user/wso0205.jsf?idaa=299364&codart=SN5055&marart=230&seopth=HIFI-FILTRI-SN5055-FILTRO-NAFTA-P502131-HIFI
SFF3835,SN7227,FILTRO NAFTA P550056 HIFI,https://e-commerce.michelecaroli.com/wso/pages/user/wso0205.jsf?idaa=299699&codart=SN7227&marart=230&seopth=HIFI-FILTRI-SN7227-FILTRO-NAFTA-P550056-HIFI
SFF3563,SN21589,FILTRO NAFTA P502138 HIFI,https://e-commerce.michelecaroli.com/wso/pages/user/wso0205.jsf?idaa=299748&codart=SN21589&marart=230&seopth=HIFI-FILTRI-SN21589-FILTRO-NAFTA-P502138-HIFI
SFF3510,P502381,FILTRO GASOLIO,https://e-commerce.michelecaroli.com/wso/pages/user/wso0205.jsf?idaa=156064&codart=P502381&marart=227&seopth=DONALDSON-FILTRI-P502381-FILTRO-GASOLIO
SFF3180,FT1182,FILTRO NAFTA P550385 HIFI,https://e-commerce.michelecaroli.com/wso/pages/user/wso0205.jsf?idaa=394780&codart=FT1182&marart=230&seopth=HIFI-FILTRI-FT1182-FILTRO-NAFTA-P550385-HIFI
SFF3080,SN5132,FILTRO,https://e-commerce.michelecaroli.com/wso/pages/user/wso0205.jsf?idaa=438698&codart=SN5132&marart=230&seopth=HIFI-FILTRI-SN5132-FILTRO
SFF2947,SN20571,FILTRO SEPAR. P505951 HIFI,https://e-commerce.michelecaroli.com/wso/pages/user/wso0205.jsf?idaa=299719&codart=SN20571&marart=230&seopth=HIFI-FILTRI-SN20571-FILTRO-SEPAR-P505951-HIFI
SFF2631,SN185,FILTRO NAFTA P557440# HIFI,https://e-commerce.michelecaroli.com/wso/pages/user/wso0205.jsf?idaa=298907&codart=SN185&marart=230&seopth=HIFI-FILTRI-SN185-FILTRO-NAFTA-P557440-HIFI
SFF2390,WF10001,FILTRO P550392,https://e-commerce.michelecaroli.com/wso/pages/user/wso0205.jsf?idaa=438883&codart=WF10001&marart=218&seopth=WIX-INDUSTRIAL-HD-WF10001-FILTRO-P550392
SFF2341,33514,FILTRO NAFTA,https://e-commerce.michelecaroli.com/wso/pages/user/wso0205.jsf?idaa=365934&codart=33514&marart=218&seopth=WIX-INDUSTRIAL-HD-33514-FILTRO-NAFTA
SFF2341,33514,FILTRO NAFTA,https://e-commerce.michelecaroli.com/wso/pages/user/wso0205.jsf?idaa=365934&codart=33514&marart=218&seopth=WIX-INDUSTRIAL-HD-33514-FILTRO-NAFTA
SFF1940,P502226,FILTRO GASOLIO,https://e-commerce.michelecaroli.com/wso/pages/user/wso0205.jsf?idaa=313758&codart=P502226&marart=227&seopth=DONALDSON-FILTRI-P502226-FILTRO-GASOLIO
SFF1811,33112E,FILTRO NAFTA# P550861,https://e-commerce.michelecaroli.com/wso/pages/user/wso0205.jsf?idaa=368986&codart=33112E&marart=218&seopth=WIX-INDUSTRIAL-HD-33112E-FILTRO-NAFTA-P550861
SFF1707,33167E,FILTRO NAFTA# P550060,https://e-commerce.michelecaroli.com/wso/pages/user/wso0205.jsf?idaa=368995&codart=33167E&marart=218&seopth=WIX-INDUSTRIAL-HD-33167E-FILTRO-NAFTA-P550060
SFF1596,P502169,,https://e-commerce.michelecaroli.com/wso/pages/user/wso0205.jsf?idaa=156032&codart=P502169&marart=227&seopth=DONALDSON-FILTRI-P502169-FILTRO-NAFTA-DONALDSON-P50-2169
SFF1371,SN104,FILTRO,https://e-commerce.michelecaroli.com/wso/pages/user/wso0205.jsf?idaa=438540&codart=SN104&marart=230&seopth=HIFI-FILTRI-SN104-FILTRO
SFF1369,SN204,FILTRO NAFTA P553693 HIFI,https://e-commerce.michelecaroli.com/wso/pages/user/wso0205.jsf?idaa=299717&codart=SN204&marart=230&seopth=HIFI-FILTRI-SN204-FILTRO-NAFTA-P553693-HIFI
SFF1330,P550225,FILTRO NAFTA DONALDSON P55-0225,https://e-commerce.michelecaroli.com/wso/pages/user/wso0205.jsf?idaa=156515&codart=P550225&marart=227&seopth=DONALDSON-FILTRI-P550225-FILTRO-NAFTA-DONALDSON-P55-0225
SFF1313,SN55419,FILTRO NAFTA P551313 HIFI,https://e-commerce.michelecaroli.com/wso/pages/user/wso0205.jsf?idaa=299412&codart=SN55419&marart=230&seopth=HIFI-FILTRI-SN55419-FILTRO-NAFTA-P551313-HIFI
SFF1280,SN5038,FILTRO NAFTA P551329 HIFI,https://e-commerce.michelecaroli.com/wso/pages/user/wso0205.jsf?idaa=299361&codart=SN5038&marart=230&seopth=HIFI-FILTRI-SN5038-FILTRO-NAFTA-P551329-HIFI
SFF1261,33585XE,,https://e-commerce.michelecaroli.com/wso/pages/user/wso0205.jsf?idaa=369003&codart=33585XE&marart=218&seopth=WIX-INDUSTRIAL-HD-33585XE-FILTRO-NAFTA
SFF1251,SN1251,FILTRO NAFTA P550248 HIFI,https://e-commerce.michelecaroli.com/wso/pages/user/wso0205.jsf?idaa=298896&codart=SN1251&marart=230&seopth=HIFI-FILTRI-SN1251-FILTRO-NAFTA-P550248-HIFI
SFF1221,P500061,"AIR FILTER, PRIMARY ROUND",https://e-commerce.michelecaroli.com/wso/pages/user/wso0205.jsf?idaa=441425&codart=P500061&marart=227&seopth=DONALDSON-FILTRI-P500061-AIR-FILTER-PRIMARY-ROUND
SFF1221,P500061,"AIR FILTER, PRIMARY ROUND",https://e-commerce.michelecaroli.com/wso/pages/user/wso0205.jsf?idaa=441425&codart=P500061&marart=227&seopth=DONALDSON-FILTRI-P500061-AIR-FILTER-PRIMARY-ROUND
SFF1216,SN202,FILTRO NAFTA HIFI INTERNO DONALDSON,https://e-commerce.michelecaroli.com/wso/pages/user/wso0205.jsf?idaa=299715&codart=SN202&marart=230&seopth=HIFI-FILTRI-SN202-FILTRO-NAFTA-HIFI
SFF1212,SN1212,FILTRO NAFTA P558000 HIFI,https://e-commerce.michelecaroli.com/wso/pages/user/wso0205.jsf?idaa=298888&codart=SN1212&marart=230&seopth=HIFI-FILTRI-SN1212-FILTRO-NAFTA-P558000-HIFI
SFF1207,2040TM,FILTRO RACOR 10 MICRON BLU#,https://e-commerce.michelecaroli.com/wso/pages/user/wso0205.jsf?idaa=159116&codart=2040TM&marart=228&seopth=RACOR-PARKER-2040TM-FILTRO-RACOR-10-MICRON-BLU-
SFF1206,33210,FILTRO NAFTA#,https://e-commerce.michelecaroli.com/wso/pages/user/wso0205.jsf?idaa=365888&codart=33210&marart=218&seopth=WIX-INDUSTRIAL-HD-33210-FILTRO-NAFTA-
SFF1201,SN1201,FILTRO NAFTA P550316 HIFI,https://e-commerce.michelecaroli.com/wso/pages/user/wso0205.jsf?idaa=298886&codart=SN1201&marart=230&seopth=HIFI-FILTRI-SN1201-FILTRO-NAFTA-P550316-HIFI
SFF1131,SP-903,FILTRO CARB.,https://e-commerce.michelecaroli.com/wso/pages/user/wso0205.jsf?idaa=466375&codart=SP-903&marart=ALCO&seopth=ALCO-SP-903-FILTRO-CARB-
SFF1106,P550038,FILTRO NAFTA DONALDSON P55-0038,https://e-commerce.michelecaroli.com/wso/pages/user/wso0205.jsf?idaa=156405&codart=P550038&marart=227&seopth=DONALDSON-FILTRI-P550038-FILTRO-NAFTA-DONALDSON-P55-0038
SFF1090,33009,FILTRO NAFTA,https://e-commerce.michelecaroli.com/wso/pages/user/wso0205.jsf?idaa=365719&codart=33009&marart=218&seopth=WIX-INDUSTRIAL-HD-33009-FILTRO-NAFTA
SFF105N,SN105,FILTRO NAFTA P550105 HIFI,https://e-commerce.michelecaroli.com/wso/pages/user/wso0205.jsf?idaa=298869&codart=SN105&marart=230&seopth=HIFI-FILTRI-SN105-FILTRO-NAFTA-P550105-HIFI
SFF105DN,SN105C,FILTRO NAFTA P550106 HIFI,https://e-commerce.michelecaroli.com/wso/pages/user/wso0205.jsf?idaa=298870&codart=SN105C&marart=230&seopth=HIFI-FILTRI-SN105C-FILTRO-NAFTA-P550106-HIFI
SFF1045,SN21587,FILTRO NAFTA P502134 HIFI,https://e-commerce.michelecaroli.com/wso/pages/user/wso0205.jsf?idaa=299746&codart=SN21587&marart=230&seopth=HIFI-FILTRI-SN21587-FILTRO-NAFTA-P502134-HIFI
SFF1000,P550901,"FUEL FILTER, WATER SEPARATOR SPIN-O",https://e-commerce.michelecaroli.com/wso/pages/user/wso0205.jsf?idaa=441568&codart=P550901&marart=227&seopth=DONALDSON-FILTRI-P550901-FUEL-FILTER-WATER-SEPARATOR-SPIN-O
SFF0936,33121,FILTRO NAFTA,https://e-commerce.michelecaroli.com/wso/pages/user/wso0205.jsf?idaa=365838&codart=33121&marart=218&seopth=WIX-INDUSTRIAL-HD-33121-FILTRO-NAFTA
SFF0928,SN5021,FILTRO NAFTA P550928 HIFI,https://e-commerce.michelecaroli.com/wso/pages/user/wso0205.jsf?idaa=299357&codart=SN5021&marart=230&seopth=HIFI-FILTRI-SN5021-FILTRO-NAFTA-P550928-HIFI
SFF0863,33381,FILTRO NAFTA,https://e-commerce.michelecaroli.com/wso/pages/user/wso0205.jsf?idaa=365410&codart=33381&marart=218&seopth=WIX-INDUSTRIAL-HD-33381-FILTRO-NAFTA
SFF0862,33380,FILTRO NAFTA,https://e-commerce.michelecaroli.com/wso/pages/user/wso0205.jsf?idaa=365409&codart=33380&marart=218&seopth=WIX-INDUSTRIAL-HD-33380-FILTRO-NAFTA
SFF0811,P550349,FILTRO GASOLIO,https://e-commerce.michelecaroli.com/wso/pages/user/wso0205.jsf?idaa=156557&codart=P550349&marart=227&seopth=DONALDSON-FILTRI-P550349-FILTRO-GASOLIO
SFF0796,MD-195,FILTRO CARB. ALCO,https://e-commerce.michelecaroli.com/wso/pages/user/wso0205.jsf?idaa=463526&codart=MD-195&marart=ALCO&seopth=ALCO-MD-195-FILTRO-CARB-ALCO
SFF0753,SN55420,FILTRO NAFTA P551312 HIFI,https://e-commerce.michelecaroli.com/wso/pages/user/wso0205.jsf?idaa=299413&codart=SN55420&marart=230&seopth=HIFI-FILTRI-SN55420-FILTRO-NAFTA-P551312-HIFI
SFF0739,33112E,FILTRO NAFTA# P550861,https://e-commerce.michelecaroli.com/wso/pages/user/wso0205.jsf?idaa=368986&codart=33112E&marart=218&seopth=WIX-INDUSTRIAL-HD-33112E-FILTRO-NAFTA-P550861
SFF0723B,33358SE,FILTRO GASOLIO P553004,https://e-commerce.michelecaroli.com/wso/pages/user/wso0205.jsf?idaa=348479&codart=33358SE&marart=219&seopth=WIX-AUTO-FILTRI-33358SE-FILTRO-GASOLIO-P553004
SFF0707,33167E,FILTRO NAFTA# P550060,https://e-commerce.michelecaroli.com/wso/pages/user/wso0205.jsf?idaa=368995&codart=33167E&marart=218&seopth=WIX-INDUSTRIAL-HD-33167E-FILTRO-NAFTA-P550060
SFF0690,SN25107,FILTRO NAFTA P551039 HIFI,https://e-commerce.michelecaroli.com/wso/pages/user/wso0205.jsf?idaa=299886&codart=SN25107&marart=230&seopth=HIFI-FILTRI-SN25107-FILTRO-NAFTA-P551039-HIFI
SFF0624,33539,FILTRO NAFTA,https://e-commerce.michelecaroli.com/wso/pages/user/wso0205.jsf?idaa=365948&codart=33539&marart=218&seopth=WIX-INDUSTRIAL-HD-33539-FILTRO-NAFTA
SFF0553,33073,FILTRO NAFTA,https://e-commerce.michelecaroli.com/wso/pages/user/wso0205.jsf?idaa=365761&codart=33073&marart=218&seopth=WIX-INDUSTRIAL-HD-33073-FILTRO-NAFTA
SFF0552,51302E,FILTRO OLIO P550052,https://e-commerce.michelecaroli.com/wso/pages/user/wso0205.jsf?idaa=369112&codart=51302E&marart=218&seopth=WIX-INDUSTRIAL-HD-51302E-FILTRO-OLIO-P550052
SFF0552,51302E,FILTRO OLIO P550052,https://e-commerce.michelecaroli.com/wso/pages/user/wso0205.jsf?idaa=369112&codart=51302E&marart=218&seopth=WIX-INDUSTRIAL-HD-51302E-FILTRO-OLIO-P550052
SFF0541,95125E,,https://e-commerce.michelecaroli.com/wso/pages/user/wso0205.jsf?idaa=369668&codart=95125E&marart=218&seopth=WIX-INDUSTRIAL-HD-95125E-FILTRO-NAFTA
SFF0540,33512,FILTRO NAFTA,https://e-commerce.michelecaroli.com/wso/pages/user/wso0205.jsf?idaa=365932&codart=33512&marart=218&seopth=WIX-INDUSTRIAL-HD-33512-FILTRO-NAFTA
SFF0511,SN109,FILTRO NAFTA P553261 HIFI,https://e-commerce.michelecaroli.com/wso/pages/user/wso0205.jsf?idaa=298873&codart=SN109&marart=230&seopth=HIFI-FILTRI-SN109-FILTRO-NAFTA-P553261-HIFI
SFF0418,P550351,ATTUALE P551423,https://e-commerce.michelecaroli.com/wso/pages/user/wso0205.jsf?idaa=156558&codart=P550351&marart=227&seopth=DONALDSON-FILTRI-P550351-ATTUALE-P551423
SFF0323,33395,FILTRO NAFTA,https://e-commerce.michelecaroli.com/wso/pages/user/wso0205.jsf?idaa=365423&codart=33395&marart=218&seopth=WIX-INDUSTRIAL-HD-33395-FILTRO-NAFTA
SFF0306,SN70431,FILTRO NAFTA SEPAR. HIFI,https://e-commerce.michelecaroli.com/wso/pages/user/wso0205.jsf?idaa=299696&codart=SN70431&marart=230&seopth=HIFI-FILTRI-SN70431-FILTRO-NAFTA-SEPAR-HIFI
SFF0219,33219,FILTRO NAFTA,https://e-commerce.michelecaroli.com/wso/pages/user/wso0205.jsf?idaa=365895&codart=33219&marart=218&seopth=WIX-INDUSTRIAL-HD-33219-FILTRO-NAFTA
SFF0218,33218,FILTRO NAFTA,https://e-commerce.michelecaroli.com/wso/pages/user/wso0205.jsf?idaa=365894&codart=33218&marart=218&seopth=WIX-INDUSTRIAL-HD-33218-FILTRO-NAFTA
SFF0202,SN202,FILTRO NAFTA HIFI INTERNO DONALDSON,https://e-commerce.michelecaroli.com/wso/pages/user/wso0205.jsf?idaa=299715&codart=SN202&marart=230&seopth=HIFI-FILTRI-SN202-FILTRO-NAFTA-HIFI
SFF0167,S7111NC,FILTRO CAV296 SOFIMA,https://e-commerce.michelecaroli.com/wso/pages/user/wso0205.jsf?idaa=446634&codart=S7111NC&marart=SOFI&seopth=SOFIMA-S7111NC-FILTRO-CAV296-SOFIMA
SFF0145,SN70117,FILTRO NAFTA HIFI,https://e-commerce.michelecaroli.com/wso/pages/user/wso0205.jsf?idaa=299454&codart=SN70117&marart=230&seopth=HIFI-FILTRI-SN70117-FILTRO-NAFTA-HIFI
SFF0143,P550397,FILTRO GASOLIO CANCELLATO VEDI P551 424,https://e-commerce.michelecaroli.com/wso/pages/user/wso0205.jsf?idaa=156590&codart=P550397&marart=227&seopth=DONALDSON-FILTRI-P550397-FILTRO-GASOLIO-CANCELLATO-VEDI-P551
SFF0108,33144,FILTRO NAFTA,https://e-commerce.michelecaroli.com/wso/pages/user/wso0205.jsf?idaa=365852&codart=33144&marart=218&seopth=WIX-INDUSTRIAL-HD-33144-FILTRO-NAFTA
SFF0076,33367,FILTRO NAFTA WIX,https://e-commerce.michelecaroli.com/wso/pages/user/wso0205.jsf?idaa=365399&codart=33367&marart=218&seopth=WIX-INDUSTRIAL-HD-33367-FILTRO-NAFTA-WIX
SFF0060,33348,FILTRO NAFTA,https://e-commerce.michelecaroli.com/wso/pages/user/wso0205.jsf?idaa=365340&codart=33348&marart=218&seopth=WIX-INDUSTRIAL-HD-33348-FILTRO-NAFTA
SFF0050,33259,FILTRO NAFTA,https://e-commerce.michelecaroli.com/wso/pages/user/wso0205.jsf?idaa=365362&codart=33259&marart=218&seopth=WIX-INDUSTRIAL-HD-33259-FILTRO-NAFTA
SFF0027,SN6239,FILTRO NAFTA P550040 HIFI,https://e-commerce.michelecaroli.com/wso/pages/user/wso0205.jsf?idaa=299439&codart=SN6239&marart=230&seopth=HIFI-FILTRI-SN6239-FILTRO-NAFTA-P550040-HIFI
SFF0009,SP-902,FILTRO CARB.,https://e-commerce.michelecaroli.com/wso/pages/user/wso0205.jsf?idaa=466374&codart=SP-902&marart=ALCO&seopth=ALCO-SP-902-FILTRO-CARB-
SFE80G125A10,57451,FILTRO OLIO,https://e-commerce.michelecaroli.com/wso/pages/user/wso0205.jsf?idaa=368863&codart=57451&marart=218&seopth=WIX-INDUSTRIAL-HD-57451-FILTRO-OLIO
SFE5000,SFE5000,SILENZIATORE HIFI,https://e-commerce.michelecaroli.com/wso/pages/user/wso0205.jsf?idaa=292955&codart=SFE5000&marart=230&seopth=HIFI-FILTRI-SFE5000-SILENZIATORE-HIFI
SFE380G125A10,P169020,FILTRO HYDR.DONALDSON PI6-9020,https://e-commerce.michelecaroli.com/wso/pages/user/wso0205.jsf?idaa=155041&codart=P169020&marart=227&seopth=DONALDSON-FILTRI-P169020-FILTRO-HYDR-DONALDSON-PI6-9020
SFE280G125A10,P169019,"HYDRAULIC FILTER, STRAINER",https://e-commerce.michelecaroli.com/wso/pages/user/wso0205.jsf?idaa=441000&codart=P169019&marart=227&seopth=DONALDSON-FILTRI-P169019-HYDRAULIC-FILTER-STRAINER
SFE2112,SFE2112,,https://e-commerce.michelecaroli.com/wso/pages/user/wso0205.jsf?idaa=399618&codart=SFE2112&marart=230&seopth=HIFI-FILTRI-SFE2112-SILENZIATORE-HIFI
SFE1938,SFE1938,,https://e-commerce.michelecaroli.com/wso/pages/user/wso0205.jsf?idaa=399617&codart=SFE1938&marart=230&seopth=HIFI-FILTRI-SFE1938-SILENZIATORE-HIFI
SFE1918,SFE1918,,https://e-commerce.michelecaroli.com/wso/pages/user/wso0205.jsf?idaa=399616&codart=SFE1918&marart=230&seopth=HIFI-FILTRI-SFE1918-SILENZIATORE-HIFI
SFE1914,SFE1914,,https://e-commerce.michelecaroli.com/wso/pages/user/wso0205.jsf?idaa=399615&codart=SFE1914&marart=230&seopth=HIFI-FILTRI-SFE1914-SILENZIATORE-HIFI
SFE1818,SFE1818,,https://e-commerce.michelecaroli.com/wso/pages/user/wso0205.jsf?idaa=399613&codart=SFE1818&marart=230&seopth=HIFI-FILTRI-SFE1818-SILENZIATORE-HIFI
SFE1814,SFE1814,,https://e-commerce.michelecaroli.com/wso/pages/user/wso0205.jsf?idaa=399612&codart=SFE1814&marart=230&seopth=HIFI-FILTRI-SFE1814-SILENZIATORE-HIFI
SFE180G125A10BYP,P173915,"HYDRAULIC FILTER, STRAINER",https://e-commerce.michelecaroli.com/wso/pages/user/wso0205.jsf?idaa=441072&codart=P173915&marart=227&seopth=DONALDSON-FILTRI-P173915-HYDRAULIC-FILTER-STRAINER
SFE1801,SFE1801,,https://e-commerce.michelecaroli.com/wso/pages/user/wso0205.jsf?idaa=292951&codart=SFE1801&marart=230&seopth=HIFI-FILTRI-SFE1801-SILENZIATORE-HIFI
SFE0718,SFE0718,,https://e-commerce.michelecaroli.com/wso/pages/user/wso0205.jsf?idaa=292949&codart=SFE0718&marart=230&seopth=HIFI-FILTRI-SFE0718-SILENZIATORE-HIFI
SFE0714,SFE0714,,https://e-commerce.michelecaroli.com/wso/pages/user/wso0205.jsf?idaa=292948&codart=SFE0714&marart=230&seopth=HIFI-FILTRI-SFE0714-SILENZIATORE-HIFI
SFE0712,SFE0712,,https://e-commerce.michelecaroli.com/wso/pages/user/wso0205.jsf?idaa=399608&codart=SFE0712&marart=230&seopth=HIFI-FILTRI-SFE0712-SILENZIATORE-HIFI
SFE0338,SFE0338,,https://e-commerce.michelecaroli.com/wso/pages/user/wso0205.jsf?idaa=292946&codart=SFE0338&marart=230&seopth=HIFI-FILTRI-SFE0338-SILENZIATORE-HIFI
SFE0312,SFE0312,,https://e-commerce.michelecaroli.com/wso/pages/user/wso0205.jsf?idaa=292944&codart=SFE0312&marart=230&seopth=HIFI-FILTRI-SFE0312-SILENZIATORE-HIFI
SFD901158T,P550777,FILTRO@OLIO DONALDSON conf.6,https://e-commerce.michelecaroli.com/wso/pages/user/wso0205.jsf?idaa=156797&codart=P550777&marart=227&seopth=DONALDSON-FILTRI-P550777-FILTRO-OLIO-DONALDSON-conf-6
SFD45253,SA10833,FILTRO ARIA P114931 HIFI,https://e-commerce.michelecaroli.com/wso/pages/user/wso0205.jsf?idaa=336071&codart=SA10833&marart=230&seopth=HIFI-FILTRI-SA10833-FILTRO-ARIA-P114931-HIFI
SFD28035,SN105C,FILTRO NAFTA P550106 HIFI,https://e-commerce.michelecaroli.com/wso/pages/user/wso0205.jsf?idaa=298870&codart=SN105C&marart=230&seopth=HIFI-FILTRI-SN105C-FILTRO-NAFTA-P550106-HIFI
SFD28035,SN105C,FILTRO NAFTA P550106 HIFI,https://e-commerce.michelecaroli.com/wso/pages/user/wso0205.jsf?idaa=298870&codart=SN105C&marart=230&seopth=HIFI-FILTRI-SN105C-FILTRO-NAFTA-P550106-HIFI
SFD28031,P552071,FILTRO ACQUA DONALDSON conf.12 50 M ICRON,https://e-commerce.michelecaroli.com/wso/pages/user/wso0205.jsf?idaa=157025&codart=P552071&marart=227&seopth=DONALDSON-FILTRI-P552071-FILTRO-ACQUA-DONALDSON-conf-12-50-M
SFD18502,51553,FILTRO IDRAULICO,https://e-commerce.michelecaroli.com/wso/pages/user/wso0205.jsf?idaa=368434&codart=51553&marart=218&seopth=WIX-INDUSTRIAL-HD-51553-FILTRO-IDRAULICO
SFD18498,51865,FILTRO OLIO,https://e-commerce.michelecaroli.com/wso/pages/user/wso0205.jsf?idaa=368683&codart=51865&marart=218&seopth=WIX-INDUSTRIAL-HD-51865-FILTRO-OLIO
SFD18498,51865,FILTRO OLIO,https://e-commerce.michelecaroli.com/wso/pages/user/wso0205.jsf?idaa=368683&codart=51865&marart=218&seopth=WIX-INDUSTRIAL-HD-51865-FILTRO-OLIO
SFD015585,92126E,,https://e-commerce.michelecaroli.com/wso/pages/user/wso0205.jsf?idaa=369252&codart=92126E&marart=218&seopth=WIX-INDUSTRIAL-HD-92126E-FILTRO-OLIO
SFD014988,51506,FILTRO IDRAULICO,https://e-commerce.michelecaroli.com/wso/pages/user/wso0205.jsf?idaa=368390&codart=51506&marart=218&seopth=WIX-INDUSTRIAL-HD-51506-FILTRO-IDRAULICO
SFD012187,SO3333,FILTRO OLIO P551670# HIFI,https://e-commerce.michelecaroli.com/wso/pages/user/wso0205.jsf?idaa=300892&codart=SO3333&marart=230&seopth=HIFI-FILTRI-SO3333-FILTRO-OLIO-P551670-HIFI
SFC792530V,P502355,"FUEL FILTER, WATER SEPARATOR SPIN-O",https://e-commerce.michelecaroli.com/wso/pages/user/wso0205.jsf?idaa=441445&codart=P502355&marart=227&seopth=DONALDSON-FILTRI-P502355-FUEL-FILTER-WATER-SEPARATOR-SPIN-O
SFC792530,P502355,"FUEL FILTER, WATER SEPARATOR SPIN-O",https://e-commerce.michelecaroli.com/wso/pages/user/wso0205.jsf?idaa=441445&codart=P502355&marart=227&seopth=DONALDSON-FILTRI-P502355-FUEL-FILTER-WATER-SEPARATOR-SPIN-O
SFC790130V,33782,FILTRO NAFTA,https://e-commerce.michelecaroli.com/wso/pages/user/wso0205.jsf?idaa=366120&codart=33782&marart=218&seopth=WIX-INDUSTRIAL-HD-33782-FILTRO-NAFTA
SFC790130,33782,FILTRO NAFTA,https://e-commerce.michelecaroli.com/wso/pages/user/wso0205.jsf?idaa=366120&codart=33782&marart=218&seopth=WIX-INDUSTRIAL-HD-33782-FILTRO-NAFTA
SFC561110V,P550937,SOSTITUITO,https://e-commerce.michelecaroli.com/wso/pages/user/wso0205.jsf?idaa=156858&codart=P550937&marart=227&seopth=DONALDSON-FILTRI-P550937-SOSTITUITO
SFC51170,SN30025,FILTRO NAFTA P502420 HIFI,https://e-commerce.michelecaroli.com/wso/pages/user/wso0205.jsf?idaa=299937&codart=SN30025&marart=230&seopth=HIFI-FILTRI-SN30025-FILTRO-NAFTA-P502420-HIFI
SFC4685,P554685,FILTRO ACQUA DONALDSON P55-4685 conf.12,https://e-commerce.michelecaroli.com/wso/pages/user/wso0205.jsf?idaa=157118&codart=P554685&marart=227&seopth=DONALDSON-FILTRI-P554685-FILTRO-ACQUA-DONALDSON-P55-4685
SFC226,FT3228,FILTRO NAFTA P551351 HIFI,https://e-commerce.michelecaroli.com/wso/pages/user/wso0205.jsf?idaa=394786&codart=FT3228&marart=230&seopth=HIFI-FILTRI-FT3228-FILTRO-NAFTA-P551351-HIFI
SFC214,FT1907,FILTRO NAFTA P502163 HIFI,https://e-commerce.michelecaroli.com/wso/pages/user/wso0205.jsf?idaa=394781&codart=FT1907&marart=230&seopth=HIFI-FILTRI-FT1907-FILTRO-NAFTA-P502163-HIFI
SFC2096,P552096,FILTRO ACQUA conf.12,https://e-commerce.michelecaroli.com/wso/pages/user/wso0205.jsf?idaa=157032&codart=P552096&marart=227&seopth=DONALDSON-FILTRI-P552096-FILTRO-ACQUA
SFC208,SP-902,FILTRO CARB.,https://e-commerce.michelecaroli.com/wso/pages/user/wso0205.jsf?idaa=466374&codart=SP-902&marart=ALCO&seopth=ALCO-SP-902-FILTRO-CARB-
SFC2076,WS10058,FILTRO ACQUA,https://e-commerce.michelecaroli.com/wso/pages/user/wso0205.jsf?idaa=369837&codart=WS10058&marart=218&seopth=WIX-INDUSTRIAL-HD-WS10058-FILTRO-ACQUA
SFC2074,WE2067,FILTRO PER LIQUIDO RAFFREDAMENTO HI,https://e-commerce.michelecaroli.com/wso/pages/user/wso0205.jsf?idaa=349575&codart=WE2067&marart=230&seopth=HIFI-FILTRI-WE2067-FILTRO-PER-LIQUIDO-RAFFREDAMENTO-HI
SFC2074,WE2067,FILTRO PER LIQUIDO RAFFREDAMENTO HI,https://e-commerce.michelecaroli.com/wso/pages/user/wso0205.jsf?idaa=349575&codart=WE2067&marart=230&seopth=HIFI-FILTRI-WE2067-FILTRO-PER-LIQUIDO-RAFFREDAMENTO-HI
SFC2073,WE2060,FILTRO ACQUA P554073 HIFI,https://e-commerce.michelecaroli.com/wso/pages/user/wso0205.jsf?idaa=424763&codart=WE2060&marart=230&seopth=HIFI-FILTRI-WE2060-FILTRO-ACQUA-P554073-HIFI
SFC2073,WE2060,FILTRO ACQUA P554073 HIFI,https://e-commerce.michelecaroli.com/wso/pages/user/wso0205.jsf?idaa=424763&codart=WE2060&marart=230&seopth=HIFI-FILTRI-WE2060-FILTRO-ACQUA-P554073-HIFI
SFC2072,WE2072,FILTRO ACQUA P552072 HIFI,https://e-commerce.michelecaroli.com/wso/pages/user/wso0205.jsf?idaa=395492&codart=WE2072&marart=230&seopth=HIFI-FILTRI-WE2072-FILTRO-ACQUA-P552072-HIFI
SFC2055,P552055,FILTRO ACQUA DONALDSON P55-2055,https://e-commerce.michelecaroli.com/wso/pages/user/wso0205.jsf?idaa=157023&codart=P552055&marart=227&seopth=DONALDSON-FILTRI-P552055-FILTRO-ACQUA-DONALDSON-P55-2055
SFC2054,P552075,FILTRO ACQUA DONALDSON conf.12,https://e-commerce.michelecaroli.com/wso/pages/user/wso0205.jsf?idaa=157029&codart=P552075&marart=227&seopth=DONALDSON-FILTRI-P552075-FILTRO-ACQUA-DONALDSON-conf-12
SFC2054,P552075,FILTRO ACQUA DONALDSON conf.12,https://e-commerce.michelecaroli.com/wso/pages/user/wso0205.jsf?idaa=157029&codart=P552075&marart=227&seopth=DONALDSON-FILTRI-P552075-FILTRO-ACQUA-DONALDSON-conf-12
SFC2053,WE2060,FILTRO ACQUA P554073 HIFI,https://e-commerce.michelecaroli.com/wso/pages/user/wso0205.jsf?idaa=424763&codart=WE2060&marart=230&seopth=HIFI-FILTRI-WE2060-FILTRO-ACQUA-P554073-HIFI
SFC2053,WE2060,FILTRO ACQUA P554073 HIFI,https://e-commerce.michelecaroli.com/wso/pages/user/wso0205.jsf?idaa=424763&codart=WE2060&marart=230&seopth=HIFI-FILTRI-WE2060-FILTRO-ACQUA-P554073-HIFI
SFC20197,93221E,FILTRO ABITACOLO,https://e-commerce.michelecaroli.com/wso/pages/user/wso0205.jsf?idaa=369501&codart=93221E&marart=218&seopth=WIX-INDUSTRIAL-HD-93221E-FILTRO-ABITACOLO
SFC190510,P505961,,https://e-commerce.michelecaroli.com/wso/pages/user/wso0205.jsf?idaa=156110&codart=P505961&marart=227&seopth=DONALDSON-FILTRI-P505961-SOSTITUITO-DAL-P551864
SFC147,SP-902,FILTRO CARB.,https://e-commerce.michelecaroli.com/wso/pages/user/wso0205.jsf?idaa=466374&codart=SP-902&marart=ALCO&seopth=ALCO-SP-902-FILTRO-CARB-
SFBH2405,SFBH2405,,https://e-commerce.michelecaroli.com/wso/pages/user/wso0205.jsf?idaa=399607&codart=SFBH2405&marart=230&seopth=HIFI-FILTRI-SFBH2405-SILENZIATORE-HIFI
SFBH2402,SFBH2402,,https://e-commerce.michelecaroli.com/wso/pages/user/wso0205.jsf?idaa=399606&codart=SFBH2402&marart=230&seopth=HIFI-FILTRI-SFBH2402-SILENZIATORE-HIFI
SFBH2271KIT,SFBH2271KIT,,https://e-commerce.michelecaroli.com/wso/pages/user/wso0205.jsf?idaa=399605&codart=SFBH2271KIT&marart=230&seopth=HIFI-FILTRI-SFBH2271KIT-SILENZIATORE-HIFI
SFBH2270KIT,SFBH2270KIT,,https://e-commerce.michelecaroli.com/wso/pages/user/wso0205.jsf?idaa=399604&codart=SFBH2270KIT&marart=230&seopth=HIFI-FILTRI-SFBH2270KIT-SILENZIATORE-HIFI
SFARF71,SN111,FILTRO NAFTA P550552 HIFI,https://e-commerce.michelecaroli.com/wso/pages/user/wso0205.jsf?idaa=298875&codart=SN111&marart=230&seopth=HIFI-FILTRI-SN111-FILTRO-NAFTA-P550552-HIFI
SFAG030,SA16239,FILTRO ARIA P136258 HIFI,https://e-commerce.michelecaroli.com/wso/pages/user/wso0205.jsf?idaa=289152&codart=SA16239&marart=230&seopth=HIFI-FILTRI-SA16239-FILTRO-ARIA-P136258-HIFI
SFAF700S,27.165.00,FILTRO ARIA DIV.,https://e-commerce.michelecaroli.com/wso/pages/user/wso0205.jsf?idaa=150215&codart=27.165.00&marart=UFIHD&seopth=UFI-HD-27-165-00-FILTRO-ARIA-DIV-
SFA9972S,42336,FILTRO ARIA,https://e-commerce.michelecaroli.com/wso/pages/user/wso0205.jsf?idaa=366461&codart=42336&marart=218&seopth=WIX-INDUSTRIAL-HD-42336-FILTRO-ARIA
SFA9853,42853,FILTRO ARIA,https://e-commerce.michelecaroli.com/wso/pages/user/wso0205.jsf?idaa=366853&codart=42853&marart=218&seopth=WIX-INDUSTRIAL-HD-42853-FILTRO-ARIA
SFA9852,SA10282,,https://e-commerce.michelecaroli.com/wso/pages/user/wso0205.jsf?idaa=335972&codart=SA10282&marart=230&seopth=HIFI-FILTRI-SA10282-FILTRO-ARIA-P181106-HIFI
SFA9851,42851,FILTRO ARIA,https://e-commerce.michelecaroli.com/wso/pages/user/wso0205.jsf?idaa=366851&codart=42851&marart=218&seopth=WIX-INDUSTRIAL-HD-42851-FILTRO-ARIA
SFA9372S,MD-372,FILTRO ARIA,https://e-commerce.michelecaroli.com/wso/pages/user/wso0205.jsf?idaa=463642&codart=MD-372&marart=ALCO&seopth=ALCO-MD-372-FILTRO-ARIA
SFA9316P,46647,FILTRO ARIA,https://e-commerce.michelecaroli.com/wso/pages/user/wso0205.jsf?idaa=367394&codart=46647&marart=218&seopth=WIX-INDUSTRIAL-HD-46647-FILTRO-ARIA
SFA923,42928,FILTRO ARIA,https://e-commerce.michelecaroli.com/wso/pages/user/wso0205.jsf?idaa=366904&codart=42928&marart=218&seopth=WIX-INDUSTRIAL-HD-42928-FILTRO-ARIA
SFA8781P,MD-7508,FILTRO ARIA,https://e-commerce.michelecaroli.com/wso/pages/user/wso0205.jsf?idaa=464294&codart=MD-7508&marart=ALCO&seopth=ALCO-MD-7508-FILTRO-ARIA
SFA8760,93154E,,https://e-commerce.michelecaroli.com/wso/pages/user/wso0205.jsf?idaa=369458&codart=93154E&marart=218&seopth=WIX-INDUSTRIAL-HD-93154E-FILTRO-ARIA
SFA8736F,SA10769K,FILTRO ARIA P108736# HIFI ABBIMNATO CON SA14762,https://e-commerce.michelecaroli.com/wso/pages/user/wso0205.jsf?idaa=336046&codart=SA10769K&marart=230&seopth=HIFI-FILTRI-SA10769K-FILTRO-ARIA-P108736-HIFI
SFA8600SET,SA11884,FILTRO ARIA P181070 HIFI,https://e-commerce.michelecaroli.com/wso/pages/user/wso0205.jsf?idaa=336306&codart=SA11884&marart=230&seopth=HIFI-FILTRI-SA11884-FILTRO-ARIA-P181070-HIFI
SFA8463,P181133,FILTRO ARIA DONALDSON P18-1133,https://e-commerce.michelecaroli.com/wso/pages/user/wso0205.jsf?idaa=155877&codart=P181133&marart=227&seopth=DONALDSON-FILTRI-P181133-FILTRO-ARIA-DONALDSON-P18-1133
SFA8343F,42212,FILTRO ARIA,https://e-commerce.michelecaroli.com/wso/pages/user/wso0205.jsf?idaa=366381&codart=42212&marart=218&seopth=WIX-INDUSTRIAL-HD-42212-FILTRO-ARIA
SFA8007F,P776730,FILTRO ARIA DONALDSON P77-6730,https://e-commerce.michelecaroli.com/wso/pages/user/wso0205.jsf?idaa=157781&codart=P776730&marart=227&seopth=DONALDSON-FILTRI-P776730-FILTRO-ARIA-DONALDSON-P77-6730
SFA8004P,46849,,https://e-commerce.michelecaroli.com/wso/pages/user/wso0205.jsf?idaa=367564&codart=46849&marart=218&seopth=WIX-INDUSTRIAL-HD-46849-FILTRO-ARIA
SFA8004,46849,,https://e-commerce.michelecaroli.com/wso/pages/user/wso0205.jsf?idaa=367564&codart=46849&marart=218&seopth=WIX-INDUSTRIAL-HD-46849-FILTRO-ARIA
SFA7875S,SA16124,FILTRO ARIA P777875 HIFI,https://e-commerce.michelecaroli.com/wso/pages/user/wso0205.jsf?idaa=289093&codart=SA16124&marart=230&seopth=HIFI-FILTRI-SA16124-FILTRO-ARIA-P777875-HIFI
SFA7871P,SA16123,FILTRO ARIA P777871 HIFI,https://e-commerce.michelecaroli.com/wso/pages/user/wso0205.jsf?idaa=289092&codart=SA16123&marart=230&seopth=HIFI-FILTRI-SA16123-FILTRO-ARIA-P777871-HIFI
SFA7682P,P527682,FILTRO ARIA DONALDSON P52-7682,https://e-commerce.michelecaroli.com/wso/pages/user/wso0205.jsf?idaa=156225&codart=P527682&marart=227&seopth=DONALDSON-FILTRI-P527682-FILTRO-ARIA-DONALDSON-P52-7682
SFA7577S,P777577,FILTRO ARIA SICUREZZA DONALDSON ABBINATO CON p775778,https://e-commerce.michelecaroli.com/wso/pages/user/wso0205.jsf?idaa=157817&codart=P777577&marart=227&seopth=DONALDSON-FILTRI-P777577-FILTRO-ARIA-SICUREZZA-DONALDSON
SFA7550,SA10200,FILTRO ARIA HIFI,https://e-commerce.michelecaroli.com/wso/pages/user/wso0205.jsf?idaa=335952&codart=SA10200&marart=230&seopth=HIFI-FILTRI-SA10200-FILTRO-ARIA-HIFI
SFA7414S,P537877,,https://e-commerce.michelecaroli.com/wso/pages/user/wso0205.jsf?idaa=156334&codart=P537877&marart=227&seopth=DONALDSON-FILTRI-P537877-SOSTITUITO-DAL-P777414
SFA7315S,42594,FILTRO ARIA,https://e-commerce.michelecaroli.com/wso/pages/user/wso0205.jsf?idaa=366654&codart=42594&marart=218&seopth=WIX-INDUSTRIAL-HD-42594-FILTRO-ARIA
SFA7315S,42594,FILTRO ARIA,https://e-commerce.michelecaroli.com/wso/pages/user/wso0205.jsf?idaa=366654&codart=42594&marart=218&seopth=WIX-INDUSTRIAL-HD-42594-FILTRO-ARIA
SFA7242,P500014,FILTRO ARIA DONALDSON P50-0014,https://e-commerce.michelecaroli.com/wso/pages/user/wso0205.jsf?idaa=155950&codart=P500014&marart=227&seopth=DONALDSON-FILTRI-P500014-FILTRO-ARIA-DONALDSON-P50-0014
SFA7133,46848,FILTRO ARIA,https://e-commerce.michelecaroli.com/wso/pages/user/wso0205.jsf?idaa=367563&codart=46848&marart=218&seopth=WIX-INDUSTRIAL-HD-46848-FILTRO-ARIA
SFA7060,P500125,FILTRO ARIA,https://e-commerce.michelecaroli.com/wso/pages/user/wso0205.jsf?idaa=155971&codart=P500125&marart=227&seopth=DONALDSON-FILTRI-P500125-FILTRO-ARIA
SFA7033SET,MD-290,FILTRO ARIA,https://e-commerce.michelecaroli.com/wso/pages/user/wso0205.jsf?idaa=463573&codart=MD-290&marart=ALCO&seopth=ALCO-MD-290-FILTRO-ARIA
SFA7024,P121240,FILTRO ARIA,https://e-commerce.michelecaroli.com/wso/pages/user/wso0205.jsf?idaa=311843&codart=P121240&marart=227&seopth=DONALDSON-FILTRI-P121240-FILTRO-ARIA
SFA6J00,P505192,"AIR FILTER, PRIMARY OBROUND",https://e-commerce.michelecaroli.com/wso/pages/user/wso0205.jsf?idaa=441472&codart=P505192&marart=227&seopth=DONALDSON-FILTRI-P505192-AIR-FILTER-PRIMARY-OBROUND
SFA6779,42130,FILTRO ARIA,https://e-commerce.michelecaroli.com/wso/pages/user/wso0205.jsf?idaa=366344&codart=42130&marart=218&seopth=WIX-INDUSTRIAL-HD-42130-FILTRO-ARIA
SFA6765,46644,FILTRO ARIA,https://e-commerce.michelecaroli.com/wso/pages/user/wso0205.jsf?idaa=367391&codart=46644&marart=218&seopth=WIX-INDUSTRIAL-HD-46644-FILTRO-ARIA
SFA6740,X006246,KIT FILTRI ARIA,https://e-commerce.michelecaroli.com/wso/pages/user/wso0205.jsf?idaa=158309&codart=X006246&marart=227&seopth=DONALDSON-FILTRI-X006246-KIT-FILTRI-ARIA
SFA6469S,46346,FILTRO ARIA,https://e-commerce.michelecaroli.com/wso/pages/user/wso0205.jsf?idaa=367140&codart=46346&marart=218&seopth=WIX-INDUSTRIAL-HD-46346-FILTRO-ARIA
SFA6258,SA16239,FILTRO ARIA P136258 HIFI,https://e-commerce.michelecaroli.com/wso/pages/user/wso0205.jsf?idaa=289152&codart=SA16239&marart=230&seopth=HIFI-FILTRI-SA16239-FILTRO-ARIA-P136258-HIFI
SFA6252,93155E,,https://e-commerce.michelecaroli.com/wso/pages/user/wso0205.jsf?idaa=369459&codart=93155E&marart=218&seopth=WIX-INDUSTRIAL-HD-93155E-FILTRO-ARIA
SFA6128SET,P524374,,https://e-commerce.michelecaroli.com/wso/pages/user/wso0205.jsf?idaa=156150&codart=P524374&marart=227&seopth=DONALDSON-FILTRI-P524374-FILTRO-ARIA-DONALDSON-P52-4374
SFA6099,42926,FILTRO ARIA,https://e-commerce.michelecaroli.com/wso/pages/user/wso0205.jsf?idaa=366902&codart=42926&marart=218&seopth=WIX-INDUSTRIAL-HD-42926-FILTRO-ARIA
SFA6070SET,X006253,KIT@ FILTRI ARIA P526428+P526432,https://e-commerce.michelecaroli.com/wso/pages/user/wso0205.jsf?idaa=158311&codart=X006253&marart=227&seopth=DONALDSON-FILTRI-X006253-KIT-FILTRI-ARIA-P526428-P526432
SFA6050,X007297,KIT FILTRI ARIA P119374+P535365,https://e-commerce.michelecaroli.com/wso/pages/user/wso0205.jsf?idaa=443383&codart=X007297&marart=227&seopth=DONALDSON-FILTRI-X007297-KIT-FILTRI-ARIA-P119374-P535365
SFA5951PF,46379,FILTRO ARIA,https://e-commerce.michelecaroli.com/wso/pages/user/wso0205.jsf?idaa=367166&codart=46379&marart=218&seopth=WIX-INDUSTRIAL-HD-46379-FILTRO-ARIA
SFA5835,SA10209,FILTRO,https://e-commerce.michelecaroli.com/wso/pages/user/wso0205.jsf?idaa=438559&codart=SA10209&marart=230&seopth=HIFI-FILTRI-SA10209-FILTRO
SFA5773,42328E,FILTRO ARIA P771575,https://e-commerce.michelecaroli.com/wso/pages/user/wso0205.jsf?idaa=369019&codart=42328E&marart=218&seopth=WIX-INDUSTRIAL-HD-42328E-FILTRO-ARIA-P771575
SFA5623P,SA18026,FILTRO ARIA HIFI,https://e-commerce.michelecaroli.com/wso/pages/user/wso0205.jsf?idaa=289844&codart=SA18026&marart=230&seopth=HIFI-FILTRI-SA18026-FILTRO-ARIA-HIFI
SFA5485S,46569E,FILTRO ARIA# P775302,https://e-commerce.michelecaroli.com/wso/pages/user/wso0205.jsf?idaa=369066&codart=46569E&marart=218&seopth=WIX-INDUSTRIAL-HD-46569E-FILTRO-ARIA-P775302
SFA5484S,MD-7452,FILTRO ARIA ALCO P775300,https://e-commerce.michelecaroli.com/wso/pages/user/wso0205.jsf?idaa=464263&codart=MD-7452&marart=ALCO&seopth=ALCO-MD-7452-FILTRO-ARIA-ALCO-P775300
SFA5436P,SA16069,FILTRO ARIA P532410 HIFI ESTERNO ABBINATO CON SA16252,https://e-commerce.michelecaroli.com/wso/pages/user/wso0205.jsf?idaa=289054&codart=SA16069&marart=230&seopth=HIFI-FILTRI-SA16069-FILTRO-ARIA-P532410-HIFI-ESTERNO
SFA5401,P500020,FILTRO ARIA,https://e-commerce.michelecaroli.com/wso/pages/user/wso0205.jsf?idaa=155952&codart=P500020&marart=227&seopth=DONALDSON-FILTRI-P500020-FILTRO-ARIA
SFA5398S,P535398,,https://e-commerce.michelecaroli.com/wso/pages/user/wso0205.jsf?idaa=313766&codart=P535398&marart=227&seopth=DONALDSON-FILTRI-P535398-FILTRO-ARIA
SFA5396S,MD-7542S,FILTRO ARIA,https://e-commerce.michelecaroli.com/wso/pages/user/wso0205.jsf?idaa=464324&codart=MD-7542S&marart=ALCO&seopth=ALCO-MD-7542S-FILTRO-ARIA
SFA5366S,46453,FILTRO ARIA,https://e-commerce.michelecaroli.com/wso/pages/user/wso0205.jsf?idaa=367225&codart=46453&marart=218&seopth=WIX-INDUSTRIAL-HD-46453-FILTRO-ARIA
SFA5300S,MD-7452,FILTRO ARIA ALCO P775300,https://e-commerce.michelecaroli.com/wso/pages/user/wso0205.jsf?idaa=464263&codart=MD-7452&marart=ALCO&seopth=ALCO-MD-7452-FILTRO-ARIA-ALCO-P775300
SFA5089,P534105,"FILTRO ABITACOLO 168,9X342,9X41,4 DONALDSON",https://e-commerce.michelecaroli.com/wso/pages/user/wso0205.jsf?idaa=156994&codart=P534105&marart=227&seopth=DONALDSON-FILTRI-P534105-FILTRO-ABITACOLO-168-9X342-9X41-4
SFA4905P,93059E,FILTRO ARIA P772522,https://e-commerce.michelecaroli.com/wso/pages/user/wso0205.jsf?idaa=369322&codart=93059E&marart=218&seopth=WIX-INDUSTRIAL-HD-93059E-FILTRO-ARIA-P772522
SFA4749PF,P812610,"AIR FILTER, PRIMARY FINNED",https://e-commerce.michelecaroli.com/wso/pages/user/wso0205.jsf?idaa=443233&codart=P812610&marart=227&seopth=DONALDSON-FILTRI-P812610-AIR-FILTER-PRIMARY-FINNED
SFA4749,P812610,"AIR FILTER, PRIMARY FINNED",https://e-commerce.michelecaroli.com/wso/pages/user/wso0205.jsf?idaa=443233&codart=P812610&marart=227&seopth=DONALDSON-FILTRI-P812610-AIR-FILTER-PRIMARY-FINNED
SFA4731,46117,FILTRO ARIA,https://e-commerce.michelecaroli.com/wso/pages/user/wso0205.jsf?idaa=367015&codart=46117&marart=218&seopth=WIX-INDUSTRIAL-HD-46117-FILTRO-ARIA
SFA4727,93117E,,https://e-commerce.michelecaroli.com/wso/pages/user/wso0205.jsf?idaa=369353&codart=93117E&marart=218&seopth=WIX-INDUSTRIAL-HD-93117E-FILTRO-ARIA
SFA4714,42595,FILTRO ARIA,https://e-commerce.michelecaroli.com/wso/pages/user/wso0205.jsf?idaa=366655&codart=42595&marart=218&seopth=WIX-INDUSTRIAL-HD-42595-FILTRO-ARIA
SFA4675,46647,FILTRO ARIA,https://e-commerce.michelecaroli.com/wso/pages/user/wso0205.jsf?idaa=367394&codart=46647&marart=218&seopth=WIX-INDUSTRIAL-HD-46647-FILTRO-ARIA
SFA4473,P500056,FILTRO ARIA,https://e-commerce.michelecaroli.com/wso/pages/user/wso0205.jsf?idaa=155958&codart=P500056&marart=227&seopth=DONALDSON-FILTRI-P500056-FILTRO-ARIA
SFA4435,P534435,FILTRO ARIA DONALDSON P53-4435 ABBINATO CON P543615,https://e-commerce.michelecaroli.com/wso/pages/user/wso0205.jsf?idaa=156995&codart=P534435&marart=227&seopth=DONALDSON-FILTRI-P534435-FILTRO-ARIA-DONALDSON-P53-4435
SFA4273,P148341,"CLAMP, T-BOLT",https://e-commerce.michelecaroli.com/wso/pages/user/wso0205.jsf?idaa=440947&codart=P148341&marart=227&seopth=DONALDSON-FILTRI-P148341-CLAMP-T-BOLT
SFA4273,P148341,"CLAMP, T-BOLT",https://e-commerce.michelecaroli.com/wso/pages/user/wso0205.jsf?idaa=440947&codart=P148341&marart=227&seopth=DONALDSON-FILTRI-P148341-CLAMP-T-BOLT
SFA4150S,SA14100,FILTRO ARIA P119778 HIFI,https://e-commerce.michelecaroli.com/wso/pages/user/wso0205.jsf?idaa=288876&codart=SA14100&marart=230&seopth=HIFI-FILTRI-SA14100-FILTRO-ARIA-P119778-HIFI
SFA413,42865,FILTRO ARIA,https://e-commerce.michelecaroli.com/wso/pages/user/wso0205.jsf?idaa=366863&codart=42865&marart=218&seopth=WIX-INDUSTRIAL-HD-42865-FILTRO-ARIA
