Code searched,Matched code,Part Category on Michele,Link to Michele product
SK3332,SK3332,,https://e-commerce.michelecaroli.com/wso/pages/user/wso0205.jsf?idaa=409922&codart=SK3332&marart=233&seopth=SF-FILTER-SK3332-FILTRO-NAFTA
SK3330,SK3330,,https://e-commerce.michelecaroli.com/wso/pages/user/wso0205.jsf?idaa=409920&codart=SK3330&marart=233&seopth=SF-FILTER-SK3330-FILTRO-NAFTA
SK3329,SK3329,,https://e-commerce.michelecaroli.com/wso/pages/user/wso0205.jsf?idaa=409919&codart=SK3329&marart=233&seopth=SF-FILTER-SK3329-FILTRO-NAFTA
SK3327,SK3327,,https://e-commerce.michelecaroli.com/wso/pages/user/wso0205.jsf?idaa=409917&codart=SK3327&marart=233&seopth=SF-FILTER-SK3327-FILTRO-NAFTA
SK3327,SK3327,,https://e-commerce.michelecaroli.com/wso/pages/user/wso0205.jsf?idaa=409917&codart=SK3327&marart=233&seopth=SF-FILTER-SK3327-FILTRO-NAFTA
SK3326,SK3326,,https://e-commerce.michelecaroli.com/wso/pages/user/wso0205.jsf?idaa=409916&codart=SK3326&marart=233&seopth=SF-FILTER-SK3326-FILTRO-NAFTA
SK3325,SK3325,,https://e-commerce.michelecaroli.com/wso/pages/user/wso0205.jsf?idaa=409915&codart=SK3325&marart=233&seopth=SF-FILTER-SK3325-FILTRO-NAFTA
SK3325,SK3325,,https://e-commerce.michelecaroli.com/wso/pages/user/wso0205.jsf?idaa=409915&codart=SK3325&marart=233&seopth=SF-FILTER-SK3325-FILTRO-NAFTA
SK3324,SK3324,,https://e-commerce.michelecaroli.com/wso/pages/user/wso0205.jsf?idaa=409914&codart=SK3324&marart=233&seopth=SF-FILTER-SK3324-FILTRO-NAFTA
SK3323,SK3323,,https://e-commerce.michelecaroli.com/wso/pages/user/wso0205.jsf?idaa=409913&codart=SK3323&marart=233&seopth=SF-FILTER-SK3323-FILTRO-NAFTA
SK3323,SK3323,,https://e-commerce.michelecaroli.com/wso/pages/user/wso0205.jsf?idaa=409913&codart=SK3323&marart=233&seopth=SF-FILTER-SK3323-FILTRO-NAFTA
SK3323,SK3323,,https://e-commerce.michelecaroli.com/wso/pages/user/wso0205.jsf?idaa=409913&codart=SK3323&marart=233&seopth=SF-FILTER-SK3323-FILTRO-NAFTA
SK33222,SK3322/2,,https://e-commerce.michelecaroli.com/wso/pages/user/wso0205.jsf?idaa=409911&codart=SK3322%2F2&marart=233&seopth=SF-FILTER-SK3322-2-FILTRO-NAFTA
SK33206,SN70515,FILTRO NAFTA HIFI,https://e-commerce.michelecaroli.com/wso/pages/user/wso0205.jsf?idaa=486632&codart=SN70515&marart=230&seopth=HIFI-FILTRI-SN70515-FILTRO-NAFTA-HIFI
SK33204,24.120.00,FILTRO NAFTA,https://e-commerce.michelecaroli.com/wso/pages/user/wso0205.jsf?idaa=370201&codart=24.120.00&marart=UFIHD&seopth=UFI-HD-24-120-00-FILTRO-NAFTA
SK3318,SK3318,,https://e-commerce.michelecaroli.com/wso/pages/user/wso0205.jsf?idaa=409906&codart=SK3318&marart=233&seopth=SF-FILTER-SK3318-FILTRO-NAFTA
SK3316,SK3316,,https://e-commerce.michelecaroli.com/wso/pages/user/wso0205.jsf?idaa=409904&codart=SK3316&marart=233&seopth=SF-FILTER-SK3316-FILTRO-NAFTA
SK3314,SK3314,,https://e-commerce.michelecaroli.com/wso/pages/user/wso0205.jsf?idaa=409902&codart=SK3314&marart=233&seopth=SF-FILTER-SK3314-FILTRO-NAFTA
SK3312,SK3312,,https://e-commerce.michelecaroli.com/wso/pages/user/wso0205.jsf?idaa=409901&codart=SK3312&marart=233&seopth=SF-FILTER-SK3312-FILTRO-NAFTA
SK3311,SK3311,,https://e-commerce.michelecaroli.com/wso/pages/user/wso0205.jsf?idaa=409900&codart=SK3311&marart=233&seopth=SF-FILTER-SK3311-FILTRO-NAFTA
SK3310,SK3310,,https://e-commerce.michelecaroli.com/wso/pages/user/wso0205.jsf?idaa=409899&codart=SK3310&marart=233&seopth=SF-FILTER-SK3310-FILTRO-NAFTA
SK3306,SK3306,,https://e-commerce.michelecaroli.com/wso/pages/user/wso0205.jsf?idaa=409896&codart=SK3306&marart=233&seopth=SF-FILTER-SK3306-FILTRO-NAFTA
SK3302,SK3302,,https://e-commerce.michelecaroli.com/wso/pages/user/wso0205.jsf?idaa=409892&codart=SK3302&marart=233&seopth=SF-FILTER-SK3302-FILTRO-NAFTA
SK3301,SK3301,,https://e-commerce.michelecaroli.com/wso/pages/user/wso0205.jsf?idaa=409891&codart=SK3301&marart=233&seopth=SF-FILTER-SK3301-FILTRO-NAFTA
SK3301,SK3301,,https://e-commerce.michelecaroli.com/wso/pages/user/wso0205.jsf?idaa=409891&codart=SK3301&marart=233&seopth=SF-FILTER-SK3301-FILTRO-NAFTA
SK32984,SK3298/4,,https://e-commerce.michelecaroli.com/wso/pages/user/wso0205.jsf?idaa=409889&codart=SK3298%2F4&marart=233&seopth=SF-FILTER-SK3298-4-FILTRO-NAFTA
SK3296,SK3296,,https://e-commerce.michelecaroli.com/wso/pages/user/wso0205.jsf?idaa=409884&codart=SK3296&marart=233&seopth=SF-FILTER-SK3296-FILTRO-NAFTA
SK3296,SK3296,,https://e-commerce.michelecaroli.com/wso/pages/user/wso0205.jsf?idaa=409884&codart=SK3296&marart=233&seopth=SF-FILTER-SK3296-FILTRO-NAFTA
SK3295,SK3295,,https://e-commerce.michelecaroli.com/wso/pages/user/wso0205.jsf?idaa=409883&codart=SK3295&marart=233&seopth=SF-FILTER-SK3295-FILTRO-NAFTA
SK3294,SK3294,,https://e-commerce.michelecaroli.com/wso/pages/user/wso0205.jsf?idaa=409882&codart=SK3294&marart=233&seopth=SF-FILTER-SK3294-FILTRO-NAFTA
SK3294,SK3294,,https://e-commerce.michelecaroli.com/wso/pages/user/wso0205.jsf?idaa=409882&codart=SK3294&marart=233&seopth=SF-FILTER-SK3294-FILTRO-NAFTA
SK3291,SK3291,,https://e-commerce.michelecaroli.com/wso/pages/user/wso0205.jsf?idaa=409879&codart=SK3291&marart=233&seopth=SF-FILTER-SK3291-FILTRO-NAFTA
SK3289,SK3289,,https://e-commerce.michelecaroli.com/wso/pages/user/wso0205.jsf?idaa=409876&codart=SK3289&marart=233&seopth=SF-FILTER-SK3289-FILTRO-NAFTA
SK3289,SK3289,,https://e-commerce.michelecaroli.com/wso/pages/user/wso0205.jsf?idaa=409876&codart=SK3289&marart=233&seopth=SF-FILTER-SK3289-FILTRO-NAFTA
SK3288,SK3288,,https://e-commerce.michelecaroli.com/wso/pages/user/wso0205.jsf?idaa=409875&codart=SK3288&marart=233&seopth=SF-FILTER-SK3288-FILTRO-NAFTA
SK3288,SK3288,,https://e-commerce.michelecaroli.com/wso/pages/user/wso0205.jsf?idaa=409875&codart=SK3288&marart=233&seopth=SF-FILTER-SK3288-FILTRO-NAFTA
SK3285,SK3285,,https://e-commerce.michelecaroli.com/wso/pages/user/wso0205.jsf?idaa=409873&codart=SK3285&marart=233&seopth=SF-FILTER-SK3285-FILTRO-NAFTA
SK3284,SK3284,,https://e-commerce.michelecaroli.com/wso/pages/user/wso0205.jsf?idaa=409872&codart=SK3284&marart=233&seopth=SF-FILTER-SK3284-FILTRO-NAFTA
SK3283,SK3283,,https://e-commerce.michelecaroli.com/wso/pages/user/wso0205.jsf?idaa=409871&codart=SK3283&marart=233&seopth=SF-FILTER-SK3283-FILTRO-NAFTA
SK3283,SK3283,,https://e-commerce.michelecaroli.com/wso/pages/user/wso0205.jsf?idaa=409871&codart=SK3283&marart=233&seopth=SF-FILTER-SK3283-FILTRO-NAFTA
SK32812,P559116,FILTRO GASOLIO,https://e-commerce.michelecaroli.com/wso/pages/user/wso0205.jsf?idaa=312007&codart=P559116&marart=227&seopth=DONALDSON-FILTRI-P559116-FILTRO-GASOLIO
SK32811,SK3281/1,,https://e-commerce.michelecaroli.com/wso/pages/user/wso0205.jsf?idaa=409870&codart=SK3281%2F1&marart=233&seopth=SF-FILTER-SK3281-1-FILTRO-NAFTA
SK3281,SK3281,,https://e-commerce.michelecaroli.com/wso/pages/user/wso0205.jsf?idaa=409869&codart=SK3281&marart=233&seopth=SF-FILTER-SK3281-FILTRO-NAFTA
SK3281,SK3281,,https://e-commerce.michelecaroli.com/wso/pages/user/wso0205.jsf?idaa=409869&codart=SK3281&marart=233&seopth=SF-FILTER-SK3281-FILTRO-NAFTA
SK3281,SK3281,,https://e-commerce.michelecaroli.com/wso/pages/user/wso0205.jsf?idaa=409869&codart=SK3281&marart=233&seopth=SF-FILTER-SK3281-FILTRO-NAFTA
SK3280,SK3280,,https://e-commerce.michelecaroli.com/wso/pages/user/wso0205.jsf?idaa=409868&codart=SK3280&marart=233&seopth=SF-FILTER-SK3280-FILTRO-NAFTA
SK3280,SK3280,,https://e-commerce.michelecaroli.com/wso/pages/user/wso0205.jsf?idaa=409868&codart=SK3280&marart=233&seopth=SF-FILTER-SK3280-FILTRO-NAFTA
SK3279,SK3279,,https://e-commerce.michelecaroli.com/wso/pages/user/wso0205.jsf?idaa=409867&codart=SK3279&marart=233&seopth=SF-FILTER-SK3279-FILTRO-NAFTA
SK3279,SK3279,,https://e-commerce.michelecaroli.com/wso/pages/user/wso0205.jsf?idaa=409867&codart=SK3279&marart=233&seopth=SF-FILTER-SK3279-FILTRO-NAFTA
SK3278,SK3278,,https://e-commerce.michelecaroli.com/wso/pages/user/wso0205.jsf?idaa=409866&codart=SK3278&marart=233&seopth=SF-FILTER-SK3278-FILTRO-NAFTA
SK3278,SK3278,,https://e-commerce.michelecaroli.com/wso/pages/user/wso0205.jsf?idaa=409866&codart=SK3278&marart=233&seopth=SF-FILTER-SK3278-FILTRO-NAFTA
SK3275,SK3275,,https://e-commerce.michelecaroli.com/wso/pages/user/wso0205.jsf?idaa=409863&codart=SK3275&marart=233&seopth=SF-FILTER-SK3275-FILTRO-NAFTA
SK3274,SK3274,,https://e-commerce.michelecaroli.com/wso/pages/user/wso0205.jsf?idaa=409862&codart=SK3274&marart=233&seopth=SF-FILTER-SK3274-FILTRO-NAFTA
SK3274,SK3274,,https://e-commerce.michelecaroli.com/wso/pages/user/wso0205.jsf?idaa=409862&codart=SK3274&marart=233&seopth=SF-FILTER-SK3274-FILTRO-NAFTA
SK3269,SK3269,,https://e-commerce.michelecaroli.com/wso/pages/user/wso0205.jsf?idaa=409858&codart=SK3269&marart=233&seopth=SF-FILTER-SK3269-FILTRO-NAFTA
SK3268,SK3268,,https://e-commerce.michelecaroli.com/wso/pages/user/wso0205.jsf?idaa=409857&codart=SK3268&marart=233&seopth=SF-FILTER-SK3268-FILTRO-NAFTA
SK3268,SK3268,,https://e-commerce.michelecaroli.com/wso/pages/user/wso0205.jsf?idaa=409857&codart=SK3268&marart=233&seopth=SF-FILTER-SK3268-FILTRO-NAFTA
SK3267,SK3267,,https://e-commerce.michelecaroli.com/wso/pages/user/wso0205.jsf?idaa=409856&codart=SK3267&marart=233&seopth=SF-FILTER-SK3267-FILTRO-NAFTA
SK3265,SK3265,,https://e-commerce.michelecaroli.com/wso/pages/user/wso0205.jsf?idaa=409855&codart=SK3265&marart=233&seopth=SF-FILTER-SK3265-FILTRO-NAFTA
SK3265,SK3265,,https://e-commerce.michelecaroli.com/wso/pages/user/wso0205.jsf?idaa=409855&codart=SK3265&marart=233&seopth=SF-FILTER-SK3265-FILTRO-NAFTA
SK3264,SK3264,,https://e-commerce.michelecaroli.com/wso/pages/user/wso0205.jsf?idaa=409854&codart=SK3264&marart=233&seopth=SF-FILTER-SK3264-FILTRO-NAFTA
SK3264,SK3264,,https://e-commerce.michelecaroli.com/wso/pages/user/wso0205.jsf?idaa=409854&codart=SK3264&marart=233&seopth=SF-FILTER-SK3264-FILTRO-NAFTA
SK3263,SK3263,,https://e-commerce.michelecaroli.com/wso/pages/user/wso0205.jsf?idaa=409853&codart=SK3263&marart=233&seopth=SF-FILTER-SK3263-FILTRO-NAFTA
SK3263,SK3263,,https://e-commerce.michelecaroli.com/wso/pages/user/wso0205.jsf?idaa=409853&codart=SK3263&marart=233&seopth=SF-FILTER-SK3263-FILTRO-NAFTA
SK32612,SK3261/2,,https://e-commerce.michelecaroli.com/wso/pages/user/wso0205.jsf?idaa=409851&codart=SK3261%2F2&marart=233&seopth=SF-FILTER-SK3261-2-FILTRO-NAFTA
SK3261,33585XE,,https://e-commerce.michelecaroli.com/wso/pages/user/wso0205.jsf?idaa=369003&codart=33585XE&marart=218&seopth=WIX-INDUSTRIAL-HD-33585XE-FILTRO-NAFTA
SK326022,M090158,MUFFLER,https://e-commerce.michelecaroli.com/wso/pages/user/wso0205.jsf?idaa=154472&codart=M090158&marart=227&seopth=DONALDSON-FILTRI-M090158-MUFFLER
SK3259,SK3259,,https://e-commerce.michelecaroli.com/wso/pages/user/wso0205.jsf?idaa=409850&codart=SK3259&marart=233&seopth=SF-FILTER-SK3259-FILTRO-NAFTA
SK32581,SK3258/1,,https://e-commerce.michelecaroli.com/wso/pages/user/wso0205.jsf?idaa=409849&codart=SK3258%2F1&marart=233&seopth=SF-FILTER-SK3258-1-FILTRO-NAFTA
SK3258,SK3258,,https://e-commerce.michelecaroli.com/wso/pages/user/wso0205.jsf?idaa=409848&codart=SK3258&marart=233&seopth=SF-FILTER-SK3258-FILTRO-NAFTA
SK3258,SK3258,,https://e-commerce.michelecaroli.com/wso/pages/user/wso0205.jsf?idaa=409848&codart=SK3258&marart=233&seopth=SF-FILTER-SK3258-FILTRO-NAFTA
SK3256,SK3256,,https://e-commerce.michelecaroli.com/wso/pages/user/wso0205.jsf?idaa=409847&codart=SK3256&marart=233&seopth=SF-FILTER-SK3256-FILTRO-NAFTA
SK3256,SK3256,,https://e-commerce.michelecaroli.com/wso/pages/user/wso0205.jsf?idaa=409847&codart=SK3256&marart=233&seopth=SF-FILTER-SK3256-FILTRO-NAFTA
SK3255,SK3255,,https://e-commerce.michelecaroli.com/wso/pages/user/wso0205.jsf?idaa=409846&codart=SK3255&marart=233&seopth=SF-FILTER-SK3255-FILTRO-NAFTA
SK3253,SK3253,,https://e-commerce.michelecaroli.com/wso/pages/user/wso0205.jsf?idaa=409844&codart=SK3253&marart=233&seopth=SF-FILTER-SK3253-FILTRO-NAFTA
SK3252,SK3252,,https://e-commerce.michelecaroli.com/wso/pages/user/wso0205.jsf?idaa=409843&codart=SK3252&marart=233&seopth=SF-FILTER-SK3252-FILTRO-NAFTA
SK3252,SK3252,,https://e-commerce.michelecaroli.com/wso/pages/user/wso0205.jsf?idaa=409843&codart=SK3252&marart=233&seopth=SF-FILTER-SK3252-FILTRO-NAFTA
SK3251,SK3251,,https://e-commerce.michelecaroli.com/wso/pages/user/wso0205.jsf?idaa=409842&codart=SK3251&marart=233&seopth=SF-FILTER-SK3251-FILTRO-NAFTA
SK3249,SK3249,,https://e-commerce.michelecaroli.com/wso/pages/user/wso0205.jsf?idaa=409841&codart=SK3249&marart=233&seopth=SF-FILTER-SK3249-FILTRO-NAFTA
SK3249,SK3249,,https://e-commerce.michelecaroli.com/wso/pages/user/wso0205.jsf?idaa=409841&codart=SK3249&marart=233&seopth=SF-FILTER-SK3249-FILTRO-NAFTA
SK3247,SK3247,,https://e-commerce.michelecaroli.com/wso/pages/user/wso0205.jsf?idaa=409840&codart=SK3247&marart=233&seopth=SF-FILTER-SK3247-FILTRO-NAFTA
SK3246,WF10084,FILTRO NAFTA P551433,https://e-commerce.michelecaroli.com/wso/pages/user/wso0205.jsf?idaa=369803&codart=WF10084&marart=218&seopth=WIX-INDUSTRIAL-HD-WF10084-FILTRO-NAFTA-P551433
SK3245,SK3245,,https://e-commerce.michelecaroli.com/wso/pages/user/wso0205.jsf?idaa=409839&codart=SK3245&marart=233&seopth=SF-FILTER-SK3245-FILTRO-NAFTA
SK3245,SK3245,,https://e-commerce.michelecaroli.com/wso/pages/user/wso0205.jsf?idaa=409839&codart=SK3245&marart=233&seopth=SF-FILTER-SK3245-FILTRO-NAFTA
SK3241,SK3241,,https://e-commerce.michelecaroli.com/wso/pages/user/wso0205.jsf?idaa=409833&codart=SK3241&marart=233&seopth=SF-FILTER-SK3241-FILTRO-NAFTA
SK3241,SK3241,,https://e-commerce.michelecaroli.com/wso/pages/user/wso0205.jsf?idaa=409833&codart=SK3241&marart=233&seopth=SF-FILTER-SK3241-FILTRO-NAFTA
SK32371,SK3237/1,,https://e-commerce.michelecaroli.com/wso/pages/user/wso0205.jsf?idaa=409830&codart=SK3237%2F1&marart=233&seopth=SF-FILTER-SK3237-1-FILTRO-NAFTA
SK3237,SN55110,FILTRO NAFTA HIFI,https://e-commerce.michelecaroli.com/wso/pages/user/wso0205.jsf?idaa=299408&codart=SN55110&marart=230&seopth=HIFI-FILTRI-SN55110-FILTRO-NAFTA-HIFI
SK3236,SP-902,FILTRO CARB.,https://e-commerce.michelecaroli.com/wso/pages/user/wso0205.jsf?idaa=466374&codart=SP-902&marart=ALCO&seopth=ALCO-SP-902-FILTRO-CARB-
SK3235,SK3235,,https://e-commerce.michelecaroli.com/wso/pages/user/wso0205.jsf?idaa=409829&codart=SK3235&marart=233&seopth=SF-FILTER-SK3235-FILTRO-NAFTA
SK3234,SK3234,,https://e-commerce.michelecaroli.com/wso/pages/user/wso0205.jsf?idaa=409828&codart=SK3234&marart=233&seopth=SF-FILTER-SK3234-FILTRO-NAFTA
SK3232,SK3232,,https://e-commerce.michelecaroli.com/wso/pages/user/wso0205.jsf?idaa=409826&codart=SK3232&marart=233&seopth=SF-FILTER-SK3232-FILTRO-NAFTA
SK3232,SK3232,,https://e-commerce.michelecaroli.com/wso/pages/user/wso0205.jsf?idaa=409826&codart=SK3232&marart=233&seopth=SF-FILTER-SK3232-FILTRO-NAFTA
SK3231,SK3231,,https://e-commerce.michelecaroli.com/wso/pages/user/wso0205.jsf?idaa=409825&codart=SK3231&marart=233&seopth=SF-FILTER-SK3231-FILTRO-NAFTA
SK3231,SK3231,,https://e-commerce.michelecaroli.com/wso/pages/user/wso0205.jsf?idaa=409825&codart=SK3231&marart=233&seopth=SF-FILTER-SK3231-FILTRO-NAFTA
SK3230,SK3230,,https://e-commerce.michelecaroli.com/wso/pages/user/wso0205.jsf?idaa=409824&codart=SK3230&marart=233&seopth=SF-FILTER-SK3230-FILTRO-NAFTA
SK3230,SK3230,,https://e-commerce.michelecaroli.com/wso/pages/user/wso0205.jsf?idaa=409824&codart=SK3230&marart=233&seopth=SF-FILTER-SK3230-FILTRO-NAFTA
SK32265,SN70168,FILTRO NAFTA HIFI,https://e-commerce.michelecaroli.com/wso/pages/user/wso0205.jsf?idaa=299494&codart=SN70168&marart=230&seopth=HIFI-FILTRI-SN70168-FILTRO-NAFTA-HIFI
SK3226,SK3226,,https://e-commerce.michelecaroli.com/wso/pages/user/wso0205.jsf?idaa=409821&codart=SK3226&marart=233&seopth=SF-FILTER-SK3226-FILTRO-NAFTA
SK3226,SK3226,,https://e-commerce.michelecaroli.com/wso/pages/user/wso0205.jsf?idaa=409821&codart=SK3226&marart=233&seopth=SF-FILTER-SK3226-FILTRO-NAFTA
SK3225,SK3225,,https://e-commerce.michelecaroli.com/wso/pages/user/wso0205.jsf?idaa=409820&codart=SK3225&marart=233&seopth=SF-FILTER-SK3225-FILTRO-NAFTA
