Code searched,Matched code,Part Category on Michele,Link to Michele product
SH63308,SH63308,,https://e-commerce.michelecaroli.com/wso/pages/user/wso0205.jsf?idaa=295259&codart=SH63308&marart=230&seopth=HIFI-FILTRI-SH63308-FILTRO-HYDR-HIFI
SH63307,SH63307,FILTRO HYDR. HIFI,https://e-commerce.michelecaroli.com/wso/pages/user/wso0205.jsf?idaa=295258&codart=SH63307&marart=230&seopth=HIFI-FILTRI-SH63307-FILTRO-HYDR-HIFI
SH63302,SH63302,,https://e-commerce.michelecaroli.com/wso/pages/user/wso0205.jsf?idaa=295253&codart=SH63302&marart=230&seopth=HIFI-FILTRI-SH63302-FILTRO-HYDR-HIFI
SH63299,SH63299,,https://e-commerce.michelecaroli.com/wso/pages/user/wso0205.jsf?idaa=295250&codart=SH63299&marart=230&seopth=HIFI-FILTRI-SH63299-FILTRO-HYDR-HIFI
SH63297,P173009,FILTRO HYDR.DONALDSON P17-3009,https://e-commerce.michelecaroli.com/wso/pages/user/wso0205.jsf?idaa=155528&codart=P173009&marart=227&seopth=DONALDSON-FILTRI-P173009-FILTRO-HYDR-DONALDSON-P17-3009
SH63295,SH63295,,https://e-commerce.michelecaroli.com/wso/pages/user/wso0205.jsf?idaa=295249&codart=SH63295&marart=230&seopth=HIFI-FILTRI-SH63295-FILTRO-HYDR-HIFI
SH63294,SH63294,FILTRO HYDR. HIFI,https://e-commerce.michelecaroli.com/wso/pages/user/wso0205.jsf?idaa=295248&codart=SH63294&marart=230&seopth=HIFI-FILTRI-SH63294-FILTRO-HYDR-HIFI
SH63293,SH63293,,https://e-commerce.michelecaroli.com/wso/pages/user/wso0205.jsf?idaa=295247&codart=SH63293&marart=230&seopth=HIFI-FILTRI-SH63293-FILTRO-HYDR-HIFI
SH63292,SH63292,FILTRO HYDR. HIFI,https://e-commerce.michelecaroli.com/wso/pages/user/wso0205.jsf?idaa=295246&codart=SH63292&marart=230&seopth=HIFI-FILTRI-SH63292-FILTRO-HYDR-HIFI
SH63290,SH63290,FILTRO HYDR. HIFI,https://e-commerce.michelecaroli.com/wso/pages/user/wso0205.jsf?idaa=295245&codart=SH63290&marart=230&seopth=HIFI-FILTRI-SH63290-FILTRO-HYDR-HIFI
SH63288,SH63288,,https://e-commerce.michelecaroli.com/wso/pages/user/wso0205.jsf?idaa=295244&codart=SH63288&marart=230&seopth=HIFI-FILTRI-SH63288-FILTRO-HYDR-HIFI
SH63287,SH63287,,https://e-commerce.michelecaroli.com/wso/pages/user/wso0205.jsf?idaa=295243&codart=SH63287&marart=230&seopth=HIFI-FILTRI-SH63287-FILTRO-HYDR-HIFI
SH63286,SH63286,,https://e-commerce.michelecaroli.com/wso/pages/user/wso0205.jsf?idaa=295242&codart=SH63286&marart=230&seopth=HIFI-FILTRI-SH63286-FILTRO-HYDR-HIFI
SH63285,SH63285,,https://e-commerce.michelecaroli.com/wso/pages/user/wso0205.jsf?idaa=296053&codart=SH63285&marart=230&seopth=HIFI-FILTRI-SH63285-FILTRO-HYDR-HIFI
SH63284,SH63284,FILTRO HYDR. HIFI,https://e-commerce.michelecaroli.com/wso/pages/user/wso0205.jsf?idaa=296052&codart=SH63284&marart=230&seopth=HIFI-FILTRI-SH63284-FILTRO-HYDR-HIFI
SH63283,SH63283,,https://e-commerce.michelecaroli.com/wso/pages/user/wso0205.jsf?idaa=296051&codart=SH63283&marart=230&seopth=HIFI-FILTRI-SH63283-FILTRO-HYDR-HIFI
SH63282,SH63282,,https://e-commerce.michelecaroli.com/wso/pages/user/wso0205.jsf?idaa=296050&codart=SH63282&marart=230&seopth=HIFI-FILTRI-SH63282-FILTRO-HYDR-HIFI
SH63279,SH63279,,https://e-commerce.michelecaroli.com/wso/pages/user/wso0205.jsf?idaa=296048&codart=SH63279&marart=230&seopth=HIFI-FILTRI-SH63279-FILTRO-HYDR-HIFI
SH63278,SH63278,FILTRO HYDR. HIFI,https://e-commerce.michelecaroli.com/wso/pages/user/wso0205.jsf?idaa=296047&codart=SH63278&marart=230&seopth=HIFI-FILTRI-SH63278-FILTRO-HYDR-HIFI
SH63277,SH63277,,https://e-commerce.michelecaroli.com/wso/pages/user/wso0205.jsf?idaa=296046&codart=SH63277&marart=230&seopth=HIFI-FILTRI-SH63277-FILTRO-HYDR-HIFI
SH63274,SH63274,,https://e-commerce.michelecaroli.com/wso/pages/user/wso0205.jsf?idaa=296044&codart=SH63274&marart=230&seopth=HIFI-FILTRI-SH63274-FILTRO-HYDR-HIFI
SH63273,SH63273,,https://e-commerce.michelecaroli.com/wso/pages/user/wso0205.jsf?idaa=296043&codart=SH63273&marart=230&seopth=HIFI-FILTRI-SH63273-FILTRO-HYDR-HIFI
SH63271,SH63271,,https://e-commerce.michelecaroli.com/wso/pages/user/wso0205.jsf?idaa=399964&codart=SH63271&marart=230&seopth=HIFI-FILTRI-SH63271-FILTRO-HYDR-HIFI
SH63269,SH63269,,https://e-commerce.michelecaroli.com/wso/pages/user/wso0205.jsf?idaa=296041&codart=SH63269&marart=230&seopth=HIFI-FILTRI-SH63269-FILTRO-HYDR-HIFI
SH63267,SH63267,,https://e-commerce.michelecaroli.com/wso/pages/user/wso0205.jsf?idaa=296039&codart=SH63267&marart=230&seopth=HIFI-FILTRI-SH63267-FILTRO-HYDR-HIFI
SH63266,SH63266,FILTRO HYDR. HIFI,https://e-commerce.michelecaroli.com/wso/pages/user/wso0205.jsf?idaa=296038&codart=SH63266&marart=230&seopth=HIFI-FILTRI-SH63266-FILTRO-HYDR-HIFI
SH63265,SH63265,FILTRO HYDR. HIFI,https://e-commerce.michelecaroli.com/wso/pages/user/wso0205.jsf?idaa=296037&codart=SH63265&marart=230&seopth=HIFI-FILTRI-SH63265-FILTRO-HYDR-HIFI
SH63263,SH63263,,https://e-commerce.michelecaroli.com/wso/pages/user/wso0205.jsf?idaa=296036&codart=SH63263&marart=230&seopth=HIFI-FILTRI-SH63263-FILTRO-HYDR-HIFI
SH63259,SH63259,,https://e-commerce.michelecaroli.com/wso/pages/user/wso0205.jsf?idaa=296034&codart=SH63259&marart=230&seopth=HIFI-FILTRI-SH63259-FILTRO-HYDR-HIFI
SH63252N,SH63252N,,https://e-commerce.michelecaroli.com/wso/pages/user/wso0205.jsf?idaa=296031&codart=SH63252N&marart=230&seopth=HIFI-FILTRI-SH63252N-FILTRO-HYDR-HIFI
SH63252,SH63252,FILTRO HYDR. HIFI,https://e-commerce.michelecaroli.com/wso/pages/user/wso0205.jsf?idaa=296030&codart=SH63252&marart=230&seopth=HIFI-FILTRI-SH63252-FILTRO-HYDR-HIFI
SH63246,SH63246,,https://e-commerce.michelecaroli.com/wso/pages/user/wso0205.jsf?idaa=399962&codart=SH63246&marart=230&seopth=HIFI-FILTRI-SH63246-FILTRO-HYDR-HIFI
SH63244,SH63244,,https://e-commerce.michelecaroli.com/wso/pages/user/wso0205.jsf?idaa=296029&codart=SH63244&marart=230&seopth=HIFI-FILTRI-SH63244-FILTRO-HYDR-HIFI
SH63242,SH63242,,https://e-commerce.michelecaroli.com/wso/pages/user/wso0205.jsf?idaa=296028&codart=SH63242&marart=230&seopth=HIFI-FILTRI-SH63242-FILTRO-HYDR-HIFI
SH63239,SH63239,FILTRO HYDR. HIFI,https://e-commerce.michelecaroli.com/wso/pages/user/wso0205.jsf?idaa=296026&codart=SH63239&marart=230&seopth=HIFI-FILTRI-SH63239-FILTRO-HYDR-HIFI
SH63236,SH63236,,https://e-commerce.michelecaroli.com/wso/pages/user/wso0205.jsf?idaa=296024&codart=SH63236&marart=230&seopth=HIFI-FILTRI-SH63236-FILTRO-HYDR-HIFI
SH63235,SH63235,,https://e-commerce.michelecaroli.com/wso/pages/user/wso0205.jsf?idaa=296023&codart=SH63235&marart=230&seopth=HIFI-FILTRI-SH63235-FILTRO-HYDR-HIFI
SH63232,SH63232,,https://e-commerce.michelecaroli.com/wso/pages/user/wso0205.jsf?idaa=296022&codart=SH63232&marart=230&seopth=HIFI-FILTRI-SH63232-FILTRO-HYDR-HIFI
SH63229,SH63229,,https://e-commerce.michelecaroli.com/wso/pages/user/wso0205.jsf?idaa=296021&codart=SH63229&marart=230&seopth=HIFI-FILTRI-SH63229-FILTRO-HYDR-HIFI
SH63228,SH63228,FILTRO HYDR. HIFI,https://e-commerce.michelecaroli.com/wso/pages/user/wso0205.jsf?idaa=399961&codart=SH63228&marart=230&seopth=HIFI-FILTRI-SH63228-FILTRO-HYDR-HIFI
SH63227,SH63227,FILTRO HYDR. HIFI,https://e-commerce.michelecaroli.com/wso/pages/user/wso0205.jsf?idaa=296020&codart=SH63227&marart=230&seopth=HIFI-FILTRI-SH63227-FILTRO-HYDR-HIFI
SH63224,SH63224,,https://e-commerce.michelecaroli.com/wso/pages/user/wso0205.jsf?idaa=399960&codart=SH63224&marart=230&seopth=HIFI-FILTRI-SH63224-FILTRO-HYDR-HIFI
SH63221,SH63221,FILTRO HYDR. HIFI,https://e-commerce.michelecaroli.com/wso/pages/user/wso0205.jsf?idaa=296017&codart=SH63221&marart=230&seopth=HIFI-FILTRI-SH63221-FILTRO-HYDR-HIFI
SH63219,SH63219,,https://e-commerce.michelecaroli.com/wso/pages/user/wso0205.jsf?idaa=296016&codart=SH63219&marart=230&seopth=HIFI-FILTRI-SH63219-FILTRO-HYDR-HIFI
SH63217,SH63217,,https://e-commerce.michelecaroli.com/wso/pages/user/wso0205.jsf?idaa=296015&codart=SH63217&marart=230&seopth=HIFI-FILTRI-SH63217-FILTRO-HYDR-HIFI
SH63215,SH63215,,https://e-commerce.michelecaroli.com/wso/pages/user/wso0205.jsf?idaa=296014&codart=SH63215&marart=230&seopth=HIFI-FILTRI-SH63215-FILTRO-HYDR-HIFI
SH63210,SH63210,,https://e-commerce.michelecaroli.com/wso/pages/user/wso0205.jsf?idaa=296011&codart=SH63210&marart=230&seopth=HIFI-FILTRI-SH63210-FILTRO-HYDR-HIFI
SH63204,SH63204,,https://e-commerce.michelecaroli.com/wso/pages/user/wso0205.jsf?idaa=296007&codart=SH63204&marart=230&seopth=HIFI-FILTRI-SH63204-FILTRO-HYDR-HIFI
SH63198,SH63198,,https://e-commerce.michelecaroli.com/wso/pages/user/wso0205.jsf?idaa=296001&codart=SH63198&marart=230&seopth=HIFI-FILTRI-SH63198-FILTRO-HYDR-HIFI
SH63190,SH63190,,https://e-commerce.michelecaroli.com/wso/pages/user/wso0205.jsf?idaa=399958&codart=SH63190&marart=230&seopth=HIFI-FILTRI-SH63190-FILTRO-HYDR-HIFI
SH63180,SH63180,FILTRO,https://e-commerce.michelecaroli.com/wso/pages/user/wso0205.jsf?idaa=438660&codart=SH63180&marart=230&seopth=HIFI-FILTRI-SH63180-FILTRO
SH63172,SH63172,FILTRO HYDR. HIFI,https://e-commerce.michelecaroli.com/wso/pages/user/wso0205.jsf?idaa=295994&codart=SH63172&marart=230&seopth=HIFI-FILTRI-SH63172-FILTRO-HYDR-HIFI
SH63170,SH63170,FILTRO HYDR. HIFI,https://e-commerce.michelecaroli.com/wso/pages/user/wso0205.jsf?idaa=295993&codart=SH63170&marart=230&seopth=HIFI-FILTRI-SH63170-FILTRO-HYDR-HIFI
SH63168,SH63168,FILTRO HYDR. HIFI,https://e-commerce.michelecaroli.com/wso/pages/user/wso0205.jsf?idaa=295991&codart=SH63168&marart=230&seopth=HIFI-FILTRI-SH63168-FILTRO-HYDR-HIFI
SH63162,SH63162,,https://e-commerce.michelecaroli.com/wso/pages/user/wso0205.jsf?idaa=295988&codart=SH63162&marart=230&seopth=HIFI-FILTRI-SH63162-FILTRO-HYDR-HIFI
SH63160,SH63160,,https://e-commerce.michelecaroli.com/wso/pages/user/wso0205.jsf?idaa=399957&codart=SH63160&marart=230&seopth=HIFI-FILTRI-SH63160-FILTRO-HYDR-HIFI
SH63156,SH63156,FILTRO HYDR. HIFI,https://e-commerce.michelecaroli.com/wso/pages/user/wso0205.jsf?idaa=295986&codart=SH63156&marart=230&seopth=HIFI-FILTRI-SH63156-FILTRO-HYDR-HIFI
SH63153,SH63153,,https://e-commerce.michelecaroli.com/wso/pages/user/wso0205.jsf?idaa=399956&codart=SH63153&marart=230&seopth=HIFI-FILTRI-SH63153-FILTRO-HYDR-HIFI
SH63150,SH63150,,https://e-commerce.michelecaroli.com/wso/pages/user/wso0205.jsf?idaa=295984&codart=SH63150&marart=230&seopth=HIFI-FILTRI-SH63150-FILTRO-HYDR-HIFI
SH63149,SH63149,,https://e-commerce.michelecaroli.com/wso/pages/user/wso0205.jsf?idaa=295983&codart=SH63149&marart=230&seopth=HIFI-FILTRI-SH63149-FILTRO-HYDR-HIFI
SH63147,SH63147,,https://e-commerce.michelecaroli.com/wso/pages/user/wso0205.jsf?idaa=295982&codart=SH63147&marart=230&seopth=HIFI-FILTRI-SH63147-FILTRO-HYDR-HIFI
SH63146,SH63146,FILTRO HYDR. HIFI,https://e-commerce.michelecaroli.com/wso/pages/user/wso0205.jsf?idaa=399954&codart=SH63146&marart=230&seopth=HIFI-FILTRI-SH63146-FILTRO-HYDR-HIFI
SH63145,SH63145,,https://e-commerce.michelecaroli.com/wso/pages/user/wso0205.jsf?idaa=295981&codart=SH63145&marart=230&seopth=HIFI-FILTRI-SH63145-FILTRO-HYDR-HIFI
SH63144,SH63144,,https://e-commerce.michelecaroli.com/wso/pages/user/wso0205.jsf?idaa=295980&codart=SH63144&marart=230&seopth=HIFI-FILTRI-SH63144-FILTRO-HYDR-HIFI
SH63143,SH63143,,https://e-commerce.michelecaroli.com/wso/pages/user/wso0205.jsf?idaa=295979&codart=SH63143&marart=230&seopth=HIFI-FILTRI-SH63143-FILTRO-HYDR-HIFI
SH63138,SH63138,FILTRO HYDR. HIFI,https://e-commerce.michelecaroli.com/wso/pages/user/wso0205.jsf?idaa=295976&codart=SH63138&marart=230&seopth=HIFI-FILTRI-SH63138-FILTRO-HYDR-HIFI
SH63135,SH63135,,https://e-commerce.michelecaroli.com/wso/pages/user/wso0205.jsf?idaa=399953&codart=SH63135&marart=230&seopth=HIFI-FILTRI-SH63135-FILTRO-HYDR-HIFI
SH63134,SH63134,,https://e-commerce.michelecaroli.com/wso/pages/user/wso0205.jsf?idaa=295973&codart=SH63134&marart=230&seopth=HIFI-FILTRI-SH63134-FILTRO-HYDR-HIFI
SH63133,SH63133,,https://e-commerce.michelecaroli.com/wso/pages/user/wso0205.jsf?idaa=295972&codart=SH63133&marart=230&seopth=HIFI-FILTRI-SH63133-FILTRO-HYDR-HIFI
SH63132,SH63132,,https://e-commerce.michelecaroli.com/wso/pages/user/wso0205.jsf?idaa=295971&codart=SH63132&marart=230&seopth=HIFI-FILTRI-SH63132-FILTRO-HYDR-HIFI
SH63131,SH63131,,https://e-commerce.michelecaroli.com/wso/pages/user/wso0205.jsf?idaa=295970&codart=SH63131&marart=230&seopth=HIFI-FILTRI-SH63131-FILTRO-HYDR-HIFI
SH63117,SH63117,,https://e-commerce.michelecaroli.com/wso/pages/user/wso0205.jsf?idaa=399949&codart=SH63117&marart=230&seopth=HIFI-FILTRI-SH63117-FILTRO-HYDR-HIFI
SH63116,SH63116,,https://e-commerce.michelecaroli.com/wso/pages/user/wso0205.jsf?idaa=399948&codart=SH63116&marart=230&seopth=HIFI-FILTRI-SH63116-FILTRO-HYDR-HIFI
SH63113,SH63113,FILTRO HYDR. HIFI,https://e-commerce.michelecaroli.com/wso/pages/user/wso0205.jsf?idaa=295966&codart=SH63113&marart=230&seopth=HIFI-FILTRI-SH63113-FILTRO-HYDR-HIFI
SH63112,SH63112,,https://e-commerce.michelecaroli.com/wso/pages/user/wso0205.jsf?idaa=295965&codart=SH63112&marart=230&seopth=HIFI-FILTRI-SH63112-FILTRO-HYDR-HIFI
SH63108,SH63108,,https://e-commerce.michelecaroli.com/wso/pages/user/wso0205.jsf?idaa=295961&codart=SH63108&marart=230&seopth=HIFI-FILTRI-SH63108-FILTRO-HYDR-HIFI
SH63103,SH63103,,https://e-commerce.michelecaroli.com/wso/pages/user/wso0205.jsf?idaa=295958&codart=SH63103&marart=230&seopth=HIFI-FILTRI-SH63103-FILTRO-HYDR-HIFI
SH63102,SH63102,,https://e-commerce.michelecaroli.com/wso/pages/user/wso0205.jsf?idaa=295957&codart=SH63102&marart=230&seopth=HIFI-FILTRI-SH63102-FILTRO-HYDR-HIFI
SH63101,SH63101,,https://e-commerce.michelecaroli.com/wso/pages/user/wso0205.jsf?idaa=295956&codart=SH63101&marart=230&seopth=HIFI-FILTRI-SH63101-FILTRO-HYDR-HIFI
SH63100,SH63100,,https://e-commerce.michelecaroli.com/wso/pages/user/wso0205.jsf?idaa=295955&codart=SH63100&marart=230&seopth=HIFI-FILTRI-SH63100-FILTRO-HYDR-HIFI
SH63098,SH63098,,https://e-commerce.michelecaroli.com/wso/pages/user/wso0205.jsf?idaa=295953&codart=SH63098&marart=230&seopth=HIFI-FILTRI-SH63098-FILTRO-HYDR-HIFI
SH63096,SH63096,,https://e-commerce.michelecaroli.com/wso/pages/user/wso0205.jsf?idaa=295951&codart=SH63096&marart=230&seopth=HIFI-FILTRI-SH63096-FILTRO-HYDR-HIFI
SH63095,SH63095,FILTRO HYDR. HIFI,https://e-commerce.michelecaroli.com/wso/pages/user/wso0205.jsf?idaa=295950&codart=SH63095&marart=230&seopth=HIFI-FILTRI-SH63095-FILTRO-HYDR-HIFI
SH63094,SH63094,,https://e-commerce.michelecaroli.com/wso/pages/user/wso0205.jsf?idaa=295949&codart=SH63094&marart=230&seopth=HIFI-FILTRI-SH63094-FILTRO-HYDR-HIFI
SH63093,SH63093,FILTRO HYDR. HIFI,https://e-commerce.michelecaroli.com/wso/pages/user/wso0205.jsf?idaa=295948&codart=SH63093&marart=230&seopth=HIFI-FILTRI-SH63093-FILTRO-HYDR-HIFI
SH63092,SH63092,,https://e-commerce.michelecaroli.com/wso/pages/user/wso0205.jsf?idaa=295947&codart=SH63092&marart=230&seopth=HIFI-FILTRI-SH63092-FILTRO-HYDR-HIFI
SH63090,SH63090,FILTRO HYDR. HIFI,https://e-commerce.michelecaroli.com/wso/pages/user/wso0205.jsf?idaa=295946&codart=SH63090&marart=230&seopth=HIFI-FILTRI-SH63090-FILTRO-HYDR-HIFI
SH63087,SH63087,,https://e-commerce.michelecaroli.com/wso/pages/user/wso0205.jsf?idaa=295944&codart=SH63087&marart=230&seopth=HIFI-FILTRI-SH63087-FILTRO-HYDR-HIFI
SH63084,SH63084,,https://e-commerce.michelecaroli.com/wso/pages/user/wso0205.jsf?idaa=399947&codart=SH63084&marart=230&seopth=HIFI-FILTRI-SH63084-FILTRO-HYDR-HIFI
SH63083V,SH63083V,,https://e-commerce.michelecaroli.com/wso/pages/user/wso0205.jsf?idaa=295941&codart=SH63083V&marart=230&seopth=HIFI-FILTRI-SH63083V-FILTRO-HYDR-HIFI
SH63080,SH63080,FILTRO HYDR. P763186 HIFI,https://e-commerce.michelecaroli.com/wso/pages/user/wso0205.jsf?idaa=399946&codart=SH63080&marart=230&seopth=HIFI-FILTRI-SH63080-FILTRO-HYDR-P763186-HIFI
SH63074,SH63074,,https://e-commerce.michelecaroli.com/wso/pages/user/wso0205.jsf?idaa=295933&codart=SH63074&marart=230&seopth=HIFI-FILTRI-SH63074-FILTRO-HYDR-HIFI
SH63072,SH63072,,https://e-commerce.michelecaroli.com/wso/pages/user/wso0205.jsf?idaa=295931&codart=SH63072&marart=230&seopth=HIFI-FILTRI-SH63072-FILTRO-HYDR-HIFI
SH63070,SH63070,FILTRO,https://e-commerce.michelecaroli.com/wso/pages/user/wso0205.jsf?idaa=438543&codart=SH63070&marart=230&seopth=HIFI-FILTRI-SH63070-FILTRO
SH63068,SH63068,,https://e-commerce.michelecaroli.com/wso/pages/user/wso0205.jsf?idaa=295928&codart=SH63068&marart=230&seopth=HIFI-FILTRI-SH63068-FILTRO-HYDR-HIFI
SH63067,SH63067,,https://e-commerce.michelecaroli.com/wso/pages/user/wso0205.jsf?idaa=295927&codart=SH63067&marart=230&seopth=HIFI-FILTRI-SH63067-FILTRO-HYDR-HIFI
SH63063N,SH63063N,,https://e-commerce.michelecaroli.com/wso/pages/user/wso0205.jsf?idaa=399945&codart=SH63063N&marart=230&seopth=HIFI-FILTRI-SH63063N-FILTRO-HYDR-HIFI
SH63061N,SH63061N,,https://e-commerce.michelecaroli.com/wso/pages/user/wso0205.jsf?idaa=295921&codart=SH63061N&marart=230&seopth=HIFI-FILTRI-SH63061N-FILTRO-HYDR-HIFI
SH63049,SH63049,FILTRO HYDR. HIFI,https://e-commerce.michelecaroli.com/wso/pages/user/wso0205.jsf?idaa=295908&codart=SH63049&marart=230&seopth=HIFI-FILTRI-SH63049-FILTRO-HYDR-HIFI
SH63046,SH63046,,https://e-commerce.michelecaroli.com/wso/pages/user/wso0205.jsf?idaa=295907&codart=SH63046&marart=230&seopth=HIFI-FILTRI-SH63046-FILTRO-HYDR-HIFI
SH63045,SH63045,FILTRO HYDR. HIFI,https://e-commerce.michelecaroli.com/wso/pages/user/wso0205.jsf?idaa=295906&codart=SH63045&marart=230&seopth=HIFI-FILTRI-SH63045-FILTRO-HYDR-HIFI
SH63033,SH63033,,https://e-commerce.michelecaroli.com/wso/pages/user/wso0205.jsf?idaa=295900&codart=SH63033&marart=230&seopth=HIFI-FILTRI-SH63033-FILTRO-HYDR-HIFI
SH63032,SH63032,,https://e-commerce.michelecaroli.com/wso/pages/user/wso0205.jsf?idaa=295899&codart=SH63032&marart=230&seopth=HIFI-FILTRI-SH63032-FILTRO-HYDR-HIFI
SH63031V,SH63031V,,https://e-commerce.michelecaroli.com/wso/pages/user/wso0205.jsf?idaa=295898&codart=SH63031V&marart=230&seopth=HIFI-FILTRI-SH63031V-FILTRO-HYDR-HIFI
SH63026,SH63026,,https://e-commerce.michelecaroli.com/wso/pages/user/wso0205.jsf?idaa=295892&codart=SH63026&marart=230&seopth=HIFI-FILTRI-SH63026-FILTRO-HYDR-HIFI
SH63025,SH63025,,https://e-commerce.michelecaroli.com/wso/pages/user/wso0205.jsf?idaa=295891&codart=SH63025&marart=230&seopth=HIFI-FILTRI-SH63025-FILTRO-HYDR-HIFI
SH630242,SH63308,,https://e-commerce.michelecaroli.com/wso/pages/user/wso0205.jsf?idaa=295259&codart=SH63308&marart=230&seopth=HIFI-FILTRI-SH63308-FILTRO-HYDR-HIFI
SH630241,SH630241,FILTRO IDRAULICO SOSTITUITO DA SH63 306,https://e-commerce.michelecaroli.com/wso/pages/user/wso0205.jsf?idaa=471689&codart=SH630241&marart=230&seopth=HIFI-FILTRI-SH630241-FILTRO-IDRAULICO-SOSTITUITO-DA-SH63
SH63024,SH63024,FILTRO HYDR. HIFI,https://e-commerce.michelecaroli.com/wso/pages/user/wso0205.jsf?idaa=295890&codart=SH63024&marart=230&seopth=HIFI-FILTRI-SH63024-FILTRO-HYDR-HIFI
SH630237,SH63309,FILTRO HYDR. HIFI,https://e-commerce.michelecaroli.com/wso/pages/user/wso0205.jsf?idaa=295260&codart=SH63309&marart=230&seopth=HIFI-FILTRI-SH63309-FILTRO-HYDR-HIFI
SH630231,SH630231,FILTRO IDRAULICO HIFI,https://e-commerce.michelecaroli.com/wso/pages/user/wso0205.jsf?idaa=486315&codart=SH630231&marart=230&seopth=HIFI-FILTRI-SH630231-FILTRO-IDRAULICO-HIFI
SH630230,SH630230,FILTRO IDRAULICO HIFI,https://e-commerce.michelecaroli.com/wso/pages/user/wso0205.jsf?idaa=515207&codart=SH630230&marart=230&seopth=HIFI-FILTRI-SH630230-FILTRO-IDRAULICO-HIFI
SH63023,SH63023,,https://e-commerce.michelecaroli.com/wso/pages/user/wso0205.jsf?idaa=295889&codart=SH63023&marart=230&seopth=HIFI-FILTRI-SH63023-FILTRO-HYDR-HIFI
SH630229,CR28/1,FILTRO HYDR. HIFI,https://e-commerce.michelecaroli.com/wso/pages/user/wso0205.jsf?idaa=396499&codart=CR28%2F1&marart=230&seopth=HIFI-FILTRI-CR28-1-FILTRO-HYDR-HIFI
SH630223,SH630223,FILTRO HYDR. HIFI,https://e-commerce.michelecaroli.com/wso/pages/user/wso0205.jsf?idaa=396491&codart=SH630223&marart=230&seopth=HIFI-FILTRI-SH630223-FILTRO-HYDR-HIFI
SH630222,SH630222,FILTRO HYDR. P171595 HIFI ex CR220 /6,https://e-commerce.michelecaroli.com/wso/pages/user/wso0205.jsf?idaa=396490&codart=SH630222&marart=230&seopth=HIFI-FILTRI-SH630222-FILTRO-HYDR-P171595-HIFI-ex-CR220
SH630221,SH630221,FILTRO HYDR. HIFI EX CR220/3 EQUIVALENTE DONALDSON P171594,https://e-commerce.michelecaroli.com/wso/pages/user/wso0205.jsf?idaa=378535&codart=SH630221&marart=230&seopth=HIFI-FILTRI-SH630221-FILTRO-HYDR-HIFI-EX-CR220-3
SH63022,SH63022,,https://e-commerce.michelecaroli.com/wso/pages/user/wso0205.jsf?idaa=295888&codart=SH63022&marart=230&seopth=HIFI-FILTRI-SH63022-FILTRO-HYDR-HIFI
SH630216,SH630216,FILTRO HYDR. P171590 EX CR220,https://e-commerce.michelecaroli.com/wso/pages/user/wso0205.jsf?idaa=396488&codart=SH630216&marart=230&seopth=HIFI-FILTRI-SH630216-FILTRO-HYDR-P171590-EX-CR220
SH630215,SH630215,,https://e-commerce.michelecaroli.com/wso/pages/user/wso0205.jsf?idaa=396487&codart=SH630215&marart=230&seopth=HIFI-FILTRI-SH630215-FILTRO-HYDR-P171547-HIFI
SH630209,SH630209,FILTRO IDRAULICO HIFI,https://e-commerce.michelecaroli.com/wso/pages/user/wso0205.jsf?idaa=505387&codart=SH630209&marart=230&seopth=HIFI-FILTRI-SH630209-FILTRO-IDRAULICO-HIFI
SH630190,SH630190,FILTRO IDRAULICO HIFI,https://e-commerce.michelecaroli.com/wso/pages/user/wso0205.jsf?idaa=513120&codart=SH630190&marart=230&seopth=HIFI-FILTRI-SH630190-FILTRO-IDRAULICO-HIFI
SH630188,SH630188,FILTRO IDRAULICO HIFI,https://e-commerce.michelecaroli.com/wso/pages/user/wso0205.jsf?idaa=440836&codart=SH630188&marart=230&seopth=HIFI-FILTRI-SH630188-FILTRO-IDRAULICO-HIFI
SH630180,SH630180,,https://e-commerce.michelecaroli.com/wso/pages/user/wso0205.jsf?idaa=438603&codart=SH630180&marart=230&seopth=HIFI-FILTRI-SH630180-FILTRO
SH630171,SH630171,,https://e-commerce.michelecaroli.com/wso/pages/user/wso0205.jsf?idaa=486511&codart=SH630171&marart=230&seopth=HIFI-FILTRI-SH630171-FILTRO-OLIO-HIFI
SH630153,SH630153,FILTRO HYDR. HIFI,https://e-commerce.michelecaroli.com/wso/pages/user/wso0205.jsf?idaa=424472&codart=SH630153&marart=230&seopth=HIFI-FILTRI-SH630153-FILTRO-HYDR-HIFI
SH630122,SH630122,FILTRO HYDRAULICO,https://e-commerce.michelecaroli.com/wso/pages/user/wso0205.jsf?idaa=509287&codart=SH630122&marart=230&seopth=HIFI-FILTRI-SH630122-FILTRO-HYDRAULICO
SH630116,SH630116,,https://e-commerce.michelecaroli.com/wso/pages/user/wso0205.jsf?idaa=399939&codart=SH630116&marart=230&seopth=HIFI-FILTRI-SH630116-FILTRO-HYDR-HIFI
SH630113,SH630113,,https://e-commerce.michelecaroli.com/wso/pages/user/wso0205.jsf?idaa=399938&codart=SH630113&marart=230&seopth=HIFI-FILTRI-SH630113-FILTRO-HYDR-HIFI
SH630111,SH630111,,https://e-commerce.michelecaroli.com/wso/pages/user/wso0205.jsf?idaa=399937&codart=SH630111&marart=230&seopth=HIFI-FILTRI-SH630111-FILTRO-HYDR-HIFI
SH63011,SH63011,,https://e-commerce.michelecaroli.com/wso/pages/user/wso0205.jsf?idaa=295882&codart=SH63011&marart=230&seopth=HIFI-FILTRI-SH63011-FILTRO-HYDR-HIFI
SH630102,SH630102,,https://e-commerce.michelecaroli.com/wso/pages/user/wso0205.jsf?idaa=399934&codart=SH630102&marart=230&seopth=HIFI-FILTRI-SH630102-FILTRO-HYDR-HIFI
SH630097,SH630097,,https://e-commerce.michelecaroli.com/wso/pages/user/wso0205.jsf?idaa=399933&codart=SH630097&marart=230&seopth=HIFI-FILTRI-SH630097-FILTRO-HYDR-HIFI
SH630096,SH630096,FILTRO HYDR. HIFI,https://e-commerce.michelecaroli.com/wso/pages/user/wso0205.jsf?idaa=399932&codart=SH630096&marart=230&seopth=HIFI-FILTRI-SH630096-FILTRO-HYDR-HIFI
SH630094,SH630094,FILTRO HYDR. HIFI,https://e-commerce.michelecaroli.com/wso/pages/user/wso0205.jsf?idaa=399930&codart=SH630094&marart=230&seopth=HIFI-FILTRI-SH630094-FILTRO-HYDR-HIFI
SH630091,P171543,FILTRO HYDR.DONALDSON P17-1543,https://e-commerce.michelecaroli.com/wso/pages/user/wso0205.jsf?idaa=155178&codart=P171543&marart=227&seopth=DONALDSON-FILTRI-P171543-FILTRO-HYDR-DONALDSON-P17-1543
SH630080,SH630080,,https://e-commerce.michelecaroli.com/wso/pages/user/wso0205.jsf?idaa=399928&codart=SH630080&marart=230&seopth=HIFI-FILTRI-SH630080-FILTRO-HYDR-HIFI
SH630079,SH630079,,https://e-commerce.michelecaroli.com/wso/pages/user/wso0205.jsf?idaa=399927&codart=SH630079&marart=230&seopth=HIFI-FILTRI-SH630079-FILTRO-HYDR-HIFI
SH630070,SH630070,,https://e-commerce.michelecaroli.com/wso/pages/user/wso0205.jsf?idaa=295879&codart=SH630070&marart=230&seopth=HIFI-FILTRI-SH630070-FILTRO-HYDR-HIFI
SH630066,SH630066,,https://e-commerce.michelecaroli.com/wso/pages/user/wso0205.jsf?idaa=399925&codart=SH630066&marart=230&seopth=HIFI-FILTRI-SH630066-FILTRO-HYDR-HIFI
SH630063,SH630063,FILTRO HYDR. HIFI,https://e-commerce.michelecaroli.com/wso/pages/user/wso0205.jsf?idaa=295876&codart=SH630063&marart=230&seopth=HIFI-FILTRI-SH630063-FILTRO-HYDR-HIFI
SH630061,SH630061,FILTRO HYDR. HIFI,https://e-commerce.michelecaroli.com/wso/pages/user/wso0205.jsf?idaa=399923&codart=SH630061&marart=230&seopth=HIFI-FILTRI-SH630061-FILTRO-HYDR-HIFI
SH630060,SH630060,,https://e-commerce.michelecaroli.com/wso/pages/user/wso0205.jsf?idaa=295875&codart=SH630060&marart=230&seopth=HIFI-FILTRI-SH630060-FILTRO-HYDR-HIFI
SH630058,SH630058,,https://e-commerce.michelecaroli.com/wso/pages/user/wso0205.jsf?idaa=295873&codart=SH630058&marart=230&seopth=HIFI-FILTRI-SH630058-FILTRO-HYDR-HIFI
SH630057,SH630057,FILTRO HYDR. HIFI,https://e-commerce.michelecaroli.com/wso/pages/user/wso0205.jsf?idaa=399922&codart=SH630057&marart=230&seopth=HIFI-FILTRI-SH630057-FILTRO-HYDR-HIFI
SH630056,SH630056,,https://e-commerce.michelecaroli.com/wso/pages/user/wso0205.jsf?idaa=295872&codart=SH630056&marart=230&seopth=HIFI-FILTRI-SH630056-FILTRO-HYDR-HIFI
SH630054,SH630054,,https://e-commerce.michelecaroli.com/wso/pages/user/wso0205.jsf?idaa=399921&codart=SH630054&marart=230&seopth=HIFI-FILTRI-SH630054-FILTRO-HYDR-HIFI
SH630052,SH630052,FILTRO HYDR. HIFI,https://e-commerce.michelecaroli.com/wso/pages/user/wso0205.jsf?idaa=295871&codart=SH630052&marart=230&seopth=HIFI-FILTRI-SH630052-FILTRO-HYDR-HIFI
SH630051,SH630051,FILTRO HYDR. HIFI,https://e-commerce.michelecaroli.com/wso/pages/user/wso0205.jsf?idaa=295870&codart=SH630051&marart=230&seopth=HIFI-FILTRI-SH630051-FILTRO-HYDR-HIFI
SH63005,SH63005,FILTRO HYDR. HIFI,https://e-commerce.michelecaroli.com/wso/pages/user/wso0205.jsf?idaa=295868&codart=SH63005&marart=230&seopth=HIFI-FILTRI-SH63005-FILTRO-HYDR-HIFI
SH630037,SH630037,,https://e-commerce.michelecaroli.com/wso/pages/user/wso0205.jsf?idaa=399919&codart=SH630037&marart=230&seopth=HIFI-FILTRI-SH630037-FILTRO-HYDR-HIFI
SH630035,SH630035,FILTRO HYDR. HIFI,https://e-commerce.michelecaroli.com/wso/pages/user/wso0205.jsf?idaa=295864&codart=SH630035&marart=230&seopth=HIFI-FILTRI-SH630035-FILTRO-HYDR-HIFI
SH630031,SH630031,FILTRO HYDR. HIFI,https://e-commerce.michelecaroli.com/wso/pages/user/wso0205.jsf?idaa=295862&codart=SH630031&marart=230&seopth=HIFI-FILTRI-SH630031-FILTRO-HYDR-HIFI
SH63003,SH63003,,https://e-commerce.michelecaroli.com/wso/pages/user/wso0205.jsf?idaa=295861&codart=SH63003&marart=230&seopth=HIFI-FILTRI-SH63003-FILTRO-HYDR-HIFI
SH630029,SH630029,,https://e-commerce.michelecaroli.com/wso/pages/user/wso0205.jsf?idaa=295860&codart=SH630029&marart=230&seopth=HIFI-FILTRI-SH630029-FILTRO-HYDR-HIFI
SH630028,SH630028,,https://e-commerce.michelecaroli.com/wso/pages/user/wso0205.jsf?idaa=295859&codart=SH630028&marart=230&seopth=HIFI-FILTRI-SH630028-FILTRO-HYDR-HIFI
SH630020,SH630020,,https://e-commerce.michelecaroli.com/wso/pages/user/wso0205.jsf?idaa=295857&codart=SH630020&marart=230&seopth=HIFI-FILTRI-SH630020-FILTRO-HYDR-HIFI
SH63002,SH63002,FILTRO HYDR. HIFI,https://e-commerce.michelecaroli.com/wso/pages/user/wso0205.jsf?idaa=295856&codart=SH63002&marart=230&seopth=HIFI-FILTRI-SH63002-FILTRO-HYDR-HIFI
SH630019,SH630019,,https://e-commerce.michelecaroli.com/wso/pages/user/wso0205.jsf?idaa=295855&codart=SH630019&marart=230&seopth=HIFI-FILTRI-SH630019-FILTRO-HYDR-HIFI
SH630014,SH630014,FILTRO HYDR. HIFI,https://e-commerce.michelecaroli.com/wso/pages/user/wso0205.jsf?idaa=295854&codart=SH630014&marart=230&seopth=HIFI-FILTRI-SH630014-FILTRO-HYDR-HIFI
SH630011,SH630011,,https://e-commerce.michelecaroli.com/wso/pages/user/wso0205.jsf?idaa=295852&codart=SH630011&marart=230&seopth=HIFI-FILTRI-SH630011-FILTRO-HYDR-HIFI
SH63001,SH63001,,https://e-commerce.michelecaroli.com/wso/pages/user/wso0205.jsf?idaa=295851&codart=SH63001&marart=230&seopth=HIFI-FILTRI-SH63001-FILTRO-HYDR-HIFI
SH630008,SH630008,FILTRO HYDR. HIFI,https://e-commerce.michelecaroli.com/wso/pages/user/wso0205.jsf?idaa=295850&codart=SH630008&marart=230&seopth=HIFI-FILTRI-SH630008-FILTRO-HYDR-HIFI
SH630007,SH630007,FILTRO HYDR. HIFI,https://e-commerce.michelecaroli.com/wso/pages/user/wso0205.jsf?idaa=295849&codart=SH630007&marart=230&seopth=HIFI-FILTRI-SH630007-FILTRO-HYDR-HIFI
SH630001,SH630001,,https://e-commerce.michelecaroli.com/wso/pages/user/wso0205.jsf?idaa=295847&codart=SH630001&marart=230&seopth=HIFI-FILTRI-SH630001-FILTRO-HYDR-HIFI
SH62845,SH62845,FILTRO HYDR. HIFI,https://e-commerce.michelecaroli.com/wso/pages/user/wso0205.jsf?idaa=295845&codart=SH62845&marart=230&seopth=HIFI-FILTRI-SH62845-FILTRO-HYDR-HIFI
SH62756,SH62756,FILTRO HYDR. HIFI,https://e-commerce.michelecaroli.com/wso/pages/user/wso0205.jsf?idaa=295843&codart=SH62756&marart=230&seopth=HIFI-FILTRI-SH62756-FILTRO-HYDR-HIFI
SH62613,SH62613,FILTRO HYDR. HIFI,https://e-commerce.michelecaroli.com/wso/pages/user/wso0205.jsf?idaa=295841&codart=SH62613&marart=230&seopth=HIFI-FILTRI-SH62613-FILTRO-HYDR-HIFI
SH62489,SH62489,,https://e-commerce.michelecaroli.com/wso/pages/user/wso0205.jsf?idaa=399918&codart=SH62489&marart=230&seopth=HIFI-FILTRI-SH62489-FILTRO-HYDR-HIFI
SH62456,SH62456,,https://e-commerce.michelecaroli.com/wso/pages/user/wso0205.jsf?idaa=399915&codart=SH62456&marart=230&seopth=HIFI-FILTRI-SH62456-FILTRO-HYDR-HIFI
SH62447,SH62447,FILTRO HYDR. HIFI,https://e-commerce.michelecaroli.com/wso/pages/user/wso0205.jsf?idaa=399912&codart=SH62447&marart=230&seopth=HIFI-FILTRI-SH62447-FILTRO-HYDR-HIFI
SH62423,SH62423,,https://e-commerce.michelecaroli.com/wso/pages/user/wso0205.jsf?idaa=399910&codart=SH62423&marart=230&seopth=HIFI-FILTRI-SH62423-FILTRO-HYDR-HIFI
SH62397,SH62397,,https://e-commerce.michelecaroli.com/wso/pages/user/wso0205.jsf?idaa=399903&codart=SH62397&marart=230&seopth=HIFI-FILTRI-SH62397-FILTRO-HYDR-HIFI
SH62391,SH62391,,https://e-commerce.michelecaroli.com/wso/pages/user/wso0205.jsf?idaa=399902&codart=SH62391&marart=230&seopth=HIFI-FILTRI-SH62391-FILTRO-HYDR-HIFI
SH62379,SH62379,,https://e-commerce.michelecaroli.com/wso/pages/user/wso0205.jsf?idaa=295837&codart=SH62379&marart=230&seopth=HIFI-FILTRI-SH62379-FILTRO-HYDR-HIFI
SH62375,SH62375,FILTRO HYDR. HIFI,https://e-commerce.michelecaroli.com/wso/pages/user/wso0205.jsf?idaa=295835&codart=SH62375&marart=230&seopth=HIFI-FILTRI-SH62375-FILTRO-HYDR-HIFI
SH62368,SH62368,FILTRO HYDR. HIFI,https://e-commerce.michelecaroli.com/wso/pages/user/wso0205.jsf?idaa=295833&codart=SH62368&marart=230&seopth=HIFI-FILTRI-SH62368-FILTRO-HYDR-HIFI
SH62366,SH62366,,https://e-commerce.michelecaroli.com/wso/pages/user/wso0205.jsf?idaa=295832&codart=SH62366&marart=230&seopth=HIFI-FILTRI-SH62366-FILTRO-HYDR-HIFI
SH62364,SH62364,,https://e-commerce.michelecaroli.com/wso/pages/user/wso0205.jsf?idaa=295831&codart=SH62364&marart=230&seopth=HIFI-FILTRI-SH62364-FILTRO-HYDR-HIFI
SH62360,SH62360,FILTRO HYDR. HIFI,https://e-commerce.michelecaroli.com/wso/pages/user/wso0205.jsf?idaa=295829&codart=SH62360&marart=230&seopth=HIFI-FILTRI-SH62360-FILTRO-HYDR-HIFI
SH62356,SH62356,FILTRO HYDR. HIFI,https://e-commerce.michelecaroli.com/wso/pages/user/wso0205.jsf?idaa=295826&codart=SH62356&marart=230&seopth=HIFI-FILTRI-SH62356-FILTRO-HYDR-HIFI
SH62354,SH62354,,https://e-commerce.michelecaroli.com/wso/pages/user/wso0205.jsf?idaa=399897&codart=SH62354&marart=230&seopth=HIFI-FILTRI-SH62354-FILTRO-HYDR-HIFI
SH62350,SH62350,FILTRO HYDR. HIFI,https://e-commerce.michelecaroli.com/wso/pages/user/wso0205.jsf?idaa=295823&codart=SH62350&marart=230&seopth=HIFI-FILTRI-SH62350-FILTRO-HYDR-HIFI
SH62346,SH62346,,https://e-commerce.michelecaroli.com/wso/pages/user/wso0205.jsf?idaa=295821&codart=SH62346&marart=230&seopth=HIFI-FILTRI-SH62346-FILTRO-HYDR-HIFI
SH62339,SH62339,,https://e-commerce.michelecaroli.com/wso/pages/user/wso0205.jsf?idaa=295819&codart=SH62339&marart=230&seopth=HIFI-FILTRI-SH62339-FILTRO-HYDR-HIFI
SH62331,SH62331,,https://e-commerce.michelecaroli.com/wso/pages/user/wso0205.jsf?idaa=295818&codart=SH62331&marart=230&seopth=HIFI-FILTRI-SH62331-FILTRO-HYDR-HIFI
SH62330,SH62330,,https://e-commerce.michelecaroli.com/wso/pages/user/wso0205.jsf?idaa=295817&codart=SH62330&marart=230&seopth=HIFI-FILTRI-SH62330-FILTRO-HYDR-HIFI
SH62327,SH62327,,https://e-commerce.michelecaroli.com/wso/pages/user/wso0205.jsf?idaa=295815&codart=SH62327&marart=230&seopth=HIFI-FILTRI-SH62327-FILTRO-HYDR-HIFI
SH62324,SH62324,,https://e-commerce.michelecaroli.com/wso/pages/user/wso0205.jsf?idaa=295814&codart=SH62324&marart=230&seopth=HIFI-FILTRI-SH62324-FILTRO-HYDR-HIFI
SH62321,SH62321,,https://e-commerce.michelecaroli.com/wso/pages/user/wso0205.jsf?idaa=295811&codart=SH62321&marart=230&seopth=HIFI-FILTRI-SH62321-FILTRO-HYDR-HIFI
SH62320,SH62320,,https://e-commerce.michelecaroli.com/wso/pages/user/wso0205.jsf?idaa=399894&codart=SH62320&marart=230&seopth=HIFI-FILTRI-SH62320-FILTRO-HYDR-HIFI
SH62313,SH62313,FILTRO HYDR. HIFI,https://e-commerce.michelecaroli.com/wso/pages/user/wso0205.jsf?idaa=295809&codart=SH62313&marart=230&seopth=HIFI-FILTRI-SH62313-FILTRO-HYDR-HIFI
SH62298,SH62298,,https://e-commerce.michelecaroli.com/wso/pages/user/wso0205.jsf?idaa=295800&codart=SH62298&marart=230&seopth=HIFI-FILTRI-SH62298-FILTRO-HYDR-HIFI
SH62294,SH62294,,https://e-commerce.michelecaroli.com/wso/pages/user/wso0205.jsf?idaa=399893&codart=SH62294&marart=230&seopth=HIFI-FILTRI-SH62294-FILTRO-HYDR-HIFI
SH62289,SH62289,,https://e-commerce.michelecaroli.com/wso/pages/user/wso0205.jsf?idaa=295796&codart=SH62289&marart=230&seopth=HIFI-FILTRI-SH62289-FILTRO-HYDR-HIFI
SH62284,SH62284,FILTRO HYDR. HIFI,https://e-commerce.michelecaroli.com/wso/pages/user/wso0205.jsf?idaa=295793&codart=SH62284&marart=230&seopth=HIFI-FILTRI-SH62284-FILTRO-HYDR-HIFI
SH62280,SH62280,,https://e-commerce.michelecaroli.com/wso/pages/user/wso0205.jsf?idaa=295009&codart=SH62280&marart=230&seopth=HIFI-FILTRI-SH62280-FILTRO-HYDR-HIFI
SH62273,SH62273,,https://e-commerce.michelecaroli.com/wso/pages/user/wso0205.jsf?idaa=295004&codart=SH62273&marart=230&seopth=HIFI-FILTRI-SH62273-FILTRO-HYDR-HIFI
SH62264,SH62264,,https://e-commerce.michelecaroli.com/wso/pages/user/wso0205.jsf?idaa=295001&codart=SH62264&marart=230&seopth=HIFI-FILTRI-SH62264-FILTRO-HYDR-HIFI
SH62262,SH62262,,https://e-commerce.michelecaroli.com/wso/pages/user/wso0205.jsf?idaa=399892&codart=SH62262&marart=230&seopth=HIFI-FILTRI-SH62262-FILTRO-HYDR-HIFI
SH62260,SH62260,,https://e-commerce.michelecaroli.com/wso/pages/user/wso0205.jsf?idaa=294999&codart=SH62260&marart=230&seopth=HIFI-FILTRI-SH62260-FILTRO-HYDR-HIFI
