Code searched,Matched code,Part Category on Michele,Link to Michele product
SL6357,SL6357,,https://e-commerce.michelecaroli.com/wso/pages/user/wso0205.jsf?idaa=412748&codart=SL6357&marart=233&seopth=SF-FILTER-SL6357-FILTRO-ARIA
SL6357,SL6357,,https://e-commerce.michelecaroli.com/wso/pages/user/wso0205.jsf?idaa=412748&codart=SL6357&marart=233&seopth=SF-FILTER-SL6357-FILTRO-ARIA
SL6355,SL6355,,https://e-commerce.michelecaroli.com/wso/pages/user/wso0205.jsf?idaa=412747&codart=SL6355&marart=233&seopth=SF-FILTER-SL6355-FILTRO-ARIA
SL6355,SL6355,,https://e-commerce.michelecaroli.com/wso/pages/user/wso0205.jsf?idaa=412747&codart=SL6355&marart=233&seopth=SF-FILTER-SL6355-FILTRO-ARIA
SL6354,SL6354,,https://e-commerce.michelecaroli.com/wso/pages/user/wso0205.jsf?idaa=412746&codart=SL6354&marart=233&seopth=SF-FILTER-SL6354-FILTRO-ARIA
SL6354,SL6354,,https://e-commerce.michelecaroli.com/wso/pages/user/wso0205.jsf?idaa=412746&codart=SL6354&marart=233&seopth=SF-FILTER-SL6354-FILTRO-ARIA
SL6348,SL6348,,https://e-commerce.michelecaroli.com/wso/pages/user/wso0205.jsf?idaa=412743&codart=SL6348&marart=233&seopth=SF-FILTER-SL6348-FILTRO-ARIA
SL6348,SL6348,,https://e-commerce.michelecaroli.com/wso/pages/user/wso0205.jsf?idaa=412743&codart=SL6348&marart=233&seopth=SF-FILTER-SL6348-FILTRO-ARIA
SL6347,SL6347,,https://e-commerce.michelecaroli.com/wso/pages/user/wso0205.jsf?idaa=412742&codart=SL6347&marart=233&seopth=SF-FILTER-SL6347-FILTRO-ARIA
SL6347,SL6347,,https://e-commerce.michelecaroli.com/wso/pages/user/wso0205.jsf?idaa=412742&codart=SL6347&marart=233&seopth=SF-FILTER-SL6347-FILTRO-ARIA
SL6343,SL6343,,https://e-commerce.michelecaroli.com/wso/pages/user/wso0205.jsf?idaa=412741&codart=SL6343&marart=233&seopth=SF-FILTER-SL6343-FILTRO-ARIA
SL6335,SL6335,,https://e-commerce.michelecaroli.com/wso/pages/user/wso0205.jsf?idaa=412739&codart=SL6335&marart=233&seopth=SF-FILTER-SL6335-FILTRO-ARIA
SL6335,SL6335,,https://e-commerce.michelecaroli.com/wso/pages/user/wso0205.jsf?idaa=412739&codart=SL6335&marart=233&seopth=SF-FILTER-SL6335-FILTRO-ARIA
SL6333,SL6333,,https://e-commerce.michelecaroli.com/wso/pages/user/wso0205.jsf?idaa=412738&codart=SL6333&marart=233&seopth=SF-FILTER-SL6333-FILTRO-ARIA
SL6333,SL6333,,https://e-commerce.michelecaroli.com/wso/pages/user/wso0205.jsf?idaa=412738&codart=SL6333&marart=233&seopth=SF-FILTER-SL6333-FILTRO-ARIA
SL6329,SL6329,,https://e-commerce.michelecaroli.com/wso/pages/user/wso0205.jsf?idaa=412736&codart=SL6329&marart=233&seopth=SF-FILTER-SL6329-FILTRO-ARIA
SL6329,SL6329,,https://e-commerce.michelecaroli.com/wso/pages/user/wso0205.jsf?idaa=412736&codart=SL6329&marart=233&seopth=SF-FILTER-SL6329-FILTRO-ARIA
SL63251,SA12091,FILTRO ARIA HIFI,https://e-commerce.michelecaroli.com/wso/pages/user/wso0205.jsf?idaa=336378&codart=SA12091&marart=230&seopth=HIFI-FILTRI-SA12091-FILTRO-ARIA-HIFI
SL6322,SL6322,,https://e-commerce.michelecaroli.com/wso/pages/user/wso0205.jsf?idaa=412732&codart=SL6322&marart=233&seopth=SF-FILTER-SL6322-FILTRO-ARIA
SL6322,SL6322,,https://e-commerce.michelecaroli.com/wso/pages/user/wso0205.jsf?idaa=412732&codart=SL6322&marart=233&seopth=SF-FILTER-SL6322-FILTRO-ARIA
SL6319,SL6319,,https://e-commerce.michelecaroli.com/wso/pages/user/wso0205.jsf?idaa=412730&codart=SL6319&marart=233&seopth=SF-FILTER-SL6319-FILTRO-ARIA
SL6319,SL6319,,https://e-commerce.michelecaroli.com/wso/pages/user/wso0205.jsf?idaa=412730&codart=SL6319&marart=233&seopth=SF-FILTER-SL6319-FILTRO-ARIA
SL6315,SL6315,,https://e-commerce.michelecaroli.com/wso/pages/user/wso0205.jsf?idaa=412729&codart=SL6315&marart=233&seopth=SF-FILTER-SL6315-FILTRO-ARIA
SL6315,SL6315,,https://e-commerce.michelecaroli.com/wso/pages/user/wso0205.jsf?idaa=412729&codart=SL6315&marart=233&seopth=SF-FILTER-SL6315-FILTRO-ARIA
SL6313,SL6313,,https://e-commerce.michelecaroli.com/wso/pages/user/wso0205.jsf?idaa=412728&codart=SL6313&marart=233&seopth=SF-FILTER-SL6313-FILTRO-ARIA
SL6311,SL6311,,https://e-commerce.michelecaroli.com/wso/pages/user/wso0205.jsf?idaa=412727&codart=SL6311&marart=233&seopth=SF-FILTER-SL6311-FILTRO-ARIA
SL6311,SL6311,,https://e-commerce.michelecaroli.com/wso/pages/user/wso0205.jsf?idaa=412727&codart=SL6311&marart=233&seopth=SF-FILTER-SL6311-FILTRO-ARIA
SL6303,SL6303,,https://e-commerce.michelecaroli.com/wso/pages/user/wso0205.jsf?idaa=412725&codart=SL6303&marart=233&seopth=SF-FILTER-SL6303-FILTRO-ARIA
SL6303,SL6303,,https://e-commerce.michelecaroli.com/wso/pages/user/wso0205.jsf?idaa=412725&codart=SL6303&marart=233&seopth=SF-FILTER-SL6303-FILTRO-ARIA
SL6302,SL6302,,https://e-commerce.michelecaroli.com/wso/pages/user/wso0205.jsf?idaa=412724&codart=SL6302&marart=233&seopth=SF-FILTER-SL6302-FILTRO-ARIA
SL6302,SL6302,,https://e-commerce.michelecaroli.com/wso/pages/user/wso0205.jsf?idaa=412724&codart=SL6302&marart=233&seopth=SF-FILTER-SL6302-FILTRO-ARIA
SL6301,SL6301,,https://e-commerce.michelecaroli.com/wso/pages/user/wso0205.jsf?idaa=412723&codart=SL6301&marart=233&seopth=SF-FILTER-SL6301-FILTRO-ARIA
SL6301,SL6301,,https://e-commerce.michelecaroli.com/wso/pages/user/wso0205.jsf?idaa=412723&codart=SL6301&marart=233&seopth=SF-FILTER-SL6301-FILTRO-ARIA
SL6299,SL6299,,https://e-commerce.michelecaroli.com/wso/pages/user/wso0205.jsf?idaa=412722&codart=SL6299&marart=233&seopth=SF-FILTER-SL6299-FILTRO-ARIA
SL6299,SL6299,,https://e-commerce.michelecaroli.com/wso/pages/user/wso0205.jsf?idaa=412722&codart=SL6299&marart=233&seopth=SF-FILTER-SL6299-FILTRO-ARIA
SL6298,SL6298,,https://e-commerce.michelecaroli.com/wso/pages/user/wso0205.jsf?idaa=412721&codart=SL6298&marart=233&seopth=SF-FILTER-SL6298-FILTRO-ARIA
SL6298,SL6298,,https://e-commerce.michelecaroli.com/wso/pages/user/wso0205.jsf?idaa=412721&codart=SL6298&marart=233&seopth=SF-FILTER-SL6298-FILTRO-ARIA
SL6297,SL6297,,https://e-commerce.michelecaroli.com/wso/pages/user/wso0205.jsf?idaa=412720&codart=SL6297&marart=233&seopth=SF-FILTER-SL6297-FILTRO-ARIA
SL6297,SL6297,,https://e-commerce.michelecaroli.com/wso/pages/user/wso0205.jsf?idaa=412720&codart=SL6297&marart=233&seopth=SF-FILTER-SL6297-FILTRO-ARIA
SL6296,SL6296,,https://e-commerce.michelecaroli.com/wso/pages/user/wso0205.jsf?idaa=412719&codart=SL6296&marart=233&seopth=SF-FILTER-SL6296-FILTRO-ARIA
SL6296,SL6296,,https://e-commerce.michelecaroli.com/wso/pages/user/wso0205.jsf?idaa=412719&codart=SL6296&marart=233&seopth=SF-FILTER-SL6296-FILTRO-ARIA
SL6294,SL6294,,https://e-commerce.michelecaroli.com/wso/pages/user/wso0205.jsf?idaa=412717&codart=SL6294&marart=233&seopth=SF-FILTER-SL6294-FILTRO-ARIA
SL6294,SL6294,,https://e-commerce.michelecaroli.com/wso/pages/user/wso0205.jsf?idaa=412717&codart=SL6294&marart=233&seopth=SF-FILTER-SL6294-FILTRO-ARIA
SL6293,SL6293,,https://e-commerce.michelecaroli.com/wso/pages/user/wso0205.jsf?idaa=412716&codart=SL6293&marart=233&seopth=SF-FILTER-SL6293-FILTRO-ARIA
SL6292,SL6292,,https://e-commerce.michelecaroli.com/wso/pages/user/wso0205.jsf?idaa=412715&codart=SL6292&marart=233&seopth=SF-FILTER-SL6292-FILTRO-ARIA
SL6292,SL6292,,https://e-commerce.michelecaroli.com/wso/pages/user/wso0205.jsf?idaa=412715&codart=SL6292&marart=233&seopth=SF-FILTER-SL6292-FILTRO-ARIA
SL6290,SL6290,,https://e-commerce.michelecaroli.com/wso/pages/user/wso0205.jsf?idaa=412713&codart=SL6290&marart=233&seopth=SF-FILTER-SL6290-FILTRO-ARIA
SL6290,SL6290,,https://e-commerce.michelecaroli.com/wso/pages/user/wso0205.jsf?idaa=412713&codart=SL6290&marart=233&seopth=SF-FILTER-SL6290-FILTRO-ARIA
SL6289,SL6289,,https://e-commerce.michelecaroli.com/wso/pages/user/wso0205.jsf?idaa=412712&codart=SL6289&marart=233&seopth=SF-FILTER-SL6289-FILTRO-ARIA
SL6289,SL6289,,https://e-commerce.michelecaroli.com/wso/pages/user/wso0205.jsf?idaa=412712&codart=SL6289&marart=233&seopth=SF-FILTER-SL6289-FILTRO-ARIA
SL6288,SL6288,,https://e-commerce.michelecaroli.com/wso/pages/user/wso0205.jsf?idaa=412711&codart=SL6288&marart=233&seopth=SF-FILTER-SL6288-FILTRO-ARIA
SL6288,SL6288,,https://e-commerce.michelecaroli.com/wso/pages/user/wso0205.jsf?idaa=412711&codart=SL6288&marart=233&seopth=SF-FILTER-SL6288-FILTRO-ARIA
SL6287,SL6287,,https://e-commerce.michelecaroli.com/wso/pages/user/wso0205.jsf?idaa=412710&codart=SL6287&marart=233&seopth=SF-FILTER-SL6287-FILTRO-ARIA
SL6287,SL6287,,https://e-commerce.michelecaroli.com/wso/pages/user/wso0205.jsf?idaa=412710&codart=SL6287&marart=233&seopth=SF-FILTER-SL6287-FILTRO-ARIA
SL6286,SL6286,,https://e-commerce.michelecaroli.com/wso/pages/user/wso0205.jsf?idaa=412709&codart=SL6286&marart=233&seopth=SF-FILTER-SL6286-FILTRO-ARIA
SL6286,SL6286,,https://e-commerce.michelecaroli.com/wso/pages/user/wso0205.jsf?idaa=412709&codart=SL6286&marart=233&seopth=SF-FILTER-SL6286-FILTRO-ARIA
SL6284,SL6284,,https://e-commerce.michelecaroli.com/wso/pages/user/wso0205.jsf?idaa=412707&codart=SL6284&marart=233&seopth=SF-FILTER-SL6284-FILTRO-ARIA
SL6284,SL6284,,https://e-commerce.michelecaroli.com/wso/pages/user/wso0205.jsf?idaa=412707&codart=SL6284&marart=233&seopth=SF-FILTER-SL6284-FILTRO-ARIA
SL6282,SL6282,,https://e-commerce.michelecaroli.com/wso/pages/user/wso0205.jsf?idaa=412706&codart=SL6282&marart=233&seopth=SF-FILTER-SL6282-FILTRO-ARIA
SL6282,SL6282,,https://e-commerce.michelecaroli.com/wso/pages/user/wso0205.jsf?idaa=412706&codart=SL6282&marart=233&seopth=SF-FILTER-SL6282-FILTRO-ARIA
SL6280,SL6280,,https://e-commerce.michelecaroli.com/wso/pages/user/wso0205.jsf?idaa=412704&codart=SL6280&marart=233&seopth=SF-FILTER-SL6280-FILTRO-ARIA
SL6280,SL6280,,https://e-commerce.michelecaroli.com/wso/pages/user/wso0205.jsf?idaa=412704&codart=SL6280&marart=233&seopth=SF-FILTER-SL6280-FILTRO-ARIA
SL6277,SL6277,,https://e-commerce.michelecaroli.com/wso/pages/user/wso0205.jsf?idaa=412702&codart=SL6277&marart=233&seopth=SF-FILTER-SL6277-FILTRO-ARIA
SL6277,SL6277,,https://e-commerce.michelecaroli.com/wso/pages/user/wso0205.jsf?idaa=412702&codart=SL6277&marart=233&seopth=SF-FILTER-SL6277-FILTRO-ARIA
SL6274,SL6274,,https://e-commerce.michelecaroli.com/wso/pages/user/wso0205.jsf?idaa=412701&codart=SL6274&marart=233&seopth=SF-FILTER-SL6274-FILTRO-ARIA
SL6274,SL6274,,https://e-commerce.michelecaroli.com/wso/pages/user/wso0205.jsf?idaa=412701&codart=SL6274&marart=233&seopth=SF-FILTER-SL6274-FILTRO-ARIA
SL6273,SL6273,,https://e-commerce.michelecaroli.com/wso/pages/user/wso0205.jsf?idaa=412700&codart=SL6273&marart=233&seopth=SF-FILTER-SL6273-FILTRO-ARIA
SL6270,SL6270,,https://e-commerce.michelecaroli.com/wso/pages/user/wso0205.jsf?idaa=412698&codart=SL6270&marart=233&seopth=SF-FILTER-SL6270-FILTRO-ARIA
SL6270,SL6270,,https://e-commerce.michelecaroli.com/wso/pages/user/wso0205.jsf?idaa=412698&codart=SL6270&marart=233&seopth=SF-FILTER-SL6270-FILTRO-ARIA
SL6267,SL6267,,https://e-commerce.michelecaroli.com/wso/pages/user/wso0205.jsf?idaa=412696&codart=SL6267&marart=233&seopth=SF-FILTER-SL6267-FILTRO-ARIA
SL6267,SL6267,,https://e-commerce.michelecaroli.com/wso/pages/user/wso0205.jsf?idaa=412696&codart=SL6267&marart=233&seopth=SF-FILTER-SL6267-FILTRO-ARIA
SL6265,SL6265,,https://e-commerce.michelecaroli.com/wso/pages/user/wso0205.jsf?idaa=412694&codart=SL6265&marart=233&seopth=SF-FILTER-SL6265-FILTRO-ARIA
SL6265,SL6265,,https://e-commerce.michelecaroli.com/wso/pages/user/wso0205.jsf?idaa=412694&codart=SL6265&marart=233&seopth=SF-FILTER-SL6265-FILTRO-ARIA
SL6263,P778108,,https://e-commerce.michelecaroli.com/wso/pages/user/wso0205.jsf?idaa=157846&codart=P778108&marart=227&seopth=DONALDSON-FILTRI-P778108-FILTRO-ARIA-DONALDSON-P77-8108
SL6262,SL6262,,https://e-commerce.michelecaroli.com/wso/pages/user/wso0205.jsf?idaa=412692&codart=SL6262&marart=233&seopth=SF-FILTER-SL6262-FILTRO-ARIA
SL6262,SL6262,,https://e-commerce.michelecaroli.com/wso/pages/user/wso0205.jsf?idaa=412692&codart=SL6262&marart=233&seopth=SF-FILTER-SL6262-FILTRO-ARIA
SL6261,SL6261,,https://e-commerce.michelecaroli.com/wso/pages/user/wso0205.jsf?idaa=412691&codart=SL6261&marart=233&seopth=SF-FILTER-SL6261-FILTRO-ARIA
SL6261,SL6261,,https://e-commerce.michelecaroli.com/wso/pages/user/wso0205.jsf?idaa=412691&codart=SL6261&marart=233&seopth=SF-FILTER-SL6261-FILTRO-ARIA
SL6260,SL6260,,https://e-commerce.michelecaroli.com/wso/pages/user/wso0205.jsf?idaa=412690&codart=SL6260&marart=233&seopth=SF-FILTER-SL6260-FILTRO-ARIA
SL6260,SL6260,,https://e-commerce.michelecaroli.com/wso/pages/user/wso0205.jsf?idaa=412690&codart=SL6260&marart=233&seopth=SF-FILTER-SL6260-FILTRO-ARIA
SL6257,SL6257,,https://e-commerce.michelecaroli.com/wso/pages/user/wso0205.jsf?idaa=412689&codart=SL6257&marart=233&seopth=SF-FILTER-SL6257-FILTRO-ARIA
SL6256,SL6256,,https://e-commerce.michelecaroli.com/wso/pages/user/wso0205.jsf?idaa=412688&codart=SL6256&marart=233&seopth=SF-FILTER-SL6256-FILTRO-ARIA
SL6253,SL6253,,https://e-commerce.michelecaroli.com/wso/pages/user/wso0205.jsf?idaa=412687&codart=SL6253&marart=233&seopth=SF-FILTER-SL6253-FILTRO-ARIA
SL6253,SL6253,,https://e-commerce.michelecaroli.com/wso/pages/user/wso0205.jsf?idaa=412687&codart=SL6253&marart=233&seopth=SF-FILTER-SL6253-FILTRO-ARIA
SL6249,SL6249,,https://e-commerce.michelecaroli.com/wso/pages/user/wso0205.jsf?idaa=412684&codart=SL6249&marart=233&seopth=SF-FILTER-SL6249-FILTRO-ARIA
SL6249,SL6249,,https://e-commerce.michelecaroli.com/wso/pages/user/wso0205.jsf?idaa=412684&codart=SL6249&marart=233&seopth=SF-FILTER-SL6249-FILTRO-ARIA
SL6246,SL6246,,https://e-commerce.michelecaroli.com/wso/pages/user/wso0205.jsf?idaa=412683&codart=SL6246&marart=233&seopth=SF-FILTER-SL6246-FILTRO-ARIA
SL6246,SL6246,,https://e-commerce.michelecaroli.com/wso/pages/user/wso0205.jsf?idaa=412683&codart=SL6246&marart=233&seopth=SF-FILTER-SL6246-FILTRO-ARIA
SL6241,SL6241,,https://e-commerce.michelecaroli.com/wso/pages/user/wso0205.jsf?idaa=412681&codart=SL6241&marart=233&seopth=SF-FILTER-SL6241-FILTRO-ARIA
SL6241,SL6241,,https://e-commerce.michelecaroli.com/wso/pages/user/wso0205.jsf?idaa=412681&codart=SL6241&marart=233&seopth=SF-FILTER-SL6241-FILTRO-ARIA
SL6236,SL6236,,https://e-commerce.michelecaroli.com/wso/pages/user/wso0205.jsf?idaa=412679&codart=SL6236&marart=233&seopth=SF-FILTER-SL6236-FILTRO-ARIA
SL6236,SL6236,,https://e-commerce.michelecaroli.com/wso/pages/user/wso0205.jsf?idaa=412679&codart=SL6236&marart=233&seopth=SF-FILTER-SL6236-FILTRO-ARIA
SL6234,SL6234,,https://e-commerce.michelecaroli.com/wso/pages/user/wso0205.jsf?idaa=412678&codart=SL6234&marart=233&seopth=SF-FILTER-SL6234-FILTRO-ARIA
SL6234,SL6234,,https://e-commerce.michelecaroli.com/wso/pages/user/wso0205.jsf?idaa=412678&codart=SL6234&marart=233&seopth=SF-FILTER-SL6234-FILTRO-ARIA
SL6232,SL6232,,https://e-commerce.michelecaroli.com/wso/pages/user/wso0205.jsf?idaa=412677&codart=SL6232&marart=233&seopth=SF-FILTER-SL6232-FILTRO-ARIA
SL6232,SL6232,,https://e-commerce.michelecaroli.com/wso/pages/user/wso0205.jsf?idaa=412677&codart=SL6232&marart=233&seopth=SF-FILTER-SL6232-FILTRO-ARIA
SL6230,SL6230,,https://e-commerce.michelecaroli.com/wso/pages/user/wso0205.jsf?idaa=412676&codart=SL6230&marart=233&seopth=SF-FILTER-SL6230-FILTRO-ARIA
SL6230,SL6230,,https://e-commerce.michelecaroli.com/wso/pages/user/wso0205.jsf?idaa=412676&codart=SL6230&marart=233&seopth=SF-FILTER-SL6230-FILTRO-ARIA
SL6228,SL6228,,https://e-commerce.michelecaroli.com/wso/pages/user/wso0205.jsf?idaa=412675&codart=SL6228&marart=233&seopth=SF-FILTER-SL6228-FILTRO-ARIA
SL6227,SL6227,,https://e-commerce.michelecaroli.com/wso/pages/user/wso0205.jsf?idaa=412674&codart=SL6227&marart=233&seopth=SF-FILTER-SL6227-FILTRO-ARIA
SL6227,SL6227,,https://e-commerce.michelecaroli.com/wso/pages/user/wso0205.jsf?idaa=412674&codart=SL6227&marart=233&seopth=SF-FILTER-SL6227-FILTRO-ARIA
