Code searched,Matched code,Part Category on Michele,Link to Michele product
SH52223,SH52223,,https://e-commerce.michelecaroli.com/wso/pages/user/wso0205.jsf?idaa=293415&codart=SH52223&marart=230&seopth=HIFI-FILTRI-SH52223-FILTRO-HYDR-HIFI
SH52222,SH52222,,https://e-commerce.michelecaroli.com/wso/pages/user/wso0205.jsf?idaa=293414&codart=SH52222&marart=230&seopth=HIFI-FILTRI-SH52222-FILTRO-HYDR-HIFI
SH52220,SH52220,,https://e-commerce.michelecaroli.com/wso/pages/user/wso0205.jsf?idaa=293412&codart=SH52220&marart=230&seopth=HIFI-FILTRI-SH52220-FILTRO-HYDR-HIFI
SH52219,SH52219,,https://e-commerce.michelecaroli.com/wso/pages/user/wso0205.jsf?idaa=293411&codart=SH52219&marart=230&seopth=HIFI-FILTRI-SH52219-FILTRO-HYDR-HIFI
SH52210,SH52210,,https://e-commerce.michelecaroli.com/wso/pages/user/wso0205.jsf?idaa=293406&codart=SH52210&marart=230&seopth=HIFI-FILTRI-SH52210-FILTRO-HYDR-HIFI
SH52209,SH52209,,https://e-commerce.michelecaroli.com/wso/pages/user/wso0205.jsf?idaa=293405&codart=SH52209&marart=230&seopth=HIFI-FILTRI-SH52209-FILTRO-HYDR-HIFI
SH52207,SH52207,,https://e-commerce.michelecaroli.com/wso/pages/user/wso0205.jsf?idaa=293403&codart=SH52207&marart=230&seopth=HIFI-FILTRI-SH52207-FILTRO-HYDR-HIFI
SH52202,SH52202,,https://e-commerce.michelecaroli.com/wso/pages/user/wso0205.jsf?idaa=293400&codart=SH52202&marart=230&seopth=HIFI-FILTRI-SH52202-FILTRO-HYDR-HIFI
SH52196,SH52196,,https://e-commerce.michelecaroli.com/wso/pages/user/wso0205.jsf?idaa=293395&codart=SH52196&marart=230&seopth=HIFI-FILTRI-SH52196-FILTRO-HYDR-HIFI
SH52194,SH52194,,https://e-commerce.michelecaroli.com/wso/pages/user/wso0205.jsf?idaa=293394&codart=SH52194&marart=230&seopth=HIFI-FILTRI-SH52194-FILTRO-HYDR-HIFI
SH52193,SH52193,,https://e-commerce.michelecaroli.com/wso/pages/user/wso0205.jsf?idaa=293393&codart=SH52193&marart=230&seopth=HIFI-FILTRI-SH52193-FILTRO-HYDR-HIFI
SH52188,SH52188,,https://e-commerce.michelecaroli.com/wso/pages/user/wso0205.jsf?idaa=399685&codart=SH52188&marart=230&seopth=HIFI-FILTRI-SH52188-FILTRO-HYDR-HIFI
SH52186,SH52186,,https://e-commerce.michelecaroli.com/wso/pages/user/wso0205.jsf?idaa=293388&codart=SH52186&marart=230&seopth=HIFI-FILTRI-SH52186-FILTRO-HYDR-HIFI
SH52184,SH52184,,https://e-commerce.michelecaroli.com/wso/pages/user/wso0205.jsf?idaa=293386&codart=SH52184&marart=230&seopth=HIFI-FILTRI-SH52184-FILTRO-HYDR-HIFI
SH52183,SH52183,,https://e-commerce.michelecaroli.com/wso/pages/user/wso0205.jsf?idaa=293385&codart=SH52183&marart=230&seopth=HIFI-FILTRI-SH52183-FILTRO-HYDR-HIFI
SH52182,SH52182,,https://e-commerce.michelecaroli.com/wso/pages/user/wso0205.jsf?idaa=293384&codart=SH52182&marart=230&seopth=HIFI-FILTRI-SH52182-FILTRO-HYDR-HIFI
SH52176,SH52176,,https://e-commerce.michelecaroli.com/wso/pages/user/wso0205.jsf?idaa=293380&codart=SH52176&marart=230&seopth=HIFI-FILTRI-SH52176-FILTRO-HYDR-HIFI
SH52175,SH52175,,https://e-commerce.michelecaroli.com/wso/pages/user/wso0205.jsf?idaa=293379&codart=SH52175&marart=230&seopth=HIFI-FILTRI-SH52175-FILTRO-HYDR-HIFI
SH52167,SH52167,,https://e-commerce.michelecaroli.com/wso/pages/user/wso0205.jsf?idaa=293373&codart=SH52167&marart=230&seopth=HIFI-FILTRI-SH52167-FILTRO-HYDR-HIFI
SH52163,SH52163,,https://e-commerce.michelecaroli.com/wso/pages/user/wso0205.jsf?idaa=293369&codart=SH52163&marart=230&seopth=HIFI-FILTRI-SH52163-FILTRO-HYDR-HIFI
SH52162,SH52162,FILTRO HYDR. HIFI,https://e-commerce.michelecaroli.com/wso/pages/user/wso0205.jsf?idaa=293368&codart=SH52162&marart=230&seopth=HIFI-FILTRI-SH52162-FILTRO-HYDR-HIFI
SH52159,SH52159,FILTRO HYDR. HIFI,https://e-commerce.michelecaroli.com/wso/pages/user/wso0205.jsf?idaa=293366&codart=SH52159&marart=230&seopth=HIFI-FILTRI-SH52159-FILTRO-HYDR-HIFI
SH52157,SH52157,,https://e-commerce.michelecaroli.com/wso/pages/user/wso0205.jsf?idaa=293364&codart=SH52157&marart=230&seopth=HIFI-FILTRI-SH52157-FILTRO-HYDR-HIFI
SH52156,SH52156,,https://e-commerce.michelecaroli.com/wso/pages/user/wso0205.jsf?idaa=293363&codart=SH52156&marart=230&seopth=HIFI-FILTRI-SH52156-FILTRO-HYDR-HIFI
SH52151,SH52151,,https://e-commerce.michelecaroli.com/wso/pages/user/wso0205.jsf?idaa=293360&codart=SH52151&marart=230&seopth=HIFI-FILTRI-SH52151-FILTRO-HYDR-HIFI
SH52149,SH52149,,https://e-commerce.michelecaroli.com/wso/pages/user/wso0205.jsf?idaa=293359&codart=SH52149&marart=230&seopth=HIFI-FILTRI-SH52149-FILTRO-HYDR-HIFI
SH52148,SH52148,,https://e-commerce.michelecaroli.com/wso/pages/user/wso0205.jsf?idaa=293358&codart=SH52148&marart=230&seopth=HIFI-FILTRI-SH52148-FILTRO-HYDR-HIFI
SH52145,SH52145,,https://e-commerce.michelecaroli.com/wso/pages/user/wso0205.jsf?idaa=293357&codart=SH52145&marart=230&seopth=HIFI-FILTRI-SH52145-FILTRO-HYDR-HIFI
SH52139,SH52139,,https://e-commerce.michelecaroli.com/wso/pages/user/wso0205.jsf?idaa=293353&codart=SH52139&marart=230&seopth=HIFI-FILTRI-SH52139-FILTRO-HYDR-HIFI
SH52138,SH52138,,https://e-commerce.michelecaroli.com/wso/pages/user/wso0205.jsf?idaa=293352&codart=SH52138&marart=230&seopth=HIFI-FILTRI-SH52138-FILTRO-HYDR-HIFI
SH52137,SH52137,,https://e-commerce.michelecaroli.com/wso/pages/user/wso0205.jsf?idaa=293351&codart=SH52137&marart=230&seopth=HIFI-FILTRI-SH52137-FILTRO-HYDR-HIFI
SH52136,SH52136,,https://e-commerce.michelecaroli.com/wso/pages/user/wso0205.jsf?idaa=293350&codart=SH52136&marart=230&seopth=HIFI-FILTRI-SH52136-FILTRO-HYDR-HIFI
SH52135,SH52135,,https://e-commerce.michelecaroli.com/wso/pages/user/wso0205.jsf?idaa=293349&codart=SH52135&marart=230&seopth=HIFI-FILTRI-SH52135-FILTRO-HYDR-HIFI
SH52134,SH52134,,https://e-commerce.michelecaroli.com/wso/pages/user/wso0205.jsf?idaa=293348&codart=SH52134&marart=230&seopth=HIFI-FILTRI-SH52134-FILTRO-HYDR-HIFI
SH52132,SH52132,,https://e-commerce.michelecaroli.com/wso/pages/user/wso0205.jsf?idaa=293347&codart=SH52132&marart=230&seopth=HIFI-FILTRI-SH52132-FILTRO-HYDR-HIFI
SH52131,SH52131,FILTRO HYDR. HIFI,https://e-commerce.michelecaroli.com/wso/pages/user/wso0205.jsf?idaa=293346&codart=SH52131&marart=230&seopth=HIFI-FILTRI-SH52131-FILTRO-HYDR-HIFI
SH52129,SH52129,,https://e-commerce.michelecaroli.com/wso/pages/user/wso0205.jsf?idaa=293344&codart=SH52129&marart=230&seopth=HIFI-FILTRI-SH52129-FILTRO-HYDR-HIFI
SH52128,SH52128,,https://e-commerce.michelecaroli.com/wso/pages/user/wso0205.jsf?idaa=399684&codart=SH52128&marart=230&seopth=HIFI-FILTRI-SH52128-FILTRO-HYDR-HIFI
SH52126,SH52126,,https://e-commerce.michelecaroli.com/wso/pages/user/wso0205.jsf?idaa=293343&codart=SH52126&marart=230&seopth=HIFI-FILTRI-SH52126-FILTRO-HYDR-HIFI
SH52124,SH52124,,https://e-commerce.michelecaroli.com/wso/pages/user/wso0205.jsf?idaa=293341&codart=SH52124&marart=230&seopth=HIFI-FILTRI-SH52124-FILTRO-HYDR-HIFI
SH52120,SH52120,,https://e-commerce.michelecaroli.com/wso/pages/user/wso0205.jsf?idaa=293339&codart=SH52120&marart=230&seopth=HIFI-FILTRI-SH52120-FILTRO-HYDR-HIFI
SH52119,SH52119,,https://e-commerce.michelecaroli.com/wso/pages/user/wso0205.jsf?idaa=293338&codart=SH52119&marart=230&seopth=HIFI-FILTRI-SH52119-FILTRO-HYDR-HIFI
SH52118,SH52118,FILTRO HYDR. HIFI,https://e-commerce.michelecaroli.com/wso/pages/user/wso0205.jsf?idaa=293337&codart=SH52118&marart=230&seopth=HIFI-FILTRI-SH52118-FILTRO-HYDR-HIFI
SH52111,SH52111,,https://e-commerce.michelecaroli.com/wso/pages/user/wso0205.jsf?idaa=293334&codart=SH52111&marart=230&seopth=HIFI-FILTRI-SH52111-FILTRO-HYDR-HIFI
SH52110,SH52110,,https://e-commerce.michelecaroli.com/wso/pages/user/wso0205.jsf?idaa=293333&codart=SH52110&marart=230&seopth=HIFI-FILTRI-SH52110-FILTRO-HYDR-HIFI
SH52107,SH52107,FILTRO HYDR. HIFI,https://e-commerce.michelecaroli.com/wso/pages/user/wso0205.jsf?idaa=293330&codart=SH52107&marart=230&seopth=HIFI-FILTRI-SH52107-FILTRO-HYDR-HIFI
SH52106,SH52106,FILTRO HYDR. HIFI,https://e-commerce.michelecaroli.com/wso/pages/user/wso0205.jsf?idaa=293329&codart=SH52106&marart=230&seopth=HIFI-FILTRI-SH52106-FILTRO-HYDR-HIFI
SH52104,SH52104,FILTRO HYDR. HIFI,https://e-commerce.michelecaroli.com/wso/pages/user/wso0205.jsf?idaa=293328&codart=SH52104&marart=230&seopth=HIFI-FILTRI-SH52104-FILTRO-HYDR-HIFI
SH52099,SH52099,,https://e-commerce.michelecaroli.com/wso/pages/user/wso0205.jsf?idaa=293323&codart=SH52099&marart=230&seopth=HIFI-FILTRI-SH52099-FILTRO-HYDR-HIFI
SH52092,SH52092,FILTRO HYDR. HIFI,https://e-commerce.michelecaroli.com/wso/pages/user/wso0205.jsf?idaa=293316&codart=SH52092&marart=230&seopth=HIFI-FILTRI-SH52092-FILTRO-HYDR-HIFI
SH52091,SH52091,FILTRO HYDR. HIFI,https://e-commerce.michelecaroli.com/wso/pages/user/wso0205.jsf?idaa=293315&codart=SH52091&marart=230&seopth=HIFI-FILTRI-SH52091-FILTRO-HYDR-HIFI
SH52090,SH52090,,https://e-commerce.michelecaroli.com/wso/pages/user/wso0205.jsf?idaa=293314&codart=SH52090&marart=230&seopth=HIFI-FILTRI-SH52090-FILTRO-HYDR-HIFI
SH52088,SH52088,,https://e-commerce.michelecaroli.com/wso/pages/user/wso0205.jsf?idaa=293313&codart=SH52088&marart=230&seopth=HIFI-FILTRI-SH52088-FILTRO-HYDR-HIFI
SH52087,SH52087,FILTRO HYDR. HIFI,https://e-commerce.michelecaroli.com/wso/pages/user/wso0205.jsf?idaa=293312&codart=SH52087&marart=230&seopth=HIFI-FILTRI-SH52087-FILTRO-HYDR-HIFI
SH52085,SH52085,FILTRO HYDR. HIFI,https://e-commerce.michelecaroli.com/wso/pages/user/wso0205.jsf?idaa=293311&codart=SH52085&marart=230&seopth=HIFI-FILTRI-SH52085-FILTRO-HYDR-HIFI
SH52084,SH52084,,https://e-commerce.michelecaroli.com/wso/pages/user/wso0205.jsf?idaa=293310&codart=SH52084&marart=230&seopth=HIFI-FILTRI-SH52084-FILTRO-HYDR-HIFI
SH52083,SH52083,,https://e-commerce.michelecaroli.com/wso/pages/user/wso0205.jsf?idaa=293309&codart=SH52083&marart=230&seopth=HIFI-FILTRI-SH52083-FILTRO-HYDR-HIFI
SH52079,SH52079,,https://e-commerce.michelecaroli.com/wso/pages/user/wso0205.jsf?idaa=293306&codart=SH52079&marart=230&seopth=HIFI-FILTRI-SH52079-FILTRO-HYDR-HIFI
SH52077,SH52077,,https://e-commerce.michelecaroli.com/wso/pages/user/wso0205.jsf?idaa=293305&codart=SH52077&marart=230&seopth=HIFI-FILTRI-SH52077-FILTRO-HYDR-HIFI
SH52076,SH52076,FILTRO HYDR. HIFI,https://e-commerce.michelecaroli.com/wso/pages/user/wso0205.jsf?idaa=293304&codart=SH52076&marart=230&seopth=HIFI-FILTRI-SH52076-FILTRO-HYDR-HIFI
SH52074,SH52074,,https://e-commerce.michelecaroli.com/wso/pages/user/wso0205.jsf?idaa=293302&codart=SH52074&marart=230&seopth=HIFI-FILTRI-SH52074-FILTRO-HYDR-HIFI
SH52073,SH52073,,https://e-commerce.michelecaroli.com/wso/pages/user/wso0205.jsf?idaa=293301&codart=SH52073&marart=230&seopth=HIFI-FILTRI-SH52073-FILTRO-HYDR-HIFI
SH52067,SH52067,,https://e-commerce.michelecaroli.com/wso/pages/user/wso0205.jsf?idaa=293297&codart=SH52067&marart=230&seopth=HIFI-FILTRI-SH52067-FILTRO-HYDR-HIFI
SH52065,SH52065,,https://e-commerce.michelecaroli.com/wso/pages/user/wso0205.jsf?idaa=293295&codart=SH52065&marart=230&seopth=HIFI-FILTRI-SH52065-FILTRO-HYDR-HIFI
SH52054,SH52054,,https://e-commerce.michelecaroli.com/wso/pages/user/wso0205.jsf?idaa=293286&codart=SH52054&marart=230&seopth=HIFI-FILTRI-SH52054-FILTRO-HYDR-HIFI
SH52053,SH52053,,https://e-commerce.michelecaroli.com/wso/pages/user/wso0205.jsf?idaa=293285&codart=SH52053&marart=230&seopth=HIFI-FILTRI-SH52053-FILTRO-HYDR-HIFI
SH52052,SH52052,FILTRO HYDR. HIFI,https://e-commerce.michelecaroli.com/wso/pages/user/wso0205.jsf?idaa=293284&codart=SH52052&marart=230&seopth=HIFI-FILTRI-SH52052-FILTRO-HYDR-HIFI
SH52046,SH52046,,https://e-commerce.michelecaroli.com/wso/pages/user/wso0205.jsf?idaa=293278&codart=SH52046&marart=230&seopth=HIFI-FILTRI-SH52046-FILTRO-HYDR-HIFI
SH52044,SH52044,FILTRO HYDR. HIFI,https://e-commerce.michelecaroli.com/wso/pages/user/wso0205.jsf?idaa=293276&codart=SH52044&marart=230&seopth=HIFI-FILTRI-SH52044-FILTRO-HYDR-HIFI
SH52042,SH52042,,https://e-commerce.michelecaroli.com/wso/pages/user/wso0205.jsf?idaa=293275&codart=SH52042&marart=230&seopth=HIFI-FILTRI-SH52042-FILTRO-HYDR-HIFI
SH52035,SH52035,,https://e-commerce.michelecaroli.com/wso/pages/user/wso0205.jsf?idaa=293271&codart=SH52035&marart=230&seopth=HIFI-FILTRI-SH52035-FILTRO-HYDR-HIFI
SH52033,SH52033,,https://e-commerce.michelecaroli.com/wso/pages/user/wso0205.jsf?idaa=293269&codart=SH52033&marart=230&seopth=HIFI-FILTRI-SH52033-FILTRO-HYDR-HIFI
SH52029,SH52029,,https://e-commerce.michelecaroli.com/wso/pages/user/wso0205.jsf?idaa=293266&codart=SH52029&marart=230&seopth=HIFI-FILTRI-SH52029-FILTRO-HYDR-HIFI
SH52019,SH52019,,https://e-commerce.michelecaroli.com/wso/pages/user/wso0205.jsf?idaa=293262&codart=SH52019&marart=230&seopth=HIFI-FILTRI-SH52019-FILTRO-HYDR-HIFI
SH52018,SH52018,,https://e-commerce.michelecaroli.com/wso/pages/user/wso0205.jsf?idaa=293261&codart=SH52018&marart=230&seopth=HIFI-FILTRI-SH52018-FILTRO-HYDR-HIFI
SH52014,SH52014,,https://e-commerce.michelecaroli.com/wso/pages/user/wso0205.jsf?idaa=293258&codart=SH52014&marart=230&seopth=HIFI-FILTRI-SH52014-FILTRO-HYDR-HIFI
SH52003,SH52003,,https://e-commerce.michelecaroli.com/wso/pages/user/wso0205.jsf?idaa=293250&codart=SH52003&marart=230&seopth=HIFI-FILTRI-SH52003-FILTRO-HYDR-HIFI
SH52002,SH52002,FILTRO HYDR. HIFI,https://e-commerce.michelecaroli.com/wso/pages/user/wso0205.jsf?idaa=293249&codart=SH52002&marart=230&seopth=HIFI-FILTRI-SH52002-FILTRO-HYDR-HIFI
SH52001,SH52001,FILTRO HYDR. HIFI,https://e-commerce.michelecaroli.com/wso/pages/user/wso0205.jsf?idaa=293248&codart=SH52001&marart=230&seopth=HIFI-FILTRI-SH52001-FILTRO-HYDR-HIFI
SH520,SP-934,FILTRO OLIO,https://e-commerce.michelecaroli.com/wso/pages/user/wso0205.jsf?idaa=466400&codart=SP-934&marart=ALCO&seopth=ALCO-SP-934-FILTRO-OLIO
SH51984,SH51984,,https://e-commerce.michelecaroli.com/wso/pages/user/wso0205.jsf?idaa=293247&codart=SH51984&marart=230&seopth=HIFI-FILTRI-SH51984-FILTRO-HYDR-HIFI
SH51978,SH51978,,https://e-commerce.michelecaroli.com/wso/pages/user/wso0205.jsf?idaa=399682&codart=SH51978&marart=230&seopth=HIFI-FILTRI-SH51978-FILTRO-HYDR-HIFI
SH51970,SH51970,,https://e-commerce.michelecaroli.com/wso/pages/user/wso0205.jsf?idaa=293242&codart=SH51970&marart=230&seopth=HIFI-FILTRI-SH51970-FILTRO-HYDR-HIFI
SH51970,SH51970,,https://e-commerce.michelecaroli.com/wso/pages/user/wso0205.jsf?idaa=293242&codart=SH51970&marart=230&seopth=HIFI-FILTRI-SH51970-FILTRO-HYDR-HIFI
SH51967,SH51967,,https://e-commerce.michelecaroli.com/wso/pages/user/wso0205.jsf?idaa=293240&codart=SH51967&marart=230&seopth=HIFI-FILTRI-SH51967-FILTRO-HYDR-HIFI
SH51798,SH51798,,https://e-commerce.michelecaroli.com/wso/pages/user/wso0205.jsf?idaa=293237&codart=SH51798&marart=230&seopth=HIFI-FILTRI-SH51798-FILTRO-HYDR-HIFI
SH51756,SH51756,,https://e-commerce.michelecaroli.com/wso/pages/user/wso0205.jsf?idaa=293235&codart=SH51756&marart=230&seopth=HIFI-FILTRI-SH51756-FILTRO-HYDR-HIFI
SH51755,SH51755,,https://e-commerce.michelecaroli.com/wso/pages/user/wso0205.jsf?idaa=293234&codart=SH51755&marart=230&seopth=HIFI-FILTRI-SH51755-FILTRO-HYDR-HIFI
SH517,P550173,FILTRO OLIO ATTUALE P550935,https://e-commerce.michelecaroli.com/wso/pages/user/wso0205.jsf?idaa=156489&codart=P550173&marart=227&seopth=DONALDSON-FILTRI-P550173-FILTRO-OLIO-ATTUALE-P550935
SH516,P502048,FILTRO OLIO,https://e-commerce.michelecaroli.com/wso/pages/user/wso0205.jsf?idaa=155998&codart=P502048&marart=227&seopth=DONALDSON-FILTRI-P502048-FILTRO-OLIO
SH51550,SH51550,,https://e-commerce.michelecaroli.com/wso/pages/user/wso0205.jsf?idaa=399679&codart=SH51550&marart=230&seopth=HIFI-FILTRI-SH51550-FILTRO-HYDR-HIFI
SH51539,SH51539,,https://e-commerce.michelecaroli.com/wso/pages/user/wso0205.jsf?idaa=399678&codart=SH51539&marart=230&seopth=HIFI-FILTRI-SH51539-FILTRO-HYDR-HIFI
SH51534,SH51534,,https://e-commerce.michelecaroli.com/wso/pages/user/wso0205.jsf?idaa=293233&codart=SH51534&marart=230&seopth=HIFI-FILTRI-SH51534-FILTRO-HYDR-HIFI
SH51531,SH51531,,https://e-commerce.michelecaroli.com/wso/pages/user/wso0205.jsf?idaa=399677&codart=SH51531&marart=230&seopth=HIFI-FILTRI-SH51531-FILTRO-HYDR-HIFI
SH51529,SH51529,,https://e-commerce.michelecaroli.com/wso/pages/user/wso0205.jsf?idaa=293232&codart=SH51529&marart=230&seopth=HIFI-FILTRI-SH51529-FILTRO-HYDR-HIFI
SH51524,SH51524,,https://e-commerce.michelecaroli.com/wso/pages/user/wso0205.jsf?idaa=293231&codart=SH51524&marart=230&seopth=HIFI-FILTRI-SH51524-FILTRO-HYDR-HIFI
SH51522,SH51522,,https://e-commerce.michelecaroli.com/wso/pages/user/wso0205.jsf?idaa=293230&codart=SH51522&marart=230&seopth=HIFI-FILTRI-SH51522-FILTRO-HYDR-HIFI
SH51519,SH51519,,https://e-commerce.michelecaroli.com/wso/pages/user/wso0205.jsf?idaa=293229&codart=SH51519&marart=230&seopth=HIFI-FILTRI-SH51519-FILTRO-HYDR-HIFI
SH51511,SH51511,,https://e-commerce.michelecaroli.com/wso/pages/user/wso0205.jsf?idaa=399675&codart=SH51511&marart=230&seopth=HIFI-FILTRI-SH51511-FILTRO-HYDR-HIFI
SH51502,SH51502,,https://e-commerce.michelecaroli.com/wso/pages/user/wso0205.jsf?idaa=293227&codart=SH51502&marart=230&seopth=HIFI-FILTRI-SH51502-FILTRO-HYDR-HIFI
SH51501,SH51501,FILTRO HYDR. HIFI,https://e-commerce.michelecaroli.com/wso/pages/user/wso0205.jsf?idaa=293226&codart=SH51501&marart=230&seopth=HIFI-FILTRI-SH51501-FILTRO-HYDR-HIFI
SH51500V,SH51500V,,https://e-commerce.michelecaroli.com/wso/pages/user/wso0205.jsf?idaa=293225&codart=SH51500V&marart=230&seopth=HIFI-FILTRI-SH51500V-FILTRO-HYDR-HIFI
SH51459,SH51459,,https://e-commerce.michelecaroli.com/wso/pages/user/wso0205.jsf?idaa=293223&codart=SH51459&marart=230&seopth=HIFI-FILTRI-SH51459-FILTRO-HYDR-HIFI
SH51453,SH51453,,https://e-commerce.michelecaroli.com/wso/pages/user/wso0205.jsf?idaa=399673&codart=SH51453&marart=230&seopth=HIFI-FILTRI-SH51453-FILTRO-HYDR-HIFI
SH51440,SH51440,,https://e-commerce.michelecaroli.com/wso/pages/user/wso0205.jsf?idaa=293220&codart=SH51440&marart=230&seopth=HIFI-FILTRI-SH51440-FILTRO-HYDR-HIFI
SH51435,SH51435,,https://e-commerce.michelecaroli.com/wso/pages/user/wso0205.jsf?idaa=399672&codart=SH51435&marart=230&seopth=HIFI-FILTRI-SH51435-FILTRO-HYDR-HIFI
SH51419,SH51419,,https://e-commerce.michelecaroli.com/wso/pages/user/wso0205.jsf?idaa=293218&codart=SH51419&marart=230&seopth=HIFI-FILTRI-SH51419-FILTRO-HYDR-HIFI
SH51418,SH51418,,https://e-commerce.michelecaroli.com/wso/pages/user/wso0205.jsf?idaa=293217&codart=SH51418&marart=230&seopth=HIFI-FILTRI-SH51418-FILTRO-HYDR-HIFI
SH51413,SH51413,,https://e-commerce.michelecaroli.com/wso/pages/user/wso0205.jsf?idaa=293216&codart=SH51413&marart=230&seopth=HIFI-FILTRI-SH51413-FILTRO-HYDR-HIFI
SH51410,SH51410,FILTRO HYDR. HIFI @,https://e-commerce.michelecaroli.com/wso/pages/user/wso0205.jsf?idaa=293214&codart=SH51410&marart=230&seopth=HIFI-FILTRI-SH51410-FILTRO-HYDR-HIFI-
SH51406,SH51406,,https://e-commerce.michelecaroli.com/wso/pages/user/wso0205.jsf?idaa=293213&codart=SH51406&marart=230&seopth=HIFI-FILTRI-SH51406-FILTRO-HYDR-HIFI
SH51402,SH51402,,https://e-commerce.michelecaroli.com/wso/pages/user/wso0205.jsf?idaa=399670&codart=SH51402&marart=230&seopth=HIFI-FILTRI-SH51402-FILTRO-HYDR-HIFI
SH51401,SH51401,FILTRO HYDR. HIFI,https://e-commerce.michelecaroli.com/wso/pages/user/wso0205.jsf?idaa=293211&codart=SH51401&marart=230&seopth=HIFI-FILTRI-SH51401-FILTRO-HYDR-HIFI
SH51399V,SH51399V,,https://e-commerce.michelecaroli.com/wso/pages/user/wso0205.jsf?idaa=293210&codart=SH51399V&marart=230&seopth=HIFI-FILTRI-SH51399V-FILTRO-HYDR-HIFI
SH51396,SH51396,,https://e-commerce.michelecaroli.com/wso/pages/user/wso0205.jsf?idaa=399669&codart=SH51396&marart=230&seopth=HIFI-FILTRI-SH51396-FILTRO-HYDR-HIFI
SH51394,SH51394,,https://e-commerce.michelecaroli.com/wso/pages/user/wso0205.jsf?idaa=399668&codart=SH51394&marart=230&seopth=HIFI-FILTRI-SH51394-FILTRO-HYDR-HIFI
SH51393,SH51393,,https://e-commerce.michelecaroli.com/wso/pages/user/wso0205.jsf?idaa=293208&codart=SH51393&marart=230&seopth=HIFI-FILTRI-SH51393-FILTRO-HYDR-HIFI
SH51387,SH51387,,https://e-commerce.michelecaroli.com/wso/pages/user/wso0205.jsf?idaa=399667&codart=SH51387&marart=230&seopth=HIFI-FILTRI-SH51387-FILTRO-HYDR-HIFI
SH51380,SH51380,FILTRO HYDR. HIFI,https://e-commerce.michelecaroli.com/wso/pages/user/wso0205.jsf?idaa=293205&codart=SH51380&marart=230&seopth=HIFI-FILTRI-SH51380-FILTRO-HYDR-HIFI
SH51377,SH51377,,https://e-commerce.michelecaroli.com/wso/pages/user/wso0205.jsf?idaa=293204&codart=SH51377&marart=230&seopth=HIFI-FILTRI-SH51377-FILTRO-HYDR-HIFI
SH51376,SH51376,,https://e-commerce.michelecaroli.com/wso/pages/user/wso0205.jsf?idaa=293203&codart=SH51376&marart=230&seopth=HIFI-FILTRI-SH51376-FILTRO-HYDR-HIFI
SH51375,SH51375,,https://e-commerce.michelecaroli.com/wso/pages/user/wso0205.jsf?idaa=293202&codart=SH51375&marart=230&seopth=HIFI-FILTRI-SH51375-FILTRO-HYDR-HIFI
SH51365,SH51365,,https://e-commerce.michelecaroli.com/wso/pages/user/wso0205.jsf?idaa=293197&codart=SH51365&marart=230&seopth=HIFI-FILTRI-SH51365-FILTRO-HYDR-HIFI
SH51361,SH51361,,https://e-commerce.michelecaroli.com/wso/pages/user/wso0205.jsf?idaa=293196&codart=SH51361&marart=230&seopth=HIFI-FILTRI-SH51361-FILTRO-HYDR-HIFI
SH51356,SH51356,,https://e-commerce.michelecaroli.com/wso/pages/user/wso0205.jsf?idaa=293194&codart=SH51356&marart=230&seopth=HIFI-FILTRI-SH51356-FILTRO-HYDR-HIFI
SH51353,SH51353,,https://e-commerce.michelecaroli.com/wso/pages/user/wso0205.jsf?idaa=293191&codart=SH51353&marart=230&seopth=HIFI-FILTRI-SH51353-FILTRO-HYDR-HIFI
SH51352,SH51352,,https://e-commerce.michelecaroli.com/wso/pages/user/wso0205.jsf?idaa=293190&codart=SH51352&marart=230&seopth=HIFI-FILTRI-SH51352-FILTRO-HYDR-HIFI
SH51350,SH51350,,https://e-commerce.michelecaroli.com/wso/pages/user/wso0205.jsf?idaa=293189&codart=SH51350&marart=230&seopth=HIFI-FILTRI-SH51350-FILTRO-HYDR-HIFI
SH51349,SH51349,,https://e-commerce.michelecaroli.com/wso/pages/user/wso0205.jsf?idaa=293188&codart=SH51349&marart=230&seopth=HIFI-FILTRI-SH51349-FILTRO-HYDR-HIFI
SH51344,SH51344,,https://e-commerce.michelecaroli.com/wso/pages/user/wso0205.jsf?idaa=293186&codart=SH51344&marart=230&seopth=HIFI-FILTRI-SH51344-FILTRO-HYDR-HIFI
SH51340,SH51340,,https://e-commerce.michelecaroli.com/wso/pages/user/wso0205.jsf?idaa=293185&codart=SH51340&marart=230&seopth=HIFI-FILTRI-SH51340-FILTRO-HYDR-HIFI
SH51329,SH51329,,https://e-commerce.michelecaroli.com/wso/pages/user/wso0205.jsf?idaa=293183&codart=SH51329&marart=230&seopth=HIFI-FILTRI-SH51329-FILTRO-HYDR-HIFI
SH51328,SH51328,,https://e-commerce.michelecaroli.com/wso/pages/user/wso0205.jsf?idaa=293182&codart=SH51328&marart=230&seopth=HIFI-FILTRI-SH51328-FILTRO-HYDR-HIFI
SH51325,SH51325,,https://e-commerce.michelecaroli.com/wso/pages/user/wso0205.jsf?idaa=399664&codart=SH51325&marart=230&seopth=HIFI-FILTRI-SH51325-FILTRO-HYDR-HIFI
SH51324,SH51324,,https://e-commerce.michelecaroli.com/wso/pages/user/wso0205.jsf?idaa=399663&codart=SH51324&marart=230&seopth=HIFI-FILTRI-SH51324-FILTRO-HYDR-HIFI
SH51323,SH51323,FILTRO HYDR. HIFI,https://e-commerce.michelecaroli.com/wso/pages/user/wso0205.jsf?idaa=293180&codart=SH51323&marart=230&seopth=HIFI-FILTRI-SH51323-FILTRO-HYDR-HIFI
SH51314,SH51314,,https://e-commerce.michelecaroli.com/wso/pages/user/wso0205.jsf?idaa=293176&codart=SH51314&marart=230&seopth=HIFI-FILTRI-SH51314-FILTRO-HYDR-HIFI
SH51307,SH51307,,https://e-commerce.michelecaroli.com/wso/pages/user/wso0205.jsf?idaa=293174&codart=SH51307&marart=230&seopth=HIFI-FILTRI-SH51307-FILTRO-HYDR-HIFI
SH51304,SH51304,,https://e-commerce.michelecaroli.com/wso/pages/user/wso0205.jsf?idaa=293173&codart=SH51304&marart=230&seopth=HIFI-FILTRI-SH51304-FILTRO-HYDR-HIFI
SH51303,SH51303,,https://e-commerce.michelecaroli.com/wso/pages/user/wso0205.jsf?idaa=293172&codart=SH51303&marart=230&seopth=HIFI-FILTRI-SH51303-FILTRO-HYDR-HIFI
SH51300,SH51300,,https://e-commerce.michelecaroli.com/wso/pages/user/wso0205.jsf?idaa=293170&codart=SH51300&marart=230&seopth=HIFI-FILTRI-SH51300-FILTRO-HYDR-HIFI
SH51296,SH51296,,https://e-commerce.michelecaroli.com/wso/pages/user/wso0205.jsf?idaa=293169&codart=SH51296&marart=230&seopth=HIFI-FILTRI-SH51296-FILTRO-HYDR-HIFI
SH51295,SH51295,,https://e-commerce.michelecaroli.com/wso/pages/user/wso0205.jsf?idaa=293168&codart=SH51295&marart=230&seopth=HIFI-FILTRI-SH51295-FILTRO-HYDR-HIFI
SH51294,SH51294,,https://e-commerce.michelecaroli.com/wso/pages/user/wso0205.jsf?idaa=293167&codart=SH51294&marart=230&seopth=HIFI-FILTRI-SH51294-FILTRO-HYDR-HIFI
SH51293,SH51293,,https://e-commerce.michelecaroli.com/wso/pages/user/wso0205.jsf?idaa=399662&codart=SH51293&marart=230&seopth=HIFI-FILTRI-SH51293-FILTRO-HYDR-HIFI
SH51290,SH51290,,https://e-commerce.michelecaroli.com/wso/pages/user/wso0205.jsf?idaa=293165&codart=SH51290&marart=230&seopth=HIFI-FILTRI-SH51290-FILTRO-HYDR-HIFI
SH51288,SH51288,,https://e-commerce.michelecaroli.com/wso/pages/user/wso0205.jsf?idaa=293164&codart=SH51288&marart=230&seopth=HIFI-FILTRI-SH51288-FILTRO-HYDR-HIFI
SH51285,SH51285,,https://e-commerce.michelecaroli.com/wso/pages/user/wso0205.jsf?idaa=293162&codart=SH51285&marart=230&seopth=HIFI-FILTRI-SH51285-FILTRO-HYDR-HIFI
SH51281V,SH51281V,,https://e-commerce.michelecaroli.com/wso/pages/user/wso0205.jsf?idaa=293159&codart=SH51281V&marart=230&seopth=HIFI-FILTRI-SH51281V-FILTRO-HYDR-HIFI
SH51277,SH51277,,https://e-commerce.michelecaroli.com/wso/pages/user/wso0205.jsf?idaa=293156&codart=SH51277&marart=230&seopth=HIFI-FILTRI-SH51277-FILTRO-HYDR-HIFI
SH51276,SH51276,,https://e-commerce.michelecaroli.com/wso/pages/user/wso0205.jsf?idaa=293155&codart=SH51276&marart=230&seopth=HIFI-FILTRI-SH51276-FILTRO-HYDR-HIFI
SH51274,SH51274,,https://e-commerce.michelecaroli.com/wso/pages/user/wso0205.jsf?idaa=293154&codart=SH51274&marart=230&seopth=HIFI-FILTRI-SH51274-FILTRO-HYDR-HIFI
SH51272,SH51272,,https://e-commerce.michelecaroli.com/wso/pages/user/wso0205.jsf?idaa=293153&codart=SH51272&marart=230&seopth=HIFI-FILTRI-SH51272-FILTRO-HYDR-HIFI
SH51268,SH51268,,https://e-commerce.michelecaroli.com/wso/pages/user/wso0205.jsf?idaa=399660&codart=SH51268&marart=230&seopth=HIFI-FILTRI-SH51268-FILTRO-HYDR-HIFI
SH51263,SH51263,,https://e-commerce.michelecaroli.com/wso/pages/user/wso0205.jsf?idaa=293151&codart=SH51263&marart=230&seopth=HIFI-FILTRI-SH51263-FILTRO-HYDR-HIFI
SH51262,SH51262,,https://e-commerce.michelecaroli.com/wso/pages/user/wso0205.jsf?idaa=293150&codart=SH51262&marart=230&seopth=HIFI-FILTRI-SH51262-FILTRO-HYDR-HIFI
SH51261V,SH51261V,,https://e-commerce.michelecaroli.com/wso/pages/user/wso0205.jsf?idaa=399658&codart=SH51261V&marart=230&seopth=HIFI-FILTRI-SH51261V-FILTRO-HYDR-HIFI
SH51261,SH51261,,https://e-commerce.michelecaroli.com/wso/pages/user/wso0205.jsf?idaa=293149&codart=SH51261&marart=230&seopth=HIFI-FILTRI-SH51261-FILTRO-HYDR-HIFI
SH51258,SH51258,,https://e-commerce.michelecaroli.com/wso/pages/user/wso0205.jsf?idaa=293148&codart=SH51258&marart=230&seopth=HIFI-FILTRI-SH51258-FILTRO-HYDR-HIFI
SH51251,SH51251,,https://e-commerce.michelecaroli.com/wso/pages/user/wso0205.jsf?idaa=293145&codart=SH51251&marart=230&seopth=HIFI-FILTRI-SH51251-FILTRO-HYDR-HIFI
SH51250,SH51250,,https://e-commerce.michelecaroli.com/wso/pages/user/wso0205.jsf?idaa=293144&codart=SH51250&marart=230&seopth=HIFI-FILTRI-SH51250-FILTRO-HYDR-HIFI
SH51249,SH51249,,https://e-commerce.michelecaroli.com/wso/pages/user/wso0205.jsf?idaa=399657&codart=SH51249&marart=230&seopth=HIFI-FILTRI-SH51249-FILTRO-HYDR-HIFI
SH51226,SH51226,,https://e-commerce.michelecaroli.com/wso/pages/user/wso0205.jsf?idaa=293140&codart=SH51226&marart=230&seopth=HIFI-FILTRI-SH51226-FILTRO-HYDR-HIFI
SH51225,SH51225,,https://e-commerce.michelecaroli.com/wso/pages/user/wso0205.jsf?idaa=399656&codart=SH51225&marart=230&seopth=HIFI-FILTRI-SH51225-FILTRO-HYDR-HIFI
SH51223,SH51223,,https://e-commerce.michelecaroli.com/wso/pages/user/wso0205.jsf?idaa=293139&codart=SH51223&marart=230&seopth=HIFI-FILTRI-SH51223-FILTRO-HYDR-HIFI
SH51222,P173597,FILTRO HYDR.DONALDSON P17-3597,https://e-commerce.michelecaroli.com/wso/pages/user/wso0205.jsf?idaa=155627&codart=P173597&marart=227&seopth=DONALDSON-FILTRI-P173597-FILTRO-HYDR-DONALDSON-P17-3597
SH51209,SH51209,,https://e-commerce.michelecaroli.com/wso/pages/user/wso0205.jsf?idaa=399655&codart=SH51209&marart=230&seopth=HIFI-FILTRI-SH51209-FILTRO-HYDR-HIFI
SH51186,SH51186,,https://e-commerce.michelecaroli.com/wso/pages/user/wso0205.jsf?idaa=293130&codart=SH51186&marart=230&seopth=HIFI-FILTRI-SH51186-FILTRO-HYDR-HIFI
SH51184,SH51184,,https://e-commerce.michelecaroli.com/wso/pages/user/wso0205.jsf?idaa=293129&codart=SH51184&marart=230&seopth=HIFI-FILTRI-SH51184-FILTRO-HYDR-HIFI
SH51181V,SH51181V,,https://e-commerce.michelecaroli.com/wso/pages/user/wso0205.jsf?idaa=293128&codart=SH51181V&marart=230&seopth=HIFI-FILTRI-SH51181V-FILTRO-HYDR-HIFI
SH51181,SH51181,,https://e-commerce.michelecaroli.com/wso/pages/user/wso0205.jsf?idaa=293127&codart=SH51181&marart=230&seopth=HIFI-FILTRI-SH51181-FILTRO-HYDR-HIFI
SH51180,SH51180,,https://e-commerce.michelecaroli.com/wso/pages/user/wso0205.jsf?idaa=293126&codart=SH51180&marart=230&seopth=HIFI-FILTRI-SH51180-FILTRO-HYDR-HIFI
SH51174,SH51174,,https://e-commerce.michelecaroli.com/wso/pages/user/wso0205.jsf?idaa=293124&codart=SH51174&marart=230&seopth=HIFI-FILTRI-SH51174-FILTRO-HYDR-HIFI
SH51166,SH51166,,https://e-commerce.michelecaroli.com/wso/pages/user/wso0205.jsf?idaa=293120&codart=SH51166&marart=230&seopth=HIFI-FILTRI-SH51166-FILTRO-HYDR-HIFI
SH51165,SH51165,FILTRO HYDR. HIFI,https://e-commerce.michelecaroli.com/wso/pages/user/wso0205.jsf?idaa=293119&codart=SH51165&marart=230&seopth=HIFI-FILTRI-SH51165-FILTRO-HYDR-HIFI
SH51162,SH51162,,https://e-commerce.michelecaroli.com/wso/pages/user/wso0205.jsf?idaa=293118&codart=SH51162&marart=230&seopth=HIFI-FILTRI-SH51162-FILTRO-HYDR-HIFI
SH51155V,SH51155V,,https://e-commerce.michelecaroli.com/wso/pages/user/wso0205.jsf?idaa=293116&codart=SH51155V&marart=230&seopth=HIFI-FILTRI-SH51155V-FILTRO-HYDR-HIFI
SH51151,SH51151,,https://e-commerce.michelecaroli.com/wso/pages/user/wso0205.jsf?idaa=293112&codart=SH51151&marart=230&seopth=HIFI-FILTRI-SH51151-FILTRO-HYDR-HIFI
SH51144,SH51144,,https://e-commerce.michelecaroli.com/wso/pages/user/wso0205.jsf?idaa=293111&codart=SH51144&marart=230&seopth=HIFI-FILTRI-SH51144-FILTRO-HYDR-HIFI
SH51137,SH51137,,https://e-commerce.michelecaroli.com/wso/pages/user/wso0205.jsf?idaa=293110&codart=SH51137&marart=230&seopth=HIFI-FILTRI-SH51137-FILTRO-HYDR-HIFI
SH51129,SH51129,,https://e-commerce.michelecaroli.com/wso/pages/user/wso0205.jsf?idaa=399652&codart=SH51129&marart=230&seopth=HIFI-FILTRI-SH51129-FILTRO-HYDR-HIFI
SH51128,SH51128,,https://e-commerce.michelecaroli.com/wso/pages/user/wso0205.jsf?idaa=399651&codart=SH51128&marart=230&seopth=HIFI-FILTRI-SH51128-FILTRO-HYDR-HIFI
SH51127,SH51127,,https://e-commerce.michelecaroli.com/wso/pages/user/wso0205.jsf?idaa=399650&codart=SH51127&marart=230&seopth=HIFI-FILTRI-SH51127-FILTRO-HYDR-HIFI
SH51125,SH51125,,https://e-commerce.michelecaroli.com/wso/pages/user/wso0205.jsf?idaa=293106&codart=SH51125&marart=230&seopth=HIFI-FILTRI-SH51125-FILTRO-HYDR-HIFI
SH51124,SH51124,,https://e-commerce.michelecaroli.com/wso/pages/user/wso0205.jsf?idaa=293105&codart=SH51124&marart=230&seopth=HIFI-FILTRI-SH51124-FILTRO-HYDR-HIFI
SH51118,SH51118,,https://e-commerce.michelecaroli.com/wso/pages/user/wso0205.jsf?idaa=293101&codart=SH51118&marart=230&seopth=HIFI-FILTRI-SH51118-FILTRO-HYDR-HIFI
SH51115,SH51115,,https://e-commerce.michelecaroli.com/wso/pages/user/wso0205.jsf?idaa=293099&codart=SH51115&marart=230&seopth=HIFI-FILTRI-SH51115-FILTRO-HYDR-HIFI
SH51107,SH51107,,https://e-commerce.michelecaroli.com/wso/pages/user/wso0205.jsf?idaa=399649&codart=SH51107&marart=230&seopth=HIFI-FILTRI-SH51107-FILTRO-HYDR-HIFI
SH51106,SH51106,,https://e-commerce.michelecaroli.com/wso/pages/user/wso0205.jsf?idaa=399648&codart=SH51106&marart=230&seopth=HIFI-FILTRI-SH51106-FILTRO-HYDR-HIFI
SH51104,SH51104,,https://e-commerce.michelecaroli.com/wso/pages/user/wso0205.jsf?idaa=293097&codart=SH51104&marart=230&seopth=HIFI-FILTRI-SH51104-FILTRO-HYDR-HIFI
SH51103,SH51103,,https://e-commerce.michelecaroli.com/wso/pages/user/wso0205.jsf?idaa=293096&codart=SH51103&marart=230&seopth=HIFI-FILTRI-SH51103-FILTRO-HYDR-HIFI
SH51101,SH51101,FILTRO HYDR. HIFI,https://e-commerce.michelecaroli.com/wso/pages/user/wso0205.jsf?idaa=293094&codart=SH51101&marart=230&seopth=HIFI-FILTRI-SH51101-FILTRO-HYDR-HIFI
SH51100,SH51100,,https://e-commerce.michelecaroli.com/wso/pages/user/wso0205.jsf?idaa=293093&codart=SH51100&marart=230&seopth=HIFI-FILTRI-SH51100-FILTRO-HYDR-HIFI
SH51099,SH51099,,https://e-commerce.michelecaroli.com/wso/pages/user/wso0205.jsf?idaa=293092&codart=SH51099&marart=230&seopth=HIFI-FILTRI-SH51099-FILTRO-HYDR-HIFI
SH51098,SH51098,,https://e-commerce.michelecaroli.com/wso/pages/user/wso0205.jsf?idaa=293091&codart=SH51098&marart=230&seopth=HIFI-FILTRI-SH51098-FILTRO-HYDR-HIFI
SH51096,SH51096,,https://e-commerce.michelecaroli.com/wso/pages/user/wso0205.jsf?idaa=293090&codart=SH51096&marart=230&seopth=HIFI-FILTRI-SH51096-FILTRO-HYDR-HIFI
SH51088,SH51088,,https://e-commerce.michelecaroli.com/wso/pages/user/wso0205.jsf?idaa=293084&codart=SH51088&marart=230&seopth=HIFI-FILTRI-SH51088-FILTRO-HYDR-HIFI
SH51087V,SH51087V,,https://e-commerce.michelecaroli.com/wso/pages/user/wso0205.jsf?idaa=293083&codart=SH51087V&marart=230&seopth=HIFI-FILTRI-SH51087V-FILTRO-HYDR-HIFI
SH51087,SH51087,,https://e-commerce.michelecaroli.com/wso/pages/user/wso0205.jsf?idaa=293082&codart=SH51087&marart=230&seopth=HIFI-FILTRI-SH51087-FILTRO-HYDR-HIFI
SH51074,SH51074,,https://e-commerce.michelecaroli.com/wso/pages/user/wso0205.jsf?idaa=293078&codart=SH51074&marart=230&seopth=HIFI-FILTRI-SH51074-FILTRO-HYDR-HIFI
SH51072,SH51072,,https://e-commerce.michelecaroli.com/wso/pages/user/wso0205.jsf?idaa=293077&codart=SH51072&marart=230&seopth=HIFI-FILTRI-SH51072-FILTRO-HYDR-HIFI
