Code searched,Matched code,Part Category on Michele,Link to Michele product
SI88020,SI88020,,https://e-commerce.michelecaroli.com/wso/pages/user/wso0205.jsf?idaa=395034&codart=SI88020&marart=230&seopth=HIFI-FILTRI-SI88020-PREFILTRO-40-MIC-HIFI
SI88018,SI88018,,https://e-commerce.michelecaroli.com/wso/pages/user/wso0205.jsf?idaa=395033&codart=SI88018&marart=230&seopth=HIFI-FILTRI-SI88018-FILTRO-HIFI
SI88014,SI88014,,https://e-commerce.michelecaroli.com/wso/pages/user/wso0205.jsf?idaa=395032&codart=SI88014&marart=230&seopth=HIFI-FILTRI-SI88014-MICRO-FILTRO-0-01-MIC-HIFI
SI88013,SI88013,,https://e-commerce.michelecaroli.com/wso/pages/user/wso0205.jsf?idaa=298819&codart=SI88013&marart=230&seopth=HIFI-FILTRI-SI88013-PREFILTRO-40-MIC-HIFI
SI88002,SI88002,,https://e-commerce.michelecaroli.com/wso/pages/user/wso0205.jsf?idaa=395031&codart=SI88002&marart=230&seopth=HIFI-FILTRI-SI88002-MICRO-FILTRO-0-01-MIC-HIFI
SI88001,SI88001,,https://e-commerce.michelecaroli.com/wso/pages/user/wso0205.jsf?idaa=395030&codart=SI88001&marart=230&seopth=HIFI-FILTRI-SI88001-PREFILTRO-5-MIC-HIFI
SI85702,SI85702,,https://e-commerce.michelecaroli.com/wso/pages/user/wso0205.jsf?idaa=395028&codart=SI85702&marart=230&seopth=HIFI-FILTRI-SI85702-MICRO-FILTRO-0-01-MIC-HIFI
SI85701,SI85701,,https://e-commerce.michelecaroli.com/wso/pages/user/wso0205.jsf?idaa=395027&codart=SI85701&marart=230&seopth=HIFI-FILTRI-SI85701-FILTRO-FINO-1-MIC-HIFI
SI85700,SI85700,,https://e-commerce.michelecaroli.com/wso/pages/user/wso0205.jsf?idaa=395026&codart=SI85700&marart=230&seopth=HIFI-FILTRI-SI85700-PREFILTRO-5-MIC-HIFI
SI85453,SI85453,,https://e-commerce.michelecaroli.com/wso/pages/user/wso0205.jsf?idaa=395024&codart=SI85453&marart=230&seopth=HIFI-FILTRI-SI85453-FILTRO-CARBONE-ATTIVO-HIFI
SI85452,SI85452,,https://e-commerce.michelecaroli.com/wso/pages/user/wso0205.jsf?idaa=395023&codart=SI85452&marart=230&seopth=HIFI-FILTRI-SI85452-MICRO-FILTRO-0-01-MIC-HIFI
SI85383,SI85383,,https://e-commerce.michelecaroli.com/wso/pages/user/wso0205.jsf?idaa=395022&codart=SI85383&marart=230&seopth=HIFI-FILTRI-SI85383-FILTRO-CARBONE-ATTIVO-HIFI
SI85382,SI85382,,https://e-commerce.michelecaroli.com/wso/pages/user/wso0205.jsf?idaa=298814&codart=SI85382&marart=230&seopth=HIFI-FILTRI-SI85382-MICRO-FILTRO-0-01-MIC-HIFI
SI85381,SI85381,,https://e-commerce.michelecaroli.com/wso/pages/user/wso0205.jsf?idaa=298813&codart=SI85381&marart=230&seopth=HIFI-FILTRI-SI85381-FILTRO-FINO-1-MIC-HIFI
SI85232,SI85232,,https://e-commerce.michelecaroli.com/wso/pages/user/wso0205.jsf?idaa=298812&codart=SI85232&marart=230&seopth=HIFI-FILTRI-SI85232-MICRO-FILTRO-0-01-MIC-HIFI
SI85231,SI85231,,https://e-commerce.michelecaroli.com/wso/pages/user/wso0205.jsf?idaa=298811&codart=SI85231&marart=230&seopth=HIFI-FILTRI-SI85231-FILTRO-FINO-1-MIC-HIFI
SI85230,SI85230,,https://e-commerce.michelecaroli.com/wso/pages/user/wso0205.jsf?idaa=395021&codart=SI85230&marart=230&seopth=HIFI-FILTRI-SI85230-PREFILTRO-5-MIC-HIFI
SI85187,SI85187,,https://e-commerce.michelecaroli.com/wso/pages/user/wso0205.jsf?idaa=395020&codart=SI85187&marart=230&seopth=HIFI-FILTRI-SI85187-FILTRO-CARBONE-ATTIVO-HIFI
SI85182,SI85182,,https://e-commerce.michelecaroli.com/wso/pages/user/wso0205.jsf?idaa=298810&codart=SI85182&marart=230&seopth=HIFI-FILTRI-SI85182-MICRO-FILTRO-0-01-MIC-HIFI
SI85181,SI85181,FILTRO FINO 1 MIC HIFI,https://e-commerce.michelecaroli.com/wso/pages/user/wso0205.jsf?idaa=298809&codart=SI85181&marart=230&seopth=HIFI-FILTRI-SI85181-FILTRO-FINO-1-MIC-HIFI
SI85180,SI85180,,https://e-commerce.michelecaroli.com/wso/pages/user/wso0205.jsf?idaa=298808&codart=SI85180&marart=230&seopth=HIFI-FILTRI-SI85180-PREFILTRO-20-MIC-HIFI
SI85120,SI85120,,https://e-commerce.michelecaroli.com/wso/pages/user/wso0205.jsf?idaa=298805&codart=SI85120&marart=230&seopth=HIFI-FILTRI-SI85120-PREFILTRO-5-MIC-HIFI
SI85033,SI85033,,https://e-commerce.michelecaroli.com/wso/pages/user/wso0205.jsf?idaa=395018&codart=SI85033&marart=230&seopth=HIFI-FILTRI-SI85033-FILTRO-CARBONE-ATTIVO-HIFI
SI85032,SI85032,,https://e-commerce.michelecaroli.com/wso/pages/user/wso0205.jsf?idaa=395017&codart=SI85032&marart=230&seopth=HIFI-FILTRI-SI85032-MICRO-FILTRO-0-01-MIC-HIFI
SI85031,SI85031,,https://e-commerce.michelecaroli.com/wso/pages/user/wso0205.jsf?idaa=395016&codart=SI85031&marart=230&seopth=HIFI-FILTRI-SI85031-MICRO-FILTRO-1-MIC-HIFI
SI85026,SI85026,,https://e-commerce.michelecaroli.com/wso/pages/user/wso0205.jsf?idaa=395015&codart=SI85026&marart=230&seopth=HIFI-FILTRI-SI85026-MICRO-FILTRO-0-01-MIC-HIFI
SI85025,SI85025,,https://e-commerce.michelecaroli.com/wso/pages/user/wso0205.jsf?idaa=395014&codart=SI85025&marart=230&seopth=HIFI-FILTRI-SI85025-PREFILTRO-HIFI
SI83401,SI83401,,https://e-commerce.michelecaroli.com/wso/pages/user/wso0205.jsf?idaa=344853&codart=SI83401&marart=230&seopth=HIFI-FILTRI-SI83401-FILTRO-MIC-1MIC-HIFI
SI82932,SI82932,,https://e-commerce.michelecaroli.com/wso/pages/user/wso0205.jsf?idaa=395011&codart=SI82932&marart=230&seopth=HIFI-FILTRI-SI82932-MICRO-FILTRO-0-01-MIC-HIFI
SI82931,SI82931,,https://e-commerce.michelecaroli.com/wso/pages/user/wso0205.jsf?idaa=395010&codart=SI82931&marart=230&seopth=HIFI-FILTRI-SI82931-FILTRO-FINO-1-MIC-HIFI
SI82612,SI82612,,https://e-commerce.michelecaroli.com/wso/pages/user/wso0205.jsf?idaa=395009&codart=SI82612&marart=230&seopth=HIFI-FILTRI-SI82612-MICRO-FILTRO-0-01-MIC-HIFI
SI82611,SI82611,,https://e-commerce.michelecaroli.com/wso/pages/user/wso0205.jsf?idaa=395008&codart=SI82611&marart=230&seopth=HIFI-FILTRI-SI82611-FILTRO-FINO-1-MIC-HIFI
SI82183,SI82183,,https://e-commerce.michelecaroli.com/wso/pages/user/wso0205.jsf?idaa=395007&codart=SI82183&marart=230&seopth=HIFI-FILTRI-SI82183-FILTRO-CARBONE-ATTIVO-HIFI
SI82182,SI82182,,https://e-commerce.michelecaroli.com/wso/pages/user/wso0205.jsf?idaa=395006&codart=SI82182&marart=230&seopth=HIFI-FILTRI-SI82182-MICRO-FILTRO-0-01-MIC-HIFI
SI82181,SI82181,,https://e-commerce.michelecaroli.com/wso/pages/user/wso0205.jsf?idaa=395005&codart=SI82181&marart=230&seopth=HIFI-FILTRI-SI82181-FILTRO-FINO-1-MIC-HIFI
SI82102,SI82102,,https://e-commerce.michelecaroli.com/wso/pages/user/wso0205.jsf?idaa=395004&codart=SI82102&marart=230&seopth=HIFI-FILTRI-SI82102-MICRO-FILTRO-0-01-MIC-HIFI
SI82101,SI82101,,https://e-commerce.michelecaroli.com/wso/pages/user/wso0205.jsf?idaa=395003&codart=SI82101&marart=230&seopth=HIFI-FILTRI-SI82101-FILTRO-FINO-1-MIC-HIFI
SI81202,SI81202,,https://e-commerce.michelecaroli.com/wso/pages/user/wso0205.jsf?idaa=298803&codart=SI81202&marart=230&seopth=HIFI-FILTRI-SI81202-MICROFILTRO-HIFI
SI81201,SI81201,,https://e-commerce.michelecaroli.com/wso/pages/user/wso0205.jsf?idaa=298802&codart=SI81201&marart=230&seopth=HIFI-FILTRI-SI81201-FILTRO-FINO-1-MIC-HIFI
SI80902,SI80902,,https://e-commerce.michelecaroli.com/wso/pages/user/wso0205.jsf?idaa=298801&codart=SI80902&marart=230&seopth=HIFI-FILTRI-SI80902-MICRO-FILTRO-0-01-MIC-HIFI
SI80901,SI80901,,https://e-commerce.michelecaroli.com/wso/pages/user/wso0205.jsf?idaa=298800&codart=SI80901&marart=230&seopth=HIFI-FILTRI-SI80901-FILTRO-FINO-1-MIC-HIFI
SI80900,SI80900,,https://e-commerce.michelecaroli.com/wso/pages/user/wso0205.jsf?idaa=298799&codart=SI80900&marart=230&seopth=HIFI-FILTRI-SI80900-FILTRO-3-MIC-HIFI
SI80721,SI80721,,https://e-commerce.michelecaroli.com/wso/pages/user/wso0205.jsf?idaa=298797&codart=SI80721&marart=230&seopth=HIFI-FILTRI-SI80721-FILTRO-FINO-1-MIC-HIFI
SI80702,SI80702,,https://e-commerce.michelecaroli.com/wso/pages/user/wso0205.jsf?idaa=395001&codart=SI80702&marart=230&seopth=HIFI-FILTRI-SI80702-MICRO-FILTRO-0-01-MIC-HIFI
SI80701,SI80701,,https://e-commerce.michelecaroli.com/wso/pages/user/wso0205.jsf?idaa=298795&codart=SI80701&marart=230&seopth=HIFI-FILTRI-SI80701-FILTRO-FINO-1-MIC-HIFI
SI80700,SI80700,,https://e-commerce.michelecaroli.com/wso/pages/user/wso0205.jsf?idaa=298794&codart=SI80700&marart=230&seopth=HIFI-FILTRI-SI80700-PREFILTRO-3-MIC-HIFI
SI80601,SI80601,,https://e-commerce.michelecaroli.com/wso/pages/user/wso0205.jsf?idaa=298791&codart=SI80601&marart=230&seopth=HIFI-FILTRI-SI80601-FILTRO-FINO-1-MIC-HIFI
SI80600,SI80600,,https://e-commerce.michelecaroli.com/wso/pages/user/wso0205.jsf?idaa=298790&codart=SI80600&marart=230&seopth=HIFI-FILTRI-SI80600-PREFILTRO-3-MIC-HIFI
SI80363,SI80363,,https://e-commerce.michelecaroli.com/wso/pages/user/wso0205.jsf?idaa=298789&codart=SI80363&marart=230&seopth=HIFI-FILTRI-SI80363-FILTRO-CARBONE-ATTIVO-HIFI
SI80362,SI80362,,https://e-commerce.michelecaroli.com/wso/pages/user/wso0205.jsf?idaa=298788&codart=SI80362&marart=230&seopth=HIFI-FILTRI-SI80362-MICRO-FILTRO-0-01-MIC-HIFI
SI80361,SI80361,,https://e-commerce.michelecaroli.com/wso/pages/user/wso0205.jsf?idaa=298787&codart=SI80361&marart=230&seopth=HIFI-FILTRI-SI80361-FILTRO-FINO-1-MIC-HIFI
SI80360,SI80360,,https://e-commerce.michelecaroli.com/wso/pages/user/wso0205.jsf?idaa=298786&codart=SI80360&marart=230&seopth=HIFI-FILTRI-SI80360-PREFILTRO-3-MIC-HIFI
SI80303,SI80303,,https://e-commerce.michelecaroli.com/wso/pages/user/wso0205.jsf?idaa=298785&codart=SI80303&marart=230&seopth=HIFI-FILTRI-SI80303-FILTRO-CARBONE-ATTIVO-HIFI
SI80302,SI80302,,https://e-commerce.michelecaroli.com/wso/pages/user/wso0205.jsf?idaa=395000&codart=SI80302&marart=230&seopth=HIFI-FILTRI-SI80302-MICRO-FILTRO-0-01-MIC-HIFI
SI80301,SI80301,,https://e-commerce.michelecaroli.com/wso/pages/user/wso0205.jsf?idaa=298784&codart=SI80301&marart=230&seopth=HIFI-FILTRI-SI80301-FILTRO-FINO-1-MIC-HIFI
SI80300,SI80300,,https://e-commerce.michelecaroli.com/wso/pages/user/wso0205.jsf?idaa=298783&codart=SI80300&marart=230&seopth=HIFI-FILTRI-SI80300-PREFILTRO-3-MIC-HIFI
SI80253,SI80253,,https://e-commerce.michelecaroli.com/wso/pages/user/wso0205.jsf?idaa=298782&codart=SI80253&marart=230&seopth=HIFI-FILTRI-SI80253-FILTRO-CARBONE-ATTIVO-HIFI
SI80252,SI80252,,https://e-commerce.michelecaroli.com/wso/pages/user/wso0205.jsf?idaa=298781&codart=SI80252&marart=230&seopth=HIFI-FILTRI-SI80252-MICRO-FILTRO-0-01-MIC-HIFI
SI80251,SI80251,,https://e-commerce.michelecaroli.com/wso/pages/user/wso0205.jsf?idaa=298780&codart=SI80251&marart=230&seopth=HIFI-FILTRI-SI80251-FILTRO-FINO-1-MIC-HIFI
SI80250,SI80250,,https://e-commerce.michelecaroli.com/wso/pages/user/wso0205.jsf?idaa=298779&codart=SI80250&marart=230&seopth=HIFI-FILTRI-SI80250-PREFILTRO-3-MIC-HIFI
SI80163,SI80163,,https://e-commerce.michelecaroli.com/wso/pages/user/wso0205.jsf?idaa=298778&codart=SI80163&marart=230&seopth=HIFI-FILTRI-SI80163-FILTRO-CARBONE-ATTIVO-HIFI
SI80161,SI80161,,https://e-commerce.michelecaroli.com/wso/pages/user/wso0205.jsf?idaa=298776&codart=SI80161&marart=230&seopth=HIFI-FILTRI-SI80161-FILTRO-FINO-1-MIC-HIFI
SI80083,SI80083,,https://e-commerce.michelecaroli.com/wso/pages/user/wso0205.jsf?idaa=298774&codart=SI80083&marart=230&seopth=HIFI-FILTRI-SI80083-FILTRO-CARBONE-ATTIVO-HIFI
SI80082,SI80082,,https://e-commerce.michelecaroli.com/wso/pages/user/wso0205.jsf?idaa=298773&codart=SI80082&marart=230&seopth=HIFI-FILTRI-SI80082-MICRO-FILTRO-0-01-MIC-HIFI
SI80081,SI80081,,https://e-commerce.michelecaroli.com/wso/pages/user/wso0205.jsf?idaa=298772&codart=SI80081&marart=230&seopth=HIFI-FILTRI-SI80081-FILTRO-FINO-1-MIC-HIFI
SI80080,SI80080,,https://e-commerce.michelecaroli.com/wso/pages/user/wso0205.jsf?idaa=298771&codart=SI80080&marart=230&seopth=HIFI-FILTRI-SI80080-PREFILTRO-3-MIC-HIFI
SI80043,SI80043,,https://e-commerce.michelecaroli.com/wso/pages/user/wso0205.jsf?idaa=298770&codart=SI80043&marart=230&seopth=HIFI-FILTRI-SI80043-FILTRO-CARBONE-ATTIVO-HIFI
SI80042,SI80042,,https://e-commerce.michelecaroli.com/wso/pages/user/wso0205.jsf?idaa=298769&codart=SI80042&marart=230&seopth=HIFI-FILTRI-SI80042-MICRO-FILTRO-0-01-MIC-HIFI
SI72091,SI72091,,https://e-commerce.michelecaroli.com/wso/pages/user/wso0205.jsf?idaa=394997&codart=SI72091&marart=230&seopth=HIFI-FILTRI-SI72091-PREFILTRO-3-MIC-HIFI
SI68703,SI68703,,https://e-commerce.michelecaroli.com/wso/pages/user/wso0205.jsf?idaa=298762&codart=SI68703&marart=230&seopth=HIFI-FILTRI-SI68703-MICRO-FILTRO-0-01-MIC-HIFI
SI68523,SI68523,,https://e-commerce.michelecaroli.com/wso/pages/user/wso0205.jsf?idaa=298760&codart=SI68523&marart=230&seopth=HIFI-FILTRI-SI68523-MICRO-FILTRO-0-01-MIC-HIFI
SI68522,SI68522,,https://e-commerce.michelecaroli.com/wso/pages/user/wso0205.jsf?idaa=298759&codart=SI68522&marart=230&seopth=HIFI-FILTRI-SI68522-FILTRO-FINO-1-MIC-HIFI
SI68503,SI68503,,https://e-commerce.michelecaroli.com/wso/pages/user/wso0205.jsf?idaa=298757&codart=SI68503&marart=230&seopth=HIFI-FILTRI-SI68503-MICRO-FILTRO-0-01-MIC-HIFI
SI68282,SI68282,,https://e-commerce.michelecaroli.com/wso/pages/user/wso0205.jsf?idaa=298753&codart=SI68282&marart=230&seopth=HIFI-FILTRI-SI68282-MICRO-FILTRO-0-01-MIC-HIFI
SI68132,SI68132,,https://e-commerce.michelecaroli.com/wso/pages/user/wso0205.jsf?idaa=298750&codart=SI68132&marart=230&seopth=HIFI-FILTRI-SI68132-MICRO-FILTRO-0-01-MIC-HIFI
SI68131,SI68131,,https://e-commerce.michelecaroli.com/wso/pages/user/wso0205.jsf?idaa=298749&codart=SI68131&marart=230&seopth=HIFI-FILTRI-SI68131-MICRO-FILTRO-1-MIC-HIFI
SI68130,SI68130,,https://e-commerce.michelecaroli.com/wso/pages/user/wso0205.jsf?idaa=298748&codart=SI68130&marart=230&seopth=HIFI-FILTRI-SI68130-FILTRO-A-PARTICELLE-1-MIC-HIFI
SI68094,SI68094,,https://e-commerce.michelecaroli.com/wso/pages/user/wso0205.jsf?idaa=394995&codart=SI68094&marart=230&seopth=HIFI-FILTRI-SI68094-FILTRO-CARBONE-ATTIVO-HIFI
SI68092,SI68092,,https://e-commerce.michelecaroli.com/wso/pages/user/wso0205.jsf?idaa=298747&codart=SI68092&marart=230&seopth=HIFI-FILTRI-SI68092-MICRO-FILTRO-0-01-MIC-HIFI
SI68054,SI68054,,https://e-commerce.michelecaroli.com/wso/pages/user/wso0205.jsf?idaa=298746&codart=SI68054&marart=230&seopth=HIFI-FILTRI-SI68054-FILTRO-CARBONE-ATTIVO-HIFI
SI68052,SI68052,,https://e-commerce.michelecaroli.com/wso/pages/user/wso0205.jsf?idaa=298745&codart=SI68052&marart=230&seopth=HIFI-FILTRI-SI68052-MICRO-FILTRO-0-01-MIC-HIFI
SI68051,SI68051,,https://e-commerce.michelecaroli.com/wso/pages/user/wso0205.jsf?idaa=298744&codart=SI68051&marart=230&seopth=HIFI-FILTRI-SI68051-MICRO-FILTRO-1-MIC-HIFI
SI68050,SI68050,,https://e-commerce.michelecaroli.com/wso/pages/user/wso0205.jsf?idaa=298743&codart=SI68050&marart=230&seopth=HIFI-FILTRI-SI68050-FILTRO-A-PARTICELLE-1-MIC-HIFI
SI68034,SI68034,,https://e-commerce.michelecaroli.com/wso/pages/user/wso0205.jsf?idaa=298742&codart=SI68034&marart=230&seopth=HIFI-FILTRI-SI68034-FILTRO-CARBONE-ATTIVO-HIFI
SI68032,SI68032,,https://e-commerce.michelecaroli.com/wso/pages/user/wso0205.jsf?idaa=298741&codart=SI68032&marart=230&seopth=HIFI-FILTRI-SI68032-MICRO-FILTRO-0-01-MIC-HIFI
SI68031,SI68031,,https://e-commerce.michelecaroli.com/wso/pages/user/wso0205.jsf?idaa=298740&codart=SI68031&marart=230&seopth=HIFI-FILTRI-SI68031-MICRO-FILTRO-1-MIC-HIFI
SI68012,SI68012,,https://e-commerce.michelecaroli.com/wso/pages/user/wso0205.jsf?idaa=298738&codart=SI68012&marart=230&seopth=HIFI-FILTRI-SI68012-MICRO-FILTRO-0-01-MIC-HIFI
SI68011,SI68011,,https://e-commerce.michelecaroli.com/wso/pages/user/wso0205.jsf?idaa=394994&codart=SI68011&marart=230&seopth=HIFI-FILTRI-SI68011-MICRO-FILTRO-1-MIC-HIFI
SI61133,SI61133,,https://e-commerce.michelecaroli.com/wso/pages/user/wso0205.jsf?idaa=298734&codart=SI61133&marart=230&seopth=HIFI-FILTRI-SI61133-MICRO-FILTRO-0-01-MIC-HIFI
SI61132,SI61132,,https://e-commerce.michelecaroli.com/wso/pages/user/wso0205.jsf?idaa=298733&codart=SI61132&marart=230&seopth=HIFI-FILTRI-SI61132-FILTRO-FINO-1-MIC-HIFI
SI53001,SI53001,,https://e-commerce.michelecaroli.com/wso/pages/user/wso0205.jsf?idaa=394988&codart=SI53001&marart=230&seopth=HIFI-FILTRI-SI53001-PREFILTRO-3-MIC-HIFI
SI52402,SI52402,,https://e-commerce.michelecaroli.com/wso/pages/user/wso0205.jsf?idaa=298732&codart=SI52402&marart=230&seopth=HIFI-FILTRI-SI52402-MICRO-FILTRO-1-MIC-HIFI
SI51751,SI51751,,https://e-commerce.michelecaroli.com/wso/pages/user/wso0205.jsf?idaa=394987&codart=SI51751&marart=230&seopth=HIFI-FILTRI-SI51751-PREFILTRO-3-MIC-HIFI
SI51601,SI51601,,https://e-commerce.michelecaroli.com/wso/pages/user/wso0205.jsf?idaa=394985&codart=SI51601&marart=230&seopth=HIFI-FILTRI-SI51601-MICRO-FILTRO-0-1-MIC-HIFI
SI51202,SI51202,,https://e-commerce.michelecaroli.com/wso/pages/user/wso0205.jsf?idaa=298731&codart=SI51202&marart=230&seopth=HIFI-FILTRI-SI51202-MICRO-FILTRO-1-MIC-HIFI
SI50904,SI50904,,https://e-commerce.michelecaroli.com/wso/pages/user/wso0205.jsf?idaa=394984&codart=SI50904&marart=230&seopth=HIFI-FILTRI-SI50904-FILTRO-CARBONE-ATTIVO-HIFI
SI50903,SI50903,,https://e-commerce.michelecaroli.com/wso/pages/user/wso0205.jsf?idaa=394983&codart=SI50903&marart=230&seopth=HIFI-FILTRI-SI50903-MICRO-FILTRO-0-01-MIC-HIFI
SI50902,SI50902,,https://e-commerce.michelecaroli.com/wso/pages/user/wso0205.jsf?idaa=394982&codart=SI50902&marart=230&seopth=HIFI-FILTRI-SI50902-MICRO-FILTRO-0-1-MIC-HIFI
SI50901,SI50901,,https://e-commerce.michelecaroli.com/wso/pages/user/wso0205.jsf?idaa=394981&codart=SI50901&marart=230&seopth=HIFI-FILTRI-SI50901-PREFILTRO-3-MIC-HIFI
SI50604,SI50604,,https://e-commerce.michelecaroli.com/wso/pages/user/wso0205.jsf?idaa=394980&codart=SI50604&marart=230&seopth=HIFI-FILTRI-SI50604-FILTRO-CARBONE-ATTIVO-HIFI
SI50603,SI50603,,https://e-commerce.michelecaroli.com/wso/pages/user/wso0205.jsf?idaa=394979&codart=SI50603&marart=230&seopth=HIFI-FILTRI-SI50603-MICRO-FILTRO-0-01-MIC-HIFI
