Code searched,Matched code,Part Category on Michele,Link to Michele product
S113982,P112803,VALVOLA D'EVACUAZIONE DIAM.76,https://e-commerce.michelecaroli.com/wso/pages/user/wso0205.jsf?idaa=154572&codart=P112803&marart=227&seopth=DONALDSON-FILTRI-P112803-VALVOLA-D-EVACUAZIONE-DIAM-76
S1139,S1139,,https://e-commerce.michelecaroli.com/wso/pages/user/wso0205.jsf?idaa=266361&codart=S1139&marart=MONR&seopth=MONROE-AMMORTIZZATORI-S1139-AMM-DI-HONDA-ACCORD-94-98-VEDI
S1136,S1136,,https://e-commerce.michelecaroli.com/wso/pages/user/wso0205.jsf?idaa=266358&codart=S1136&marart=MONR&seopth=MONROE-AMMORTIZZATORI-S1136-AMM-HONDA-PRELUDE-T-92-VEDI-23804
S1136,S1136,,https://e-commerce.michelecaroli.com/wso/pages/user/wso0205.jsf?idaa=266358&codart=S1136&marart=MONR&seopth=MONROE-AMMORTIZZATORI-S1136-AMM-HONDA-PRELUDE-T-92-VEDI-23804
S1136,S1136,,https://e-commerce.michelecaroli.com/wso/pages/user/wso0205.jsf?idaa=266358&codart=S1136&marart=MONR&seopth=MONROE-AMMORTIZZATORI-S1136-AMM-HONDA-PRELUDE-T-92-VEDI-23804
S1132,S1132,,https://e-commerce.michelecaroli.com/wso/pages/user/wso0205.jsf?idaa=266354&codart=S1132&marart=MONR&seopth=MONROE-AMMORTIZZATORI-S1132-OBSOLETO
S1132,S1132,,https://e-commerce.michelecaroli.com/wso/pages/user/wso0205.jsf?idaa=266354&codart=S1132&marart=MONR&seopth=MONROE-AMMORTIZZATORI-S1132-OBSOLETO
S1132,S1132,,https://e-commerce.michelecaroli.com/wso/pages/user/wso0205.jsf?idaa=266354&codart=S1132&marart=MONR&seopth=MONROE-AMMORTIZZATORI-S1132-OBSOLETO
S1130,S1130,,https://e-commerce.michelecaroli.com/wso/pages/user/wso0205.jsf?idaa=266352&codart=S1130&marart=MONR&seopth=MONROE-AMMORTIZZATORI-S1130-OBSOLETO
S1130,S1130,,https://e-commerce.michelecaroli.com/wso/pages/user/wso0205.jsf?idaa=266352&codart=S1130&marart=MONR&seopth=MONROE-AMMORTIZZATORI-S1130-OBSOLETO
S1128,S1128,,https://e-commerce.michelecaroli.com/wso/pages/user/wso0205.jsf?idaa=266350&codart=S1128&marart=MONR&seopth=MONROE-AMMORTIZZATORI-S1128-AMM-BMW-E36-S3-MT-T-95-99-VEDI-E112
S1128,S1128,,https://e-commerce.michelecaroli.com/wso/pages/user/wso0205.jsf?idaa=266350&codart=S1128&marart=MONR&seopth=MONROE-AMMORTIZZATORI-S1128-AMM-BMW-E36-S3-MT-T-95-99-VEDI-E112
S112682,P105529,GOMITO 90 GRADI P10-5529,https://e-commerce.michelecaroli.com/wso/pages/user/wso0205.jsf?idaa=154530&codart=P105529&marart=227&seopth=DONALDSON-FILTRI-P105529-GOMITO-90-GRADI-P10-5529
S11227,P182001,FILTRO ARIA,https://e-commerce.michelecaroli.com/wso/pages/user/wso0205.jsf?idaa=313753&codart=P182001&marart=227&seopth=DONALDSON-FILTRI-P182001-FILTRO-ARIA
S1121,S1121,,https://e-commerce.michelecaroli.com/wso/pages/user/wso0205.jsf?idaa=266343&codart=S1121&marart=MONR&seopth=MONROE-AMMORTIZZATORI-S1121-AMM-SEAT-IBIZA-2-93-3-99-T-VEDI-23
S1121,S1121,,https://e-commerce.michelecaroli.com/wso/pages/user/wso0205.jsf?idaa=266343&codart=S1121&marart=MONR&seopth=MONROE-AMMORTIZZATORI-S1121-AMM-SEAT-IBIZA-2-93-3-99-T-VEDI-23
S11198,P182001,FILTRO ARIA,https://e-commerce.michelecaroli.com/wso/pages/user/wso0205.jsf?idaa=313753&codart=P182001&marart=227&seopth=DONALDSON-FILTRI-P182001-FILTRO-ARIA
S1107,S1107,,https://e-commerce.michelecaroli.com/wso/pages/user/wso0205.jsf?idaa=266330&codart=S1107&marart=MONR&seopth=MONROE-AMMORTIZZATORI-S1107-OBSOLETO
S1107,S1107,,https://e-commerce.michelecaroli.com/wso/pages/user/wso0205.jsf?idaa=266330&codart=S1107&marart=MONR&seopth=MONROE-AMMORTIZZATORI-S1107-OBSOLETO
S11023,P182001,FILTRO ARIA,https://e-commerce.michelecaroli.com/wso/pages/user/wso0205.jsf?idaa=313753&codart=P182001&marart=227&seopth=DONALDSON-FILTRI-P182001-FILTRO-ARIA
S1101,S1101,,https://e-commerce.michelecaroli.com/wso/pages/user/wso0205.jsf?idaa=266324&codart=S1101&marart=MONR&seopth=MONROE-AMMORTIZZATORI-S1101-VEDI-23773
S1101,S1101,,https://e-commerce.michelecaroli.com/wso/pages/user/wso0205.jsf?idaa=266324&codart=S1101&marart=MONR&seopth=MONROE-AMMORTIZZATORI-S1101-VEDI-23773
S1100,20460111OE,MOT.AVV. ORIG.CHEVROLET,https://e-commerce.michelecaroli.com/wso/pages/user/wso0205.jsf?idaa=390927&codart=20460111OE&marart=REAL&seopth=REAL-MOTORINI-E-ALTERNATORI-20460111OE-MOT-AVV-ORIG-CHEVROLET
S110,VKPC82400,POMPA ACQUA 124/132,https://e-commerce.michelecaroli.com/wso/pages/user/wso0205.jsf?idaa=139148&codart=VKPC82400&marart=180&seopth=SKF-CUSCINETTI-VKPC82400-POMPA-ACQUA-124-132
S1099,S1099,,https://e-commerce.michelecaroli.com/wso/pages/user/wso0205.jsf?idaa=266323&codart=S1099&marart=MONR&seopth=MONROE-AMMORTIZZATORI-S1099-OBSOLETO
S1096,S1096,,https://e-commerce.michelecaroli.com/wso/pages/user/wso0205.jsf?idaa=266320&codart=S1096&marart=MONR&seopth=MONROE-AMMORTIZZATORI-S1096-OBSOLETO
S1096,S1096,,https://e-commerce.michelecaroli.com/wso/pages/user/wso0205.jsf?idaa=266320&codart=S1096&marart=MONR&seopth=MONROE-AMMORTIZZATORI-S1096-OBSOLETO
S109513,SO475,FILTRO OLIO P554408 HIFI,https://e-commerce.michelecaroli.com/wso/pages/user/wso0205.jsf?idaa=300159&codart=SO475&marart=230&seopth=HIFI-FILTRI-SO475-FILTRO-OLIO-P554408-HIFI
S109470,51499,FILTRO IDRAULICO,https://e-commerce.michelecaroli.com/wso/pages/user/wso0205.jsf?idaa=368385&codart=51499&marart=218&seopth=WIX-INDUSTRIAL-HD-51499-FILTRO-IDRAULICO
S109470,51499,FILTRO IDRAULICO,https://e-commerce.michelecaroli.com/wso/pages/user/wso0205.jsf?idaa=368385&codart=51499&marart=218&seopth=WIX-INDUSTRIAL-HD-51499-FILTRO-IDRAULICO
S109,P550186,FILTRO OLIO AD IMMERSIONE,https://e-commerce.michelecaroli.com/wso/pages/user/wso0205.jsf?idaa=156496&codart=P550186&marart=227&seopth=DONALDSON-FILTRI-P550186-FILTRO-OLIO-AD-IMMERSIONE
S108971,51499,FILTRO IDRAULICO,https://e-commerce.michelecaroli.com/wso/pages/user/wso0205.jsf?idaa=368385&codart=51499&marart=218&seopth=WIX-INDUSTRIAL-HD-51499-FILTRO-IDRAULICO
S1088,S1088,,https://e-commerce.michelecaroli.com/wso/pages/user/wso0205.jsf?idaa=266312&codart=S1088&marart=MONR&seopth=MONROE-AMMORTIZZATORI-S1088-AMM-AUDI-A4-95-99-T-VEDI-E1088
S1088,S1088,,https://e-commerce.michelecaroli.com/wso/pages/user/wso0205.jsf?idaa=266312&codart=S1088&marart=MONR&seopth=MONROE-AMMORTIZZATORI-S1088-AMM-AUDI-A4-95-99-T-VEDI-E1088
S1088,S1088,,https://e-commerce.michelecaroli.com/wso/pages/user/wso0205.jsf?idaa=266312&codart=S1088&marart=MONR&seopth=MONROE-AMMORTIZZATORI-S1088-AMM-AUDI-A4-95-99-T-VEDI-E1088
S1086,S1086,,https://e-commerce.michelecaroli.com/wso/pages/user/wso0205.jsf?idaa=266310&codart=S1086&marart=MONR&seopth=MONROE-AMMORTIZZATORI-S1086-OBSOLETO
S1086,S1086,,https://e-commerce.michelecaroli.com/wso/pages/user/wso0205.jsf?idaa=266310&codart=S1086&marart=MONR&seopth=MONROE-AMMORTIZZATORI-S1086-OBSOLETO
S1081,S1081,,https://e-commerce.michelecaroli.com/wso/pages/user/wso0205.jsf?idaa=266305&codart=S1081&marart=MONR&seopth=MONROE-AMMORTIZZATORI-S1081-OBSOLETO
S1081,S1081,,https://e-commerce.michelecaroli.com/wso/pages/user/wso0205.jsf?idaa=266305&codart=S1081&marart=MONR&seopth=MONROE-AMMORTIZZATORI-S1081-OBSOLETO
S1080PO,SO1594,FILTRO OLIO P550183 HIFI,https://e-commerce.michelecaroli.com/wso/pages/user/wso0205.jsf?idaa=300845&codart=SO1594&marart=230&seopth=HIFI-FILTRI-SO1594-FILTRO-OLIO-P550183-HIFI
S1080,S1080,,https://e-commerce.michelecaroli.com/wso/pages/user/wso0205.jsf?idaa=266304&codart=S1080&marart=MONR&seopth=MONROE-AMMORTIZZATORI-S1080-OBSOLETO
S107791,51499,FILTRO IDRAULICO,https://e-commerce.michelecaroli.com/wso/pages/user/wso0205.jsf?idaa=368385&codart=51499&marart=218&seopth=WIX-INDUSTRIAL-HD-51499-FILTRO-IDRAULICO
S1074,S1074,,https://e-commerce.michelecaroli.com/wso/pages/user/wso0205.jsf?idaa=266298&codart=S1074&marart=MONR&seopth=MONROE-AMMORTIZZATORI-S1074-AMM-ROVER-600-D-93-96-VEDI-23794
S106338,51021E,FILTRO OLIO#,https://e-commerce.michelecaroli.com/wso/pages/user/wso0205.jsf?idaa=369090&codart=51021E&marart=218&seopth=WIX-INDUSTRIAL-HD-51021E-FILTRO-OLIO-
S106022,P101293,RIDUTTORE DONALDSON 102X127X152,https://e-commerce.michelecaroli.com/wso/pages/user/wso0205.jsf?idaa=154509&codart=P101293&marart=227&seopth=DONALDSON-FILTRI-P101293-RIDUTTORE-DONALDSON-102X127X152
S1059,S1059,,https://e-commerce.michelecaroli.com/wso/pages/user/wso0205.jsf?idaa=266285&codart=S1059&marart=MONR&seopth=MONROE-AMMORTIZZATORI-S1059-OBSOLETO
S1059,S1059,,https://e-commerce.michelecaroli.com/wso/pages/user/wso0205.jsf?idaa=266285&codart=S1059&marart=MONR&seopth=MONROE-AMMORTIZZATORI-S1059-OBSOLETO
S105892,51439,FILTRO IDRAULICO,https://e-commerce.michelecaroli.com/wso/pages/user/wso0205.jsf?idaa=368337&codart=51439&marart=218&seopth=WIX-INDUSTRIAL-HD-51439-FILTRO-IDRAULICO
S1054,S1054,,https://e-commerce.michelecaroli.com/wso/pages/user/wso0205.jsf?idaa=266280&codart=S1054&marart=MONR&seopth=MONROE-AMMORTIZZATORI-S1054-OBSOLETO
S1054,S1054,,https://e-commerce.michelecaroli.com/wso/pages/user/wso0205.jsf?idaa=266280&codart=S1054&marart=MONR&seopth=MONROE-AMMORTIZZATORI-S1054-OBSOLETO
S1053,S1053,,https://e-commerce.michelecaroli.com/wso/pages/user/wso0205.jsf?idaa=266279&codart=S1053&marart=MONR&seopth=MONROE-AMMORTIZZATORI-S1053-AMM-NISSAN-PRIMERA-T-VEDI-23435
S1053,S1053,,https://e-commerce.michelecaroli.com/wso/pages/user/wso0205.jsf?idaa=266279&codart=S1053&marart=MONR&seopth=MONROE-AMMORTIZZATORI-S1053-AMM-NISSAN-PRIMERA-T-VEDI-23435
S1050,S1050,,https://e-commerce.michelecaroli.com/wso/pages/user/wso0205.jsf?idaa=266276&codart=S1050&marart=MONR&seopth=MONROE-AMMORTIZZATORI-S1050-OBSOLETO
S1050,S1050,,https://e-commerce.michelecaroli.com/wso/pages/user/wso0205.jsf?idaa=266276&codart=S1050&marart=MONR&seopth=MONROE-AMMORTIZZATORI-S1050-OBSOLETO
S104929,51439,FILTRO IDRAULICO,https://e-commerce.michelecaroli.com/wso/pages/user/wso0205.jsf?idaa=368337&codart=51439&marart=218&seopth=WIX-INDUSTRIAL-HD-51439-FILTRO-IDRAULICO
S1046,S1046,,https://e-commerce.michelecaroli.com/wso/pages/user/wso0205.jsf?idaa=266272&codart=S1046&marart=MONR&seopth=MONROE-AMMORTIZZATORI-S1046-OBSOLETO
S1043,S1043,,https://e-commerce.michelecaroli.com/wso/pages/user/wso0205.jsf?idaa=266269&codart=S1043&marart=MONR&seopth=MONROE-AMMORTIZZATORI-S1043-OBSOLETO
S1043,S1043,,https://e-commerce.michelecaroli.com/wso/pages/user/wso0205.jsf?idaa=266269&codart=S1043&marart=MONR&seopth=MONROE-AMMORTIZZATORI-S1043-OBSOLETO
S103,S103,,https://e-commerce.michelecaroli.com/wso/pages/user/wso0205.jsf?idaa=249178&codart=S103&marart=FAG&seopth=FAG-CUSCINETTI-INDUSTRIALI-S103-TENDICINGHIA
S1027,S1027,,https://e-commerce.michelecaroli.com/wso/pages/user/wso0205.jsf?idaa=266253&codart=S1027&marart=MONR&seopth=MONROE-AMMORTIZZATORI-S1027-VEDI-22660
S1017,S1017,,https://e-commerce.michelecaroli.com/wso/pages/user/wso0205.jsf?idaa=266244&codart=S1017&marart=MONR&seopth=MONROE-AMMORTIZZATORI-S1017-OBSOLETO
S1017,S1017,,https://e-commerce.michelecaroli.com/wso/pages/user/wso0205.jsf?idaa=266244&codart=S1017&marart=MONR&seopth=MONROE-AMMORTIZZATORI-S1017-OBSOLETO
S1014,S1014,,https://e-commerce.michelecaroli.com/wso/pages/user/wso0205.jsf?idaa=266241&codart=S1014&marart=MONR&seopth=MONROE-AMMORTIZZATORI-S1014-OBSOLETO
S1014,S1014,,https://e-commerce.michelecaroli.com/wso/pages/user/wso0205.jsf?idaa=266241&codart=S1014&marart=MONR&seopth=MONROE-AMMORTIZZATORI-S1014-OBSOLETO
S1013B,RT4,PREFILTRO CARB. DIAM 8 / 8 MM DIAM EST. 36/42 MM ALT. 64/104 MM.,https://e-commerce.michelecaroli.com/wso/pages/user/wso0205.jsf?idaa=398924&codart=RT4&marart=230&seopth=HIFI-FILTRI-RT4-PREFILTRO-CARB-DIAM-8-8-MM
S1013,S1013,,https://e-commerce.michelecaroli.com/wso/pages/user/wso0205.jsf?idaa=266240&codart=S1013&marart=MONR&seopth=MONROE-AMMORTIZZATORI-S1013-OBSOLETO
S1013,S1013,,https://e-commerce.michelecaroli.com/wso/pages/user/wso0205.jsf?idaa=266240&codart=S1013&marart=MONR&seopth=MONROE-AMMORTIZZATORI-S1013-OBSOLETO
S1012B,RT18,PREFILTRO UNIV. DIAM. 6/8 MM DIAM EST. 31/36 MM ALT. 62/143 MM,https://e-commerce.michelecaroli.com/wso/pages/user/wso0205.jsf?idaa=398904&codart=RT18&marart=230&seopth=HIFI-FILTRI-RT18-PREFILTRO-UNIV-DIAM-6-8-MM
S1001DRH135,T7317,FILTRO OLIO P551343 HIFI,https://e-commerce.michelecaroli.com/wso/pages/user/wso0205.jsf?idaa=395353&codart=T7317&marart=230&seopth=HIFI-FILTRI-T7317-FILTRO-OLIO-P551343-HIFI
S1001,S1001,,https://e-commerce.michelecaroli.com/wso/pages/user/wso0205.jsf?idaa=266228&codart=S1001&marart=MONR&seopth=MONROE-AMMORTIZZATORI-S1001-OBSOLETO
S1001,S1001,,https://e-commerce.michelecaroli.com/wso/pages/user/wso0205.jsf?idaa=266228&codart=S1001&marart=MONR&seopth=MONROE-AMMORTIZZATORI-S1001-OBSOLETO
S100,S7111NC,FILTRO CAV296 SOFIMA,https://e-commerce.michelecaroli.com/wso/pages/user/wso0205.jsf?idaa=446634&codart=S7111NC&marart=SOFI&seopth=SOFIMA-S7111NC-FILTRO-CAV296-SOFIMA
S1,SO580,FILTRO OLIO P550008# HIFI,https://e-commerce.michelecaroli.com/wso/pages/user/wso0205.jsf?idaa=300199&codart=SO580&marart=230&seopth=HIFI-FILTRI-SO580-FILTRO-OLIO-P550008-HIFI
S099911,M080024,SPARK ARRESTOR,https://e-commerce.michelecaroli.com/wso/pages/user/wso0205.jsf?idaa=442872&codart=M080024&marart=227&seopth=DONALDSON-FILTRI-M080024-SPARK-ARRESTOR
S0966,P502020,"LUBE FILTER, SPIN-ON FULL FLOW",https://e-commerce.michelecaroli.com/wso/pages/user/wso0205.jsf?idaa=441443&codart=P502020&marart=227&seopth=DONALDSON-FILTRI-P502020-LUBE-FILTER-SPIN-ON-FULL-FLOW
S0950560,WL7107,"FIILTRO OLIO BEDFO.BOBCATCASE JOHN DEERE. KUBOTA. HON. ACCORD, CIVIC,",https://e-commerce.michelecaroli.com/wso/pages/user/wso0205.jsf?idaa=143507&codart=WL7107&marart=219&seopth=WIX-AUTO-FILTRI-WL7107-FIILTRO-OLIO-BEDFO-BOBCATCASE-JOHN
S0950560,WL7107,"FIILTRO OLIO BEDFO.BOBCATCASE JOHN DEERE. KUBOTA. HON. ACCORD, CIVIC,",https://e-commerce.michelecaroli.com/wso/pages/user/wso0205.jsf?idaa=143507&codart=WL7107&marart=219&seopth=WIX-AUTO-FILTRI-WL7107-FIILTRO-OLIO-BEDFO-BOBCATCASE-JOHN
S091499,P105545,GOMITO 45 GRADI DIAM.102 MM.,https://e-commerce.michelecaroli.com/wso/pages/user/wso0205.jsf?idaa=154536&codart=P105545&marart=227&seopth=DONALDSON-FILTRI-P105545-GOMITO-45-GRADI-DIAM-102-MM-
S089590,P105609,MANICOTTO S/RIDUZIONE 102X102X133,https://e-commerce.michelecaroli.com/wso/pages/user/wso0205.jsf?idaa=154539&codart=P105609&marart=227&seopth=DONALDSON-FILTRI-P105609-MANICOTTO-S-RIDUZIONE-102X102X133
S0858510,SA14009K,FILTRO ARIA HIFI,https://e-commerce.michelecaroli.com/wso/pages/user/wso0205.jsf?idaa=288854&codart=SA14009K&marart=230&seopth=HIFI-FILTRI-SA14009K-FILTRO-ARIA-HIFI
S085130,P105534,"ELBOW, 90 DEGREE RUBBER",https://e-commerce.michelecaroli.com/wso/pages/user/wso0205.jsf?idaa=442999&codart=P105534&marart=227&seopth=DONALDSON-FILTRI-P105534-ELBOW-90-DEGREE-RUBBER
S083126,P101290,RIDUTTORE DONALDSON 64X76X114,https://e-commerce.michelecaroli.com/wso/pages/user/wso0205.jsf?idaa=154506&codart=P101290&marart=227&seopth=DONALDSON-FILTRI-P101290-RIDUTTORE-DONALDSON-64X76X114
S0810NR,SN185,FILTRO NAFTA P557440# HIFI,https://e-commerce.michelecaroli.com/wso/pages/user/wso0205.jsf?idaa=298907&codart=SN185&marart=230&seopth=HIFI-FILTRI-SN185-FILTRO-NAFTA-P557440-HIFI
S072,SO553,FILTRO OLIO P550141 HIFI,https://e-commerce.michelecaroli.com/wso/pages/user/wso0205.jsf?idaa=300187&codart=SO553&marart=230&seopth=HIFI-FILTRI-SO553-FILTRO-OLIO-P550141-HIFI
S070,51006E,,https://e-commerce.michelecaroli.com/wso/pages/user/wso0205.jsf?idaa=369088&codart=51006E&marart=218&seopth=WIX-INDUSTRIAL-HD-51006E-FILTRO-OLIO
S07,51049,FILTRO OLIO,https://e-commerce.michelecaroli.com/wso/pages/user/wso0205.jsf?idaa=368078&codart=51049&marart=218&seopth=WIX-INDUSTRIAL-HD-51049-FILTRO-OLIO
S0691,46885,FILTRO ARIA,https://e-commerce.michelecaroli.com/wso/pages/user/wso0205.jsf?idaa=367598&codart=46885&marart=218&seopth=WIX-INDUSTRIAL-HD-46885-FILTRO-ARIA
S0681,46860,FILTRO ARIA,https://e-commerce.michelecaroli.com/wso/pages/user/wso0205.jsf?idaa=367575&codart=46860&marart=218&seopth=WIX-INDUSTRIAL-HD-46860-FILTRO-ARIA
S0591,S0591,MOTORINO AVV.TO ASPL,https://e-commerce.michelecaroli.com/wso/pages/user/wso0205.jsf?idaa=508433&codart=S0591&marart=ASPL&seopth=AS-PARTS-S0591-MOTORINO-AVV-TO-ASPL
S0591,S0591,MOTORINO AVV.TO ASPL,https://e-commerce.michelecaroli.com/wso/pages/user/wso0205.jsf?idaa=508433&codart=S0591&marart=ASPL&seopth=AS-PARTS-S0591-MOTORINO-AVV-TO-ASPL
S0580PO,1901599,,https://e-commerce.michelecaroli.com/wso/pages/user/wso0205.jsf?idaa=529088&codart=1901599&marart=IVECO&seopth=IVECO-1901599-FILTRO-OLIO-IMM-UFI-25-401-00
S0580,20401475OE,MOT.AVV. ORIG.MERC.,https://e-commerce.michelecaroli.com/wso/pages/user/wso0205.jsf?idaa=389229&codart=20401475OE&marart=REAL&seopth=REAL-MOTORINI-E-ALTERNATORI-20401475OE-MOT-AVV-ORIG-MERC-
S0550,20401272OE,MOT.AVV. ORIG.PSA,https://e-commerce.michelecaroli.com/wso/pages/user/wso0205.jsf?idaa=385477&codart=20401272OE&marart=REAL&seopth=REAL-MOTORINI-E-ALTERNATORI-20401272OE-MOT-AVV-ORIG-PSA
S052,51302E,FILTRO OLIO P550052,https://e-commerce.michelecaroli.com/wso/pages/user/wso0205.jsf?idaa=369112&codart=51302E&marart=218&seopth=WIX-INDUSTRIAL-HD-51302E-FILTRO-OLIO-P550052
S051A,51036,FILTRO OLIO P550051,https://e-commerce.michelecaroli.com/wso/pages/user/wso0205.jsf?idaa=368073&codart=51036&marart=218&seopth=WIX-INDUSTRIAL-HD-51036-FILTRO-OLIO-P550051
S051,51036,FILTRO OLIO P550051,https://e-commerce.michelecaroli.com/wso/pages/user/wso0205.jsf?idaa=368073&codart=51036&marart=218&seopth=WIX-INDUSTRIAL-HD-51036-FILTRO-OLIO-P550051
S0492405,CPC011H102D002,,https://e-commerce.michelecaroli.com/wso/pages/user/wso0205.jsf?idaa=438557&codart=CPC011H102D002&marart=230&seopth=HIFI-FILTRI-CPC011H102D002-FILTRO
S0492,20401615OE,MOT.AVV. ORIG.MERC.,https://e-commerce.michelecaroli.com/wso/pages/user/wso0205.jsf?idaa=389164&codart=20401615OE&marart=REAL&seopth=REAL-MOTORINI-E-ALTERNATORI-20401615OE-MOT-AVV-ORIG-MERC-
S0491,20401055BN,MOT.AVV. COMPAT.MERC.,https://e-commerce.michelecaroli.com/wso/pages/user/wso0205.jsf?idaa=389200&codart=20401055BN&marart=REAL&seopth=REAL-MOTORINI-E-ALTERNATORI-20401055BN-MOT-AVV-COMPAT-MERC-
S0491,20401055BN,MOT.AVV. COMPAT.MERC.,https://e-commerce.michelecaroli.com/wso/pages/user/wso0205.jsf?idaa=389200&codart=20401055BN&marart=REAL&seopth=REAL-MOTORINI-E-ALTERNATORI-20401055BN-MOT-AVV-COMPAT-MERC-
S047,SO780,FILTRO OLIO P550047 HIFI,https://e-commerce.michelecaroli.com/wso/pages/user/wso0205.jsf?idaa=301372&codart=SO780&marart=230&seopth=HIFI-FILTRI-SO780-FILTRO-OLIO-P550047-HIFI
S0450510,SA14009K,FILTRO ARIA HIFI,https://e-commerce.michelecaroli.com/wso/pages/user/wso0205.jsf?idaa=288854&codart=SA14009K&marart=230&seopth=HIFI-FILTRI-SA14009K-FILTRO-ARIA-HIFI
S0420R,51773,FILTRO OLIO,https://e-commerce.michelecaroli.com/wso/pages/user/wso0205.jsf?idaa=368617&codart=51773&marart=218&seopth=WIX-INDUSTRIAL-HD-51773-FILTRO-OLIO
S0410,20401325RC,MOT.AVV. RIG. C/RESO VW,https://e-commerce.michelecaroli.com/wso/pages/user/wso0205.jsf?idaa=389169&codart=20401325RC&marart=REAL&seopth=REAL-MOTORINI-E-ALTERNATORI-20401325RC-MOT-AVV-RIG-C-RESO-VW
S040,SO780,FILTRO OLIO P550047 HIFI,https://e-commerce.michelecaroli.com/wso/pages/user/wso0205.jsf?idaa=301372&codart=SO780&marart=230&seopth=HIFI-FILTRI-SO780-FILTRO-OLIO-P550047-HIFI
S04,SO7106,FILTRO OLIO P550170 HIFI,https://e-commerce.michelecaroli.com/wso/pages/user/wso0205.jsf?idaa=301239&codart=SO7106&marart=230&seopth=HIFI-FILTRI-SO7106-FILTRO-OLIO-P550170-HIFI
S0391,P151097,FILTRO ARIA DONALDSON CONICO,https://e-commerce.michelecaroli.com/wso/pages/user/wso0205.jsf?idaa=154839&codart=P151097&marart=227&seopth=DONALDSON-FILTRI-P151097-FILTRO-ARIA-DONALDSON-CONICO
S0385,20401621BN,MOT.AVV. COMPAT.PSA,https://e-commerce.michelecaroli.com/wso/pages/user/wso0205.jsf?idaa=385109&codart=20401621BN&marart=REAL&seopth=REAL-MOTORINI-E-ALTERNATORI-20401621BN-MOT-AVV-COMPAT-PSA
S0385,20401621BN,MOT.AVV. COMPAT.PSA,https://e-commerce.michelecaroli.com/wso/pages/user/wso0205.jsf?idaa=385109&codart=20401621BN&marart=REAL&seopth=REAL-MOTORINI-E-ALTERNATORI-20401621BN-MOT-AVV-COMPAT-PSA
S0380,20401973BN,MOT.AVV. COMPAT.ROVER,https://e-commerce.michelecaroli.com/wso/pages/user/wso0205.jsf?idaa=389029&codart=20401973BN&marart=REAL&seopth=REAL-MOTORINI-E-ALTERNATORI-20401973BN-MOT-AVV-COMPAT-ROVER
S0377,20419431OE,MOT.AVV. ORIG.LOMBARDINI,https://e-commerce.michelecaroli.com/wso/pages/user/wso0205.jsf?idaa=389865&codart=20419431OE&marart=REAL&seopth=REAL-MOTORINI-E-ALTERNATORI-20419431OE-MOT-AVV-ORIG-LOMBARDINI
S0377,20419431OE,MOT.AVV. ORIG.LOMBARDINI,https://e-commerce.michelecaroli.com/wso/pages/user/wso0205.jsf?idaa=389865&codart=20419431OE&marart=REAL&seopth=REAL-MOTORINI-E-ALTERNATORI-20419431OE-MOT-AVV-ORIG-LOMBARDINI
S037,SO780,FILTRO OLIO P550047 HIFI,https://e-commerce.michelecaroli.com/wso/pages/user/wso0205.jsf?idaa=301372&codart=SO780&marart=230&seopth=HIFI-FILTRI-SO780-FILTRO-OLIO-P550047-HIFI
S0350,20401442BN,MOT.AVV. COMPAT.MERC.,https://e-commerce.michelecaroli.com/wso/pages/user/wso0205.jsf?idaa=388864&codart=20401442BN&marart=REAL&seopth=REAL-MOTORINI-E-ALTERNATORI-20401442BN-MOT-AVV-COMPAT-MERC-
S0346,20401036BN,MOT.AVV. COMPAT.MAN TRUCKS,https://e-commerce.michelecaroli.com/wso/pages/user/wso0205.jsf?idaa=389292&codart=20401036BN&marart=REAL&seopth=REAL-MOTORINI-E-ALTERNATORI-20401036BN-MOT-AVV-COMPAT-MAN-TRUCKS
S0336,20401827BN,MOT.AVV. COMPAT.MAN TRUCKS,https://e-commerce.michelecaroli.com/wso/pages/user/wso0205.jsf?idaa=389449&codart=20401827BN&marart=REAL&seopth=REAL-MOTORINI-E-ALTERNATORI-20401827BN-MOT-AVV-COMPAT-MAN-TRUCKS
S0319,20401834OE,MOT.AVV. ORIG.AUDI,https://e-commerce.michelecaroli.com/wso/pages/user/wso0205.jsf?idaa=389094&codart=20401834OE&marart=REAL&seopth=REAL-MOTORINI-E-ALTERNATORI-20401834OE-MOT-AVV-ORIG-AUDI
S0310,20401581BN,MOT.AVV. COMPAT.MERC.,https://e-commerce.michelecaroli.com/wso/pages/user/wso0205.jsf?idaa=388794&codart=20401581BN&marart=REAL&seopth=REAL-MOTORINI-E-ALTERNATORI-20401581BN-MOT-AVV-COMPAT-MERC-
S0300O,51021E,FILTRO OLIO#,https://e-commerce.michelecaroli.com/wso/pages/user/wso0205.jsf?idaa=369090&codart=51021E&marart=218&seopth=WIX-INDUSTRIAL-HD-51021E-FILTRO-OLIO-
S03,51010,FILTRO OLIO,https://e-commerce.michelecaroli.com/wso/pages/user/wso0205.jsf?idaa=368066&codart=51010&marart=218&seopth=WIX-INDUSTRIAL-HD-51010-FILTRO-OLIO
S0291,20401155BN,MOT.AVV. COMPAT.BMW,https://e-commerce.michelecaroli.com/wso/pages/user/wso0205.jsf?idaa=389201&codart=20401155BN&marart=REAL&seopth=REAL-MOTORINI-E-ALTERNATORI-20401155BN-MOT-AVV-COMPAT-BMW
S0291,20401155BN,MOT.AVV. COMPAT.BMW,https://e-commerce.michelecaroli.com/wso/pages/user/wso0205.jsf?idaa=389201&codart=20401155BN&marart=REAL&seopth=REAL-MOTORINI-E-ALTERNATORI-20401155BN-MOT-AVV-COMPAT-BMW
S029,51061,FILTRO OLIO,https://e-commerce.michelecaroli.com/wso/pages/user/wso0205.jsf?idaa=368085&codart=51061&marart=218&seopth=WIX-INDUSTRIAL-HD-51061-FILTRO-OLIO
S0288,20401317BN,MOT.AVV. COMPAT.VOLVO,https://e-commerce.michelecaroli.com/wso/pages/user/wso0205.jsf?idaa=389429&codart=20401317BN&marart=REAL&seopth=REAL-MOTORINI-E-ALTERNATORI-20401317BN-MOT-AVV-COMPAT-VOLVO
S02872,T6730,FILTRO OLIO P550067 HIFI,https://e-commerce.michelecaroli.com/wso/pages/user/wso0205.jsf?idaa=395343&codart=T6730&marart=230&seopth=HIFI-FILTRI-T6730-FILTRO-OLIO-P550067-HIFI
S02850,SP-915,FILTRO OLIO ALCO,https://e-commerce.michelecaroli.com/wso/pages/user/wso0205.jsf?idaa=466385&codart=SP-915&marart=ALCO&seopth=ALCO-SP-915-FILTRO-OLIO-ALCO
S02849,SO8000,FILTRO OLIO HIFI,https://e-commerce.michelecaroli.com/wso/pages/user/wso0205.jsf?idaa=301383&codart=SO8000&marart=230&seopth=HIFI-FILTRI-SO8000-FILTRO-OLIO-HIFI
S0284,20401866BN,MOT.AVV. COMPAT.DAF,https://e-commerce.michelecaroli.com/wso/pages/user/wso0205.jsf?idaa=389365&codart=20401866BN&marart=REAL&seopth=REAL-MOTORINI-E-ALTERNATORI-20401866BN-MOT-AVV-COMPAT-DAF
S02835,51348,FILTRO OLIO# P550335,https://e-commerce.michelecaroli.com/wso/pages/user/wso0205.jsf?idaa=368274&codart=51348&marart=218&seopth=WIX-INDUSTRIAL-HD-51348-FILTRO-OLIO-P550335
S02821,P502020,"LUBE FILTER, SPIN-ON FULL FLOW",https://e-commerce.michelecaroli.com/wso/pages/user/wso0205.jsf?idaa=441443&codart=P502020&marart=227&seopth=DONALDSON-FILTRI-P502020-LUBE-FILTER-SPIN-ON-FULL-FLOW
S02817,P502048,FILTRO OLIO,https://e-commerce.michelecaroli.com/wso/pages/user/wso0205.jsf?idaa=155998&codart=P502048&marart=227&seopth=DONALDSON-FILTRI-P502048-FILTRO-OLIO
S02815,SP-915,FILTRO OLIO ALCO,https://e-commerce.michelecaroli.com/wso/pages/user/wso0205.jsf?idaa=466385&codart=SP-915&marart=ALCO&seopth=ALCO-SP-915-FILTRO-OLIO-ALCO
S0280,20419731OE,MOT.AVV. ORIG.GAZEL,https://e-commerce.michelecaroli.com/wso/pages/user/wso0205.jsf?idaa=389868&codart=20419731OE&marart=REAL&seopth=REAL-MOTORINI-E-ALTERNATORI-20419731OE-MOT-AVV-ORIG-GAZEL
S0279,20401407BN,MOT.AVV. COMPAT.SAVIEM,https://e-commerce.michelecaroli.com/wso/pages/user/wso0205.jsf?idaa=389419&codart=20401407BN&marart=REAL&seopth=REAL-MOTORINI-E-ALTERNATORI-20401407BN-MOT-AVV-COMPAT-SAVIEM
S0278,20401757BN,MOT.AVV. COMPAT.INDUSTRIAL ENGINE,https://e-commerce.michelecaroli.com/wso/pages/user/wso0205.jsf?idaa=389477&codart=20401757BN&marart=REAL&seopth=REAL-MOTORINI-E-ALTERNATORI-20401757BN-MOT-AVV-COMPAT-INDUSTRIAL-ENGINE
S0270,20401124BN,"MOT.AVV. COMPAT.AUDI,VW",https://e-commerce.michelecaroli.com/wso/pages/user/wso0205.jsf?idaa=389074&codart=20401124BN&marart=REAL&seopth=REAL-MOTORINI-E-ALTERNATORI-20401124BN-MOT-AVV-COMPAT-AUDI-VW
S0266,20401247BN,MOT.AVV. COMPAT.MERC.,https://e-commerce.michelecaroli.com/wso/pages/user/wso0205.jsf?idaa=389463&codart=20401247BN&marart=REAL&seopth=REAL-MOTORINI-E-ALTERNATORI-20401247BN-MOT-AVV-COMPAT-MERC-
S0257,20401332BN,MOT.AVV. COMPAT.CASE INTERNATIONAL,https://e-commerce.michelecaroli.com/wso/pages/user/wso0205.jsf?idaa=388849&codart=20401332BN&marart=REAL&seopth=REAL-MOTORINI-E-ALTERNATORI-20401332BN-MOT-AVV-COMPAT-CASE-INTERNATIONAL
S0257,20401332BN,MOT.AVV. COMPAT.CASE INTERNATIONAL,https://e-commerce.michelecaroli.com/wso/pages/user/wso0205.jsf?idaa=388849&codart=20401332BN&marart=REAL&seopth=REAL-MOTORINI-E-ALTERNATORI-20401332BN-MOT-AVV-COMPAT-CASE-INTERNATIONAL
S025,SP4464,,https://e-commerce.michelecaroli.com/wso/pages/user/wso0205.jsf?idaa=414708&codart=SP4464&marart=233&seopth=SF-FILTER-SP4464-FILTRO-OLIO
S0249,20401076BN,MOT.AVV. COMPAT.IVECO,https://e-commerce.michelecaroli.com/wso/pages/user/wso0205.jsf?idaa=389367&codart=20401076BN&marart=REAL&seopth=REAL-MOTORINI-E-ALTERNATORI-20401076BN-MOT-AVV-COMPAT-IVECO
S02470,SO633,FILTRO OLIO HIFI,https://e-commerce.michelecaroli.com/wso/pages/user/wso0205.jsf?idaa=300350&codart=SO633&marart=230&seopth=HIFI-FILTRI-SO633-FILTRO-OLIO-HIFI
S0247,20401912RC,MOT.AVV. RIG. C/RESO FORD,https://e-commerce.michelecaroli.com/wso/pages/user/wso0205.jsf?idaa=388832&codart=20401912RC&marart=REAL&seopth=REAL-MOTORINI-E-ALTERNATORI-20401912RC-MOT-AVV-RIG-C-RESO-FORD
S0242,20401504OE,MOT.AVV. ORIG.BMW,https://e-commerce.michelecaroli.com/wso/pages/user/wso0205.jsf?idaa=385505&codart=20401504OE&marart=REAL&seopth=REAL-MOTORINI-E-ALTERNATORI-20401504OE-MOT-AVV-ORIG-BMW
S0241,20401221BN,"MOT.AVV. COMPAT.ALFA,FIAT,LANCIA",https://e-commerce.michelecaroli.com/wso/pages/user/wso0205.jsf?idaa=385106&codart=20401221BN&marart=REAL&seopth=REAL-MOTORINI-E-ALTERNATORI-20401221BN-MOT-AVV-COMPAT-ALFA-FIAT-LANCIA
S0240,20401642RC,MOT.AVV. RIG. C/RESO VW,https://e-commerce.michelecaroli.com/wso/pages/user/wso0205.jsf?idaa=388869&codart=20401642RC&marart=REAL&seopth=REAL-MOTORINI-E-ALTERNATORI-20401642RC-MOT-AVV-RIG-C-RESO-VW
S0238,20452111BN,MOT.AVV. COMPAT.TOY.,https://e-commerce.michelecaroli.com/wso/pages/user/wso0205.jsf?idaa=390887&codart=20452111BN&marart=REAL&seopth=REAL-MOTORINI-E-ALTERNATORI-20452111BN-MOT-AVV-COMPAT-TOY-
S0237,20401604OE,MOT.AVV. ORIG.FIAT,https://e-commerce.michelecaroli.com/wso/pages/user/wso0205.jsf?idaa=385506&codart=20401604OE&marart=REAL&seopth=REAL-MOTORINI-E-ALTERNATORI-20401604OE-MOT-AVV-ORIG-FIAT
S0230,20401492BN,"MOT.AVV. COMPAT.ALFA,FIAT,LANCIA",https://e-commerce.michelecaroli.com/wso/pages/user/wso0205.jsf?idaa=385488&codart=20401492BN&marart=REAL&seopth=REAL-MOTORINI-E-ALTERNATORI-20401492BN-MOT-AVV-COMPAT-ALFA-FIAT-LANCIA
S0228,20401304BN,MOT.AVV. COMPAT.BMW,https://e-commerce.michelecaroli.com/wso/pages/user/wso0205.jsf?idaa=389055&codart=20401304BN&marart=REAL&seopth=REAL-MOTORINI-E-ALTERNATORI-20401304BN-MOT-AVV-COMPAT-BMW
S0228,20401304BN,MOT.AVV. COMPAT.BMW,https://e-commerce.michelecaroli.com/wso/pages/user/wso0205.jsf?idaa=389055&codart=20401304BN&marart=REAL&seopth=REAL-MOTORINI-E-ALTERNATORI-20401304BN-MOT-AVV-COMPAT-BMW
S02199,P105545,GOMITO 45 GRADI DIAM.102 MM.,https://e-commerce.michelecaroli.com/wso/pages/user/wso0205.jsf?idaa=154536&codart=P105545&marart=227&seopth=DONALDSON-FILTRI-P105545-GOMITO-45-GRADI-DIAM-102-MM-
S02198,SAT01SCB102001,,https://e-commerce.michelecaroli.com/wso/pages/user/wso0205.jsf?idaa=438560&codart=SAT01SCB102001&marart=230&seopth=HIFI-FILTRI-SAT01SCB102001-FILTRO
S02101,S02101,,https://e-commerce.michelecaroli.com/wso/pages/user/wso0205.jsf?idaa=398931&codart=S02101&marart=230&seopth=HIFI-FILTRI-S02101-VALVOLA-HIFI
S0207,20401182BN,MOT.AVV. COMPAT.VW,https://e-commerce.michelecaroli.com/wso/pages/user/wso0205.jsf?idaa=388911&codart=20401182BN&marart=REAL&seopth=REAL-MOTORINI-E-ALTERNATORI-20401182BN-MOT-AVV-COMPAT-VW
S02,51475,FILTRO OLIO,https://e-commerce.michelecaroli.com/wso/pages/user/wso0205.jsf?idaa=368369&codart=51475&marart=218&seopth=WIX-INDUSTRIAL-HD-51475-FILTRO-OLIO
S0186,20437781BN,"MOT.AVV. COMPAT.OPEL, SAAB, VAUXHAL",https://e-commerce.michelecaroli.com/wso/pages/user/wso0205.jsf?idaa=390239&codart=20437781BN&marart=REAL&seopth=REAL-MOTORINI-E-ALTERNATORI-20437781BN-MOT-AVV-COMPAT-OPEL-SAAB-VAUXHAL
S0170,20401176BN,MOT.AVV. COMPAT.PERKINS,https://e-commerce.michelecaroli.com/wso/pages/user/wso0205.jsf?idaa=389370&codart=20401176BN&marart=REAL&seopth=REAL-MOTORINI-E-ALTERNATORI-20401176BN-MOT-AVV-COMPAT-PERKINS
S016,SO689,FILTRO OLIO P552518 HIFI,https://e-commerce.michelecaroli.com/wso/pages/user/wso0205.jsf?idaa=300375&codart=SO689&marart=230&seopth=HIFI-FILTRI-SO689-FILTRO-OLIO-P552518-HIFI
S0158,20450611BN,MOTORINO AVV. COMPAT.ORIGINALE,https://e-commerce.michelecaroli.com/wso/pages/user/wso0205.jsf?idaa=389590&codart=20450611BN&marart=REAL&seopth=REAL-MOTORINI-E-ALTERNATORI-20450611BN-MOTORINO-AVV-COMPAT-ORIGINALE
S01371460010,SAT01SCB102001,,https://e-commerce.michelecaroli.com/wso/pages/user/wso0205.jsf?idaa=438560&codart=SAT01SCB102001&marart=230&seopth=HIFI-FILTRI-SAT01SCB102001-FILTRO
S0137,20401417BN,MOT.AVV. COMPAT.DAF,https://e-commerce.michelecaroli.com/wso/pages/user/wso0205.jsf?idaa=389430&codart=20401417BN&marart=REAL&seopth=REAL-MOTORINI-E-ALTERNATORI-20401417BN-MOT-AVV-COMPAT-DAF
S01351990028,H001277,,https://e-commerce.michelecaroli.com/wso/pages/user/wso0205.jsf?idaa=442512&codart=H001277&marart=227&seopth=DONALDSON-FILTRI-H001277-EXHAUST-EJECTOR-STANDARD
S01351990025,P105529,GOMITO 90 GRADI P10-5529,https://e-commerce.michelecaroli.com/wso/pages/user/wso0205.jsf?idaa=154530&codart=P105529&marart=227&seopth=DONALDSON-FILTRI-P105529-GOMITO-90-GRADI-P10-5529
S01351990011,P105531,"ELBOW, 90 DEG RUBBER",https://e-commerce.michelecaroli.com/wso/pages/user/wso0205.jsf?idaa=442998&codart=P105531&marart=227&seopth=DONALDSON-FILTRI-P105531-ELBOW-90-DEG-RUBBER
S01351990002,D080020,FILTRO ARIA DONALDSON D08-0020,https://e-commerce.michelecaroli.com/wso/pages/user/wso0205.jsf?idaa=154090&codart=D080020&marart=227&seopth=DONALDSON-FILTRI-D080020-FILTRO-ARIA-DONALDSON-D08-0020
S0133,20401111RC,MOTORINO AVV. RIGEN.C/RESO,https://e-commerce.michelecaroli.com/wso/pages/user/wso0205.jsf?idaa=388728&codart=20401111RC&marart=REAL&seopth=REAL-MOTORINI-E-ALTERNATORI-20401111RC-MOTORINO-AVV-RIGEN-C-RESO
S0130,20401027OE,MOT.AVV. ORIG.DEUTZ,https://e-commerce.michelecaroli.com/wso/pages/user/wso0205.jsf?idaa=389439&codart=20401027OE&marart=REAL&seopth=REAL-MOTORINI-E-ALTERNATORI-20401027OE-MOT-AVV-ORIG-DEUTZ
S0124,20450611BN,MOTORINO AVV. COMPAT.ORIGINALE,https://e-commerce.michelecaroli.com/wso/pages/user/wso0205.jsf?idaa=389590&codart=20450611BN&marart=REAL&seopth=REAL-MOTORINI-E-ALTERNATORI-20450611BN-MOTORINO-AVV-COMPAT-ORIGINALE
S0110,S0110,MOTORINO AVVIAMENTO ASPL NUOVO,https://e-commerce.michelecaroli.com/wso/pages/user/wso0205.jsf?idaa=505547&codart=S0110&marart=ASPL&seopth=AS-PARTS-S0110-MOTORINO-AVVIAMENTO-ASPL-NUOVO
S0108R,20401656BN,MOT.AVV. COMPAT.VOLVO TRUCKS,https://e-commerce.michelecaroli.com/wso/pages/user/wso0205.jsf?idaa=389341&codart=20401656BN&marart=REAL&seopth=REAL-MOTORINI-E-ALTERNATORI-20401656BN-MOT-AVV-COMPAT-VOLVO-TRUCKS
S0108R,20401656BN,MOT.AVV. COMPAT.VOLVO TRUCKS,https://e-commerce.michelecaroli.com/wso/pages/user/wso0205.jsf?idaa=389341&codart=20401656BN&marart=REAL&seopth=REAL-MOTORINI-E-ALTERNATORI-20401656BN-MOT-AVV-COMPAT-VOLVO-TRUCKS
S0108,20401656BN,MOT.AVV. COMPAT.VOLVO TRUCKS,https://e-commerce.michelecaroli.com/wso/pages/user/wso0205.jsf?idaa=389341&codart=20401656BN&marart=REAL&seopth=REAL-MOTORINI-E-ALTERNATORI-20401656BN-MOT-AVV-COMPAT-VOLVO-TRUCKS
S010297735,SAT01SCB102001,,https://e-commerce.michelecaroli.com/wso/pages/user/wso0205.jsf?idaa=438560&codart=SAT01SCB102001&marart=230&seopth=HIFI-FILTRI-SAT01SCB102001-FILTRO
S01029770042,P105612,MANICOTTO S/ RIDUZIONE 152X152X165,https://e-commerce.michelecaroli.com/wso/pages/user/wso0205.jsf?idaa=154542&codart=P105612&marart=227&seopth=DONALDSON-FILTRI-P105612-MANICOTTO-S-RIDUZIONE-152X152X165
S01029770035,SAT01SCB102001,,https://e-commerce.michelecaroli.com/wso/pages/user/wso0205.jsf?idaa=438560&codart=SAT01SCB102001&marart=230&seopth=HIFI-FILTRI-SAT01SCB102001-FILTRO
S010248110,P112611,RIDUTTORE DONALDSON 127X152X152,https://e-commerce.michelecaroli.com/wso/pages/user/wso0205.jsf?idaa=154569&codart=P112611&marart=227&seopth=DONALDSON-FILTRI-P112611-RIDUTTORE-DONALDSON-127X152X152
S0101R,S0101,MOTORINO AVV.TO ASPL NUOVO,https://e-commerce.michelecaroli.com/wso/pages/user/wso0205.jsf?idaa=508367&codart=S0101&marart=ASPL&seopth=AS-PARTS-S0101-MOTORINO-AVV-TO-ASPL-NUOVO
S010168452,M100572,"MUFFLER, ROUND STYLE 6",https://e-commerce.michelecaroli.com/wso/pages/user/wso0205.jsf?idaa=442924&codart=M100572&marart=227&seopth=DONALDSON-FILTRI-M100572-MUFFLER-ROUND-STYLE-6
S0101,S0101,MOTORINO AVV.TO ASPL NUOVO,https://e-commerce.michelecaroli.com/wso/pages/user/wso0205.jsf?idaa=508367&codart=S0101&marart=ASPL&seopth=AS-PARTS-S0101-MOTORINO-AVV-TO-ASPL-NUOVO
S010,SO059,FILTRO OLIO HIFI,https://e-commerce.michelecaroli.com/wso/pages/user/wso0205.jsf?idaa=300664&codart=SO059&marart=230&seopth=HIFI-FILTRI-SO059-FILTRO-OLIO-HIFI
S01,SO580,FILTRO OLIO P550008# HIFI,https://e-commerce.michelecaroli.com/wso/pages/user/wso0205.jsf?idaa=300199&codart=SO580&marart=230&seopth=HIFI-FILTRI-SO580-FILTRO-OLIO-P550008-HIFI
S00977470042,M090091,SPARK ARRESTOR,https://e-commerce.michelecaroli.com/wso/pages/user/wso0205.jsf?idaa=442894&codart=M090091&marart=227&seopth=DONALDSON-FILTRI-M090091-SPARK-ARRESTOR
S00976760058,P271511,"RAIN CAP, 6 IN (152 MM)",https://e-commerce.michelecaroli.com/wso/pages/user/wso0205.jsf?idaa=441423&codart=P271511&marart=227&seopth=DONALDSON-FILTRI-P271511-RAIN-CAP-6-IN-152-MM-
S00976760055,M100016,SPARK ARRESTOR,https://e-commerce.michelecaroli.com/wso/pages/user/wso0205.jsf?idaa=442917&codart=M100016&marart=227&seopth=DONALDSON-FILTRI-M100016-SPARK-ARRESTOR
S00939400016,G140054,,https://e-commerce.michelecaroli.com/wso/pages/user/wso0205.jsf?idaa=442462&codart=G140054&marart=227&seopth=DONALDSON-FILTRI-G140054-FILTRO-COMPLETO-FHG
S00939400015,P112611,RIDUTTORE DONALDSON 127X152X152,https://e-commerce.michelecaroli.com/wso/pages/user/wso0205.jsf?idaa=154569&codart=P112611&marart=227&seopth=DONALDSON-FILTRI-P112611-RIDUTTORE-DONALDSON-127X152X152
S00933950010,M070068,SPARK ARRESTOR,https://e-commerce.michelecaroli.com/wso/pages/user/wso0205.jsf?idaa=442869&codart=M070068&marart=227&seopth=DONALDSON-FILTRI-M070068-SPARK-ARRESTOR
S0093086454,P171742,FILTRO HYDR.DONALDSON P17-1742,https://e-commerce.michelecaroli.com/wso/pages/user/wso0205.jsf?idaa=155335&codart=P171742&marart=227&seopth=DONALDSON-FILTRI-P171742-FILTRO-HYDR-DONALDSON-P17-1742
S0088,20401302BN,"MOT.AVV. COMPAT.OPEL,VAUXHALL",https://e-commerce.michelecaroli.com/wso/pages/user/wso0205.jsf?idaa=385464&codart=20401302BN&marart=REAL&seopth=REAL-MOTORINI-E-ALTERNATORI-20401302BN-MOT-AVV-COMPAT-OPEL-VAUXHALL
S008706005,M065030,MUFFLER,https://e-commerce.michelecaroli.com/wso/pages/user/wso0205.jsf?idaa=154469&codart=M065030&marart=227&seopth=DONALDSON-FILTRI-M065030-MUFFLER
S008706004,X004476,PURIFICATORI DI SCARICO,https://e-commerce.michelecaroli.com/wso/pages/user/wso0205.jsf?idaa=158304&codart=X004476&marart=227&seopth=DONALDSON-FILTRI-X004476-PURIFICATORI-DI-SCARICO
S0087,20401141BN,MOT.AVV. COMPAT.MERC.,https://e-commerce.michelecaroli.com/wso/pages/user/wso0205.jsf?idaa=388751&codart=20401141BN&marart=REAL&seopth=REAL-MOTORINI-E-ALTERNATORI-20401141BN-MOT-AVV-COMPAT-MERC-
S0085,20401956BN,MOT.AVV. COMPAT.MAN TRUCKS,https://e-commerce.michelecaroli.com/wso/pages/user/wso0205.jsf?idaa=389348&codart=20401956BN&marart=REAL&seopth=REAL-MOTORINI-E-ALTERNATORI-20401956BN-MOT-AVV-COMPAT-MAN-TRUCKS
S008481502,M070068,SPARK ARRESTOR,https://e-commerce.michelecaroli.com/wso/pages/user/wso0205.jsf?idaa=442869&codart=M070068&marart=227&seopth=DONALDSON-FILTRI-M070068-SPARK-ARRESTOR
S00844124,P114319,MANICOTTO S/RIDZUIONE 89X89X133,https://e-commerce.michelecaroli.com/wso/pages/user/wso0205.jsf?idaa=154587&codart=P114319&marart=227&seopth=DONALDSON-FILTRI-P114319-MANICOTTO-S-RIDZUIONE-89X89X133
S008441204,P114319,MANICOTTO S/RIDZUIONE 89X89X133,https://e-commerce.michelecaroli.com/wso/pages/user/wso0205.jsf?idaa=154587&codart=P114319&marart=227&seopth=DONALDSON-FILTRI-P114319-MANICOTTO-S-RIDZUIONE-89X89X133
S00829044,P105530,MANICOTTO DONALDSON PIO 5530,https://e-commerce.michelecaroli.com/wso/pages/user/wso0205.jsf?idaa=154531&codart=P105530&marart=227&seopth=DONALDSON-FILTRI-P105530-MANICOTTO-DONALDSON-PIO-5530
S00829043,P105529,GOMITO 90 GRADI P10-5529,https://e-commerce.michelecaroli.com/wso/pages/user/wso0205.jsf?idaa=154530&codart=P105529&marart=227&seopth=DONALDSON-FILTRI-P105529-GOMITO-90-GRADI-P10-5529
S0082,20401466BN,MOT.AVV. COMPAT.IVECO,https://e-commerce.michelecaroli.com/wso/pages/user/wso0205.jsf?idaa=389359&codart=20401466BN&marart=REAL&seopth=REAL-MOTORINI-E-ALTERNATORI-20401466BN-MOT-AVV-COMPAT-IVECO
S00813716,P102820,RIDUTTORE DONALDSON 64X76X114,https://e-commerce.michelecaroli.com/wso/pages/user/wso0205.jsf?idaa=154516&codart=P102820&marart=227&seopth=DONALDSON-FILTRI-P102820-RIDUTTORE-DONALDSON-64X76X114
