Code searched,Matched code,Part Category on Michele,Link to Michele product
RN203,SP-902,FILTRO CARB.,https://e-commerce.michelecaroli.com/wso/pages/user/wso0205.jsf?idaa=466374&codart=SP-902&marart=ALCO&seopth=ALCO-SP-902-FILTRO-CARB-
RN203,SP-902,FILTRO CARB.,https://e-commerce.michelecaroli.com/wso/pages/user/wso0205.jsf?idaa=466374&codart=SP-902&marart=ALCO&seopth=ALCO-SP-902-FILTRO-CARB-
RN202,24.339.00,FILTRO NAFTA UFI 24.339.00,https://e-commerce.michelecaroli.com/wso/pages/user/wso0205.jsf?idaa=148917&codart=24.339.00&marart=224&seopth=UFI-SOFIMA-FILTRI-24-339-00-FILTRO-NAFTA-UFI-24-339-00
RN182B,24.383.00,FILTRO NAFTA UFI 24.383.00,https://e-commerce.michelecaroli.com/wso/pages/user/wso0205.jsf?idaa=148958&codart=24.383.00&marart=224&seopth=UFI-SOFIMA-FILTRI-24-383-00-FILTRO-NAFTA-UFI-24-383-00
RN181B,24.383.00,FILTRO NAFTA UFI 24.383.00,https://e-commerce.michelecaroli.com/wso/pages/user/wso0205.jsf?idaa=148958&codart=24.383.00&marart=224&seopth=UFI-SOFIMA-FILTRI-24-383-00-FILTRO-NAFTA-UFI-24-383-00
RN180,SN185,FILTRO NAFTA P557440# HIFI,https://e-commerce.michelecaroli.com/wso/pages/user/wso0205.jsf?idaa=298907&codart=SN185&marart=230&seopth=HIFI-FILTRI-SN185-FILTRO-NAFTA-P557440-HIFI
RN176,SN324,FILTRO NAFTA P554620 HIFI,https://e-commerce.michelecaroli.com/wso/pages/user/wso0205.jsf?idaa=299957&codart=SN324&marart=230&seopth=HIFI-FILTRI-SN324-FILTRO-NAFTA-P554620-HIFI
RN165467674R,RN165467674R,,https://e-commerce.michelecaroli.com/wso/pages/user/wso0205.jsf?idaa=398897&codart=RN165467674R&marart=230&seopth=HIFI-FILTRI-RN165467674R-FILTRO-OLIO-HIFI
RN1650,SP-970,FILTRO CARB. ALCO,https://e-commerce.michelecaroli.com/wso/pages/user/wso0205.jsf?idaa=466431&codart=SP-970&marart=ALCO&seopth=ALCO-SP-970-FILTRO-CARB-ALCO
RN1620,SP-970,FILTRO CARB. ALCO,https://e-commerce.michelecaroli.com/wso/pages/user/wso0205.jsf?idaa=466431&codart=SP-970&marart=ALCO&seopth=ALCO-SP-970-FILTRO-CARB-ALCO
RN162,24.319.01,FILTRO NAFTA UFI 24.319.01,https://e-commerce.michelecaroli.com/wso/pages/user/wso0205.jsf?idaa=148903&codart=24.319.01&marart=224&seopth=UFI-SOFIMA-FILTRI-24-319-01-FILTRO-NAFTA-UFI-24-319-01
RN160,24.363.01,FILTRO NAFTA UFI 24.363.01,https://e-commerce.michelecaroli.com/wso/pages/user/wso0205.jsf?idaa=148939&codart=24.363.01&marart=UFIHD&seopth=UFI-HD-24-363-01-FILTRO-NAFTA-UFI-24-363-01
RN154,SN104,FILTRO,https://e-commerce.michelecaroli.com/wso/pages/user/wso0205.jsf?idaa=438540&codart=SN104&marart=230&seopth=HIFI-FILTRI-SN104-FILTRO
RN150,SN055,FILTRO NAFTA HIFI,https://e-commerce.michelecaroli.com/wso/pages/user/wso0205.jsf?idaa=298864&codart=SN055&marart=230&seopth=HIFI-FILTRI-SN055-FILTRO-NAFTA-HIFI
RN145,SN80020,FILTRO NAFTA HIFI,https://e-commerce.michelecaroli.com/wso/pages/user/wso0205.jsf?idaa=300515&codart=SN80020&marart=230&seopth=HIFI-FILTRI-SN80020-FILTRO-NAFTA-HIFI
RN144,WF10084,FILTRO NAFTA P551433,https://e-commerce.michelecaroli.com/wso/pages/user/wso0205.jsf?idaa=369803&codart=WF10084&marart=218&seopth=WIX-INDUSTRIAL-HD-WF10084-FILTRO-NAFTA-P551433
RN140B,FT1182,FILTRO NAFTA P550385 HIFI,https://e-commerce.michelecaroli.com/wso/pages/user/wso0205.jsf?idaa=394780&codart=FT1182&marart=230&seopth=HIFI-FILTRI-FT1182-FILTRO-NAFTA-P550385-HIFI
RN139B,SP-970,FILTRO CARB. ALCO,https://e-commerce.michelecaroli.com/wso/pages/user/wso0205.jsf?idaa=466431&codart=SP-970&marart=ALCO&seopth=ALCO-SP-970-FILTRO-CARB-ALCO
RN135,24.323.00,FILTRO NAFTA UFI 24.323.00,https://e-commerce.michelecaroli.com/wso/pages/user/wso0205.jsf?idaa=148905&codart=24.323.00&marart=UFIHD&seopth=UFI-HD-24-323-00-FILTRO-NAFTA-UFI-24-323-00
RN120,SN80001,FILTRO NAFTA P502486 HIFI,https://e-commerce.michelecaroli.com/wso/pages/user/wso0205.jsf?idaa=299704&codart=SN80001&marart=230&seopth=HIFI-FILTRI-SN80001-FILTRO-NAFTA-P502486-HIFI
RN117,SN1212,FILTRO NAFTA P558000 HIFI,https://e-commerce.michelecaroli.com/wso/pages/user/wso0205.jsf?idaa=298888&codart=SN1212&marart=230&seopth=HIFI-FILTRI-SN1212-FILTRO-NAFTA-P558000-HIFI
RN115,SN105C,FILTRO NAFTA P550106 HIFI,https://e-commerce.michelecaroli.com/wso/pages/user/wso0205.jsf?idaa=298870&codart=SN105C&marart=230&seopth=HIFI-FILTRI-SN105C-FILTRO-NAFTA-P550106-HIFI
RN112,24.312.00,FILTRO NAFTA UFI 24.312.00,https://e-commerce.michelecaroli.com/wso/pages/user/wso0205.jsf?idaa=148900&codart=24.312.00&marart=224&seopth=UFI-SOFIMA-FILTRI-24-312-00-FILTRO-NAFTA-UFI-24-312-00
RN110B,SN468,FILTRO NAFTA HIFI,https://e-commerce.michelecaroli.com/wso/pages/user/wso0205.jsf?idaa=299350&codart=SN468&marart=230&seopth=HIFI-FILTRI-SN468-FILTRO-NAFTA-HIFI
RMS16,RMS16,,https://e-commerce.michelecaroli.com/wso/pages/user/wso0205.jsf?idaa=132180&codart=RMS16&marart=180&seopth=SKF-CUSCINETTI-RMS16-CUSCINETTO-SKF50-8X114-3X26-988-MM-
RMH10,P206519,"MUFFLER HANGER, 10 IN (254 MM)",https://e-commerce.michelecaroli.com/wso/pages/user/wso0205.jsf?idaa=441216&codart=P206519&marart=227&seopth=DONALDSON-FILTRI-P206519-MUFFLER-HANGER-10-IN-254-MM-
RM59719328,24171,FILTRO ARIA,https://e-commerce.michelecaroli.com/wso/pages/user/wso0205.jsf?idaa=365512&codart=24171&marart=218&seopth=WIX-INDUSTRIAL-HD-24171-FILTRO-ARIA
RM59537241,P007191,FASCIA MONTAGGIO P00-7191,https://e-commerce.michelecaroli.com/wso/pages/user/wso0205.jsf?idaa=154488&codart=P007191&marart=227&seopth=DONALDSON-FILTRI-P007191-FASCIA-MONTAGGIO-P00-7191
RM58994500,H000469,"CAPPUCCIO PER INGRESSO, PLASTICA",https://e-commerce.michelecaroli.com/wso/pages/user/wso0205.jsf?idaa=402802&codart=H000469&marart=227&seopth=DONALDSON-FILTRI-H000469-CAPPUCCIO-PER-INGRESSO-PLASTICA
RM58975087,P109331,GOMITO 45 GRADI DIAM.89 MM.,https://e-commerce.michelecaroli.com/wso/pages/user/wso0205.jsf?idaa=154555&codart=P109331&marart=227&seopth=DONALDSON-FILTRI-P109331-GOMITO-45-GRADI-DIAM-89-MM-
RM58938275,SABP010004,,https://e-commerce.michelecaroli.com/wso/pages/user/wso0205.jsf?idaa=438637&codart=SABP010004&marart=230&seopth=HIFI-FILTRI-SABP010004-FILTRO
RM56982143,P112803,VALVOLA D'EVACUAZIONE DIAM.76,https://e-commerce.michelecaroli.com/wso/pages/user/wso0205.jsf?idaa=154572&codart=P112803&marart=227&seopth=DONALDSON-FILTRI-P112803-VALVOLA-D-EVACUAZIONE-DIAM-76
RM50938943,P003951,FASCIA MONTAGGIO P00-3951,https://e-commerce.michelecaroli.com/wso/pages/user/wso0205.jsf?idaa=154482&codart=P003951&marart=227&seopth=DONALDSON-FILTRI-P003951-FASCIA-MONTAGGIO-P00-3951
RM50266907,X002351,INDICATORE DONALDSON X00-2351,https://e-commerce.michelecaroli.com/wso/pages/user/wso0205.jsf?idaa=158301&codart=X002351&marart=227&seopth=DONALDSON-FILTRI-X002351-INDICATORE-DONALDSON-X00-2351
RM50266881,P105609,MANICOTTO S/RIDUZIONE 102X102X133,https://e-commerce.michelecaroli.com/wso/pages/user/wso0205.jsf?idaa=154539&codart=P105609&marart=227&seopth=DONALDSON-FILTRI-P105609-MANICOTTO-S-RIDUZIONE-102X102X133
RM4664150,M065073,"MUFFLER, ROUND STYLE 5",https://e-commerce.michelecaroli.com/wso/pages/user/wso0205.jsf?idaa=442861&codart=M065073&marart=227&seopth=DONALDSON-FILTRI-M065073-MUFFLER-ROUND-STYLE-5
RM46634150,M065073,"MUFFLER, ROUND STYLE 5",https://e-commerce.michelecaroli.com/wso/pages/user/wso0205.jsf?idaa=442861&codart=M065073&marart=227&seopth=DONALDSON-FILTRI-M065073-MUFFLER-ROUND-STYLE-5
RM43897180,P207596,"CLAMP, U-BOLT 6 IN 152 MM ZINC",https://e-commerce.michelecaroli.com/wso/pages/user/wso0205.jsf?idaa=441317&codart=P207596&marart=227&seopth=DONALDSON-FILTRI-P207596-CLAMP-U-BOLT-6-IN-152-MM-ZINC
RM43863224,SA16509,FILTRO ARIA P607557 HIFI ACCOPPIATA CON SA16475,https://e-commerce.michelecaroli.com/wso/pages/user/wso0205.jsf?idaa=289321&codart=SA16509&marart=230&seopth=HIFI-FILTRI-SA16509-FILTRO-ARIA-P607557-HIFI
RM35292366,33358SE,FILTRO GASOLIO P553004,https://e-commerce.michelecaroli.com/wso/pages/user/wso0205.jsf?idaa=348479&codart=33358SE&marart=219&seopth=WIX-AUTO-FILTRI-33358SE-FILTRO-GASOLIO-P553004
RM35112259,H000607,RAIN CAP DONALDSON GAHOO-0607,https://e-commerce.michelecaroli.com/wso/pages/user/wso0205.jsf?idaa=154171&codart=H000607&marart=227&seopth=DONALDSON-FILTRI-H000607-RAIN-CAP-DONALDSON-GAHOO-0607
RM31806,P016845,FASCE@ DI MONTAGGIO PO1-6845,https://e-commerce.michelecaroli.com/wso/pages/user/wso0205.jsf?idaa=154495&codart=P016845&marart=227&seopth=DONALDSON-FILTRI-P016845-FASCE-DI-MONTAGGIO-PO1-6845
RM13320239,X002352,INDICATORE DONALDSON X00-2352,https://e-commerce.michelecaroli.com/wso/pages/user/wso0205.jsf?idaa=158302&codart=X002352&marart=227&seopth=DONALDSON-FILTRI-X002352-INDICATORE-DONALDSON-X00-2352
RM001A,46576,,https://e-commerce.michelecaroli.com/wso/pages/user/wso0205.jsf?idaa=367332&codart=46576&marart=218&seopth=WIX-INDUSTRIAL-HD-46576-FILTRO-ARIA
RLR175B40B5,RLR175B40B/5,,https://e-commerce.michelecaroli.com/wso/pages/user/wso0205.jsf?idaa=147172&codart=RLR175B40B%2F5&marart=222&seopth=FILTRI-VARI-RLR175B40B-5-FILTRO-IDRAULICO-300164
RL777,P550777,FILTRO@OLIO DONALDSON conf.6,https://e-commerce.michelecaroli.com/wso/pages/user/wso0205.jsf?idaa=156797&codart=P550777&marart=227&seopth=DONALDSON-FILTRI-P550777-FILTRO-OLIO-DONALDSON-conf-6
RL670,SO3333,FILTRO OLIO P551670# HIFI,https://e-commerce.michelecaroli.com/wso/pages/user/wso0205.jsf?idaa=300892&codart=SO3333&marart=230&seopth=HIFI-FILTRI-SO3333-FILTRO-OLIO-P551670-HIFI
RL3000,SO3000,FILTRO OLIO P553000 HIFI,https://e-commerce.michelecaroli.com/wso/pages/user/wso0205.jsf?idaa=300875&codart=SO3000&marart=230&seopth=HIFI-FILTRI-SO3000-FILTRO-OLIO-P553000-HIFI
RKH0910A,51419,FILTRO IDRAULICO,https://e-commerce.michelecaroli.com/wso/pages/user/wso0205.jsf?idaa=368322&codart=51419&marart=218&seopth=WIX-INDUSTRIAL-HD-51419-FILTRO-IDRAULICO
RK12153,P182001,FILTRO ARIA,https://e-commerce.michelecaroli.com/wso/pages/user/wso0205.jsf?idaa=313753&codart=P182001&marart=227&seopth=DONALDSON-FILTRI-P182001-FILTRO-ARIA
RK1215,P182001,FILTRO ARIA,https://e-commerce.michelecaroli.com/wso/pages/user/wso0205.jsf?idaa=313753&codart=P182001&marart=227&seopth=DONALDSON-FILTRI-P182001-FILTRO-ARIA
RK11161,42490,FILTRO ARIA,https://e-commerce.michelecaroli.com/wso/pages/user/wso0205.jsf?idaa=366557&codart=42490&marart=218&seopth=WIX-INDUSTRIAL-HD-42490-FILTRO-ARIA
RK1092,P182000,"AIR FILTER, PRIMARY FINNED",https://e-commerce.michelecaroli.com/wso/pages/user/wso0205.jsf?idaa=441114&codart=P182000&marart=227&seopth=DONALDSON-FILTRI-P182000-AIR-FILTER-PRIMARY-FINNED
RJ540,J009649,"REDUCER, 5-4 IN (127-102 MM) OD-OD",https://e-commerce.michelecaroli.com/wso/pages/user/wso0205.jsf?idaa=442609&codart=J009649&marart=227&seopth=DONALDSON-FILTRI-J009649-REDUCER-5-4-IN-127-102-MM-OD-OD
RJ430,J009648,"REDUCER, 4-3 IN OD-OD",https://e-commerce.michelecaroli.com/wso/pages/user/wso0205.jsf?idaa=442608&codart=J009648&marart=227&seopth=DONALDSON-FILTRI-J009648-REDUCER-4-3-IN-OD-OD
RIFEA1210,SH56760,FILTRO HYDR. P550388 HIFI GILBARCO 140845093,https://e-commerce.michelecaroli.com/wso/pages/user/wso0205.jsf?idaa=294222&codart=SH56760&marart=230&seopth=HIFI-FILTRI-SH56760-FILTRO-HYDR-P550388-HIFI
RIFEA0825,51553,FILTRO IDRAULICO,https://e-commerce.michelecaroli.com/wso/pages/user/wso0205.jsf?idaa=368434&codart=51553&marart=218&seopth=WIX-INDUSTRIAL-HD-51553-FILTRO-IDRAULICO
RIFEA0810,51551,FILTRO IDRAULICO,https://e-commerce.michelecaroli.com/wso/pages/user/wso0205.jsf?idaa=368432&codart=51551&marart=218&seopth=WIX-INDUSTRIAL-HD-51551-FILTRO-IDRAULICO
RIFE1025,51858,FILTRO OLIO# P550148,https://e-commerce.michelecaroli.com/wso/pages/user/wso0205.jsf?idaa=368676&codart=51858&marart=218&seopth=WIX-INDUSTRIAL-HD-51858-FILTRO-OLIO-P550148
RIFE0625,SP-869,FILTRO IDRAULICO,https://e-commerce.michelecaroli.com/wso/pages/user/wso0205.jsf?idaa=466354&codart=SP-869&marart=ALCO&seopth=ALCO-SP-869-FILTRO-IDRAULICO
RI650,P206318,"REDUCER, 6-5 IN (152-127 MM) ID-ID",https://e-commerce.michelecaroli.com/wso/pages/user/wso0205.jsf?idaa=441141&codart=P206318&marart=227&seopth=DONALDSON-FILTRI-P206318-REDUCER-6-5-IN-152-127-MM-ID-ID
RI540,P206317,"REDUCER, 5-4 IN (127-102 MM) ID-ID",https://e-commerce.michelecaroli.com/wso/pages/user/wso0205.jsf?idaa=441140&codart=P206317&marart=227&seopth=DONALDSON-FILTRI-P206317-REDUCER-5-4-IN-127-102-MM-ID-ID
RI430,P206315,"REDUCER, 4-3 IN (102-76 MM) ID-ID",https://e-commerce.michelecaroli.com/wso/pages/user/wso0205.jsf?idaa=441138&codart=P206315&marart=227&seopth=DONALDSON-FILTRI-P206315-REDUCER-4-3-IN-102-76-MM-ID-ID
RI375,P207386,"REDUCER, 3-2.75 IN (76-70 MM) ID-ID",https://e-commerce.michelecaroli.com/wso/pages/user/wso0205.jsf?idaa=441299&codart=P207386&marart=227&seopth=DONALDSON-FILTRI-P207386-REDUCER-3-2-75-IN-76-70-MM-ID-ID
RI353,P206314,"REDUCER, 3.5-3 IN (89-76 MM) ID-ID",https://e-commerce.michelecaroli.com/wso/pages/user/wso0205.jsf?idaa=441137&codart=P206314&marart=227&seopth=DONALDSON-FILTRI-P206314-REDUCER-3-5-3-IN-89-76-MM-ID-ID
RHR660G03B,P170888,FILTRO HYDR.DONALDSON P17-0888,https://e-commerce.michelecaroli.com/wso/pages/user/wso0205.jsf?idaa=155114&codart=P170888&marart=227&seopth=DONALDSON-FILTRI-P170888-FILTRO-HYDR-DONALDSON-P17-0888
RHR60B25B,RHR60B25B,,https://e-commerce.michelecaroli.com/wso/pages/user/wso0205.jsf?idaa=147171&codart=RHR60B25B&marart=222&seopth=FILTRI-VARI-RHR60B25B-FILTRO-IDRAULICO-0060R025W
RHR500G20B,P173174,FILTRO HYDR.DONALDSON P17-3174,https://e-commerce.michelecaroli.com/wso/pages/user/wso0205.jsf?idaa=156292&codart=P173174&marart=227&seopth=DONALDSON-FILTRI-P173174-FILTRO-HYDR-DONALDSON-P17-3174
RHR500G10B,P173173,FILTRO HYDR.DONALDSON P17-3173,https://e-commerce.michelecaroli.com/wso/pages/user/wso0205.jsf?idaa=156291&codart=P173173&marart=227&seopth=DONALDSON-FILTRI-P173173-FILTRO-HYDR-DONALDSON-P17-3173
RHR330G20B,P173170,,https://e-commerce.michelecaroli.com/wso/pages/user/wso0205.jsf?idaa=156289&codart=P173170&marart=227&seopth=DONALDSON-FILTRI-P173170-FILTRO-HYDR-DONALDSON-P17-3170
RHR240G20B,P173167,,https://e-commerce.michelecaroli.com/wso/pages/user/wso0205.jsf?idaa=156286&codart=P173167&marart=227&seopth=DONALDSON-FILTRI-P173167-SOSTITUITO-DA-P566980
RHR165G10B,SH74142,FILTRO HYDR. P564859 HIFI,https://e-commerce.michelecaroli.com/wso/pages/user/wso0205.jsf?idaa=296975&codart=SH74142&marart=230&seopth=HIFI-FILTRI-SH74142-FILTRO-HYDR-P564859-HIFI
RH800,P112608,MANICOTTO S/RIDUZIONE 203X203X127,https://e-commerce.michelecaroli.com/wso/pages/user/wso0205.jsf?idaa=154566&codart=P112608&marart=227&seopth=DONALDSON-FILTRI-P112608-MANICOTTO-S-RIDUZIONE-203X203X127
RH760,SAT01SBB178002,,https://e-commerce.michelecaroli.com/wso/pages/user/wso0205.jsf?idaa=438643&codart=SAT01SBB178002&marart=230&seopth=HIFI-FILTRI-SAT01SBB178002-FILTRO
RH700,P105613,,https://e-commerce.michelecaroli.com/wso/pages/user/wso0205.jsf?idaa=154543&codart=P105613&marart=227&seopth=DONALDSON-FILTRI-P105613-MANICOTTO-S-RIDUZIONE-102X102X133
RH655,P101294,RIDUTTORE@ DONALDSON 140X152X152,https://e-commerce.michelecaroli.com/wso/pages/user/wso0205.jsf?idaa=154510&codart=P101294&marart=227&seopth=DONALDSON-FILTRI-P101294-RIDUTTORE-DONALDSON-140X152X152
RH650,P112611,RIDUTTORE DONALDSON 127X152X152,https://e-commerce.michelecaroli.com/wso/pages/user/wso0205.jsf?idaa=154569&codart=P112611&marart=227&seopth=DONALDSON-FILTRI-P112611-RIDUTTORE-DONALDSON-127X152X152
RH600,P105612,MANICOTTO S/ RIDUZIONE 152X152X165,https://e-commerce.michelecaroli.com/wso/pages/user/wso0205.jsf?idaa=154542&codart=P105612&marart=227&seopth=DONALDSON-FILTRI-P105612-MANICOTTO-S-RIDUZIONE-152X152X165
RH554,P101891,RIDUTTORE DONALDSON 102X140X152,https://e-commerce.michelecaroli.com/wso/pages/user/wso0205.jsf?idaa=442989&codart=P101891&marart=227&seopth=DONALDSON-FILTRI-P101891-RIDUTTORE-DONALDSON-102X140X152
RH540,P101293,RIDUTTORE DONALDSON 102X127X152,https://e-commerce.michelecaroli.com/wso/pages/user/wso0205.jsf?idaa=154509&codart=P101293&marart=227&seopth=DONALDSON-FILTRI-P101293-RIDUTTORE-DONALDSON-102X127X152
RH500,SAT01SAB127001,,https://e-commerce.michelecaroli.com/wso/pages/user/wso0205.jsf?idaa=438642&codart=SAT01SAB127001&marart=230&seopth=HIFI-FILTRI-SAT01SAB127001-FILTRO
RH49457,42665,FILTRO ARIA,https://e-commerce.michelecaroli.com/wso/pages/user/wso0205.jsf?idaa=366709&codart=42665&marart=218&seopth=WIX-INDUSTRIAL-HD-42665-FILTRO-ARIA
RH430,P101291,RIDUTTORE DONALDSON 76X102X133,https://e-commerce.michelecaroli.com/wso/pages/user/wso0205.jsf?idaa=154507&codart=P101291&marart=227&seopth=DONALDSON-FILTRI-P101291-RIDUTTORE-DONALDSON-76X102X133
RH400,P105609,MANICOTTO S/RIDUZIONE 102X102X133,https://e-commerce.michelecaroli.com/wso/pages/user/wso0205.jsf?idaa=154539&codart=P105609&marart=227&seopth=DONALDSON-FILTRI-P105609-MANICOTTO-S-RIDUZIONE-102X102X133
RH353,P101290,RIDUTTORE DONALDSON 64X76X114,https://e-commerce.michelecaroli.com/wso/pages/user/wso0205.jsf?idaa=154506&codart=P101290&marart=227&seopth=DONALDSON-FILTRI-P101290-RIDUTTORE-DONALDSON-64X76X114
RH350,P114319,MANICOTTO S/RIDZUIONE 89X89X133,https://e-commerce.michelecaroli.com/wso/pages/user/wso0205.jsf?idaa=154587&codart=P114319&marart=227&seopth=DONALDSON-FILTRI-P114319-MANICOTTO-S-RIDZUIONE-89X89X133
RH300,P105608,MANICOTTO S/RIDUZIONE 76X76X135,https://e-commerce.michelecaroli.com/wso/pages/user/wso0205.jsf?idaa=154538&codart=P105608&marart=227&seopth=DONALDSON-FILTRI-P105608-MANICOTTO-S-RIDUZIONE-76X76X135
RH25MS1,C100/6,,https://e-commerce.michelecaroli.com/wso/pages/user/wso0205.jsf?idaa=396396&codart=C100%2F6&marart=230&seopth=HIFI-FILTRI-C100-6-FILTRO-HYDR-P171663-HIFI
RH25CV1,P171662,FILTRO HYDR.DONALDSON P17-1662,https://e-commerce.michelecaroli.com/wso/pages/user/wso0205.jsf?idaa=155280&codart=P171662&marart=227&seopth=DONALDSON-FILTRI-P171662-FILTRO-HYDR-DONALDSON-P17-1662
RH104939,H000606,RAIN CAP DONALDSON GAH00-0606,https://e-commerce.michelecaroli.com/wso/pages/user/wso0205.jsf?idaa=154170&codart=H000606&marart=227&seopth=DONALDSON-FILTRI-H000606-RAIN-CAP-DONALDSON-GAH00-0606
RH104936,SAT01SDB127001,,https://e-commerce.michelecaroli.com/wso/pages/user/wso0205.jsf?idaa=438562&codart=SAT01SDB127001&marart=230&seopth=HIFI-FILTRI-SAT01SDB127001-FILTRO
RH104600,P105609,MANICOTTO S/RIDUZIONE 102X102X133,https://e-commerce.michelecaroli.com/wso/pages/user/wso0205.jsf?idaa=154539&codart=P105609&marart=227&seopth=DONALDSON-FILTRI-P105609-MANICOTTO-S-RIDUZIONE-102X102X133
RH100736,H000350,MOUNTING BAND,https://e-commerce.michelecaroli.com/wso/pages/user/wso0205.jsf?idaa=442496&codart=H000350&marart=227&seopth=DONALDSON-FILTRI-H000350-MOUNTING-BAND
RG60866,MD-7568S,FILTRO ARIA,https://e-commerce.michelecaroli.com/wso/pages/user/wso0205.jsf?idaa=464341&codart=MD-7568S&marart=ALCO&seopth=ALCO-MD-7568S-FILTRO-ARIA
RG60203,SA10385K,FILTRO ARIA P181050# HIFI ABBINATO CON SA14762,https://e-commerce.michelecaroli.com/wso/pages/user/wso0205.jsf?idaa=336011&codart=SA10385K&marart=230&seopth=HIFI-FILTRI-SA10385K-FILTRO-ARIA-P181050-HIFI
RG15842920,MD-7542S,FILTRO ARIA,https://e-commerce.michelecaroli.com/wso/pages/user/wso0205.jsf?idaa=464324&codart=MD-7542S&marart=ALCO&seopth=ALCO-MD-7542S-FILTRO-ARIA
RG13862152,SH77133,FILTRO HYDR. HIFI,https://e-commerce.michelecaroli.com/wso/pages/user/wso0205.jsf?idaa=298319&codart=SH77133&marart=230&seopth=HIFI-FILTRI-SH77133-FILTRO-HYDR-HIFI
RFX1030O,51066,FILTRO OLIO,https://e-commerce.michelecaroli.com/wso/pages/user/wso0205.jsf?idaa=368088&codart=51066&marart=218&seopth=WIX-INDUSTRIAL-HD-51066-FILTRO-OLIO
RFM15MCV184,k040512,FILTRO SCARICO,https://e-commerce.michelecaroli.com/wso/pages/user/wso0205.jsf?idaa=154303&codart=k040512&marart=227&seopth=DONALDSON-FILTRI-k040512-FILTRO-SCARICO
RFD123802,P550173,FILTRO OLIO ATTUALE P550935,https://e-commerce.michelecaroli.com/wso/pages/user/wso0205.jsf?idaa=156489&codart=P550173&marart=227&seopth=DONALDSON-FILTRI-P550173-FILTRO-OLIO-ATTUALE-P550935
RFB201,51506,FILTRO IDRAULICO,https://e-commerce.michelecaroli.com/wso/pages/user/wso0205.jsf?idaa=368390&codart=51506&marart=218&seopth=WIX-INDUSTRIAL-HD-51506-FILTRO-IDRAULICO
RFA201,51506,FILTRO IDRAULICO,https://e-commerce.michelecaroli.com/wso/pages/user/wso0205.jsf?idaa=368390&codart=51506&marart=218&seopth=WIX-INDUSTRIAL-HD-51506-FILTRO-IDRAULICO
RFA110FD1BB305C,RFA110FD1BB305C,,https://e-commerce.michelecaroli.com/wso/pages/user/wso0205.jsf?idaa=398894&codart=RFA110FD1BB305C&marart=230&seopth=HIFI-FILTRI-RFA110FD1BB305C-FILTRO-HYDR-COMPL-HIFI
RF9143022,SP-934,FILTRO OLIO,https://e-commerce.michelecaroli.com/wso/pages/user/wso0205.jsf?idaa=466400&codart=SP-934&marart=ALCO&seopth=ALCO-SP-934-FILTRO-OLIO
RF7914802,SP-934,FILTRO OLIO,https://e-commerce.michelecaroli.com/wso/pages/user/wso0205.jsf?idaa=466400&codart=SP-934&marart=ALCO&seopth=ALCO-SP-934-FILTRO-OLIO
RF6614Y61A,SP-915,FILTRO OLIO ALCO,https://e-commerce.michelecaroli.com/wso/pages/user/wso0205.jsf?idaa=466385&codart=SP-915&marart=ALCO&seopth=ALCO-SP-915-FILTRO-OLIO-ALCO
RF52,P524358,FILTRO ARIA DONALDSON P52-4358 OBSOLETO,https://e-commerce.michelecaroli.com/wso/pages/user/wso0205.jsf?idaa=156145&codart=P524358&marart=227&seopth=DONALDSON-FILTRI-P524358-FILTRO-ARIA-DONALDSON-P52-4358
RF4H0925A,51407XE,FILTRO IDRAULICO,https://e-commerce.michelecaroli.com/wso/pages/user/wso0205.jsf?idaa=369116&codart=51407XE&marart=218&seopth=WIX-INDUSTRIAL-HD-51407XE-FILTRO-IDRAULICO
RF4H0910A,P167514,FILTRO HYDR.DONALDSON P16-7514,https://e-commerce.michelecaroli.com/wso/pages/user/wso0205.jsf?idaa=155015&codart=P167514&marart=227&seopth=DONALDSON-FILTRI-P167514-FILTRO-HYDR-DONALDSON-P16-7514
RF4H0908A,51419,FILTRO IDRAULICO,https://e-commerce.michelecaroli.com/wso/pages/user/wso0205.jsf?idaa=368322&codart=51419&marart=218&seopth=WIX-INDUSTRIAL-HD-51419-FILTRO-IDRAULICO
RF4H0903A,P566270,"HYDRAULIC FILTER, CARTRIDGE DT",https://e-commerce.michelecaroli.com/wso/pages/user/wso0205.jsf?idaa=441801&codart=P566270&marart=227&seopth=DONALDSON-FILTRI-P566270-HYDRAULIC-FILTER-CARTRIDGE-DT
RF4,42020,FILTRO ARIA,https://e-commerce.michelecaroli.com/wso/pages/user/wso0205.jsf?idaa=366254&codart=42020&marart=218&seopth=WIX-INDUSTRIAL-HD-42020-FILTRO-ARIA
RF348,P524355,FILTRO ARIA DONALDSON P52-4355 OBSOLETO,https://e-commerce.michelecaroli.com/wso/pages/user/wso0205.jsf?idaa=156142&codart=P524355&marart=227&seopth=DONALDSON-FILTRI-P524355-FILTRO-ARIA-DONALDSON-P52-4355
RF213,SN105,FILTRO NAFTA P550105 HIFI,https://e-commerce.michelecaroli.com/wso/pages/user/wso0205.jsf?idaa=298869&codart=SN105&marart=230&seopth=HIFI-FILTRI-SN105-FILTRO-NAFTA-P550105-HIFI
RF178,42088,FILTRO ARIA,https://e-commerce.michelecaroli.com/wso/pages/user/wso0205.jsf?idaa=366305&codart=42088&marart=218&seopth=WIX-INDUSTRIAL-HD-42088-FILTRO-ARIA
RF16031A,33114,FILTRO NAFTA,https://e-commerce.michelecaroli.com/wso/pages/user/wso0205.jsf?idaa=365831&codart=33114&marart=218&seopth=WIX-INDUSTRIAL-HD-33114-FILTRO-NAFTA
RF1523303826,P182008,FILTRO ARIA,https://e-commerce.michelecaroli.com/wso/pages/user/wso0205.jsf?idaa=313754&codart=P182008&marart=227&seopth=DONALDSON-FILTRI-P182008-FILTRO-ARIA
RF148,42055,FILTRO ARIA,https://e-commerce.michelecaroli.com/wso/pages/user/wso0205.jsf?idaa=366281&codart=42055&marart=218&seopth=WIX-INDUSTRIAL-HD-42055-FILTRO-ARIA
RF0313850B,FT7220,FILTRO NAFTA P550049 HIFI,https://e-commerce.michelecaroli.com/wso/pages/user/wso0205.jsf?idaa=394792&codart=FT7220&marart=230&seopth=HIFI-FILTRI-FT7220-FILTRO-NAFTA-P550049-HIFI
REY014302,P502043,FILTRO OLIO DONALDSON P50-2043,https://e-commerce.michelecaroli.com/wso/pages/user/wso0205.jsf?idaa=155996&codart=P502043&marart=227&seopth=DONALDSON-FILTRI-P502043-FILTRO-OLIO-DONALDSON-P50-2043
RES4005,SO691,FILTRO OLIO P554005 HIFI,https://e-commerce.michelecaroli.com/wso/pages/user/wso0205.jsf?idaa=300376&codart=SO691&marart=230&seopth=HIFI-FILTRI-SO691-FILTRO-OLIO-P554005-HIFI
RED00096,P102948,RIDUTTORE DONALDSON 44X61X64,https://e-commerce.michelecaroli.com/wso/pages/user/wso0205.jsf?idaa=154517&codart=P102948&marart=227&seopth=DONALDSON-FILTRI-P102948-RIDUTTORE-DONALDSON-44X61X64
RED00095,SAT01SBB178002,,https://e-commerce.michelecaroli.com/wso/pages/user/wso0205.jsf?idaa=438643&codart=SAT01SBB178002&marart=230&seopth=HIFI-FILTRI-SAT01SBB178002-FILTRO
RE8MCV1,CR30,FILTRO HYDR. P171500 HIFI,https://e-commerce.michelecaroli.com/wso/pages/user/wso0205.jsf?idaa=396501&codart=CR30&marart=230&seopth=HIFI-FILTRI-CR30-FILTRO-HYDR-P171500-HIFI
RE8FD1,P171501,FILTRO HYDR.DONALDSON P17-1501,https://e-commerce.michelecaroli.com/wso/pages/user/wso0205.jsf?idaa=155137&codart=P171501&marart=227&seopth=DONALDSON-FILTRI-P171501-FILTRO-HYDR-DONALDSON-P17-1501
RE80045,P112606,GOMITO 45 GRADI DIAM.203 MM.,https://e-commerce.michelecaroli.com/wso/pages/user/wso0205.jsf?idaa=443016&codart=P112606&marart=227&seopth=DONALDSON-FILTRI-P112606-GOMITO-45-GRADI-DIAM-203-MM-
RE655,P117724,RIDUTTORE A GOMITO M11L-7724,https://e-commerce.michelecaroli.com/wso/pages/user/wso0205.jsf?idaa=154608&codart=P117724&marart=227&seopth=DONALDSON-FILTRI-P117724-RIDUTTORE-A-GOMITO-M11L-7724
RE63779,C105028,"AIR FILTER, PRIMARY DURALITE",https://e-commerce.michelecaroli.com/wso/pages/user/wso0205.jsf?idaa=442158&codart=C105028&marart=227&seopth=DONALDSON-FILTRI-C105028-AIR-FILTER-PRIMARY-DURALITE
RE62433,SN70136,FILTRO NAFTA P551428 HIFI,https://e-commerce.michelecaroli.com/wso/pages/user/wso0205.jsf?idaa=299465&codart=SN70136&marart=230&seopth=HIFI-FILTRI-SN70136-FILTRO-NAFTA-P551428-HIFI
RE61552,SN206,FILTRO NAFTA P556916 HIFI,https://e-commerce.michelecaroli.com/wso/pages/user/wso0205.jsf?idaa=299720&codart=SN206&marart=230&seopth=HIFI-FILTRI-SN206-FILTRO-NAFTA-P556916-HIFI
RE61094,G082505,FILTRO DONALDSON FPG,https://e-commerce.michelecaroli.com/wso/pages/user/wso0205.jsf?idaa=154144&codart=G082505&marart=227&seopth=DONALDSON-FILTRI-G082505-FILTRO-DONALDSON-FPG
RE60050,93326E,FILTRO ARIA P772580,https://e-commerce.michelecaroli.com/wso/pages/user/wso0205.jsf?idaa=369553&codart=93326E&marart=218&seopth=WIX-INDUSTRIAL-HD-93326E-FILTRO-ARIA-P772580
RE60045,P105547,GOMITO 45 GRADI DIAM.152 MM.,https://e-commerce.michelecaroli.com/wso/pages/user/wso0205.jsf?idaa=443004&codart=P105547&marart=227&seopth=DONALDSON-FILTRI-P105547-GOMITO-45-GRADI-DIAM-152-MM-
RE600,P105535,GOMITO P10-5535,https://e-commerce.michelecaroli.com/wso/pages/user/wso0205.jsf?idaa=154534&codart=P105535&marart=227&seopth=DONALDSON-FILTRI-P105535-GOMITO-P10-5535
RE59574,57243,FILTRO OLIO# P551352,https://e-commerce.michelecaroli.com/wso/pages/user/wso0205.jsf?idaa=368786&codart=57243&marart=218&seopth=WIX-INDUSTRIAL-HD-57243-FILTRO-OLIO-P551352
RE593694,46446,FILTRO ARIA,https://e-commerce.michelecaroli.com/wso/pages/user/wso0205.jsf?idaa=367218&codart=46446&marart=218&seopth=WIX-INDUSTRIAL-HD-46446-FILTRO-ARIA
RE58919,G070009,FILTRO DONALDSON FPG,https://e-commerce.michelecaroli.com/wso/pages/user/wso0205.jsf?idaa=154134&codart=G070009&marart=227&seopth=DONALDSON-FILTRI-G070009-FILTRO-DONALDSON-FPG
RE58378,SN70136,FILTRO NAFTA P551428 HIFI,https://e-commerce.michelecaroli.com/wso/pages/user/wso0205.jsf?idaa=299465&codart=SN70136&marart=230&seopth=HIFI-FILTRI-SN70136-FILTRO-NAFTA-P551428-HIFI
RE56422,46423,FILTRO ARIA,https://e-commerce.michelecaroli.com/wso/pages/user/wso0205.jsf?idaa=367200&codart=46423&marart=218&seopth=WIX-INDUSTRIAL-HD-46423-FILTRO-ARIA
RE550,P105534,"ELBOW, 90 DEGREE RUBBER",https://e-commerce.michelecaroli.com/wso/pages/user/wso0205.jsf?idaa=442999&codart=P105534&marart=227&seopth=DONALDSON-FILTRI-P105534-ELBOW-90-DEGREE-RUBBER
RE53058,P550071,FILTRO OLIO AD IMMERSIONE,https://e-commerce.michelecaroli.com/wso/pages/user/wso0205.jsf?idaa=156433&codart=P550071&marart=227&seopth=DONALDSON-FILTRI-P550071-FILTRO-OLIO-AD-IMMERSIONE
RE524723,SN70273,FILTRO NAFTA HIFI RE541925,https://e-commerce.michelecaroli.com/wso/pages/user/wso0205.jsf?idaa=299586&codart=SN70273&marart=230&seopth=HIFI-FILTRI-SN70273-FILTRO-NAFTA-HIFI-RE541925
RE522687,P550668,FILTRO NAFTA ATTUALE P551026,https://e-commerce.michelecaroli.com/wso/pages/user/wso0205.jsf?idaa=156728&codart=P550668&marart=227&seopth=DONALDSON-FILTRI-P550668-FILTRO-NAFTA-ATTUALE-P551026
RE522687,P550668,FILTRO NAFTA ATTUALE P551026,https://e-commerce.michelecaroli.com/wso/pages/user/wso0205.jsf?idaa=156728&codart=P550668&marart=227&seopth=DONALDSON-FILTRI-P550668-FILTRO-NAFTA-ATTUALE-P551026
RE522372,33692,FILTRO NAFTA,https://e-commerce.michelecaroli.com/wso/pages/user/wso0205.jsf?idaa=366051&codart=33692&marart=218&seopth=WIX-INDUSTRIAL-HD-33692-FILTRO-NAFTA
RE521818,33692,FILTRO NAFTA,https://e-commerce.michelecaroli.com/wso/pages/user/wso0205.jsf?idaa=366051&codart=33692&marart=218&seopth=WIX-INDUSTRIAL-HD-33692-FILTRO-NAFTA
RE519608,33692,FILTRO NAFTA,https://e-commerce.michelecaroli.com/wso/pages/user/wso0205.jsf?idaa=366051&codart=33692&marart=218&seopth=WIX-INDUSTRIAL-HD-33692-FILTRO-NAFTA
RE51797A,51729,FILTRO IDRAULICO,https://e-commerce.michelecaroli.com/wso/pages/user/wso0205.jsf?idaa=368583&codart=51729&marart=218&seopth=WIX-INDUSTRIAL-HD-51729-FILTRO-IDRAULICO
RE51797,51729,FILTRO IDRAULICO,https://e-commerce.michelecaroli.com/wso/pages/user/wso0205.jsf?idaa=368583&codart=51729&marart=218&seopth=WIX-INDUSTRIAL-HD-51729-FILTRO-IDRAULICO
RE50FD1,CR180/02,,https://e-commerce.michelecaroli.com/wso/pages/user/wso0205.jsf?idaa=396478&codart=CR180%2F02&marart=230&seopth=HIFI-FILTRI-CR180-02-FILTRO-HYDR-P171537-HIFI
RE509596,33692,FILTRO NAFTA,https://e-commerce.michelecaroli.com/wso/pages/user/wso0205.jsf?idaa=366051&codart=33692&marart=218&seopth=WIX-INDUSTRIAL-HD-33692-FILTRO-NAFTA
RE508954,33167E,FILTRO NAFTA# P550060,https://e-commerce.michelecaroli.com/wso/pages/user/wso0205.jsf?idaa=368995&codart=33167E&marart=218&seopth=WIX-INDUSTRIAL-HD-33167E-FILTRO-NAFTA-P550060
RE508953,33167FE,FILTRO NAFTA# P550860,https://e-commerce.michelecaroli.com/wso/pages/user/wso0205.jsf?idaa=368996&codart=33167FE&marart=218&seopth=WIX-INDUSTRIAL-HD-33167FE-FILTRO-NAFTA-P550860
RE508846,SN70235,FILTRO NAFTA HIFI,https://e-commerce.michelecaroli.com/wso/pages/user/wso0205.jsf?idaa=299551&codart=SN70235&marart=230&seopth=HIFI-FILTRI-SN70235-FILTRO-NAFTA-HIFI
RE506575,SO014,FILTRO OLIO HIFI,https://e-commerce.michelecaroli.com/wso/pages/user/wso0205.jsf?idaa=300658&codart=SO014&marart=230&seopth=HIFI-FILTRI-SO014-FILTRO-OLIO-HIFI
RE505521,P780580,,https://e-commerce.michelecaroli.com/wso/pages/user/wso0205.jsf?idaa=157931&codart=P780580&marart=227&seopth=DONALDSON-FILTRI-P780580-FASCIA-MONTAGGIO-P78-0580
RE505260,SAH01C08ADP001,,https://e-commerce.michelecaroli.com/wso/pages/user/wso0205.jsf?idaa=438541&codart=SAH01C08ADP001&marart=230&seopth=HIFI-FILTRI-SAH01C08ADP001-FILTRO
RE504496,33785,FILTRO NAFTA,https://e-commerce.michelecaroli.com/wso/pages/user/wso0205.jsf?idaa=366123&codart=33785&marart=218&seopth=WIX-INDUSTRIAL-HD-33785-FILTRO-NAFTA
RE50135J,X002278,"INDICATORE DONALDSON 1-/8""-27-NPT MECCANICO MBAR 75",https://e-commerce.michelecaroli.com/wso/pages/user/wso0205.jsf?idaa=158300&codart=X002278&marart=227&seopth=DONALDSON-FILTRI-X002278-INDICATORE-DONALDSON-1-8-27-NPT
RE50135,X002278,"INDICATORE DONALDSON 1-/8""-27-NPT MECCANICO MBAR 75",https://e-commerce.michelecaroli.com/wso/pages/user/wso0205.jsf?idaa=158300&codart=X002278&marart=227&seopth=DONALDSON-FILTRI-X002278-INDICATORE-DONALDSON-1-8-27-NPT
RE501,SH56760,FILTRO HYDR. P550388 HIFI GILBARCO 140845093,https://e-commerce.michelecaroli.com/wso/pages/user/wso0205.jsf?idaa=294222&codart=SH56760&marart=230&seopth=HIFI-FILTRI-SH56760-FILTRO-HYDR-P550388-HIFI
RE500,SAT01SCB127001,,https://e-commerce.michelecaroli.com/wso/pages/user/wso0205.jsf?idaa=438561&codart=SAT01SCB127001&marart=230&seopth=HIFI-FILTRI-SAT01SCB127001-FILTRO
RE47313,48142231,FILTRO OLIO IDRAULICO ORIGINALE CNH EX 84226258,https://e-commerce.michelecaroli.com/wso/pages/user/wso0205.jsf?idaa=505274&codart=48142231&marart=CNH&seopth=CNH-AGRICOLTURE-48142231-FILTRO-OLIO-IDRAULICO-ORIGINALE-CNH
RE46838,C085006,FILTRO ARIA,https://e-commerce.michelecaroli.com/wso/pages/user/wso0205.jsf?idaa=154075&codart=C085006&marart=227&seopth=DONALDSON-FILTRI-C085006-FILTRO-ARIA
RE46837J,42792,FILTRO ARIA,https://e-commerce.michelecaroli.com/wso/pages/user/wso0205.jsf?idaa=366821&codart=42792&marart=218&seopth=WIX-INDUSTRIAL-HD-42792-FILTRO-ARIA
RE45828,46467,FILTRO ARIA P775457,https://e-commerce.michelecaroli.com/wso/pages/user/wso0205.jsf?idaa=367237&codart=46467&marart=218&seopth=WIX-INDUSTRIAL-HD-46467-FILTRO-ARIA-P775457
RE45576,P550671,FILTRO OLIO,https://e-commerce.michelecaroli.com/wso/pages/user/wso0205.jsf?idaa=156730&codart=P550671&marart=227&seopth=DONALDSON-FILTRI-P550671-FILTRO-OLIO
RE44647,SO3000,FILTRO OLIO P553000 HIFI,https://e-commerce.michelecaroli.com/wso/pages/user/wso0205.jsf?idaa=300875&codart=SO3000&marart=230&seopth=HIFI-FILTRI-SO3000-FILTRO-OLIO-P553000-HIFI
RE43231,SH66659,FILTRO HYDR. P165659 HIFI,https://e-commerce.michelecaroli.com/wso/pages/user/wso0205.jsf?idaa=296301&codart=SH66659&marart=230&seopth=HIFI-FILTRI-SH66659-FILTRO-HYDR-P165659-HIFI
RE42815,X007784,"SEAL CLAMP, 4 IN 102 MM STAINLESS",https://e-commerce.michelecaroli.com/wso/pages/user/wso0205.jsf?idaa=443384&codart=X007784&marart=227&seopth=DONALDSON-FILTRI-X007784-SEAL-CLAMP-4-IN-102-MM-STAINLESS
RE42726,SA16678,FILTRO ARIA P770678 HIFI SICUREZZA ABBINATO CON SA16531,https://e-commerce.michelecaroli.com/wso/pages/user/wso0205.jsf?idaa=289409&codart=SA16678&marart=230&seopth=HIFI-FILTRI-SA16678-FILTRO-ARIA-P770678-HIFI-SICUREZZA
RE42725,P772531,FILTRO ARIA DONALDSON P77-2531,https://e-commerce.michelecaroli.com/wso/pages/user/wso0205.jsf?idaa=158412&codart=P772531&marart=227&seopth=DONALDSON-FILTRI-P772531-FILTRO-ARIA-DONALDSON-P77-2531
RE42650,SN1212,FILTRO NAFTA P558000 HIFI,https://e-commerce.michelecaroli.com/wso/pages/user/wso0205.jsf?idaa=298888&codart=SN1212&marart=230&seopth=HIFI-FILTRI-SN1212-FILTRO-NAFTA-P558000-HIFI
RE42593,H770013,RAIN CAP DONALDSON GAH77-0013,https://e-commerce.michelecaroli.com/wso/pages/user/wso0205.jsf?idaa=154224&codart=H770013&marart=227&seopth=DONALDSON-FILTRI-H770013-RAIN-CAP-DONALDSON-GAH77-0013
RE42592,H000349,FASCIA MONTAGGIO H00-0349,https://e-commerce.michelecaroli.com/wso/pages/user/wso0205.jsf?idaa=154168&codart=H000349&marart=227&seopth=DONALDSON-FILTRI-H000349-FASCIA-MONTAGGIO-H00-0349
RE42050,SN1212,FILTRO NAFTA P558000 HIFI,https://e-commerce.michelecaroli.com/wso/pages/user/wso0205.jsf?idaa=298888&codart=SN1212&marart=230&seopth=HIFI-FILTRI-SN1212-FILTRO-NAFTA-P558000-HIFI
RE42042,SO3333,FILTRO OLIO P551670# HIFI,https://e-commerce.michelecaroli.com/wso/pages/user/wso0205.jsf?idaa=300892&codart=SO3333&marart=230&seopth=HIFI-FILTRI-SO3333-FILTRO-OLIO-P551670-HIFI
RE40045,P105545,GOMITO 45 GRADI DIAM.102 MM.,https://e-commerce.michelecaroli.com/wso/pages/user/wso0205.jsf?idaa=154536&codart=P105545&marart=227&seopth=DONALDSON-FILTRI-P105545-GOMITO-45-GRADI-DIAM-102-MM-
RE400,SAT01SCB102001,,https://e-commerce.michelecaroli.com/wso/pages/user/wso0205.jsf?idaa=438560&codart=SAT01SCB102001&marart=230&seopth=HIFI-FILTRI-SAT01SCB102001-FILTRO
RE39390,p574000,,https://e-commerce.michelecaroli.com/wso/pages/user/wso0205.jsf?idaa=157302&codart=p574000&marart=227&seopth=DONALDSON-FILTRI-p574000-FILTRO-IDRAULICO-OBSOLETO
RE38987,57084,FILTRO OLIO,https://e-commerce.michelecaroli.com/wso/pages/user/wso0205.jsf?idaa=369410&codart=57084&marart=218&seopth=WIX-INDUSTRIAL-HD-57084-FILTRO-OLIO
RE38987,57084,FILTRO OLIO,https://e-commerce.michelecaroli.com/wso/pages/user/wso0205.jsf?idaa=369410&codart=57084&marart=218&seopth=WIX-INDUSTRIAL-HD-57084-FILTRO-OLIO
RE35655,X007830,"SEAL CLAMP, 3 IN 76 MM STAINLESS",https://e-commerce.michelecaroli.com/wso/pages/user/wso0205.jsf?idaa=443389&codart=X007830&marart=227&seopth=DONALDSON-FILTRI-X007830-SEAL-CLAMP-3-IN-76-MM-STAINLESS
RE35522,SA14604,FILTRO ARIA P770181 HIFI,https://e-commerce.michelecaroli.com/wso/pages/user/wso0205.jsf?idaa=288937&codart=SA14604&marart=230&seopth=HIFI-FILTRI-SA14604-FILTRO-ARIA-P770181-HIFI
RE35518,P007191,FASCIA MONTAGGIO P00-7191,https://e-commerce.michelecaroli.com/wso/pages/user/wso0205.jsf?idaa=154488&codart=P007191&marart=227&seopth=DONALDSON-FILTRI-P007191-FASCIA-MONTAGGIO-P00-7191
RE35508,B065012,FILTRO ARIA DONALDSON B06-5012 ELB,https://e-commerce.michelecaroli.com/wso/pages/user/wso0205.jsf?idaa=154023&codart=B065012&marart=227&seopth=DONALDSON-FILTRI-B065012-FILTRO-ARIA-DONALDSON-B06-5012-ELB
RE35507,CP076136064P,,https://e-commerce.michelecaroli.com/wso/pages/user/wso0205.jsf?idaa=438549&codart=CP076136064P&marart=230&seopth=HIFI-FILTRI-CP076136064P-FILTRO
RE35045,P109331,GOMITO 45 GRADI DIAM.89 MM.,https://e-commerce.michelecaroli.com/wso/pages/user/wso0205.jsf?idaa=154555&codart=P109331&marart=227&seopth=DONALDSON-FILTRI-P109331-GOMITO-45-GRADI-DIAM-89-MM-
RE350,P114318,GOMITO M11L-4318,https://e-commerce.michelecaroli.com/wso/pages/user/wso0205.jsf?idaa=154586&codart=P114318&marart=227&seopth=DONALDSON-FILTRI-P114318-GOMITO-M11L-4318
RE34958,SH56605,FILTRO HYDR. P164384 HIFI,https://e-commerce.michelecaroli.com/wso/pages/user/wso0205.jsf?idaa=294201&codart=SH56605&marart=230&seopth=HIFI-FILTRI-SH56605-FILTRO-HYDR-P164384-HIFI
RE34958,SH56605,FILTRO HYDR. P164384 HIFI,https://e-commerce.michelecaroli.com/wso/pages/user/wso0205.jsf?idaa=294201&codart=SH56605&marart=230&seopth=HIFI-FILTRI-SH56605-FILTRO-HYDR-P164384-HIFI
RE34040,51553,FILTRO IDRAULICO,https://e-commerce.michelecaroli.com/wso/pages/user/wso0205.jsf?idaa=368434&codart=51553&marart=218&seopth=WIX-INDUSTRIAL-HD-51553-FILTRO-IDRAULICO
RE33886,93059E,FILTRO ARIA P772522,https://e-commerce.michelecaroli.com/wso/pages/user/wso0205.jsf?idaa=369322&codart=93059E&marart=218&seopth=WIX-INDUSTRIAL-HD-93059E-FILTRO-ARIA-P772522
RE33884,46625,FILTRO ARIA,https://e-commerce.michelecaroli.com/wso/pages/user/wso0205.jsf?idaa=367374&codart=46625&marart=218&seopth=WIX-INDUSTRIAL-HD-46625-FILTRO-ARIA
RE33883,MD-7102,FILTRO ARIA,https://e-commerce.michelecaroli.com/wso/pages/user/wso0205.jsf?idaa=464129&codart=MD-7102&marart=ALCO&seopth=ALCO-MD-7102-FILTRO-ARIA
RE33882,B100057,FILTRO ARIA COMM11ETO ELB10-0057,https://e-commerce.michelecaroli.com/wso/pages/user/wso0205.jsf?idaa=154034&codart=B100057&marart=227&seopth=DONALDSON-FILTRI-B100057-FILTRO-ARIA-COMM11ETO-ELB10-0057
RE33880,P004076,FASCIA MONTAGGIO P00-4076,https://e-commerce.michelecaroli.com/wso/pages/user/wso0205.jsf?idaa=154484&codart=P004076&marart=227&seopth=DONALDSON-FILTRI-P004076-FASCIA-MONTAGGIO-P00-4076
RE33878,P004307,FASCIA MONTAGGIO P00-4307,https://e-commerce.michelecaroli.com/wso/pages/user/wso0205.jsf?idaa=154486&codart=P004307&marart=227&seopth=DONALDSON-FILTRI-P004307-FASCIA-MONTAGGIO-P00-4307
RE33877,B080010,FILTRO DONALDSON ELB08-0010,https://e-commerce.michelecaroli.com/wso/pages/user/wso0205.jsf?idaa=154025&codart=B080010&marart=227&seopth=DONALDSON-FILTRI-B080010-FILTRO-DONALDSON-ELB08-0010
RE333567,SC90186CA,FILTRO PANNELLO 610X103X58/70,https://e-commerce.michelecaroli.com/wso/pages/user/wso0205.jsf?idaa=292807&codart=SC90186CA&marart=230&seopth=HIFI-FILTRI-SC90186CA-FILTRO-PANNELLO-610X103X58-70
RE30045,P105544,GOMITO 45 GRADI DIAM.46 MM.,https://e-commerce.michelecaroli.com/wso/pages/user/wso0205.jsf?idaa=443003&codart=P105544&marart=227&seopth=DONALDSON-FILTRI-P105544-GOMITO-45-GRADI-DIAM-46-MM-
