Code searched,Matched code,Part Category on Michele,Link to Michele product
SL5891,SL5891,,https://e-commerce.michelecaroli.com/wso/pages/user/wso0205.jsf?idaa=412456&codart=SL5891&marart=233&seopth=SF-FILTER-SL5891-FILTRO-ARIA
SL5891,SL5891,,https://e-commerce.michelecaroli.com/wso/pages/user/wso0205.jsf?idaa=412456&codart=SL5891&marart=233&seopth=SF-FILTER-SL5891-FILTRO-ARIA
SL5890,SL5890,,https://e-commerce.michelecaroli.com/wso/pages/user/wso0205.jsf?idaa=412455&codart=SL5890&marart=233&seopth=SF-FILTER-SL5890-FILTRO-ARIA
SL5890,SL5890,,https://e-commerce.michelecaroli.com/wso/pages/user/wso0205.jsf?idaa=412455&codart=SL5890&marart=233&seopth=SF-FILTER-SL5890-FILTRO-ARIA
SL58891,SL5889/1,,https://e-commerce.michelecaroli.com/wso/pages/user/wso0205.jsf?idaa=412454&codart=SL5889%2F1&marart=233&seopth=SF-FILTER-SL5889-1-FILTRO-ARIA
SL5884,SL5884,,https://e-commerce.michelecaroli.com/wso/pages/user/wso0205.jsf?idaa=412449&codart=SL5884&marart=233&seopth=SF-FILTER-SL5884-FILTRO-ARIA
SL5884,SL5884,,https://e-commerce.michelecaroli.com/wso/pages/user/wso0205.jsf?idaa=412449&codart=SL5884&marart=233&seopth=SF-FILTER-SL5884-FILTRO-ARIA
SL5879,SL5879,,https://e-commerce.michelecaroli.com/wso/pages/user/wso0205.jsf?idaa=412444&codart=SL5879&marart=233&seopth=SF-FILTER-SL5879-FILTRO-ARIA
SL5878,SL5878,,https://e-commerce.michelecaroli.com/wso/pages/user/wso0205.jsf?idaa=412443&codart=SL5878&marart=233&seopth=SF-FILTER-SL5878-FILTRO-ARIA
SL5873,SL5873,,https://e-commerce.michelecaroli.com/wso/pages/user/wso0205.jsf?idaa=412441&codart=SL5873&marart=233&seopth=SF-FILTER-SL5873-FILTRO-ARIA
SL5856,SL5856,,https://e-commerce.michelecaroli.com/wso/pages/user/wso0205.jsf?idaa=412430&codart=SL5856&marart=233&seopth=SF-FILTER-SL5856-FILTRO-ARIA
SL5856,SL5856,,https://e-commerce.michelecaroli.com/wso/pages/user/wso0205.jsf?idaa=412430&codart=SL5856&marart=233&seopth=SF-FILTER-SL5856-FILTRO-ARIA
SL5855,SL5855,,https://e-commerce.michelecaroli.com/wso/pages/user/wso0205.jsf?idaa=412429&codart=SL5855&marart=233&seopth=SF-FILTER-SL5855-FILTRO-ARIA
SL5855,SL5855,,https://e-commerce.michelecaroli.com/wso/pages/user/wso0205.jsf?idaa=412429&codart=SL5855&marart=233&seopth=SF-FILTER-SL5855-FILTRO-ARIA
SL5854,SL5854,,https://e-commerce.michelecaroli.com/wso/pages/user/wso0205.jsf?idaa=412428&codart=SL5854&marart=233&seopth=SF-FILTER-SL5854-FILTRO-ARIA
SL5854,SL5854,,https://e-commerce.michelecaroli.com/wso/pages/user/wso0205.jsf?idaa=412428&codart=SL5854&marart=233&seopth=SF-FILTER-SL5854-FILTRO-ARIA
SL5853,SL5853,,https://e-commerce.michelecaroli.com/wso/pages/user/wso0205.jsf?idaa=412427&codart=SL5853&marart=233&seopth=SF-FILTER-SL5853-FILTRO-ARIA
SL5853,SL5853,,https://e-commerce.michelecaroli.com/wso/pages/user/wso0205.jsf?idaa=412427&codart=SL5853&marart=233&seopth=SF-FILTER-SL5853-FILTRO-ARIA
SL5852,SL5852,,https://e-commerce.michelecaroli.com/wso/pages/user/wso0205.jsf?idaa=412426&codart=SL5852&marart=233&seopth=SF-FILTER-SL5852-FILTRO-ARIA
SL5852,SL5852,,https://e-commerce.michelecaroli.com/wso/pages/user/wso0205.jsf?idaa=412426&codart=SL5852&marart=233&seopth=SF-FILTER-SL5852-FILTRO-ARIA
SL5849,SL5849,,https://e-commerce.michelecaroli.com/wso/pages/user/wso0205.jsf?idaa=412424&codart=SL5849&marart=233&seopth=SF-FILTER-SL5849-FILTRO-ARIA
SL5849,SL5849,,https://e-commerce.michelecaroli.com/wso/pages/user/wso0205.jsf?idaa=412424&codart=SL5849&marart=233&seopth=SF-FILTER-SL5849-FILTRO-ARIA
SL5847,SL5847,,https://e-commerce.michelecaroli.com/wso/pages/user/wso0205.jsf?idaa=412422&codart=SL5847&marart=233&seopth=SF-FILTER-SL5847-FILTRO-ARIA
SL5847,SL5847,,https://e-commerce.michelecaroli.com/wso/pages/user/wso0205.jsf?idaa=412422&codart=SL5847&marart=233&seopth=SF-FILTER-SL5847-FILTRO-ARIA
SL5847,SL5847,,https://e-commerce.michelecaroli.com/wso/pages/user/wso0205.jsf?idaa=412422&codart=SL5847&marart=233&seopth=SF-FILTER-SL5847-FILTRO-ARIA
SL5845,P181099,FILTRO ARIA DONALDSON PI8-1099,https://e-commerce.michelecaroli.com/wso/pages/user/wso0205.jsf?idaa=155853&codart=P181099&marart=227&seopth=DONALDSON-FILTRI-P181099-FILTRO-ARIA-DONALDSON-PI8-1099
SL5842,SL5842,,https://e-commerce.michelecaroli.com/wso/pages/user/wso0205.jsf?idaa=412419&codart=SL5842&marart=233&seopth=SF-FILTER-SL5842-FILTRO-ARIA
SL5842,SL5842,,https://e-commerce.michelecaroli.com/wso/pages/user/wso0205.jsf?idaa=412419&codart=SL5842&marart=233&seopth=SF-FILTER-SL5842-FILTRO-ARIA
SL5841,SL5841,,https://e-commerce.michelecaroli.com/wso/pages/user/wso0205.jsf?idaa=412418&codart=SL5841&marart=233&seopth=SF-FILTER-SL5841-FILTRO-ARIA
SL5840,SL5840,,https://e-commerce.michelecaroli.com/wso/pages/user/wso0205.jsf?idaa=412417&codart=SL5840&marart=233&seopth=SF-FILTER-SL5840-FILTRO-ARIA
SL5840,SL5840,,https://e-commerce.michelecaroli.com/wso/pages/user/wso0205.jsf?idaa=412417&codart=SL5840&marart=233&seopth=SF-FILTER-SL5840-FILTRO-ARIA
SL5837,SL5837,,https://e-commerce.michelecaroli.com/wso/pages/user/wso0205.jsf?idaa=412414&codart=SL5837&marart=233&seopth=SF-FILTER-SL5837-FILTRO-ARIA
SL5837,SL5837,,https://e-commerce.michelecaroli.com/wso/pages/user/wso0205.jsf?idaa=412414&codart=SL5837&marart=233&seopth=SF-FILTER-SL5837-FILTRO-ARIA
SL5837,SL5837,,https://e-commerce.michelecaroli.com/wso/pages/user/wso0205.jsf?idaa=412414&codart=SL5837&marart=233&seopth=SF-FILTER-SL5837-FILTRO-ARIA
SL5836,SL5836,,https://e-commerce.michelecaroli.com/wso/pages/user/wso0205.jsf?idaa=412413&codart=SL5836&marart=233&seopth=SF-FILTER-SL5836-FILTRO-ARIA
SL5831,SL5831,,https://e-commerce.michelecaroli.com/wso/pages/user/wso0205.jsf?idaa=412410&codart=SL5831&marart=233&seopth=SF-FILTER-SL5831-FILTRO-ARIA
SL5829,SL5829,,https://e-commerce.michelecaroli.com/wso/pages/user/wso0205.jsf?idaa=412409&codart=SL5829&marart=233&seopth=SF-FILTER-SL5829-FILTRO-ARIA
SL5828,SL5828,,https://e-commerce.michelecaroli.com/wso/pages/user/wso0205.jsf?idaa=412408&codart=SL5828&marart=233&seopth=SF-FILTER-SL5828-FILTRO-ARIA
SL5828,SL5828,,https://e-commerce.michelecaroli.com/wso/pages/user/wso0205.jsf?idaa=412408&codart=SL5828&marart=233&seopth=SF-FILTER-SL5828-FILTRO-ARIA
SL5826,SL5826,,https://e-commerce.michelecaroli.com/wso/pages/user/wso0205.jsf?idaa=412406&codart=SL5826&marart=233&seopth=SF-FILTER-SL5826-FILTRO-ARIA
SL5826,SL5826,,https://e-commerce.michelecaroli.com/wso/pages/user/wso0205.jsf?idaa=412406&codart=SL5826&marart=233&seopth=SF-FILTER-SL5826-FILTRO-ARIA
SL5822,SL5822,,https://e-commerce.michelecaroli.com/wso/pages/user/wso0205.jsf?idaa=412403&codart=SL5822&marart=233&seopth=SF-FILTER-SL5822-FILTRO-ARIA
SL5822,SL5822,,https://e-commerce.michelecaroli.com/wso/pages/user/wso0205.jsf?idaa=412403&codart=SL5822&marart=233&seopth=SF-FILTER-SL5822-FILTRO-ARIA
SL5821,SL5821,,https://e-commerce.michelecaroli.com/wso/pages/user/wso0205.jsf?idaa=412402&codart=SL5821&marart=233&seopth=SF-FILTER-SL5821-FILTRO-ARIA
SL5809,SL5809,,https://e-commerce.michelecaroli.com/wso/pages/user/wso0205.jsf?idaa=412397&codart=SL5809&marart=233&seopth=SF-FILTER-SL5809-FILTRO-ARIA
SL5809,SL5809,,https://e-commerce.michelecaroli.com/wso/pages/user/wso0205.jsf?idaa=412397&codart=SL5809&marart=233&seopth=SF-FILTER-SL5809-FILTRO-ARIA
SL5806,SL5806,,https://e-commerce.michelecaroli.com/wso/pages/user/wso0205.jsf?idaa=412395&codart=SL5806&marart=233&seopth=SF-FILTER-SL5806-FILTRO-ARIA
SL5803,SL5803,,https://e-commerce.michelecaroli.com/wso/pages/user/wso0205.jsf?idaa=412394&codart=SL5803&marart=233&seopth=SF-FILTER-SL5803-FILTRO-ARIA
SL5798,SL5798,,https://e-commerce.michelecaroli.com/wso/pages/user/wso0205.jsf?idaa=412393&codart=SL5798&marart=233&seopth=SF-FILTER-SL5798-FILTRO-ARIA
SL5795,SL5795,,https://e-commerce.michelecaroli.com/wso/pages/user/wso0205.jsf?idaa=412392&codart=SL5795&marart=233&seopth=SF-FILTER-SL5795-FILTRO-ARIA
SL5795,SL5795,,https://e-commerce.michelecaroli.com/wso/pages/user/wso0205.jsf?idaa=412392&codart=SL5795&marart=233&seopth=SF-FILTER-SL5795-FILTRO-ARIA
SL5793,SL5793,,https://e-commerce.michelecaroli.com/wso/pages/user/wso0205.jsf?idaa=412391&codart=SL5793&marart=233&seopth=SF-FILTER-SL5793-FILTRO-ARIA
SL5793,SL5793,,https://e-commerce.michelecaroli.com/wso/pages/user/wso0205.jsf?idaa=412391&codart=SL5793&marart=233&seopth=SF-FILTER-SL5793-FILTRO-ARIA
SL5792,SL5792,,https://e-commerce.michelecaroli.com/wso/pages/user/wso0205.jsf?idaa=412390&codart=SL5792&marart=233&seopth=SF-FILTER-SL5792-FILTRO-ARIA
SL5791,P526491,FILTRO ARIA SICUREZZA DONALDSON,https://e-commerce.michelecaroli.com/wso/pages/user/wso0205.jsf?idaa=156195&codart=P526491&marart=227&seopth=DONALDSON-FILTRI-P526491-FILTRO-ARIA-SICUREZZA-DONALDSON
SL5790,P136407,,https://e-commerce.michelecaroli.com/wso/pages/user/wso0205.jsf?idaa=154761&codart=P136407&marart=227&seopth=DONALDSON-FILTRI-P136407-FILTRO-ARIA-DONALDSON-P13-6407
SL5788,SL5788,,https://e-commerce.michelecaroli.com/wso/pages/user/wso0205.jsf?idaa=412388&codart=SL5788&marart=233&seopth=SF-FILTER-SL5788-FILTRO-ARIA
SL5787,SL5787,,https://e-commerce.michelecaroli.com/wso/pages/user/wso0205.jsf?idaa=412387&codart=SL5787&marart=233&seopth=SF-FILTER-SL5787-FILTRO-ARIA
SL5785,SL5785,,https://e-commerce.michelecaroli.com/wso/pages/user/wso0205.jsf?idaa=412386&codart=SL5785&marart=233&seopth=SF-FILTER-SL5785-FILTRO-ARIA
SL5785,SL5785,,https://e-commerce.michelecaroli.com/wso/pages/user/wso0205.jsf?idaa=412386&codart=SL5785&marart=233&seopth=SF-FILTER-SL5785-FILTRO-ARIA
SL5784,SA10775,,https://e-commerce.michelecaroli.com/wso/pages/user/wso0205.jsf?idaa=336051&codart=SA10775&marart=230&seopth=HIFI-FILTRI-SA10775-FILTRO-ARIA-HIFI
SL5783,SA10777,,https://e-commerce.michelecaroli.com/wso/pages/user/wso0205.jsf?idaa=336052&codart=SA10777&marart=230&seopth=HIFI-FILTRI-SA10777-FILTRO-ARIA-HIFI
SL5780,SA10821,,https://e-commerce.michelecaroli.com/wso/pages/user/wso0205.jsf?idaa=472590&codart=SA10821&marart=230&seopth=HIFI-FILTRI-SA10821-FILTRO-ARIA-HIFI-P181185
SL5771,SL5771,,https://e-commerce.michelecaroli.com/wso/pages/user/wso0205.jsf?idaa=412377&codart=SL5771&marart=233&seopth=SF-FILTER-SL5771-FILTRO-ARIA
SL5771,SL5771,,https://e-commerce.michelecaroli.com/wso/pages/user/wso0205.jsf?idaa=412377&codart=SL5771&marart=233&seopth=SF-FILTER-SL5771-FILTRO-ARIA
SL5769,SL5769,,https://e-commerce.michelecaroli.com/wso/pages/user/wso0205.jsf?idaa=412375&codart=SL5769&marart=233&seopth=SF-FILTER-SL5769-FILTRO-ARIA
SL5769,SL5769,,https://e-commerce.michelecaroli.com/wso/pages/user/wso0205.jsf?idaa=412375&codart=SL5769&marart=233&seopth=SF-FILTER-SL5769-FILTRO-ARIA
SL5764,SL5764,,https://e-commerce.michelecaroli.com/wso/pages/user/wso0205.jsf?idaa=412371&codart=SL5764&marart=233&seopth=SF-FILTER-SL5764-FILTRO-ARIA
SL5764,SL5764,,https://e-commerce.michelecaroli.com/wso/pages/user/wso0205.jsf?idaa=412371&codart=SL5764&marart=233&seopth=SF-FILTER-SL5764-FILTRO-ARIA
SL5764,SL5764,,https://e-commerce.michelecaroli.com/wso/pages/user/wso0205.jsf?idaa=412371&codart=SL5764&marart=233&seopth=SF-FILTER-SL5764-FILTRO-ARIA
SL5763,SL5763,,https://e-commerce.michelecaroli.com/wso/pages/user/wso0205.jsf?idaa=412370&codart=SL5763&marart=233&seopth=SF-FILTER-SL5763-FILTRO-ARIA
SL5762,SL5762,,https://e-commerce.michelecaroli.com/wso/pages/user/wso0205.jsf?idaa=412369&codart=SL5762&marart=233&seopth=SF-FILTER-SL5762-FILTRO-ARIA
SL5762,SL5762,,https://e-commerce.michelecaroli.com/wso/pages/user/wso0205.jsf?idaa=412369&codart=SL5762&marart=233&seopth=SF-FILTER-SL5762-FILTRO-ARIA
SL5761,SL5761,,https://e-commerce.michelecaroli.com/wso/pages/user/wso0205.jsf?idaa=412368&codart=SL5761&marart=233&seopth=SF-FILTER-SL5761-FILTRO-ARIA
SL5761,SL5761,,https://e-commerce.michelecaroli.com/wso/pages/user/wso0205.jsf?idaa=412368&codart=SL5761&marart=233&seopth=SF-FILTER-SL5761-FILTRO-ARIA
SL5759,SL5759,,https://e-commerce.michelecaroli.com/wso/pages/user/wso0205.jsf?idaa=412367&codart=SL5759&marart=233&seopth=SF-FILTER-SL5759-FILTRO-ARIA
SL5758,SL5758,,https://e-commerce.michelecaroli.com/wso/pages/user/wso0205.jsf?idaa=412366&codart=SL5758&marart=233&seopth=SF-FILTER-SL5758-FILTRO-ARIA
SL5758,SL5758,,https://e-commerce.michelecaroli.com/wso/pages/user/wso0205.jsf?idaa=412366&codart=SL5758&marart=233&seopth=SF-FILTER-SL5758-FILTRO-ARIA
SL5757,SL5757,,https://e-commerce.michelecaroli.com/wso/pages/user/wso0205.jsf?idaa=412365&codart=SL5757&marart=233&seopth=SF-FILTER-SL5757-FILTRO-ARIA
SL5757,SL5757,,https://e-commerce.michelecaroli.com/wso/pages/user/wso0205.jsf?idaa=412365&codart=SL5757&marart=233&seopth=SF-FILTER-SL5757-FILTRO-ARIA
SL5753,P526493,FILTRO ARIA DONALDSON P52-64 93,https://e-commerce.michelecaroli.com/wso/pages/user/wso0205.jsf?idaa=156197&codart=P526493&marart=227&seopth=DONALDSON-FILTRI-P526493-FILTRO-ARIA-DONALDSON-P52-64-93
SL5751,P526492,FILTRO ARIA DONALDSON P52-6492,https://e-commerce.michelecaroli.com/wso/pages/user/wso0205.jsf?idaa=156196&codart=P526492&marart=227&seopth=DONALDSON-FILTRI-P526492-FILTRO-ARIA-DONALDSON-P52-6492
SL5750,SL5750,,https://e-commerce.michelecaroli.com/wso/pages/user/wso0205.jsf?idaa=412362&codart=SL5750&marart=233&seopth=SF-FILTER-SL5750-FILTRO-ARIA
SL5750,SL5750,,https://e-commerce.michelecaroli.com/wso/pages/user/wso0205.jsf?idaa=412362&codart=SL5750&marart=233&seopth=SF-FILTER-SL5750-FILTRO-ARIA
SL5743,SL5743,,https://e-commerce.michelecaroli.com/wso/pages/user/wso0205.jsf?idaa=412356&codart=SL5743&marart=233&seopth=SF-FILTER-SL5743-FILTRO-ARIA
SL5738,SL5738,,https://e-commerce.michelecaroli.com/wso/pages/user/wso0205.jsf?idaa=412355&codart=SL5738&marart=233&seopth=SF-FILTER-SL5738-FILTRO-ARIA
SL5735,SL5735,,https://e-commerce.michelecaroli.com/wso/pages/user/wso0205.jsf?idaa=412353&codart=SL5735&marart=233&seopth=SF-FILTER-SL5735-FILTRO-ARIA
SL5734,SL5734,,https://e-commerce.michelecaroli.com/wso/pages/user/wso0205.jsf?idaa=412352&codart=SL5734&marart=233&seopth=SF-FILTER-SL5734-FILTRO-ARIA
SL5734,SL5734,,https://e-commerce.michelecaroli.com/wso/pages/user/wso0205.jsf?idaa=412352&codart=SL5734&marart=233&seopth=SF-FILTER-SL5734-FILTRO-ARIA
SL5715,SL5715,,https://e-commerce.michelecaroli.com/wso/pages/user/wso0205.jsf?idaa=412348&codart=SL5715&marart=233&seopth=SF-FILTER-SL5715-FILTRO-ARIA
SL5711,SL5711,,https://e-commerce.michelecaroli.com/wso/pages/user/wso0205.jsf?idaa=412346&codart=SL5711&marart=233&seopth=SF-FILTER-SL5711-FILTRO-ARIA
SL5708,SL5708,,https://e-commerce.michelecaroli.com/wso/pages/user/wso0205.jsf?idaa=412345&codart=SL5708&marart=233&seopth=SF-FILTER-SL5708-FILTRO-ARIA
SL5708,SL5708,,https://e-commerce.michelecaroli.com/wso/pages/user/wso0205.jsf?idaa=412345&codart=SL5708&marart=233&seopth=SF-FILTER-SL5708-FILTRO-ARIA
SL5706,SL5706,,https://e-commerce.michelecaroli.com/wso/pages/user/wso0205.jsf?idaa=412344&codart=SL5706&marart=233&seopth=SF-FILTER-SL5706-FILTRO-ARIA
SL5700,SL5700,,https://e-commerce.michelecaroli.com/wso/pages/user/wso0205.jsf?idaa=412343&codart=SL5700&marart=233&seopth=SF-FILTER-SL5700-FILTRO-ARIA
SL5700,SL5700,,https://e-commerce.michelecaroli.com/wso/pages/user/wso0205.jsf?idaa=412343&codart=SL5700&marart=233&seopth=SF-FILTER-SL5700-FILTRO-ARIA
SL5698,SL5698,,https://e-commerce.michelecaroli.com/wso/pages/user/wso0205.jsf?idaa=412342&codart=SL5698&marart=233&seopth=SF-FILTER-SL5698-FILTRO-ARIA
SL5695,SL5695,,https://e-commerce.michelecaroli.com/wso/pages/user/wso0205.jsf?idaa=412341&codart=SL5695&marart=233&seopth=SF-FILTER-SL5695-FILTRO-ARIA
SL5695,SL5695,,https://e-commerce.michelecaroli.com/wso/pages/user/wso0205.jsf?idaa=412341&codart=SL5695&marart=233&seopth=SF-FILTER-SL5695-FILTRO-ARIA
SL5692,SL5692,,https://e-commerce.michelecaroli.com/wso/pages/user/wso0205.jsf?idaa=412339&codart=SL5692&marart=233&seopth=SF-FILTER-SL5692-FILTRO-ARIA
SL5692,SL5692,,https://e-commerce.michelecaroli.com/wso/pages/user/wso0205.jsf?idaa=412339&codart=SL5692&marart=233&seopth=SF-FILTER-SL5692-FILTRO-ARIA
