Code searched,Matched code,Part Category on Michele,Link to Michele product
S5081,S5081,,https://e-commerce.michelecaroli.com/wso/pages/user/wso0205.jsf?idaa=267010&codart=S5081&marart=MONR&seopth=MONROE-AMMORTIZZATORI-S5081-OBSOLETO
S5081,S5081,,https://e-commerce.michelecaroli.com/wso/pages/user/wso0205.jsf?idaa=267010&codart=S5081&marart=MONR&seopth=MONROE-AMMORTIZZATORI-S5081-OBSOLETO
S5080,S5080,,https://e-commerce.michelecaroli.com/wso/pages/user/wso0205.jsf?idaa=267009&codart=S5080&marart=MONR&seopth=MONROE-AMMORTIZZATORI-S5080-OBSOLETO
S5080,S5080,,https://e-commerce.michelecaroli.com/wso/pages/user/wso0205.jsf?idaa=267009&codart=S5080&marart=MONR&seopth=MONROE-AMMORTIZZATORI-S5080-OBSOLETO
S5077,S5077,,https://e-commerce.michelecaroli.com/wso/pages/user/wso0205.jsf?idaa=267006&codart=S5077&marart=MONR&seopth=MONROE-AMMORTIZZATORI-S5077-OBSOLETO
S5077,S5077,,https://e-commerce.michelecaroli.com/wso/pages/user/wso0205.jsf?idaa=267006&codart=S5077&marart=MONR&seopth=MONROE-AMMORTIZZATORI-S5077-OBSOLETO
S5071,S5071,,https://e-commerce.michelecaroli.com/wso/pages/user/wso0205.jsf?idaa=267000&codart=S5071&marart=MONR&seopth=MONROE-AMMORTIZZATORI-S5071-OBSOLETO
S5069,S5069,MOTORINO AVV.TO ASPL NUOVO,https://e-commerce.michelecaroli.com/wso/pages/user/wso0205.jsf?idaa=508351&codart=S5069&marart=ASPL&seopth=AS-PARTS-S5069-MOTORINO-AVV-TO-ASPL-NUOVO
S5069,S5069,MOTORINO AVV.TO ASPL NUOVO,https://e-commerce.michelecaroli.com/wso/pages/user/wso0205.jsf?idaa=508351&codart=S5069&marart=ASPL&seopth=AS-PARTS-S5069-MOTORINO-AVV-TO-ASPL-NUOVO
S5068,S5068,,https://e-commerce.michelecaroli.com/wso/pages/user/wso0205.jsf?idaa=266997&codart=S5068&marart=MONR&seopth=MONROE-AMMORTIZZATORI-S5068-AMM-MERC-C-E-T-95-VEDI-E5068
S5068,S5068,,https://e-commerce.michelecaroli.com/wso/pages/user/wso0205.jsf?idaa=266997&codart=S5068&marart=MONR&seopth=MONROE-AMMORTIZZATORI-S5068-AMM-MERC-C-E-T-95-VEDI-E5068
S5067,S5067,,https://e-commerce.michelecaroli.com/wso/pages/user/wso0205.jsf?idaa=266996&codart=S5067&marart=MONR&seopth=MONROE-AMMORTIZZATORI-S5067-AMM-MERC-C-E-D-VEDI-E5067
S5064,S5064,,https://e-commerce.michelecaroli.com/wso/pages/user/wso0205.jsf?idaa=266993&codart=S5064&marart=MONR&seopth=MONROE-AMMORTIZZATORI-S5064-AMM-REN-MEGANE-T-16V-VEDI-43094
S5064,S5064,,https://e-commerce.michelecaroli.com/wso/pages/user/wso0205.jsf?idaa=266993&codart=S5064&marart=MONR&seopth=MONROE-AMMORTIZZATORI-S5064-AMM-REN-MEGANE-T-16V-VEDI-43094
S5063,S5063,,https://e-commerce.michelecaroli.com/wso/pages/user/wso0205.jsf?idaa=266992&codart=S5063&marart=MONR&seopth=MONROE-AMMORTIZZATORI-S5063-AMM-REN-MEGANE-T-CPE-N16V-VEDI-E50
S5062,S5062,,https://e-commerce.michelecaroli.com/wso/pages/user/wso0205.jsf?idaa=266991&codart=S5062&marart=MONR&seopth=MONROE-AMMORTIZZATORI-S5062-AMM-D-JAGUAR-XJ6-86-8-94-VEDI-43067
S5062,S5062,,https://e-commerce.michelecaroli.com/wso/pages/user/wso0205.jsf?idaa=266991&codart=S5062&marart=MONR&seopth=MONROE-AMMORTIZZATORI-S5062-AMM-D-JAGUAR-XJ6-86-8-94-VEDI-43067
S5061,S5061,,https://e-commerce.michelecaroli.com/wso/pages/user/wso0205.jsf?idaa=266990&codart=S5061&marart=MONR&seopth=MONROE-AMMORTIZZATORI-S5061-AMM-FIAT-ULYSSE-94-T-VEDI-E5061
S5061,S5061,,https://e-commerce.michelecaroli.com/wso/pages/user/wso0205.jsf?idaa=266990&codart=S5061&marart=MONR&seopth=MONROE-AMMORTIZZATORI-S5061-AMM-FIAT-ULYSSE-94-T-VEDI-E5061
S5060A,SA261,FILTRO ARIA HIFI IVECO DAILY 30.8 COMPRESSORE CECCATO CSB,https://e-commerce.michelecaroli.com/wso/pages/user/wso0205.jsf?idaa=290477&codart=SA261&marart=230&seopth=HIFI-FILTRI-SA261-FILTRO-ARIA-HIFI-IVECO-DAILY-30-8
S505881,M100048,"MUFFLER, ROUND STYLE 2",https://e-commerce.michelecaroli.com/wso/pages/user/wso0205.jsf?idaa=442918&codart=M100048&marart=227&seopth=DONALDSON-FILTRI-M100048-MUFFLER-ROUND-STYLE-2
S5052,S5052,,https://e-commerce.michelecaroli.com/wso/pages/user/wso0205.jsf?idaa=266981&codart=S5052&marart=MONR&seopth=MONROE-AMMORTIZZATORI-S5052-OBSOLETO
S5052,S5052,,https://e-commerce.michelecaroli.com/wso/pages/user/wso0205.jsf?idaa=266981&codart=S5052&marart=MONR&seopth=MONROE-AMMORTIZZATORI-S5052-OBSOLETO
S5051,S5051,,https://e-commerce.michelecaroli.com/wso/pages/user/wso0205.jsf?idaa=266980&codart=S5051&marart=MONR&seopth=MONROE-AMMORTIZZATORI-S5051-OBSOLETO
S5051,S5051,,https://e-commerce.michelecaroli.com/wso/pages/user/wso0205.jsf?idaa=266980&codart=S5051&marart=MONR&seopth=MONROE-AMMORTIZZATORI-S5051-OBSOLETO
S5046,S5046,MOTORINO AVV.TO ASPL NUOVO 20437201 BN,https://e-commerce.michelecaroli.com/wso/pages/user/wso0205.jsf?idaa=526651&codart=S5046&marart=ASPL&seopth=AS-PARTS-S5046-MOTORINO-AVV-TO-ASPL-NUOVO-20437201
S5046,S5046,MOTORINO AVV.TO ASPL NUOVO 20437201 BN,https://e-commerce.michelecaroli.com/wso/pages/user/wso0205.jsf?idaa=526651&codart=S5046&marart=ASPL&seopth=AS-PARTS-S5046-MOTORINO-AVV-TO-ASPL-NUOVO-20437201
S5045,S5045,,https://e-commerce.michelecaroli.com/wso/pages/user/wso0205.jsf?idaa=266974&codart=S5045&marart=MONR&seopth=MONROE-AMMORTIZZATORI-S5045-AMM-MERC-W124-S-T-VEDI-43074
S5045,S5045,,https://e-commerce.michelecaroli.com/wso/pages/user/wso0205.jsf?idaa=266974&codart=S5045&marart=MONR&seopth=MONROE-AMMORTIZZATORI-S5045-AMM-MERC-W124-S-T-VEDI-43074
S5044,S5044,,https://e-commerce.michelecaroli.com/wso/pages/user/wso0205.jsf?idaa=266973&codart=S5044&marart=MONR&seopth=MONROE-AMMORTIZZATORI-S5044-OBSOLETO
S5044,S5044,,https://e-commerce.michelecaroli.com/wso/pages/user/wso0205.jsf?idaa=266973&codart=S5044&marart=MONR&seopth=MONROE-AMMORTIZZATORI-S5044-OBSOLETO
S5043,S5043,,https://e-commerce.michelecaroli.com/wso/pages/user/wso0205.jsf?idaa=266972&codart=S5043&marart=MONR&seopth=MONROE-AMMORTIZZATORI-S5043-OBSOLETO
S5043,S5043,,https://e-commerce.michelecaroli.com/wso/pages/user/wso0205.jsf?idaa=266972&codart=S5043&marart=MONR&seopth=MONROE-AMMORTIZZATORI-S5043-OBSOLETO
S5040,S5040,,https://e-commerce.michelecaroli.com/wso/pages/user/wso0205.jsf?idaa=266969&codart=S5040&marart=MONR&seopth=MONROE-AMMORTIZZATORI-S5040-AMM-OPEL-ASTRA-GSI-T-91-VEDI-43076
S5040,S5040,,https://e-commerce.michelecaroli.com/wso/pages/user/wso0205.jsf?idaa=266969&codart=S5040&marart=MONR&seopth=MONROE-AMMORTIZZATORI-S5040-AMM-OPEL-ASTRA-GSI-T-91-VEDI-43076
S5031,S5031,MOTORINO AVV.TO ASPL NUOVO,https://e-commerce.michelecaroli.com/wso/pages/user/wso0205.jsf?idaa=505554&codart=S5031&marart=ASPL&seopth=AS-PARTS-S5031-MOTORINO-AVV-TO-ASPL-NUOVO
S5031,S5031,MOTORINO AVV.TO ASPL NUOVO,https://e-commerce.michelecaroli.com/wso/pages/user/wso0205.jsf?idaa=505554&codart=S5031&marart=ASPL&seopth=AS-PARTS-S5031-MOTORINO-AVV-TO-ASPL-NUOVO
S502509300,h002436,"PRE FILTRO TOP SPIN 2,5 64X162X146 MM",https://e-commerce.michelecaroli.com/wso/pages/user/wso0205.jsf?idaa=154217&codart=h002436&marart=227&seopth=DONALDSON-FILTRI-h002436-PRE-FILTRO-TOP-SPIN-2-5
S5016,S5016,,https://e-commerce.michelecaroli.com/wso/pages/user/wso0205.jsf?idaa=266945&codart=S5016&marart=MONR&seopth=MONROE-AMMORTIZZATORI-S5016-AMM-MERC-C124-CP-T-84-93-VEDI-E501
S5016,S5016,,https://e-commerce.michelecaroli.com/wso/pages/user/wso0205.jsf?idaa=266945&codart=S5016&marart=MONR&seopth=MONROE-AMMORTIZZATORI-S5016-AMM-MERC-C124-CP-T-84-93-VEDI-E501
S5007,S5007,,https://e-commerce.michelecaroli.com/wso/pages/user/wso0205.jsf?idaa=266936&codart=S5007&marart=MONR&seopth=MONROE-AMMORTIZZATORI-S5007-OBSOLETO
S5007,S5007,,https://e-commerce.michelecaroli.com/wso/pages/user/wso0205.jsf?idaa=266936&codart=S5007&marart=MONR&seopth=MONROE-AMMORTIZZATORI-S5007-OBSOLETO
S5006,S5006,,https://e-commerce.michelecaroli.com/wso/pages/user/wso0205.jsf?idaa=266935&codart=S5006&marart=MONR&seopth=MONROE-AMMORTIZZATORI-S5006-AMM-PEUG-405-T-88-VEDI-E5006
S5006,S5006,,https://e-commerce.michelecaroli.com/wso/pages/user/wso0205.jsf?idaa=266935&codart=S5006&marart=MONR&seopth=MONROE-AMMORTIZZATORI-S5006-AMM-PEUG-405-T-88-VEDI-E5006
S5005,S5005,,https://e-commerce.michelecaroli.com/wso/pages/user/wso0205.jsf?idaa=266934&codart=S5005&marart=MONR&seopth=MONROE-AMMORTIZZATORI-S5005-OBSOLETO
S5005,S5005,,https://e-commerce.michelecaroli.com/wso/pages/user/wso0205.jsf?idaa=266934&codart=S5005&marart=MONR&seopth=MONROE-AMMORTIZZATORI-S5005-OBSOLETO
S50,51021E,FILTRO OLIO#,https://e-commerce.michelecaroli.com/wso/pages/user/wso0205.jsf?idaa=369090&codart=51021E&marart=218&seopth=WIX-INDUSTRIAL-HD-51021E-FILTRO-OLIO-
S50,51021E,FILTRO OLIO#,https://e-commerce.michelecaroli.com/wso/pages/user/wso0205.jsf?idaa=369090&codart=51021E&marart=218&seopth=WIX-INDUSTRIAL-HD-51021E-FILTRO-OLIO-
S4A,P554685,FILTRO ACQUA DONALDSON P55-4685 conf.12,https://e-commerce.michelecaroli.com/wso/pages/user/wso0205.jsf?idaa=157118&codart=P554685&marart=227&seopth=DONALDSON-FILTRI-P554685-FILTRO-ACQUA-DONALDSON-P55-4685
S4967,P502020,"LUBE FILTER, SPIN-ON FULL FLOW",https://e-commerce.michelecaroli.com/wso/pages/user/wso0205.jsf?idaa=441443&codart=P502020&marart=227&seopth=DONALDSON-FILTRI-P502020-LUBE-FILTER-SPIN-ON-FULL-FLOW
S4940,S4940,,https://e-commerce.michelecaroli.com/wso/pages/user/wso0205.jsf?idaa=266925&codart=S4940&marart=MONR&seopth=MONROE-AMMORTIZZATORI-S4940-AMM-ALFA-147-T-00-VEDI-E4940
S49,SP4464,,https://e-commerce.michelecaroli.com/wso/pages/user/wso0205.jsf?idaa=414708&codart=SP4464&marart=233&seopth=SF-FILTER-SP4464-FILTRO-OLIO
S4820R,2995561,FILTRO OLIO ORIG IVECO DAILY III-IV,https://e-commerce.michelecaroli.com/wso/pages/user/wso0205.jsf?idaa=446983&codart=2995561&marart=IVECO&seopth=IVECO-2995561-FILTRO-OLIO-ORIG-IVECO-DAILY-III-IV
S475,24428,FILTRO ACQUA,https://e-commerce.michelecaroli.com/wso/pages/user/wso0205.jsf?idaa=365568&codart=24428&marart=218&seopth=WIX-INDUSTRIAL-HD-24428-FILTRO-ACQUA
S473,WE2060,FILTRO ACQUA P554073 HIFI EX. WE2069,https://e-commerce.michelecaroli.com/wso/pages/user/wso0205.jsf?idaa=424763&codart=WE2060&marart=230&seopth=HIFI-FILTRI-WE2060-FILTRO-ACQUA-P554073-HIFI
S45619265,P550777,FILTRO@OLIO DONALDSON conf.6,https://e-commerce.michelecaroli.com/wso/pages/user/wso0205.jsf?idaa=156797&codart=P550777&marart=227&seopth=DONALDSON-FILTRI-P550777-FILTRO-OLIO-DONALDSON-conf-6
S45619254,SO3333,FILTRO OLIO P551670# HIFI,https://e-commerce.michelecaroli.com/wso/pages/user/wso0205.jsf?idaa=300892&codart=SO3333&marart=230&seopth=HIFI-FILTRI-SO3333-FILTRO-OLIO-P551670-HIFI
S455,S455,,https://e-commerce.michelecaroli.com/wso/pages/user/wso0205.jsf?idaa=249189&codart=S455&marart=FAG&seopth=FAG-CUSCINETTI-INDUSTRIALI-S455-TENDICINGHIA
S453,P552071,FILTRO ACQUA DONALDSON conf.12 50 M ICRON,https://e-commerce.michelecaroli.com/wso/pages/user/wso0205.jsf?idaa=157025&codart=P552071&marart=227&seopth=DONALDSON-FILTRI-P552071-FILTRO-ACQUA-DONALDSON-conf-12-50-M
S4525,S4525,,https://e-commerce.michelecaroli.com/wso/pages/user/wso0205.jsf?idaa=266820&codart=S4525&marart=MONR&seopth=MONROE-AMMORTIZZATORI-S4525-OBSOLETO
S4510,S4510,,https://e-commerce.michelecaroli.com/wso/pages/user/wso0205.jsf?idaa=266808&codart=S4510&marart=MONR&seopth=MONROE-AMMORTIZZATORI-S4510-OBSOLETO
S4500R,SO059,FILTRO OLIO HIFI,https://e-commerce.michelecaroli.com/wso/pages/user/wso0205.jsf?idaa=300664&codart=SO059&marart=230&seopth=HIFI-FILTRI-SO059-FILTRO-OLIO-HIFI
S4461NR,P551843,FILTRO SEPAR. DONALDSON 30 MICRON,https://e-commerce.michelecaroli.com/wso/pages/user/wso0205.jsf?idaa=355510&codart=P551843&marart=227&seopth=DONALDSON-FILTRI-P551843-FILTRO-SEPAR-DONALDSON-30-MICRON
S4461,S4461,,https://e-commerce.michelecaroli.com/wso/pages/user/wso0205.jsf?idaa=266773&codart=S4461&marart=MONR&seopth=MONROE-AMMORTIZZATORI-S4461-OBSOLETO
S4456,S4456,,https://e-commerce.michelecaroli.com/wso/pages/user/wso0205.jsf?idaa=266769&codart=S4456&marart=MONR&seopth=MONROE-AMMORTIZZATORI-S4456-OBSOLETO
S4441,S4441,,https://e-commerce.michelecaroli.com/wso/pages/user/wso0205.jsf?idaa=266761&codart=S4441&marart=MONR&seopth=MONROE-AMMORTIZZATORI-S4441-OBSOLETO
S4437,S4437,,https://e-commerce.michelecaroli.com/wso/pages/user/wso0205.jsf?idaa=266758&codart=S4437&marart=MONR&seopth=MONROE-AMMORTIZZATORI-S4437-OBSOLETO
S4432,S4432,,https://e-commerce.michelecaroli.com/wso/pages/user/wso0205.jsf?idaa=266755&codart=S4432&marart=MONR&seopth=MONROE-AMMORTIZZATORI-S4432-OBSOLETO
S4428,S4428,,https://e-commerce.michelecaroli.com/wso/pages/user/wso0205.jsf?idaa=266752&codart=S4428&marart=MONR&seopth=MONROE-AMMORTIZZATORI-S4428-VEDI-16512
S4424,S4424,,https://e-commerce.michelecaroli.com/wso/pages/user/wso0205.jsf?idaa=266750&codart=S4424&marart=MONR&seopth=MONROE-AMMORTIZZATORI-S4424-OBSOLETO
S4411,S4411,,https://e-commerce.michelecaroli.com/wso/pages/user/wso0205.jsf?idaa=266740&codart=S4411&marart=MONR&seopth=MONROE-AMMORTIZZATORI-S4411-AMM-ROVER-200-D-10-89-10-95-VEDI
S4408,S4408,,https://e-commerce.michelecaroli.com/wso/pages/user/wso0205.jsf?idaa=266737&codart=S4408&marart=MONR&seopth=MONROE-AMMORTIZZATORI-S4408-VEDI-11559
S4395,S4395,,https://e-commerce.michelecaroli.com/wso/pages/user/wso0205.jsf?idaa=266728&codart=S4395&marart=MONR&seopth=MONROE-AMMORTIZZATORI-S4395-AMM-FORD-FOCUS-D-11-98-VEDI-E4395
S4393,S4393,,https://e-commerce.michelecaroli.com/wso/pages/user/wso0205.jsf?idaa=266727&codart=S4393&marart=MONR&seopth=MONROE-AMMORTIZZATORI-S4393-OBSOLETO
S4391,S4391,,https://e-commerce.michelecaroli.com/wso/pages/user/wso0205.jsf?idaa=266726&codart=S4391&marart=MONR&seopth=MONROE-AMMORTIZZATORI-S4391-OBSOLETO
S4384,S4384,,https://e-commerce.michelecaroli.com/wso/pages/user/wso0205.jsf?idaa=266722&codart=S4384&marart=MONR&seopth=MONROE-AMMORTIZZATORI-S4384-OBSOLETO
S4380PO,26540153,FILTRO OLIO/OIL FILTER,https://e-commerce.michelecaroli.com/wso/pages/user/wso0205.jsf?idaa=46765&codart=26540153&marart=155&seopth=PERKINS-26540153-FILTRO-OLIO-OIL-FILTER
S4380,S4380,,https://e-commerce.michelecaroli.com/wso/pages/user/wso0205.jsf?idaa=266718&codart=S4380&marart=MONR&seopth=MONROE-AMMORTIZZATORI-S4380-AMM-REN-CLIO-D-7-97-98-VEDI-E4380
S4378,S4378,,https://e-commerce.michelecaroli.com/wso/pages/user/wso0205.jsf?idaa=266717&codart=S4378&marart=MONR&seopth=MONROE-AMMORTIZZATORI-S4378-AMM-TY-COROLLA-T-4-97-10-01-VEDI-E4
S4372,S4372,,https://e-commerce.michelecaroli.com/wso/pages/user/wso0205.jsf?idaa=266713&codart=S4372&marart=MONR&seopth=MONROE-AMMORTIZZATORI-S4372-OBSOLETO
S4370,S4370,,https://e-commerce.michelecaroli.com/wso/pages/user/wso0205.jsf?idaa=266711&codart=S4370&marart=MONR&seopth=MONROE-AMMORTIZZATORI-S4370-AMM-REN-MEGANE-HD-D-VEDI-E4370
S4364,S4364,,https://e-commerce.michelecaroli.com/wso/pages/user/wso0205.jsf?idaa=266705&codart=S4364&marart=MONR&seopth=MONROE-AMMORTIZZATORI-S4364-OBSOLETO
S4340,S4340,,https://e-commerce.michelecaroli.com/wso/pages/user/wso0205.jsf?idaa=266691&codart=S4340&marart=MONR&seopth=MONROE-AMMORTIZZATORI-S4340-AMM-REN-MEGANE-D-02-VEDI-E4340
S4329,S4329,,https://e-commerce.michelecaroli.com/wso/pages/user/wso0205.jsf?idaa=266685&codart=S4329&marart=MONR&seopth=MONROE-AMMORTIZZATORI-S4329-OBSOLETO
S4328,S4328,,https://e-commerce.michelecaroli.com/wso/pages/user/wso0205.jsf?idaa=266684&codart=S4328&marart=MONR&seopth=MONROE-AMMORTIZZATORI-S4328-OBSOLETO
S4326,S4326,,https://e-commerce.michelecaroli.com/wso/pages/user/wso0205.jsf?idaa=266683&codart=S4326&marart=MONR&seopth=MONROE-AMMORTIZZATORI-S4326-OBSOLETO
S4311,S4311,,https://e-commerce.michelecaroli.com/wso/pages/user/wso0205.jsf?idaa=266670&codart=S4311&marart=MONR&seopth=MONROE-AMMORTIZZATORI-S4311-OBSOLETO
S43,P552464,"LUBE FILTER, SPIN-ON FULL FLOW",https://e-commerce.michelecaroli.com/wso/pages/user/wso0205.jsf?idaa=441617&codart=P552464&marart=227&seopth=DONALDSON-FILTRI-P552464-LUBE-FILTER-SPIN-ON-FULL-FLOW
S43,P552464,"LUBE FILTER, SPIN-ON FULL FLOW",https://e-commerce.michelecaroli.com/wso/pages/user/wso0205.jsf?idaa=441617&codart=P552464&marart=227&seopth=DONALDSON-FILTRI-P552464-LUBE-FILTER-SPIN-ON-FULL-FLOW
S4225,S4225,,https://e-commerce.michelecaroli.com/wso/pages/user/wso0205.jsf?idaa=266606&codart=S4225&marart=MONR&seopth=MONROE-AMMORTIZZATORI-S4225-OBSOLETO
S4223,S4223,,https://e-commerce.michelecaroli.com/wso/pages/user/wso0205.jsf?idaa=266604&codart=S4223&marart=MONR&seopth=MONROE-AMMORTIZZATORI-S4223-VEDI-11087
S4210,S4210,,https://e-commerce.michelecaroli.com/wso/pages/user/wso0205.jsf?idaa=266591&codart=S4210&marart=MONR&seopth=MONROE-AMMORTIZZATORI-S4210-AMM-REN-R19-D-EX16V-88-96-VEDI-E42
S421,51518,FILTRO IDRAULICO,https://e-commerce.michelecaroli.com/wso/pages/user/wso0205.jsf?idaa=368402&codart=51518&marart=218&seopth=WIX-INDUSTRIAL-HD-51518-FILTRO-IDRAULICO
S42,P550173,FILTRO OLIO ATTUALE P550935,https://e-commerce.michelecaroli.com/wso/pages/user/wso0205.jsf?idaa=156489&codart=P550173&marart=227&seopth=DONALDSON-FILTRI-P550173-FILTRO-OLIO-ATTUALE-P550935
S4137317,P002348,FASCIA MONTAGGIO PO0-2348,https://e-commerce.michelecaroli.com/wso/pages/user/wso0205.jsf?idaa=154481&codart=P002348&marart=227&seopth=DONALDSON-FILTRI-P002348-FASCIA-MONTAGGIO-PO0-2348
S4121NR,SN916010,FILTRO NAFTA P955606 HIFI,https://e-commerce.michelecaroli.com/wso/pages/user/wso0205.jsf?idaa=300597&codart=SN916010&marart=230&seopth=HIFI-FILTRI-SN916010-FILTRO-NAFTA-P955606-HIFI
S4120NR,24.120.00,FILTRO NAFTA,https://e-commerce.michelecaroli.com/wso/pages/user/wso0205.jsf?idaa=370201&codart=24.120.00&marart=UFIHD&seopth=UFI-HD-24-120-00-FILTRO-NAFTA
S4111G10,57109,FILTRO OLIO,https://e-commerce.michelecaroli.com/wso/pages/user/wso0205.jsf?idaa=369433&codart=57109&marart=218&seopth=WIX-INDUSTRIAL-HD-57109-FILTRO-OLIO
S4111C25,P169558,"HYDRAULIC FILTER, CARTRIDGE",https://e-commerce.michelecaroli.com/wso/pages/user/wso0205.jsf?idaa=441009&codart=P169558&marart=227&seopth=DONALDSON-FILTRI-P169558-HYDRAULIC-FILTER-CARTRIDGE
S4111C10,57413,FILTRO OLIO,https://e-commerce.michelecaroli.com/wso/pages/user/wso0205.jsf?idaa=368853&codart=57413&marart=218&seopth=WIX-INDUSTRIAL-HD-57413-FILTRO-OLIO
S4110T74,P171239,FILTRO HYDR.DONALDSON P17-1239,https://e-commerce.michelecaroli.com/wso/pages/user/wso0205.jsf?idaa=155126&codart=P171239&marart=227&seopth=DONALDSON-FILTRI-P171239-FILTRO-HYDR-DONALDSON-P17-1239
S4110G10,57126,FILTRO OLIO,https://e-commerce.michelecaroli.com/wso/pages/user/wso0205.jsf?idaa=369450&codart=57126&marart=218&seopth=WIX-INDUSTRIAL-HD-57126-FILTRO-OLIO
S4110C25,P169553,"HYDRAULIC FILTER, CARTRIDGE",https://e-commerce.michelecaroli.com/wso/pages/user/wso0205.jsf?idaa=441008&codart=P169553&marart=227&seopth=DONALDSON-FILTRI-P169553-HYDRAULIC-FILTER-CARTRIDGE
S4107NR,33934,,https://e-commerce.michelecaroli.com/wso/pages/user/wso0205.jsf?idaa=366181&codart=33934&marart=218&seopth=WIX-INDUSTRIAL-HD-33934-FILTRO-NAFTA
S4080PO,S4080PO,,https://e-commerce.michelecaroli.com/wso/pages/user/wso0205.jsf?idaa=151642&codart=S4080PO&marart=224&seopth=UFI-SOFIMA-FILTRI-S4080PO-FILTRO-OLIO-AD-IMMERSIONE-EQUIV-ML4
S40543,MD-195,FILTRO CARB. ALCO,https://e-commerce.michelecaroli.com/wso/pages/user/wso0205.jsf?idaa=463526&codart=MD-195&marart=ALCO&seopth=ALCO-MD-195-FILTRO-CARB-ALCO
S40538,2654403-ATS,FILTRO OLIO/OIL FILTER# PERKINS,https://e-commerce.michelecaroli.com/wso/pages/user/wso0205.jsf?idaa=485766&codart=2654403-ATS&marart=156&seopth=ATS-RICAMBI-PERKINS-CC-2654403-ATS-FILTRO-OLIO-OIL-FILTER-PERKINS
S4035,20404361RC,MOT.AVV. RIG. C/RESO BMW,https://e-commerce.michelecaroli.com/wso/pages/user/wso0205.jsf?idaa=390041&codart=20404361RC&marart=REAL&seopth=REAL-MOTORINI-E-ALTERNATORI-20404361RC-MOT-AVV-RIG-C-RESO-BMW
S4021,20401637BN,"MOT.AVV. COMPAT.FIAT,IVECO",https://e-commerce.michelecaroli.com/wso/pages/user/wso0205.jsf?idaa=385519&codart=20401637BN&marart=REAL&seopth=REAL-MOTORINI-E-ALTERNATORI-20401637BN-MOT-AVV-COMPAT-FIAT-IVECO
S4017,S4017,MOTORINO AVVIAMENTO ASPL,https://e-commerce.michelecaroli.com/wso/pages/user/wso0205.jsf?idaa=509123&codart=S4017&marart=ASPL&seopth=AS-PARTS-S4017-MOTORINO-AVVIAMENTO-ASPL
S4017,S4017,MOTORINO AVVIAMENTO ASPL,https://e-commerce.michelecaroli.com/wso/pages/user/wso0205.jsf?idaa=509123&codart=S4017&marart=ASPL&seopth=AS-PARTS-S4017-MOTORINO-AVVIAMENTO-ASPL
S4015,20404801BN,MOT.AVV. COMPAT.FIAT,https://e-commerce.michelecaroli.com/wso/pages/user/wso0205.jsf?idaa=389988&codart=20404801BN&marart=REAL&seopth=REAL-MOTORINI-E-ALTERNATORI-20404801BN-MOT-AVV-COMPAT-FIAT
S4012,S4012,,https://e-commerce.michelecaroli.com/wso/pages/user/wso0205.jsf?idaa=266573&codart=S4012&marart=MONR&seopth=MONROE-AMMORTIZZATORI-S4012-AMM-DAIHATSU-CHARADE-D-93-96-VEDI-E
S4012,S4012,,https://e-commerce.michelecaroli.com/wso/pages/user/wso0205.jsf?idaa=266573&codart=S4012&marart=MONR&seopth=MONROE-AMMORTIZZATORI-S4012-AMM-DAIHATSU-CHARADE-D-93-96-VEDI-E
S4011,20405501BN,MOT.AVV. COMPAT.MF.,https://e-commerce.michelecaroli.com/wso/pages/user/wso0205.jsf?idaa=385616&codart=20405501BN&marart=REAL&seopth=REAL-MOTORINI-E-ALTERNATORI-20405501BN-MOT-AVV-COMPAT-MF-
S4009,S4009,,https://e-commerce.michelecaroli.com/wso/pages/user/wso0205.jsf?idaa=266571&codart=S4009&marart=MONR&seopth=MONROE-AMMORTIZZATORI-S4009-AMM-SUZUKI-SWIFT-D-83-86-VEDI-10025
S4009,S4009,,https://e-commerce.michelecaroli.com/wso/pages/user/wso0205.jsf?idaa=266571&codart=S4009&marart=MONR&seopth=MONROE-AMMORTIZZATORI-S4009-AMM-SUZUKI-SWIFT-D-83-86-VEDI-10025
S4008,S4008,,https://e-commerce.michelecaroli.com/wso/pages/user/wso0205.jsf?idaa=266570&codart=S4008&marart=MONR&seopth=MONROE-AMMORTIZZATORI-S4008-OBSOLETO
S4008,S4008,,https://e-commerce.michelecaroli.com/wso/pages/user/wso0205.jsf?idaa=266570&codart=S4008&marart=MONR&seopth=MONROE-AMMORTIZZATORI-S4008-OBSOLETO
S4005,S4005,MOTORINO AVVIAMENTO ASPL NUOVO,https://e-commerce.michelecaroli.com/wso/pages/user/wso0205.jsf?idaa=506028&codart=S4005&marart=ASPL&seopth=AS-PARTS-S4005-MOTORINO-AVVIAMENTO-ASPL-NUOVO
S4005,S4005,MOTORINO AVVIAMENTO ASPL NUOVO,https://e-commerce.michelecaroli.com/wso/pages/user/wso0205.jsf?idaa=506028&codart=S4005&marart=ASPL&seopth=AS-PARTS-S4005-MOTORINO-AVVIAMENTO-ASPL-NUOVO
S4003D,23.303.00,FILTRO OLIO UFI 23.303.00,https://e-commerce.michelecaroli.com/wso/pages/user/wso0205.jsf?idaa=148795&codart=23.303.00&marart=UFIHD&seopth=UFI-HD-23-303-00-FILTRO-OLIO-UFI-23-303-00
S4003,S4003,,https://e-commerce.michelecaroli.com/wso/pages/user/wso0205.jsf?idaa=266566&codart=S4003&marart=MONR&seopth=MONROE-AMMORTIZZATORI-S4003-OBSOLETO
S4001,S4001,MOTORINO AVV.TO ASPL NUOVO 2873B061,https://e-commerce.michelecaroli.com/wso/pages/user/wso0205.jsf?idaa=508361&codart=S4001&marart=ASPL&seopth=AS-PARTS-S4001-MOTORINO-AVV-TO-ASPL-NUOVO-2873B061
S4001,S4001,MOTORINO AVV.TO ASPL NUOVO 2873B061,https://e-commerce.michelecaroli.com/wso/pages/user/wso0205.jsf?idaa=508361&codart=S4001&marart=ASPL&seopth=AS-PARTS-S4001-MOTORINO-AVV-TO-ASPL-NUOVO-2873B061
S4,P554685,FILTRO ACQUA DONALDSON P55-4685 conf.12,https://e-commerce.michelecaroli.com/wso/pages/user/wso0205.jsf?idaa=157118&codart=P554685&marart=227&seopth=DONALDSON-FILTRI-P554685-FILTRO-ACQUA-DONALDSON-P55-4685
S4,P554685,FILTRO ACQUA DONALDSON P55-4685 conf.12,https://e-commerce.michelecaroli.com/wso/pages/user/wso0205.jsf?idaa=157118&codart=P554685&marart=227&seopth=DONALDSON-FILTRI-P554685-FILTRO-ACQUA-DONALDSON-P55-4685
S3TC,51010,FILTRO OLIO,https://e-commerce.michelecaroli.com/wso/pages/user/wso0205.jsf?idaa=368066&codart=51010&marart=218&seopth=WIX-INDUSTRIAL-HD-51010-FILTRO-OLIO
S3980,51036,FILTRO OLIO P550051,https://e-commerce.michelecaroli.com/wso/pages/user/wso0205.jsf?idaa=368073&codart=51036&marart=218&seopth=WIX-INDUSTRIAL-HD-51036-FILTRO-OLIO-P550051
S3950,P550173,FILTRO OLIO ATTUALE P550935,https://e-commerce.michelecaroli.com/wso/pages/user/wso0205.jsf?idaa=156489&codart=P550173&marart=227&seopth=DONALDSON-FILTRI-P550173-FILTRO-OLIO-ATTUALE-P550935
S39,P502020,"LUBE FILTER, SPIN-ON FULL FLOW",https://e-commerce.michelecaroli.com/wso/pages/user/wso0205.jsf?idaa=441443&codart=P502020&marart=227&seopth=DONALDSON-FILTRI-P502020-LUBE-FILTER-SPIN-ON-FULL-FLOW
S3841A,SA512,FILTRO ARIA HIFI,https://e-commerce.michelecaroli.com/wso/pages/user/wso0205.jsf?idaa=290723&codart=SA512&marart=230&seopth=HIFI-FILTRI-SA512-FILTRO-ARIA-HIFI
S3816,S3816,,https://e-commerce.michelecaroli.com/wso/pages/user/wso0205.jsf?idaa=266563&codart=S3816&marart=MONR&seopth=MONROE-AMMORTIZZATORI-S3816-OBSOLETO
S3810,S3810,,https://e-commerce.michelecaroli.com/wso/pages/user/wso0205.jsf?idaa=266557&codart=S3810&marart=MONR&seopth=MONROE-AMMORTIZZATORI-S3810-OBSOLETO
S3801,S3801,,https://e-commerce.michelecaroli.com/wso/pages/user/wso0205.jsf?idaa=266548&codart=S3801&marart=MONR&seopth=MONROE-AMMORTIZZATORI-S3801-OBSOLETO
S3800R,P502020,"LUBE FILTER, SPIN-ON FULL FLOW",https://e-commerce.michelecaroli.com/wso/pages/user/wso0205.jsf?idaa=441443&codart=P502020&marart=227&seopth=DONALDSON-FILTRI-P502020-LUBE-FILTER-SPIN-ON-FULL-FLOW
S37975,MD-120K,FILTRO ARIA ALCO P181054,https://e-commerce.michelecaroli.com/wso/pages/user/wso0205.jsf?idaa=463489&codart=MD-120K&marart=ALCO&seopth=ALCO-MD-120K-FILTRO-ARIA-ALCO-P181054
S373,P552071,FILTRO ACQUA DONALDSON conf.12 50 M ICRON,https://e-commerce.michelecaroli.com/wso/pages/user/wso0205.jsf?idaa=157025&codart=P552071&marart=227&seopth=DONALDSON-FILTRI-P552071-FILTRO-ACQUA-DONALDSON-conf-12-50-M
S37,51348,FILTRO OLIO# P550335,https://e-commerce.michelecaroli.com/wso/pages/user/wso0205.jsf?idaa=368274&codart=51348&marart=218&seopth=WIX-INDUSTRIAL-HD-51348-FILTRO-OLIO-P550335
S3675,51522,FILTRO OLIO,https://e-commerce.michelecaroli.com/wso/pages/user/wso0205.jsf?idaa=368405&codart=51522&marart=218&seopth=WIX-INDUSTRIAL-HD-51522-FILTRO-OLIO
S3637,P208374,"STACK PIPE, CURVED 5 IN (127 MM) OD",https://e-commerce.michelecaroli.com/wso/pages/user/wso0205.jsf?idaa=441332&codart=P208374&marart=227&seopth=DONALDSON-FILTRI-P208374-STACK-PIPE-CURVED-5-IN-127-MM-OD
S3635,SAT01SDB127001,,https://e-commerce.michelecaroli.com/wso/pages/user/wso0205.jsf?idaa=438562&codart=SAT01SDB127001&marart=230&seopth=HIFI-FILTRI-SAT01SDB127001-FILTRO
S3634,SAT01SCB127001,,https://e-commerce.michelecaroli.com/wso/pages/user/wso0205.jsf?idaa=438561&codart=SAT01SCB127001&marart=230&seopth=HIFI-FILTRI-SAT01SCB127001-FILTRO
S3614,51348,FILTRO OLIO# P550335,https://e-commerce.michelecaroli.com/wso/pages/user/wso0205.jsf?idaa=368274&codart=51348&marart=218&seopth=WIX-INDUSTRIAL-HD-51348-FILTRO-OLIO-P550335
S3611,27.129.00,FILTRO ARIA DIV.,https://e-commerce.michelecaroli.com/wso/pages/user/wso0205.jsf?idaa=150182&codart=27.129.00&marart=UFIHD&seopth=UFI-HD-27-129-00-FILTRO-ARIA-DIV-
S3610,SA11790,FILTRO ARIA P776695 HIFI,https://e-commerce.michelecaroli.com/wso/pages/user/wso0205.jsf?idaa=336267&codart=SA11790&marart=230&seopth=HIFI-FILTRI-SA11790-FILTRO-ARIA-P776695-HIFI
S36,P502048,FILTRO OLIO,https://e-commerce.michelecaroli.com/wso/pages/user/wso0205.jsf?idaa=155998&codart=P502048&marart=227&seopth=DONALDSON-FILTRI-P502048-FILTRO-OLIO
S3569,SP-915,FILTRO OLIO ALCO,https://e-commerce.michelecaroli.com/wso/pages/user/wso0205.jsf?idaa=466385&codart=SP-915&marart=ALCO&seopth=ALCO-SP-915-FILTRO-OLIO-ALCO
S3531,P502048,FILTRO OLIO,https://e-commerce.michelecaroli.com/wso/pages/user/wso0205.jsf?idaa=155998&codart=P502048&marart=227&seopth=DONALDSON-FILTRI-P502048-FILTRO-OLIO
S3497R,P551018,FILTRO OLIO,https://e-commerce.michelecaroli.com/wso/pages/user/wso0205.jsf?idaa=313776&codart=P551018&marart=227&seopth=DONALDSON-FILTRI-P551018-FILTRO-OLIO
S3490R,P502020,"LUBE FILTER, SPIN-ON FULL FLOW",https://e-commerce.michelecaroli.com/wso/pages/user/wso0205.jsf?idaa=441443&codart=P502020&marart=227&seopth=DONALDSON-FILTRI-P502020-LUBE-FILTER-SPIN-ON-FULL-FLOW
S3450,S3450,,https://e-commerce.michelecaroli.com/wso/pages/user/wso0205.jsf?idaa=266542&codart=S3450&marart=MONR&seopth=MONROE-AMMORTIZZATORI-S3450-AMM-TY-CAMRY-SW-T-10-86-3-92-VEDI-M
S3440,S3440,,https://e-commerce.michelecaroli.com/wso/pages/user/wso0205.jsf?idaa=266532&codart=S3440&marart=MONR&seopth=MONROE-AMMORTIZZATORI-S3440-AMM-LADA-SAMARA-D-84-VEDI-E3440
S3432,S3432,,https://e-commerce.michelecaroli.com/wso/pages/user/wso0205.jsf?idaa=266524&codart=S3432&marart=MONR&seopth=MONROE-AMMORTIZZATORI-S3432-OBSOLETO
S3417,S3417,,https://e-commerce.michelecaroli.com/wso/pages/user/wso0205.jsf?idaa=266509&codart=S3417&marart=MONR&seopth=MONROE-AMMORTIZZATORI-S3417-OBSOLETO
S3402,S3402,,https://e-commerce.michelecaroli.com/wso/pages/user/wso0205.jsf?idaa=265735&codart=S3402&marart=MONR&seopth=MONROE-AMMORTIZZATORI-S3402-OBSOLETO
S34,SO7106,FILTRO OLIO P550170 HIFI,https://e-commerce.michelecaroli.com/wso/pages/user/wso0205.jsf?idaa=301239&codart=SO7106&marart=230&seopth=HIFI-FILTRI-SO7106-FILTRO-OLIO-P550170-HIFI
S34,SO7106,FILTRO OLIO P550170 HIFI,https://e-commerce.michelecaroli.com/wso/pages/user/wso0205.jsf?idaa=301239&codart=SO7106&marart=230&seopth=HIFI-FILTRI-SO7106-FILTRO-OLIO-P550170-HIFI
S3387A,SO780,FILTRO OLIO P550047 HIFI,https://e-commerce.michelecaroli.com/wso/pages/user/wso0205.jsf?idaa=301372&codart=SO780&marart=230&seopth=HIFI-FILTRI-SO780-FILTRO-OLIO-P550047-HIFI
S331,P552071,FILTRO ACQUA DONALDSON conf.12 50 M ICRON,https://e-commerce.michelecaroli.com/wso/pages/user/wso0205.jsf?idaa=157025&codart=P552071&marart=227&seopth=DONALDSON-FILTRI-P552071-FILTRO-ACQUA-DONALDSON-conf-12-50-M
S330,P552071,FILTRO ACQUA DONALDSON conf.12 50 M ICRON,https://e-commerce.michelecaroli.com/wso/pages/user/wso0205.jsf?idaa=157025&codart=P552071&marart=227&seopth=DONALDSON-FILTRI-P552071-FILTRO-ACQUA-DONALDSON-conf-12-50-M
S33,51036,FILTRO OLIO P550051,https://e-commerce.michelecaroli.com/wso/pages/user/wso0205.jsf?idaa=368073&codart=51036&marart=218&seopth=WIX-INDUSTRIAL-HD-51036-FILTRO-OLIO-P550051
S3266R,T1639,FILTRO OLIO P502019 HIFI,https://e-commerce.michelecaroli.com/wso/pages/user/wso0205.jsf?idaa=395324&codart=T1639&marart=230&seopth=HIFI-FILTRI-T1639-FILTRO-OLIO-P502019-HIFI
S3265R,23.265.00,FILTRO OLIO UFI 23.265.00,https://e-commerce.michelecaroli.com/wso/pages/user/wso0205.jsf?idaa=149484&codart=23.265.00&marart=224&seopth=UFI-SOFIMA-FILTRI-23-265-00-FILTRO-OLIO-UFI-23-265-00
S3248R,P550597,FILTRO OLIO DONALDSON P55-0597,https://e-commerce.michelecaroli.com/wso/pages/user/wso0205.jsf?idaa=156695&codart=P550597&marart=227&seopth=DONALDSON-FILTRI-P550597-FILTRO-OLIO-DONALDSON-P55-0597
S3245,SO10009,,https://e-commerce.michelecaroli.com/wso/pages/user/wso0205.jsf?idaa=300675&codart=SO10009&marart=230&seopth=HIFI-FILTRI-SO10009-FILTRO-OLIO-HIFI
S3230P,SN1212,FILTRO NAFTA P558000 HIFI,https://e-commerce.michelecaroli.com/wso/pages/user/wso0205.jsf?idaa=298888&codart=SN1212&marart=230&seopth=HIFI-FILTRI-SN1212-FILTRO-NAFTA-P558000-HIFI
S3230,SN1212,FILTRO NAFTA P558000 HIFI,https://e-commerce.michelecaroli.com/wso/pages/user/wso0205.jsf?idaa=298888&codart=SN1212&marart=230&seopth=HIFI-FILTRI-SN1212-FILTRO-NAFTA-P558000-HIFI
S3214R,WL7074,FILTRO OLIO FORDKA-FIESTA-FOCUS,https://e-commerce.michelecaroli.com/wso/pages/user/wso0205.jsf?idaa=143482&codart=WL7074&marart=219&seopth=WIX-AUTO-FILTRI-WL7074-FILTRO-OLIO-FORDKA-FIESTA-FOCUS
S3213R,SO8000,FILTRO OLIO HIFI,https://e-commerce.michelecaroli.com/wso/pages/user/wso0205.jsf?idaa=301383&codart=SO8000&marart=230&seopth=HIFI-FILTRI-SO8000-FILTRO-OLIO-HIFI
S3211,P550659,FILTRO NAFTA ATTUALE P553205,https://e-commerce.michelecaroli.com/wso/pages/user/wso0205.jsf?idaa=156720&codart=P550659&marart=227&seopth=DONALDSON-FILTRI-P550659-FILTRO-NAFTA-ATTUALE-P553205
S3211,P550659,FILTRO NAFTA ATTUALE P553205,https://e-commerce.michelecaroli.com/wso/pages/user/wso0205.jsf?idaa=156720&codart=P550659&marart=227&seopth=DONALDSON-FILTRI-P550659-FILTRO-NAFTA-ATTUALE-P553205
S3207,P550687,FILTRO NAFTA ATTUALE P552216,https://e-commerce.michelecaroli.com/wso/pages/user/wso0205.jsf?idaa=156742&codart=P550687&marart=227&seopth=DONALDSON-FILTRI-P550687-FILTRO-NAFTA-ATTUALE-P552216
S3205,SA10384K,FILTRO ARIA ESTERNO P772545 HIFI ACCOPPIATO CON SA10754,https://e-commerce.michelecaroli.com/wso/pages/user/wso0205.jsf?idaa=336010&codart=SA10384K&marart=230&seopth=HIFI-FILTRI-SA10384K-FILTRO-ARIA-ESTERNO-P772545-HIFI
S3204,SN1212,FILTRO NAFTA P558000 HIFI,https://e-commerce.michelecaroli.com/wso/pages/user/wso0205.jsf?idaa=298888&codart=SN1212&marart=230&seopth=HIFI-FILTRI-SN1212-FILTRO-NAFTA-P558000-HIFI
S3201,MD-7126K,,https://e-commerce.michelecaroli.com/wso/pages/user/wso0205.jsf?idaa=464142&codart=MD-7126K&marart=ALCO&seopth=ALCO-MD-7126K-FILTRO-ARIA
S3201,MD-7126K,,https://e-commerce.michelecaroli.com/wso/pages/user/wso0205.jsf?idaa=464142&codart=MD-7126K&marart=ALCO&seopth=ALCO-MD-7126K-FILTRO-ARIA
S3200,SA10385K,FILTRO ARIA P181050# HIFI ABBINATO CON SA14762,https://e-commerce.michelecaroli.com/wso/pages/user/wso0205.jsf?idaa=336011&codart=SA10385K&marart=230&seopth=HIFI-FILTRI-SA10385K-FILTRO-ARIA-P181050-HIFI
S320,P552071,FILTRO ACQUA DONALDSON conf.12 50 M ICRON,https://e-commerce.michelecaroli.com/wso/pages/user/wso0205.jsf?idaa=157025&codart=P552071&marart=227&seopth=DONALDSON-FILTRI-P552071-FILTRO-ACQUA-DONALDSON-conf-12-50-M
S3181R,SO580,FILTRO OLIO P550008# HIFI,https://e-commerce.michelecaroli.com/wso/pages/user/wso0205.jsf?idaa=300199&codart=SO580&marart=230&seopth=HIFI-FILTRI-SO580-FILTRO-OLIO-P550008-HIFI
S3147,20493721OE,"MOT.AVV. ORIG.HYUN.,KIA",https://e-commerce.michelecaroli.com/wso/pages/user/wso0205.jsf?idaa=390096&codart=20493721OE&marart=REAL&seopth=REAL-MOTORINI-E-ALTERNATORI-20493721OE-MOT-AVV-ORIG-HYUN-KIA
S3140R,80.043.00,"FILTRO OLIO FIATAGRI, SAM",https://e-commerce.michelecaroli.com/wso/pages/user/wso0205.jsf?idaa=151632&codart=80.043.00&marart=UFIHD&seopth=UFI-HD-80-043-00-FILTRO-OLIO-FIATAGRI-SAM
S3137,20493721OE,"MOT.AVV. ORIG.HYUN.,KIA",https://e-commerce.michelecaroli.com/wso/pages/user/wso0205.jsf?idaa=390096&codart=20493721OE&marart=REAL&seopth=REAL-MOTORINI-E-ALTERNATORI-20493721OE-MOT-AVV-ORIG-HYUN-KIA
S3136,20493311OE,MOT.AVV. ORIG.HYUN.,https://e-commerce.michelecaroli.com/wso/pages/user/wso0205.jsf?idaa=390084&codart=20493311OE&marart=REAL&seopth=REAL-MOTORINI-E-ALTERNATORI-20493311OE-MOT-AVV-ORIG-HYUN-
S3126,20479391RC,MOT.AVV. RIG. C/RESO REN.,https://e-commerce.michelecaroli.com/wso/pages/user/wso0205.jsf?idaa=390574&codart=20479391RC&marart=REAL&seopth=REAL-MOTORINI-E-ALTERNATORI-20479391RC-MOT-AVV-RIG-C-RESO-REN-
S3125,20401903BN,MOT.AVV. COMPAT.PSA,https://e-commerce.michelecaroli.com/wso/pages/user/wso0205.jsf?idaa=385492&codart=20401903BN&marart=REAL&seopth=REAL-MOTORINI-E-ALTERNATORI-20401903BN-MOT-AVV-COMPAT-PSA
S3124,20479911OE,MOT.AVV. ORIG.REN.,https://e-commerce.michelecaroli.com/wso/pages/user/wso0205.jsf?idaa=385548&codart=20479911OE&marart=REAL&seopth=REAL-MOTORINI-E-ALTERNATORI-20479911OE-MOT-AVV-ORIG-REN-
S3122,20493611OE,MOT.AVV. ORIG.BOBCAT,https://e-commerce.michelecaroli.com/wso/pages/user/wso0205.jsf?idaa=390086&codart=20493611OE&marart=REAL&seopth=REAL-MOTORINI-E-ALTERNATORI-20493611OE-MOT-AVV-ORIG-BOBCAT
S3121,20493801OE,MOT.AVV. ORIG.HYUN.,https://e-commerce.michelecaroli.com/wso/pages/user/wso0205.jsf?idaa=385457&codart=20493801OE&marart=REAL&seopth=REAL-MOTORINI-E-ALTERNATORI-20493801OE-MOT-AVV-ORIG-HYUN-
S3120,20401534BN,"MOT.AVV. COMPAT.SEAT,SKODA",https://e-commerce.michelecaroli.com/wso/pages/user/wso0205.jsf?idaa=389090&codart=20401534BN&marart=REAL&seopth=REAL-MOTORINI-E-ALTERNATORI-20401534BN-MOT-AVV-COMPAT-SEAT-SKODA
S3118,20493221OE,MOT.AVV. ORIG.HYUN.,https://e-commerce.michelecaroli.com/wso/pages/user/wso0205.jsf?idaa=390091&codart=20493221OE&marart=REAL&seopth=REAL-MOTORINI-E-ALTERNATORI-20493221OE-MOT-AVV-ORIG-HYUN-
S3117,20493621OE,"MOT.AVV. ORIG.HYUN.,KIA",https://e-commerce.michelecaroli.com/wso/pages/user/wso0205.jsf?idaa=390095&codart=20493621OE&marart=REAL&seopth=REAL-MOTORINI-E-ALTERNATORI-20493621OE-MOT-AVV-ORIG-HYUN-KIA
S3112,20493421OE,"MOT.AVV. ORIG.HYUN.,KIA",https://e-commerce.michelecaroli.com/wso/pages/user/wso0205.jsf?idaa=390093&codart=20493421OE&marart=REAL&seopth=REAL-MOTORINI-E-ALTERNATORI-20493421OE-MOT-AVV-ORIG-HYUN-KIA
S3106,20493631OE,"MOT.AVV. ORIG.HYUN.,KIA",https://e-commerce.michelecaroli.com/wso/pages/user/wso0205.jsf?idaa=390103&codart=20493631OE&marart=REAL&seopth=REAL-MOTORINI-E-ALTERNATORI-20493631OE-MOT-AVV-ORIG-HYUN-KIA
S3102R,23.256.00,FILTRO OLIO UFI 23.256.00,https://e-commerce.michelecaroli.com/wso/pages/user/wso0205.jsf?idaa=149475&codart=23.256.00&marart=224&seopth=UFI-SOFIMA-FILTRI-23-256-00-FILTRO-OLIO-UFI-23-256-00
S3102,20493901BN,MOT.AVV. COMPAT.HYUN.,https://e-commerce.michelecaroli.com/wso/pages/user/wso0205.jsf?idaa=390079&codart=20493901BN&marart=REAL&seopth=REAL-MOTORINI-E-ALTERNATORI-20493901BN-MOT-AVV-COMPAT-HYUN-
S3100,20479851OE,MOT.AVV. ORIG.REN.,https://e-commerce.michelecaroli.com/wso/pages/user/wso0205.jsf?idaa=390543&codart=20479851OE&marart=REAL&seopth=REAL-MOTORINI-E-ALTERNATORI-20479851OE-MOT-AVV-ORIG-REN-
S31,SO580,FILTRO OLIO P550008# HIFI,https://e-commerce.michelecaroli.com/wso/pages/user/wso0205.jsf?idaa=300199&codart=SO580&marart=230&seopth=HIFI-FILTRI-SO580-FILTRO-OLIO-P550008-HIFI
S3095,20479421OE,MOT.AVV. ORIG.VW,https://e-commerce.michelecaroli.com/wso/pages/user/wso0205.jsf?idaa=390510&codart=20479421OE&marart=REAL&seopth=REAL-MOTORINI-E-ALTERNATORI-20479421OE-MOT-AVV-ORIG-VW
S3093,20479632OE,MOT.AVV. ORIG.VW,https://e-commerce.michelecaroli.com/wso/pages/user/wso0205.jsf?idaa=390612&codart=20479632OE&marart=REAL&seopth=REAL-MOTORINI-E-ALTERNATORI-20479632OE-MOT-AVV-ORIG-VW
S3092,20479621OE,MOT.AVV. ORIG.AUDI,https://e-commerce.michelecaroli.com/wso/pages/user/wso0205.jsf?idaa=390511&codart=20479621OE&marart=REAL&seopth=REAL-MOTORINI-E-ALTERNATORI-20479621OE-MOT-AVV-ORIG-AUDI
