Code searched,Matched code,Part Category on Michele,Link to Michele product
R56,SO014,FILTRO OLIO HIFI,https://e-commerce.michelecaroli.com/wso/pages/user/wso0205.jsf?idaa=300658&codart=SO014&marart=230&seopth=HIFI-FILTRI-SO014-FILTRO-OLIO-HIFI
R550,SP-812,FILTRO OLIO,https://e-commerce.michelecaroli.com/wso/pages/user/wso0205.jsf?idaa=466312&codart=SP-812&marart=ALCO&seopth=ALCO-SP-812-FILTRO-OLIO
R533,SO9013,FILTRO OLIO HIFI,https://e-commerce.michelecaroli.com/wso/pages/user/wso0205.jsf?idaa=301462&codart=SO9013&marart=230&seopth=HIFI-FILTRI-SO9013-FILTRO-OLIO-HIFI
R525,SO9000,FILTRO OLIO P502076 HIFI,https://e-commerce.michelecaroli.com/wso/pages/user/wso0205.jsf?idaa=301451&codart=SO9000&marart=230&seopth=HIFI-FILTRI-SO9000-FILTRO-OLIO-P502076-HIFI
R521,SO9000,FILTRO OLIO P502076 HIFI,https://e-commerce.michelecaroli.com/wso/pages/user/wso0205.jsf?idaa=301451&codart=SO9000&marart=230&seopth=HIFI-FILTRI-SO9000-FILTRO-OLIO-P502076-HIFI
R511,T8204,FILTRO OLIO P502051 HIFI,https://e-commerce.michelecaroli.com/wso/pages/user/wso0205.jsf?idaa=395356&codart=T8204&marart=230&seopth=HIFI-FILTRI-T8204-FILTRO-OLIO-P502051-HIFI
R51,51050,FILTRO OLIO,https://e-commerce.michelecaroli.com/wso/pages/user/wso0205.jsf?idaa=368079&codart=51050&marart=218&seopth=WIX-INDUSTRIAL-HD-51050-FILTRO-OLIO
R502513,R502513,,https://e-commerce.michelecaroli.com/wso/pages/user/wso0205.jsf?idaa=398888&codart=R502513&marart=230&seopth=HIFI-FILTRI-R502513-GUARNIZIONE-HIFI
R5,2175185,FILTRO OLIO LOMBARDINI,https://e-commerce.michelecaroli.com/wso/pages/user/wso0205.jsf?idaa=74805&codart=2175185&marart=157&seopth=LOMBARDINI-RICAMBI-2175185-FILTRO-OLIO-LOMBARDINI
R49,R49,,https://e-commerce.michelecaroli.com/wso/pages/user/wso0205.jsf?idaa=176831&codart=R49&marart=257&seopth=VALEO-FRIZIONI-SPAZZOLE-R49-REGGISPINTA
R49,R49,,https://e-commerce.michelecaroli.com/wso/pages/user/wso0205.jsf?idaa=176831&codart=R49&marart=257&seopth=VALEO-FRIZIONI-SPAZZOLE-R49-REGGISPINTA
R48,R48,,https://e-commerce.michelecaroli.com/wso/pages/user/wso0205.jsf?idaa=176830&codart=R48&marart=257&seopth=VALEO-FRIZIONI-SPAZZOLE-R48-REGGISPINTA-PE-204
R48,R48,,https://e-commerce.michelecaroli.com/wso/pages/user/wso0205.jsf?idaa=176830&codart=R48&marart=257&seopth=VALEO-FRIZIONI-SPAZZOLE-R48-REGGISPINTA-PE-204
R468,SO517,,https://e-commerce.michelecaroli.com/wso/pages/user/wso0205.jsf?idaa=438582&codart=SO517&marart=230&seopth=HIFI-FILTRI-SO517-FILTRO
R466,51036,FILTRO OLIO P550051,https://e-commerce.michelecaroli.com/wso/pages/user/wso0205.jsf?idaa=368073&codart=51036&marart=218&seopth=WIX-INDUSTRIAL-HD-51036-FILTRO-OLIO-P550051
R45,R45,,https://e-commerce.michelecaroli.com/wso/pages/user/wso0205.jsf?idaa=176828&codart=R45&marart=257&seopth=VALEO-FRIZIONI-SPAZZOLE-R45-REGGISPINTA-LA-BETA
R449,R449,,https://e-commerce.michelecaroli.com/wso/pages/user/wso0205.jsf?idaa=68012&codart=R449&marart=155&seopth=PERKINS-R449-AVR-LEROY-SOMER-X-LSA49-50-1
R434G25V,R434G25V,,https://e-commerce.michelecaroli.com/wso/pages/user/wso0205.jsf?idaa=147169&codart=R434G25V&marart=222&seopth=FILTRI-VARI-R434G25V-FILTRO-IDRAULICO-FILTREC
R432G06,R432G06,,https://e-commerce.michelecaroli.com/wso/pages/user/wso0205.jsf?idaa=147168&codart=R432G06&marart=222&seopth=FILTRI-VARI-R432G06-FILTRO-IDRAULICO-FILTREC
R424,T7314,FILTRO OLIO HIFI,https://e-commerce.michelecaroli.com/wso/pages/user/wso0205.jsf?idaa=395351&codart=T7314&marart=230&seopth=HIFI-FILTRI-T7314-FILTRO-OLIO-HIFI
R420PL,SN70207,FILTRO NAFTA P550778 HIFI,https://e-commerce.michelecaroli.com/wso/pages/user/wso0205.jsf?idaa=299525&codart=SN70207&marart=230&seopth=HIFI-FILTRI-SN70207-FILTRO-NAFTA-P550778-HIFI
R42,R42,,https://e-commerce.michelecaroli.com/wso/pages/user/wso0205.jsf?idaa=176827&codart=R42&marart=257&seopth=VALEO-FRIZIONI-SPAZZOLE-R42-REGGISPINTA-PE-204-1S
R417,SH63015,FILTRO HYDR. P764607 HIFI,https://e-commerce.michelecaroli.com/wso/pages/user/wso0205.jsf?idaa=295885&codart=SH63015&marart=230&seopth=HIFI-FILTRI-SH63015-FILTRO-HYDR-P764607-HIFI
R415,SH56400,FILTRO HYDR. P763987 HIFI,https://e-commerce.michelecaroli.com/wso/pages/user/wso0205.jsf?idaa=294168&codart=SH56400&marart=230&seopth=HIFI-FILTRI-SH56400-FILTRO-HYDR-P763987-HIFI
R413G10,R413G10,,https://e-commerce.michelecaroli.com/wso/pages/user/wso0205.jsf?idaa=147167&codart=R413G10&marart=222&seopth=FILTRI-VARI-R413G10-FILTRO-IDRAULICO-FILTREC
R406,2654403-ATS,FILTRO OLIO/OIL FILTER# PERKINS,https://e-commerce.michelecaroli.com/wso/pages/user/wso0205.jsf?idaa=485766&codart=2654403-ATS&marart=156&seopth=ATS-RICAMBI-PERKINS-CC-2654403-ATS-FILTRO-OLIO-OIL-FILTER-PERKINS
R405,SO580,FILTRO OLIO P550008# HIFI,https://e-commerce.michelecaroli.com/wso/pages/user/wso0205.jsf?idaa=300199&codart=SO580&marart=230&seopth=HIFI-FILTRI-SO580-FILTRO-OLIO-P550008-HIFI
R4,R4,"CUSCINETTO 6.35X15,88X4,98",https://e-commerce.michelecaroli.com/wso/pages/user/wso0205.jsf?idaa=486005&codart=R4&marart=95&seopth=NEUTRO-R4-CUSCINETTO-6-35X15-88X4-98
R38,R38,,https://e-commerce.michelecaroli.com/wso/pages/user/wso0205.jsf?idaa=176826&codart=R38&marart=257&seopth=VALEO-FRIZIONI-SPAZZOLE-R38-REGGISPINTA-RE-R8-R4-R10
R38,R38,,https://e-commerce.michelecaroli.com/wso/pages/user/wso0205.jsf?idaa=176826&codart=R38&marart=257&seopth=VALEO-FRIZIONI-SPAZZOLE-R38-REGGISPINTA-RE-R8-R4-R10
R369,SP-856,FILTRO OLIO ALCO,https://e-commerce.michelecaroli.com/wso/pages/user/wso0205.jsf?idaa=466345&codart=SP-856&marart=ALCO&seopth=ALCO-SP-856-FILTRO-OLIO-ALCO
R365,SO480,FILTRO OLIO HIFI,https://e-commerce.michelecaroli.com/wso/pages/user/wso0205.jsf?idaa=300160&codart=SO480&marart=230&seopth=HIFI-FILTRI-SO480-FILTRO-OLIO-HIFI
R362,SO594,FILTRO OLIO HIFI,https://e-commerce.michelecaroli.com/wso/pages/user/wso0205.jsf?idaa=300203&codart=SO594&marart=230&seopth=HIFI-FILTRI-SO594-FILTRO-OLIO-HIFI
R36,23.125.00,FILTRO OLIO UFI 23.125.00,https://e-commerce.michelecaroli.com/wso/pages/user/wso0205.jsf?idaa=149366&codart=23.125.00&marart=224&seopth=UFI-SOFIMA-FILTRI-23-125-00-FILTRO-OLIO-UFI-23-125-00
R359,T8204,FILTRO OLIO P502051 HIFI,https://e-commerce.michelecaroli.com/wso/pages/user/wso0205.jsf?idaa=395356&codart=T8204&marart=230&seopth=HIFI-FILTRI-T8204-FILTRO-OLIO-P502051-HIFI
R353,23.415.00,FILTRO OLIO UFI 23.415.00,https://e-commerce.michelecaroli.com/wso/pages/user/wso0205.jsf?idaa=148806&codart=23.415.00&marart=224&seopth=UFI-SOFIMA-FILTRI-23-415-00-FILTRO-OLIO-UFI-23-415-00
R343,SO8021,FILTRO OLIO HIFI,https://e-commerce.michelecaroli.com/wso/pages/user/wso0205.jsf?idaa=301400&codart=SO8021&marart=230&seopth=HIFI-FILTRI-SO8021-FILTRO-OLIO-HIFI
R339,SO3404,FILTRO OLIO HIFI,https://e-commerce.michelecaroli.com/wso/pages/user/wso0205.jsf?idaa=300919&codart=SO3404&marart=230&seopth=HIFI-FILTRI-SO3404-FILTRO-OLIO-HIFI
R310,R310,,https://e-commerce.michelecaroli.com/wso/pages/user/wso0205.jsf?idaa=176823&codart=R310&marart=257&seopth=VALEO-FRIZIONI-SPAZZOLE-R310-REGGISPINTA-FRIZ-
R310,R310,,https://e-commerce.michelecaroli.com/wso/pages/user/wso0205.jsf?idaa=176823&codart=R310&marart=257&seopth=VALEO-FRIZIONI-SPAZZOLE-R310-REGGISPINTA-FRIZ-
R309,SP-1014,FILTRO OLIO ALCO,https://e-commerce.michelecaroli.com/wso/pages/user/wso0205.jsf?idaa=465824&codart=SP-1014&marart=ALCO&seopth=ALCO-SP-1014-FILTRO-OLIO-ALCO
R305,SO9000,FILTRO OLIO P502076 HIFI,https://e-commerce.michelecaroli.com/wso/pages/user/wso0205.jsf?idaa=301451&codart=SO9000&marart=230&seopth=HIFI-FILTRI-SO9000-FILTRO-OLIO-P502076-HIFI
R2L113ZA5,SN25009,FILTRO NAFTA HIFI,https://e-commerce.michelecaroli.com/wso/pages/user/wso0205.jsf?idaa=299796&codart=SN25009&marart=230&seopth=HIFI-FILTRI-SN25009-FILTRO-NAFTA-HIFI
R284,2995561,FILTRO OLIO ORIG IVECO DAILY III-IV,https://e-commerce.michelecaroli.com/wso/pages/user/wso0205.jsf?idaa=446983&codart=2995561&marart=IVECO&seopth=IVECO-2995561-FILTRO-OLIO-ORIG-IVECO-DAILY-III-IV
R27,R27,,https://e-commerce.michelecaroli.com/wso/pages/user/wso0205.jsf?idaa=176822&codart=R27&marart=257&seopth=VALEO-FRIZIONI-SPAZZOLE-R27-REGGISPINTA-FI-124-1S
R26T,SN902610,FILTRO SEPAR. P551846 HIFI,https://e-commerce.michelecaroli.com/wso/pages/user/wso0205.jsf?idaa=395589&codart=SN902610&marart=230&seopth=HIFI-FILTRI-SN902610-FILTRO-SEPAR-P551846-HIFI
R261T250,R261T250,,https://e-commerce.michelecaroli.com/wso/pages/user/wso0205.jsf?idaa=147166&codart=R261T250&marart=222&seopth=FILTRI-VARI-R261T250-FILTRO-IDRAULICO-FILTREC-250MIC
R2607,R2607,,https://e-commerce.michelecaroli.com/wso/pages/user/wso0205.jsf?idaa=265982&codart=R2607&marart=MONR&seopth=MONROE-AMMORTIZZATORI-R2607-OBSOLETO
R260,R260,,https://e-commerce.michelecaroli.com/wso/pages/user/wso0205.jsf?idaa=176820&codart=R260&marart=257&seopth=VALEO-FRIZIONI-SPAZZOLE-R260-REGGISPINTA
R260,R260,,https://e-commerce.michelecaroli.com/wso/pages/user/wso0205.jsf?idaa=176820&codart=R260&marart=257&seopth=VALEO-FRIZIONI-SPAZZOLE-R260-REGGISPINTA
R25844,SH56760,FILTRO HYDR. P550388 HIFI GILBARCO 140845093,https://e-commerce.michelecaroli.com/wso/pages/user/wso0205.jsf?idaa=294222&codart=SH56760&marart=230&seopth=HIFI-FILTRI-SH56760-FILTRO-HYDR-P550388-HIFI
R257,SP-1226,FILTRO OLIO ALCO,https://e-commerce.michelecaroli.com/wso/pages/user/wso0205.jsf?idaa=465920&codart=SP-1226&marart=ALCO&seopth=ALCO-SP-1226-FILTRO-OLIO-ALCO
R251,P551018,FILTRO OLIO,https://e-commerce.michelecaroli.com/wso/pages/user/wso0205.jsf?idaa=313776&codart=P551018&marart=227&seopth=DONALDSON-FILTRI-P551018-FILTRO-OLIO
R2506,R2506,,https://e-commerce.michelecaroli.com/wso/pages/user/wso0205.jsf?idaa=265955&codart=R2506&marart=MONR&seopth=MONROE-AMMORTIZZATORI-R2506-OBSOLETO
R245,R245,,https://e-commerce.michelecaroli.com/wso/pages/user/wso0205.jsf?idaa=176816&codart=R245&marart=257&seopth=VALEO-FRIZIONI-SPAZZOLE-R245-REGGISPINTA-N-H-DL2R
R243,R243,,https://e-commerce.michelecaroli.com/wso/pages/user/wso0205.jsf?idaa=176814&codart=R243&marart=257&seopth=VALEO-FRIZIONI-SPAZZOLE-R243-REGGISPINTA-LANDINI
R243,R243,,https://e-commerce.michelecaroli.com/wso/pages/user/wso0205.jsf?idaa=176814&codart=R243&marart=257&seopth=VALEO-FRIZIONI-SPAZZOLE-R243-REGGISPINTA-LANDINI
R242,R242,,https://e-commerce.michelecaroli.com/wso/pages/user/wso0205.jsf?idaa=176813&codart=R242&marart=257&seopth=VALEO-FRIZIONI-SPAZZOLE-R242-REGGISPINTA-FIAT-NEW-HOLLAND
R241,23.292.00,FILTRO OLIO MAN,https://e-commerce.michelecaroli.com/wso/pages/user/wso0205.jsf?idaa=148788&codart=23.292.00&marart=UFIHD&seopth=UFI-HD-23-292-00-FILTRO-OLIO-MAN
R240,R240,,https://e-commerce.michelecaroli.com/wso/pages/user/wso0205.jsf?idaa=176812&codart=R240&marart=257&seopth=VALEO-FRIZIONI-SPAZZOLE-R240-REGGISPINTA-FRIZ-
R240,R240,,https://e-commerce.michelecaroli.com/wso/pages/user/wso0205.jsf?idaa=176812&codart=R240&marart=257&seopth=VALEO-FRIZIONI-SPAZZOLE-R240-REGGISPINTA-FRIZ-
R238,R238,,https://e-commerce.michelecaroli.com/wso/pages/user/wso0205.jsf?idaa=176810&codart=R238&marart=257&seopth=VALEO-FRIZIONI-SPAZZOLE-R238-REGGISPINTA
R236,23.144.02,FILTRO OLIO UFI 23.144.02,https://e-commerce.michelecaroli.com/wso/pages/user/wso0205.jsf?idaa=149394&codart=23.144.02&marart=UFIHD&seopth=UFI-HD-23-144-02-FILTRO-OLIO-UFI-23-144-02
R235,R235,,https://e-commerce.michelecaroli.com/wso/pages/user/wso0205.jsf?idaa=176809&codart=R235&marart=257&seopth=VALEO-FRIZIONI-SPAZZOLE-R235-REGGISPINTA-FI-ULYSSE-PE-806-1-9-TD
R233,806617,,https://e-commerce.michelecaroli.com/wso/pages/user/wso0205.jsf?idaa=174429&codart=806617&marart=257&seopth=VALEO-FRIZIONI-SPAZZOLE-806617-RG-SC-82-92-112-113
R2327,20401536BN,MOT.AVV. COMPAT.VOLVO TRUCKS,https://e-commerce.michelecaroli.com/wso/pages/user/wso0205.jsf?idaa=389303&codart=20401536BN&marart=REAL&seopth=REAL-MOTORINI-E-ALTERNATORI-20401536BN-MOT-AVV-COMPAT-VOLVO-TRUCKS
R2326,20401336BN,MOT.AVV. COMPAT.SCANIA,https://e-commerce.michelecaroli.com/wso/pages/user/wso0205.jsf?idaa=389298&codart=20401336BN&marart=REAL&seopth=REAL-MOTORINI-E-ALTERNATORI-20401336BN-MOT-AVV-COMPAT-SCANIA
R2323,20401036BN,MOT.AVV. COMPAT.MAN TRUCKS,https://e-commerce.michelecaroli.com/wso/pages/user/wso0205.jsf?idaa=389292&codart=20401036BN&marart=REAL&seopth=REAL-MOTORINI-E-ALTERNATORI-20401036BN-MOT-AVV-COMPAT-MAN-TRUCKS
R232,R232,,https://e-commerce.michelecaroli.com/wso/pages/user/wso0205.jsf?idaa=176808&codart=R232&marart=257&seopth=VALEO-FRIZIONI-SPAZZOLE-R232-REGGISPINTA-OPEL-CORSA-6-86
R2319,01174637,,https://e-commerce.michelecaroli.com/wso/pages/user/wso0205.jsf?idaa=83363&codart=01174637&marart=159&seopth=DEUTZ-01174637-AVVIATORE-STARTER
R2317,20401236BN,MOT.AVV. COMPAT.MERC. TRUCKS,https://e-commerce.michelecaroli.com/wso/pages/user/wso0205.jsf?idaa=389296&codart=20401236BN&marart=REAL&seopth=REAL-MOTORINI-E-ALTERNATORI-20401236BN-MOT-AVV-COMPAT-MERC-TRUCKS
R230,806616,,https://e-commerce.michelecaroli.com/wso/pages/user/wso0205.jsf?idaa=174428&codart=806616&marart=257&seopth=VALEO-FRIZIONI-SPAZZOLE-806616-RG-MAN-F90-1-F-2000
R230,806616,,https://e-commerce.michelecaroli.com/wso/pages/user/wso0205.jsf?idaa=174428&codart=806616&marart=257&seopth=VALEO-FRIZIONI-SPAZZOLE-806616-RG-MAN-F90-1-F-2000
R23,R23,,https://e-commerce.michelecaroli.com/wso/pages/user/wso0205.jsf?idaa=176806&codart=R23&marart=257&seopth=VALEO-FRIZIONI-SPAZZOLE-R23-REGGISPINTA-CI-DIANE-4
R229,51324,,https://e-commerce.michelecaroli.com/wso/pages/user/wso0205.jsf?idaa=368259&codart=51324&marart=218&seopth=WIX-INDUSTRIAL-HD-51324-FILTRO-OLIO
R226,SO795,FILTRO OLIO HIFI,https://e-commerce.michelecaroli.com/wso/pages/user/wso0205.jsf?idaa=301376&codart=SO795&marart=230&seopth=HIFI-FILTRI-SO795-FILTRO-OLIO-HIFI
R224,R224,,https://e-commerce.michelecaroli.com/wso/pages/user/wso0205.jsf?idaa=176804&codart=R224&marart=257&seopth=VALEO-FRIZIONI-SPAZZOLE-R224-REGGISPINTA
R224,R224,,https://e-commerce.michelecaroli.com/wso/pages/user/wso0205.jsf?idaa=176804&codart=R224&marart=257&seopth=VALEO-FRIZIONI-SPAZZOLE-R224-REGGISPINTA
R223,R223,,https://e-commerce.michelecaroli.com/wso/pages/user/wso0205.jsf?idaa=176803&codart=R223&marart=257&seopth=VALEO-FRIZIONI-SPAZZOLE-R223-REGGISPINTA-DUCATO
R2212,20401346BN,MOT.AVV. COMPAT.KHD,https://e-commerce.michelecaroli.com/wso/pages/user/wso0205.jsf?idaa=389319&codart=20401346BN&marart=REAL&seopth=REAL-MOTORINI-E-ALTERNATORI-20401346BN-MOT-AVV-COMPAT-KHD
R2205,20401967BN,MOT.AVV. COMPAT.STEYR,https://e-commerce.michelecaroli.com/wso/pages/user/wso0205.jsf?idaa=389490&codart=20401967BN&marart=REAL&seopth=REAL-MOTORINI-E-ALTERNATORI-20401967BN-MOT-AVV-COMPAT-STEYR
R215,R215,,https://e-commerce.michelecaroli.com/wso/pages/user/wso0205.jsf?idaa=176797&codart=R215&marart=257&seopth=VALEO-FRIZIONI-SPAZZOLE-R215-REGGISPINTA-FRIZ-
R21413802,51839,,https://e-commerce.michelecaroli.com/wso/pages/user/wso0205.jsf?idaa=368663&codart=51839&marart=218&seopth=WIX-INDUSTRIAL-HD-51839-FILTRO-OLIO
R214,R214,,https://e-commerce.michelecaroli.com/wso/pages/user/wso0205.jsf?idaa=176796&codart=R214&marart=257&seopth=VALEO-FRIZIONI-SPAZZOLE-R214-REGGISPINTA-FRIZ-
R214,R214,,https://e-commerce.michelecaroli.com/wso/pages/user/wso0205.jsf?idaa=176796&codart=R214&marart=257&seopth=VALEO-FRIZIONI-SPAZZOLE-R214-REGGISPINTA-FRIZ-
R2133,51010,FILTRO OLIO,https://e-commerce.michelecaroli.com/wso/pages/user/wso0205.jsf?idaa=368066&codart=51010&marart=218&seopth=WIX-INDUSTRIAL-HD-51010-FILTRO-OLIO
R2132P,S7111NC,FILTRO CAV296 SOFIMA,https://e-commerce.michelecaroli.com/wso/pages/user/wso0205.jsf?idaa=446634&codart=S7111NC&marart=SOFI&seopth=SOFIMA-S7111NC-FILTRO-CAV296-SOFIMA
R2124P,SO553,FILTRO OLIO P550141 HIFI,https://e-commerce.michelecaroli.com/wso/pages/user/wso0205.jsf?idaa=300187&codart=SO553&marart=230&seopth=HIFI-FILTRI-SO553-FILTRO-OLIO-P550141-HIFI
R2123P,51271,FILTRO OLIO,https://e-commerce.michelecaroli.com/wso/pages/user/wso0205.jsf?idaa=368221&codart=51271&marart=218&seopth=WIX-INDUSTRIAL-HD-51271-FILTRO-OLIO
R2121P,51302E,FILTRO OLIO P550052,https://e-commerce.michelecaroli.com/wso/pages/user/wso0205.jsf?idaa=369112&codart=51302E&marart=218&seopth=WIX-INDUSTRIAL-HD-51302E-FILTRO-OLIO-P550052
R21176,42689,FILTRO ARIA,https://e-commerce.michelecaroli.com/wso/pages/user/wso0205.jsf?idaa=366732&codart=42689&marart=218&seopth=WIX-INDUSTRIAL-HD-42689-FILTRO-ARIA
R210V,SO4003,FILTRO OLIO P502225 HIFI,https://e-commerce.michelecaroli.com/wso/pages/user/wso0205.jsf?idaa=300126&codart=SO4003&marart=230&seopth=HIFI-FILTRI-SO4003-FILTRO-OLIO-P502225-HIFI
R210T60,C25/6,,https://e-commerce.michelecaroli.com/wso/pages/user/wso0205.jsf?idaa=396404&codart=C25%2F6&marart=230&seopth=HIFI-FILTRI-C25-6-FILTRO-HYDR-P171649-HIFI
R210T25,P171648,,https://e-commerce.michelecaroli.com/wso/pages/user/wso0205.jsf?idaa=155269&codart=P171648&marart=227&seopth=DONALDSON-FILTRI-P171648-FILTRO-HYDR-DONALDSON-P17-1648
R2106P,33073,FILTRO NAFTA,https://e-commerce.michelecaroli.com/wso/pages/user/wso0205.jsf?idaa=365761&codart=33073&marart=218&seopth=WIX-INDUSTRIAL-HD-33073-FILTRO-NAFTA
R2106,33073,FILTRO NAFTA,https://e-commerce.michelecaroli.com/wso/pages/user/wso0205.jsf?idaa=365761&codart=33073&marart=218&seopth=WIX-INDUSTRIAL-HD-33073-FILTRO-NAFTA
R2104P,51404,FILTRO IDRAULICO,https://e-commerce.michelecaroli.com/wso/pages/user/wso0205.jsf?idaa=368309&codart=51404&marart=218&seopth=WIX-INDUSTRIAL-HD-51404-FILTRO-IDRAULICO
R2103P,SO4032,FILTRO OLIO HIFI,https://e-commerce.michelecaroli.com/wso/pages/user/wso0205.jsf?idaa=300132&codart=SO4032&marart=230&seopth=HIFI-FILTRI-SO4032-FILTRO-OLIO-HIFI
R21,R21,,https://e-commerce.michelecaroli.com/wso/pages/user/wso0205.jsf?idaa=176792&codart=R21&marart=257&seopth=VALEO-FRIZIONI-SPAZZOLE-R21-REGGISPINTA-CI-GS
R2091P,51076,FILTRO OLIO,https://e-commerce.michelecaroli.com/wso/pages/user/wso0205.jsf?idaa=368095&codart=51076&marart=218&seopth=WIX-INDUSTRIAL-HD-51076-FILTRO-OLIO
R2080PA,51010,FILTRO OLIO,https://e-commerce.michelecaroli.com/wso/pages/user/wso0205.jsf?idaa=368066&codart=51010&marart=218&seopth=WIX-INDUSTRIAL-HD-51010-FILTRO-OLIO
R2080P,51010,FILTRO OLIO,https://e-commerce.michelecaroli.com/wso/pages/user/wso0205.jsf?idaa=368066&codart=51010&marart=218&seopth=WIX-INDUSTRIAL-HD-51010-FILTRO-OLIO
R207V,SO4003,FILTRO OLIO P502225 HIFI,https://e-commerce.michelecaroli.com/wso/pages/user/wso0205.jsf?idaa=300126&codart=SO4003&marart=230&seopth=HIFI-FILTRI-SO4003-FILTRO-OLIO-P502225-HIFI
R2073P,SO633,FILTRO OLIO HIFI,https://e-commerce.michelecaroli.com/wso/pages/user/wso0205.jsf?idaa=300350&codart=SO633&marart=230&seopth=HIFI-FILTRI-SO633-FILTRO-OLIO-HIFI
R2072P,51168,FILTRO OLIO,https://e-commerce.michelecaroli.com/wso/pages/user/wso0205.jsf?idaa=368153&codart=51168&marart=218&seopth=WIX-INDUSTRIAL-HD-51168-FILTRO-OLIO
R207,R207,,https://e-commerce.michelecaroli.com/wso/pages/user/wso0205.jsf?idaa=176790&codart=R207&marart=257&seopth=VALEO-FRIZIONI-SPAZZOLE-R207-REGGISPINTA-VW-AUDI-100-76-79
R206VB,51302E,FILTRO OLIO P550052,https://e-commerce.michelecaroli.com/wso/pages/user/wso0205.jsf?idaa=369112&codart=51302E&marart=218&seopth=WIX-INDUSTRIAL-HD-51302E-FILTRO-OLIO-P550052
R2069P,26540153,FILTRO OLIO/OIL FILTER,https://e-commerce.michelecaroli.com/wso/pages/user/wso0205.jsf?idaa=46765&codart=26540153&marart=155&seopth=PERKINS-26540153-FILTRO-OLIO-OIL-FILTER
R2068P,SO599,FILTRO OLIO HIFI,https://e-commerce.michelecaroli.com/wso/pages/user/wso0205.jsf?idaa=300207&codart=SO599&marart=230&seopth=HIFI-FILTRI-SO599-FILTRO-OLIO-HIFI
R2067P,P558462,FILTRO OLIO DONALDSON P55-84 62,https://e-commerce.michelecaroli.com/wso/pages/user/wso0205.jsf?idaa=157189&codart=P558462&marart=227&seopth=DONALDSON-FILTRI-P558462-FILTRO-OLIO-DONALDSON-P55-84-62
R2061P,MD-013,FILTRO OLIO,https://e-commerce.michelecaroli.com/wso/pages/user/wso0205.jsf?idaa=463424&codart=MD-013&marart=ALCO&seopth=ALCO-MD-013-FILTRO-OLIO
R205PD,SO1594,FILTRO OLIO P550183 HIFI,https://e-commerce.michelecaroli.com/wso/pages/user/wso0205.jsf?idaa=300845&codart=SO1594&marart=230&seopth=HIFI-FILTRI-SO1594-FILTRO-OLIO-P550183-HIFI
R205P,SO1594,FILTRO OLIO P550183 HIFI,https://e-commerce.michelecaroli.com/wso/pages/user/wso0205.jsf?idaa=300845&codart=SO1594&marart=230&seopth=HIFI-FILTRI-SO1594-FILTRO-OLIO-P550183-HIFI
R2059PA,MD-067,FILTRO CARB.,https://e-commerce.michelecaroli.com/wso/pages/user/wso0205.jsf?idaa=463455&codart=MD-067&marart=ALCO&seopth=ALCO-MD-067-FILTRO-CARB-
R2059P,MD-067,FILTRO CARB.,https://e-commerce.michelecaroli.com/wso/pages/user/wso0205.jsf?idaa=463455&codart=MD-067&marart=ALCO&seopth=ALCO-MD-067-FILTRO-CARB-
R2059,R2059,,https://e-commerce.michelecaroli.com/wso/pages/user/wso0205.jsf?idaa=265951&codart=R2059&marart=MONR&seopth=MONROE-AMMORTIZZATORI-R2059-OBSOLETO
R2054P,MD-067,FILTRO CARB.,https://e-commerce.michelecaroli.com/wso/pages/user/wso0205.jsf?idaa=463455&codart=MD-067&marart=ALCO&seopth=ALCO-MD-067-FILTRO-CARB-
R2053V,SO633,FILTRO OLIO HIFI,https://e-commerce.michelecaroli.com/wso/pages/user/wso0205.jsf?idaa=300350&codart=SO633&marart=230&seopth=HIFI-FILTRI-SO633-FILTRO-OLIO-HIFI
R2053P,SO633,FILTRO OLIO HIFI,https://e-commerce.michelecaroli.com/wso/pages/user/wso0205.jsf?idaa=300350&codart=SO633&marart=230&seopth=HIFI-FILTRI-SO633-FILTRO-OLIO-HIFI
R2053,R2053,,https://e-commerce.michelecaroli.com/wso/pages/user/wso0205.jsf?idaa=265950&codart=R2053&marart=MONR&seopth=MONROE-AMMORTIZZATORI-R2053-OBSOLETO
R2050P,51010,FILTRO OLIO,https://e-commerce.michelecaroli.com/wso/pages/user/wso0205.jsf?idaa=368066&codart=51010&marart=218&seopth=WIX-INDUSTRIAL-HD-51010-FILTRO-OLIO
R205,R205,,https://e-commerce.michelecaroli.com/wso/pages/user/wso0205.jsf?idaa=176788&codart=R205&marart=257&seopth=VALEO-FRIZIONI-SPAZZOLE-R205-REGGISPINTA-VW-GOLF-1-1-1-3
R205,R205,,https://e-commerce.michelecaroli.com/wso/pages/user/wso0205.jsf?idaa=176788&codart=R205&marart=257&seopth=VALEO-FRIZIONI-SPAZZOLE-R205-REGGISPINTA-VW-GOLF-1-1-1-3
R204V,SO633,FILTRO OLIO HIFI,https://e-commerce.michelecaroli.com/wso/pages/user/wso0205.jsf?idaa=300350&codart=SO633&marart=230&seopth=HIFI-FILTRI-SO633-FILTRO-OLIO-HIFI
R2047P,33112E,FILTRO NAFTA# P550861,https://e-commerce.michelecaroli.com/wso/pages/user/wso0205.jsf?idaa=368986&codart=33112E&marart=218&seopth=WIX-INDUSTRIAL-HD-33112E-FILTRO-NAFTA-P550861
R2045P,33348,FILTRO NAFTA,https://e-commerce.michelecaroli.com/wso/pages/user/wso0205.jsf?idaa=365340&codart=33348&marart=218&seopth=WIX-INDUSTRIAL-HD-33348-FILTRO-NAFTA
R2045,R2045,AMM.ORIGINAL.ANT.AUSTIN MINI(D),https://e-commerce.michelecaroli.com/wso/pages/user/wso0205.jsf?idaa=265948&codart=R2045&marart=MONR&seopth=MONROE-AMMORTIZZATORI-R2045-AMM-ORIGINAL-ANT-AUSTIN-MINI-D-
R2042,20401106BN,MOT.AVV. COMPAT.MERC. TRUCKS,https://e-commerce.michelecaroli.com/wso/pages/user/wso0205.jsf?idaa=389236&codart=20401106BN&marart=REAL&seopth=REAL-MOTORINI-E-ALTERNATORI-20401106BN-MOT-AVV-COMPAT-MERC-TRUCKS
R204,R204,,https://e-commerce.michelecaroli.com/wso/pages/user/wso0205.jsf?idaa=176787&codart=R204&marart=257&seopth=VALEO-FRIZIONI-SPAZZOLE-R204-REGGISPINTA-FRIZ-
R204,R204,,https://e-commerce.michelecaroli.com/wso/pages/user/wso0205.jsf?idaa=176787&codart=R204&marart=257&seopth=VALEO-FRIZIONI-SPAZZOLE-R204-REGGISPINTA-FRIZ-
R2032P,51302E,FILTRO OLIO P550052,https://e-commerce.michelecaroli.com/wso/pages/user/wso0205.jsf?idaa=369112&codart=51302E&marart=218&seopth=WIX-INDUSTRIAL-HD-51302E-FILTRO-OLIO-P550052
R203,R203,,https://e-commerce.michelecaroli.com/wso/pages/user/wso0205.jsf?idaa=176786&codart=R203&marart=257&seopth=VALEO-FRIZIONI-SPAZZOLE-R203-REGGISPINTA-FRIZ-
R203,R203,,https://e-commerce.michelecaroli.com/wso/pages/user/wso0205.jsf?idaa=176786&codart=R203&marart=257&seopth=VALEO-FRIZIONI-SPAZZOLE-R203-REGGISPINTA-FRIZ-
R2022V,51302E,FILTRO OLIO P550052,https://e-commerce.michelecaroli.com/wso/pages/user/wso0205.jsf?idaa=369112&codart=51302E&marart=218&seopth=WIX-INDUSTRIAL-HD-51302E-FILTRO-OLIO-P550052
R2021P,SO4003,FILTRO OLIO P502225 HIFI,https://e-commerce.michelecaroli.com/wso/pages/user/wso0205.jsf?idaa=300126&codart=SO4003&marart=230&seopth=HIFI-FILTRI-SO4003-FILTRO-OLIO-P502225-HIFI
R2019P,51092,FILTRO OLIO,https://e-commerce.michelecaroli.com/wso/pages/user/wso0205.jsf?idaa=368106&codart=51092&marart=218&seopth=WIX-INDUSTRIAL-HD-51092-FILTRO-OLIO
R2019,51092,FILTRO OLIO,https://e-commerce.michelecaroli.com/wso/pages/user/wso0205.jsf?idaa=368106&codart=51092&marart=218&seopth=WIX-INDUSTRIAL-HD-51092-FILTRO-OLIO
R2016L,SO10069,,https://e-commerce.michelecaroli.com/wso/pages/user/wso0205.jsf?idaa=395619&codart=SO10069&marart=230&seopth=HIFI-FILTRI-SO10069-FILTRO-OLIO-P550528-HIFI
R2014,51021E,FILTRO OLIO#,https://e-commerce.michelecaroli.com/wso/pages/user/wso0205.jsf?idaa=369090&codart=51021E&marart=218&seopth=WIX-INDUSTRIAL-HD-51021E-FILTRO-OLIO-
R201,R201,,https://e-commerce.michelecaroli.com/wso/pages/user/wso0205.jsf?idaa=176784&codart=R201&marart=257&seopth=VALEO-FRIZIONI-SPAZZOLE-R201-REGGISPINTA-FRIZ-
R201,R201,,https://e-commerce.michelecaroli.com/wso/pages/user/wso0205.jsf?idaa=176784&codart=R201&marart=257&seopth=VALEO-FRIZIONI-SPAZZOLE-R201-REGGISPINTA-FRIZ-
R2007P,33114,FILTRO NAFTA,https://e-commerce.michelecaroli.com/wso/pages/user/wso0205.jsf?idaa=365831&codart=33114&marart=218&seopth=WIX-INDUSTRIAL-HD-33114-FILTRO-NAFTA
R2006PB,51475,FILTRO OLIO,https://e-commerce.michelecaroli.com/wso/pages/user/wso0205.jsf?idaa=368369&codart=51475&marart=218&seopth=WIX-INDUSTRIAL-HD-51475-FILTRO-OLIO
R2006P,51475,FILTRO OLIO,https://e-commerce.michelecaroli.com/wso/pages/user/wso0205.jsf?idaa=368369&codart=51475&marart=218&seopth=WIX-INDUSTRIAL-HD-51475-FILTRO-OLIO
R2005,33114,FILTRO NAFTA,https://e-commerce.michelecaroli.com/wso/pages/user/wso0205.jsf?idaa=365831&codart=33114&marart=218&seopth=WIX-INDUSTRIAL-HD-33114-FILTRO-NAFTA
R2004P,SN158,FILTRO NAFTA HIFI,https://e-commerce.michelecaroli.com/wso/pages/user/wso0205.jsf?idaa=298904&codart=SN158&marart=230&seopth=HIFI-FILTRI-SN158-FILTRO-NAFTA-HIFI
R2003P,SN158,FILTRO NAFTA HIFI,https://e-commerce.michelecaroli.com/wso/pages/user/wso0205.jsf?idaa=298904&codart=SN158&marart=230&seopth=HIFI-FILTRI-SN158-FILTRO-NAFTA-HIFI
R20,SP-907,FILTRO OLIO,https://e-commerce.michelecaroli.com/wso/pages/user/wso0205.jsf?idaa=466379&codart=SP-907&marart=ALCO&seopth=ALCO-SP-907-FILTRO-OLIO
R20,SP-907,FILTRO OLIO,https://e-commerce.michelecaroli.com/wso/pages/user/wso0205.jsf?idaa=466379&codart=SP-907&marart=ALCO&seopth=ALCO-SP-907-FILTRO-OLIO
R2,P558462,FILTRO OLIO DONALDSON P55-84 62,https://e-commerce.michelecaroli.com/wso/pages/user/wso0205.jsf?idaa=157189&codart=P558462&marart=227&seopth=DONALDSON-FILTRI-P558462-FILTRO-OLIO-DONALDSON-P55-84-62
R1Y,SO553,FILTRO OLIO P550141 HIFI,https://e-commerce.michelecaroli.com/wso/pages/user/wso0205.jsf?idaa=300187&codart=SO553&marart=230&seopth=HIFI-FILTRI-SO553-FILTRO-OLIO-P550141-HIFI
R1X,SO7106,FILTRO OLIO P550170 HIFI,https://e-commerce.michelecaroli.com/wso/pages/user/wso0205.jsf?idaa=301239&codart=SO7106&marart=230&seopth=HIFI-FILTRI-SO7106-FILTRO-OLIO-P550170-HIFI
R1V,SP4464,,https://e-commerce.michelecaroli.com/wso/pages/user/wso0205.jsf?idaa=414708&codart=SP4464&marart=233&seopth=SF-FILTER-SP4464-FILTRO-OLIO
R1U,51049,FILTRO OLIO,https://e-commerce.michelecaroli.com/wso/pages/user/wso0205.jsf?idaa=368078&codart=51049&marart=218&seopth=WIX-INDUSTRIAL-HD-51049-FILTRO-OLIO
R1T,51061,FILTRO OLIO,https://e-commerce.michelecaroli.com/wso/pages/user/wso0205.jsf?idaa=368085&codart=51061&marart=218&seopth=WIX-INDUSTRIAL-HD-51061-FILTRO-OLIO
R1R,51049,FILTRO OLIO,https://e-commerce.michelecaroli.com/wso/pages/user/wso0205.jsf?idaa=368078&codart=51049&marart=218&seopth=WIX-INDUSTRIAL-HD-51049-FILTRO-OLIO
R1M,51076,FILTRO OLIO,https://e-commerce.michelecaroli.com/wso/pages/user/wso0205.jsf?idaa=368095&codart=51076&marart=218&seopth=WIX-INDUSTRIAL-HD-51076-FILTRO-OLIO
R1K,SO553,FILTRO OLIO P550141 HIFI,https://e-commerce.michelecaroli.com/wso/pages/user/wso0205.jsf?idaa=300187&codart=SO553&marart=230&seopth=HIFI-FILTRI-SO553-FILTRO-OLIO-P550141-HIFI
R1H4155H,33112E,FILTRO NAFTA# P550861,https://e-commerce.michelecaroli.com/wso/pages/user/wso0205.jsf?idaa=368986&codart=33112E&marart=218&seopth=WIX-INDUSTRIAL-HD-33112E-FILTRO-NAFTA-P550861
R1H4155,33112E,FILTRO NAFTA# P550861,https://e-commerce.michelecaroli.com/wso/pages/user/wso0205.jsf?idaa=368986&codart=33112E&marart=218&seopth=WIX-INDUSTRIAL-HD-33112E-FILTRO-NAFTA-P550861
R1H4115H,P550349,FILTRO GASOLIO,https://e-commerce.michelecaroli.com/wso/pages/user/wso0205.jsf?idaa=156557&codart=P550349&marart=227&seopth=DONALDSON-FILTRI-P550349-FILTRO-GASOLIO
R1G,P550021,FILTRO OLIO AD IMMERSIONE,https://e-commerce.michelecaroli.com/wso/pages/user/wso0205.jsf?idaa=156394&codart=P550021&marart=227&seopth=DONALDSON-FILTRI-P550021-FILTRO-OLIO-AD-IMMERSIONE
R1F,51475,FILTRO OLIO,https://e-commerce.michelecaroli.com/wso/pages/user/wso0205.jsf?idaa=368369&codart=51475&marart=218&seopth=WIX-INDUSTRIAL-HD-51475-FILTRO-OLIO
R1E,P551014,FILTRO OLIO DONALDSON P55-1014,https://e-commerce.michelecaroli.com/wso/pages/user/wso0205.jsf?idaa=156890&codart=P551014&marart=227&seopth=DONALDSON-FILTRI-P551014-FILTRO-OLIO-DONALDSON-P55-1014
R1D,SO7106,FILTRO OLIO P550170 HIFI,https://e-commerce.michelecaroli.com/wso/pages/user/wso0205.jsf?idaa=301239&codart=SO7106&marart=230&seopth=HIFI-FILTRI-SO7106-FILTRO-OLIO-P550170-HIFI
R1B,51475,FILTRO OLIO,https://e-commerce.michelecaroli.com/wso/pages/user/wso0205.jsf?idaa=368369&codart=51475&marart=218&seopth=WIX-INDUSTRIAL-HD-51475-FILTRO-OLIO
R1AB,51076,FILTRO OLIO,https://e-commerce.michelecaroli.com/wso/pages/user/wso0205.jsf?idaa=368095&codart=51076&marart=218&seopth=WIX-INDUSTRIAL-HD-51076-FILTRO-OLIO
R1A,SO580,FILTRO OLIO P550008# HIFI,https://e-commerce.michelecaroli.com/wso/pages/user/wso0205.jsf?idaa=300199&codart=SO580&marart=230&seopth=HIFI-FILTRI-SO580-FILTRO-OLIO-P550008-HIFI
R199P,SO633,FILTRO OLIO HIFI,https://e-commerce.michelecaroli.com/wso/pages/user/wso0205.jsf?idaa=300350&codart=SO633&marart=230&seopth=HIFI-FILTRI-SO633-FILTRO-OLIO-HIFI
R196,MC0028,REGGISP.LADA,https://e-commerce.michelecaroli.com/wso/pages/user/wso0205.jsf?idaa=470228&codart=MC0028&marart=955&seopth=REGGISPINTA-MCB-MC0028-REGGISP-LADA
R196,MC0028,REGGISP.LADA,https://e-commerce.michelecaroli.com/wso/pages/user/wso0205.jsf?idaa=470228&codart=MC0028&marart=955&seopth=REGGISPINTA-MCB-MC0028-REGGISP-LADA
R195,R195,,https://e-commerce.michelecaroli.com/wso/pages/user/wso0205.jsf?idaa=176783&codart=R195&marart=257&seopth=VALEO-FRIZIONI-SPAZZOLE-R195-OBSOLETO-
R1925199,X004480,"SEAL CLAMP, 3.5 IN 89 MM STAINLESS",https://e-commerce.michelecaroli.com/wso/pages/user/wso0205.jsf?idaa=443363&codart=X004480&marart=227&seopth=DONALDSON-FILTRI-X004480-SEAL-CLAMP-3-5-IN-89-MM-STAINLESS
R192,2654409,FILTRO OLIO/OIL FILTER,https://e-commerce.michelecaroli.com/wso/pages/user/wso0205.jsf?idaa=46780&codart=2654409&marart=155&seopth=PERKINS-2654409-FILTRO-OLIO-OIL-FILTER
R1902490,M070069,SPARK ARRESTOR,https://e-commerce.michelecaroli.com/wso/pages/user/wso0205.jsf?idaa=442870&codart=M070069&marart=227&seopth=DONALDSON-FILTRI-M070069-SPARK-ARRESTOR
R19,51110,FILTRO OLIO,https://e-commerce.michelecaroli.com/wso/pages/user/wso0205.jsf?idaa=368113&codart=51110&marart=218&seopth=WIX-INDUSTRIAL-HD-51110-FILTRO-OLIO
R19,51110,FILTRO OLIO,https://e-commerce.michelecaroli.com/wso/pages/user/wso0205.jsf?idaa=368113&codart=51110&marart=218&seopth=WIX-INDUSTRIAL-HD-51110-FILTRO-OLIO
R18C25CB,R18C25CB,FILTRO IDRAULICO,https://e-commerce.michelecaroli.com/wso/pages/user/wso0205.jsf?idaa=438795&codart=R18C25CB&marart=218&seopth=WIX-INDUSTRIAL-HD-R18C25CB-FILTRO-IDRAULICO
R186,33112E,FILTRO NAFTA# P550861,https://e-commerce.michelecaroli.com/wso/pages/user/wso0205.jsf?idaa=368986&codart=33112E&marart=218&seopth=WIX-INDUSTRIAL-HD-33112E-FILTRO-NAFTA-P550861
R185,P550349,FILTRO GASOLIO,https://e-commerce.michelecaroli.com/wso/pages/user/wso0205.jsf?idaa=156557&codart=P550349&marart=227&seopth=DONALDSON-FILTRI-P550349-FILTRO-GASOLIO
R183,SH56129,FILTRO HYDR. P555603 HIFI,https://e-commerce.michelecaroli.com/wso/pages/user/wso0205.jsf?idaa=294023&codart=SH56129&marart=230&seopth=HIFI-FILTRI-SH56129-FILTRO-HYDR-P555603-HIFI
R18,R18,,https://e-commerce.michelecaroli.com/wso/pages/user/wso0205.jsf?idaa=176781&codart=R18&marart=257&seopth=VALEO-FRIZIONI-SPAZZOLE-R18-REGGISPINTA-PE-204
R18,R18,,https://e-commerce.michelecaroli.com/wso/pages/user/wso0205.jsf?idaa=176781&codart=R18&marart=257&seopth=VALEO-FRIZIONI-SPAZZOLE-R18-REGGISPINTA-PE-204
R179,42290,FILTRO ARIA,https://e-commerce.michelecaroli.com/wso/pages/user/wso0205.jsf?idaa=366434&codart=42290&marart=218&seopth=WIX-INDUSTRIAL-HD-42290-FILTRO-ARIA
R179,42290,FILTRO ARIA,https://e-commerce.michelecaroli.com/wso/pages/user/wso0205.jsf?idaa=366434&codart=42290&marart=218&seopth=WIX-INDUSTRIAL-HD-42290-FILTRO-ARIA
R179,42290,FILTRO ARIA,https://e-commerce.michelecaroli.com/wso/pages/user/wso0205.jsf?idaa=366434&codart=42290&marart=218&seopth=WIX-INDUSTRIAL-HD-42290-FILTRO-ARIA
R177,R177,,https://e-commerce.michelecaroli.com/wso/pages/user/wso0205.jsf?idaa=176780&codart=R177&marart=257&seopth=VALEO-FRIZIONI-SPAZZOLE-R177-REGGISPINTA-FI-126-PANDA-30
R172P,33167E,FILTRO NAFTA# P550060,https://e-commerce.michelecaroli.com/wso/pages/user/wso0205.jsf?idaa=368995&codart=33167E&marart=218&seopth=WIX-INDUSTRIAL-HD-33167E-FILTRO-NAFTA-P550060
R171PA,33080,FILTRO NAFTA esaurito wix,https://e-commerce.michelecaroli.com/wso/pages/user/wso0205.jsf?idaa=365765&codart=33080&marart=218&seopth=WIX-INDUSTRIAL-HD-33080-FILTRO-NAFTA-esaurito-wix
R171P,SO1594,FILTRO OLIO P550183 HIFI,https://e-commerce.michelecaroli.com/wso/pages/user/wso0205.jsf?idaa=300845&codart=SO1594&marart=230&seopth=HIFI-FILTRI-SO1594-FILTRO-OLIO-P550183-HIFI
R171,R171,,https://e-commerce.michelecaroli.com/wso/pages/user/wso0205.jsf?idaa=176779&codart=R171&marart=257&seopth=VALEO-FRIZIONI-SPAZZOLE-R171-REGGISPINTA-VALEO
R171,R171,,https://e-commerce.michelecaroli.com/wso/pages/user/wso0205.jsf?idaa=176779&codart=R171&marart=257&seopth=VALEO-FRIZIONI-SPAZZOLE-R171-REGGISPINTA-VALEO
R171,R171,,https://e-commerce.michelecaroli.com/wso/pages/user/wso0205.jsf?idaa=176779&codart=R171&marart=257&seopth=VALEO-FRIZIONI-SPAZZOLE-R171-REGGISPINTA-VALEO
R16951,R169.51,,https://e-commerce.michelecaroli.com/wso/pages/user/wso0205.jsf?idaa=530059&codart=R169.51&marart=205&seopth=NTN-SNR-CUSCINETTI-R169-51-KIT-CUSC-RUOTA-TOYO-YARIS-TOYO-YA
R16951,R169.51,,https://e-commerce.michelecaroli.com/wso/pages/user/wso0205.jsf?idaa=530059&codart=R169.51&marart=205&seopth=NTN-SNR-CUSCINETTI-R169-51-KIT-CUSC-RUOTA-TOYO-YARIS-TOYO-YA
R168,VKC2051,REGGISP.,https://e-commerce.michelecaroli.com/wso/pages/user/wso0205.jsf?idaa=134129&codart=VKC2051&marart=179&seopth=SKF-CUSCINETTI-AUTO-VKC2051-REGGISP-
R168,VKC2051,REGGISP.,https://e-commerce.michelecaroli.com/wso/pages/user/wso0205.jsf?idaa=134129&codart=VKC2051&marart=179&seopth=SKF-CUSCINETTI-AUTO-VKC2051-REGGISP-
R16756,P182068,FILTRO ARIA DONALDSON P18-2068 OBSOLETO,https://e-commerce.michelecaroli.com/wso/pages/user/wso0205.jsf?idaa=155920&codart=P182068&marart=227&seopth=DONALDSON-FILTRI-P182068-FILTRO-ARIA-DONALDSON-P18-2068
R167,R167,,https://e-commerce.michelecaroli.com/wso/pages/user/wso0205.jsf?idaa=176777&codart=R167&marart=257&seopth=VALEO-FRIZIONI-SPAZZOLE-R167-OBSOLETO-
R167,R167,,https://e-commerce.michelecaroli.com/wso/pages/user/wso0205.jsf?idaa=176777&codart=R167&marart=257&seopth=VALEO-FRIZIONI-SPAZZOLE-R167-OBSOLETO-
R167,R167,,https://e-commerce.michelecaroli.com/wso/pages/user/wso0205.jsf?idaa=176777&codart=R167&marart=257&seopth=VALEO-FRIZIONI-SPAZZOLE-R167-OBSOLETO-
