Code searched,Matched code,Part Category on Michele,Link to Michele product
SC6003,SC6003,FILTRO PANNELLO 325/335X313X8/28,https://e-commerce.michelecaroli.com/wso/pages/user/wso0205.jsf?idaa=292151&codart=SC6003&marart=230&seopth=HIFI-FILTRI-SC6003-FILTRO-PANNELLO-325-335X313X8-28
SC60018CA,SC60018CA,FILTRO PANNELLO 605/625X585X55/65,https://e-commerce.michelecaroli.com/wso/pages/user/wso0205.jsf?idaa=292136&codart=SC60018CA&marart=230&seopth=HIFI-FILTRI-SC60018CA-FILTRO-PANNELLO-605-625X585X55-65
SC60015CAK,SC60015CAK,FILTRO PANNELLO 481/497X285X55/61,https://e-commerce.michelecaroli.com/wso/pages/user/wso0205.jsf?idaa=292132&codart=SC60015CAK&marart=230&seopth=HIFI-FILTRI-SC60015CAK-FILTRO-PANNELLO-481-497X285X55-61
SC60014CAM1,SC60014CAM1,FILTRO PANNELLO,https://e-commerce.michelecaroli.com/wso/pages/user/wso0205.jsf?idaa=399457&codart=SC60014CAM1&marart=230&seopth=HIFI-FILTRI-SC60014CAM1-FILTRO-PANNELLO
SC60007CA,SC60007CA,FILTRO PANNELLO 315/330X240X15/25,https://e-commerce.michelecaroli.com/wso/pages/user/wso0205.jsf?idaa=292122&codart=SC60007CA&marart=230&seopth=HIFI-FILTRI-SC60007CA-FILTRO-PANNELLO-315-330X240X15-25
SC5159,WP6996,"FILTRO ABIT. SKODA FELICIA, PICK-UP",https://e-commerce.michelecaroli.com/wso/pages/user/wso0205.jsf?idaa=144588&codart=WP6996&marart=219&seopth=WIX-AUTO-FILTRI-WP6996-FILTRO-ABIT-SKODA-FELICIA-PICK-UP
SC5110KIT,SC5110KIT,FILTRO PANNELLO,https://e-commerce.michelecaroli.com/wso/pages/user/wso0205.jsf?idaa=292093&codart=SC5110KIT&marart=230&seopth=HIFI-FILTRI-SC5110KIT-FILTRO-PANNELLO
SC5108CA,SC5108CA,FILTRO PANNELLO 275X200/201X27,https://e-commerce.michelecaroli.com/wso/pages/user/wso0205.jsf?idaa=292091&codart=SC5108CA&marart=230&seopth=HIFI-FILTRI-SC5108CA-FILTRO-PANNELLO-275X200-201X27
SC5108,MS-6371,FILTRO ABITACOLO ALCO,https://e-commerce.michelecaroli.com/wso/pages/user/wso0205.jsf?idaa=465646&codart=MS-6371&marart=ALCO&seopth=ALCO-MS-6371-FILTRO-ABITACOLO-ALCO
SC5108,MS-6371,FILTRO ABITACOLO ALCO,https://e-commerce.michelecaroli.com/wso/pages/user/wso0205.jsf?idaa=465646&codart=MS-6371&marart=ALCO&seopth=ALCO-MS-6371-FILTRO-ABITACOLO-ALCO
SC5106CA,SC5106CA,FILTRO PANNELLO 252/278X238X35,https://e-commerce.michelecaroli.com/wso/pages/user/wso0205.jsf?idaa=292088&codart=SC5106CA&marart=230&seopth=HIFI-FILTRI-SC5106CA-FILTRO-PANNELLO-252-278X238X35
SC5106,SC5106,FILTRO PANNELLO,https://e-commerce.michelecaroli.com/wso/pages/user/wso0205.jsf?idaa=292087&codart=SC5106&marart=230&seopth=HIFI-FILTRI-SC5106-FILTRO-PANNELLO
SC5100KITCA,SC5100KITCA,FILTRO PANNELLO 254X132X40,https://e-commerce.michelecaroli.com/wso/pages/user/wso0205.jsf?idaa=292081&codart=SC5100KITCA&marart=230&seopth=HIFI-FILTRI-SC5100KITCA-FILTRO-PANNELLO-254X132X40
SC5093,SC5093,FILTRO PANNELLO 245/267X228X30,https://e-commerce.michelecaroli.com/wso/pages/user/wso0205.jsf?idaa=292075&codart=SC5093&marart=230&seopth=HIFI-FILTRI-SC5093-FILTRO-PANNELLO-245-267X228X30
SC5089,SC5089,,https://e-commerce.michelecaroli.com/wso/pages/user/wso0205.jsf?idaa=292071&codart=SC5089&marart=230&seopth=HIFI-FILTRI-SC5089-FILTRO-PANNELLO
SC5086KITCAB,SC5086KITCAB,,https://e-commerce.michelecaroli.com/wso/pages/user/wso0205.jsf?idaa=399442&codart=SC5086KITCAB&marart=230&seopth=HIFI-FILTRI-SC5086KITCAB-FILTRO-PANNELLO
SC5085,SC5085,,https://e-commerce.michelecaroli.com/wso/pages/user/wso0205.jsf?idaa=292067&codart=SC5085&marart=230&seopth=HIFI-FILTRI-SC5085-FILTRO-PANNELLO
SC5082CA,SC5082CA,FILTRO PANNELLO 347/355X208X33,https://e-commerce.michelecaroli.com/wso/pages/user/wso0205.jsf?idaa=292064&codart=SC5082CA&marart=230&seopth=HIFI-FILTRI-SC5082CA-FILTRO-PANNELLO-347-355X208X33
SC5081CAB,SC5081CAB,FILTRO PANNELLO,https://e-commerce.michelecaroli.com/wso/pages/user/wso0205.jsf?idaa=399441&codart=SC5081CAB&marart=230&seopth=HIFI-FILTRI-SC5081CAB-FILTRO-PANNELLO
SC5080CA,SC5080CA,FILTRO PANNELLO,https://e-commerce.michelecaroli.com/wso/pages/user/wso0205.jsf?idaa=292060&codart=SC5080CA&marart=230&seopth=HIFI-FILTRI-SC5080CA-FILTRO-PANNELLO
SC5080,SC5080,FILTRO PANNELLO,https://e-commerce.michelecaroli.com/wso/pages/user/wso0205.jsf?idaa=292059&codart=SC5080&marart=230&seopth=HIFI-FILTRI-SC5080-FILTRO-PANNELLO
SC5078KITCA,SC5078KITCA,FILTRO PANNELLO 316/322X180X30,https://e-commerce.michelecaroli.com/wso/pages/user/wso0205.jsf?idaa=292057&codart=SC5078KITCA&marart=230&seopth=HIFI-FILTRI-SC5078KITCA-FILTRO-PANNELLO-316-322X180X30
SC5067,SC5067,FILTRO PANNELLO,https://e-commerce.michelecaroli.com/wso/pages/user/wso0205.jsf?idaa=292042&codart=SC5067&marart=230&seopth=HIFI-FILTRI-SC5067-FILTRO-PANNELLO
SC5064CA,SC5064CA,FILTRO PANNELLO,https://e-commerce.michelecaroli.com/wso/pages/user/wso0205.jsf?idaa=292041&codart=SC5064CA&marart=230&seopth=HIFI-FILTRI-SC5064CA-FILTRO-PANNELLO
SC5063CA,SC5063CA,FILTRO PANNELLO 235/260X195X17,https://e-commerce.michelecaroli.com/wso/pages/user/wso0205.jsf?idaa=292039&codart=SC5063CA&marart=230&seopth=HIFI-FILTRI-SC5063CA-FILTRO-PANNELLO-235-260X195X17
SC5063,SC5063,FILTRO PANNELLO,https://e-commerce.michelecaroli.com/wso/pages/user/wso0205.jsf?idaa=292038&codart=SC5063&marart=230&seopth=HIFI-FILTRI-SC5063-FILTRO-PANNELLO
SC5062CA,SC5062CA,FILTRO PANNELLO,https://e-commerce.michelecaroli.com/wso/pages/user/wso0205.jsf?idaa=292037&codart=SC5062CA&marart=230&seopth=HIFI-FILTRI-SC5062CA-FILTRO-PANNELLO
SC5062,SC5062,FILTRO PANNELLO,https://e-commerce.michelecaroli.com/wso/pages/user/wso0205.jsf?idaa=292036&codart=SC5062&marart=230&seopth=HIFI-FILTRI-SC5062-FILTRO-PANNELLO
SC5059CA,SC5059CA,FILTRO PANNELLO,https://e-commerce.michelecaroli.com/wso/pages/user/wso0205.jsf?idaa=292032&codart=SC5059CA&marart=230&seopth=HIFI-FILTRI-SC5059CA-FILTRO-PANNELLO
SC5056CA,SC5056CA,FILTRO PANNELLO,https://e-commerce.michelecaroli.com/wso/pages/user/wso0205.jsf?idaa=292028&codart=SC5056CA&marart=230&seopth=HIFI-FILTRI-SC5056CA-FILTRO-PANNELLO
SC5056,SC5056,FILTRO PANNELLO,https://e-commerce.michelecaroli.com/wso/pages/user/wso0205.jsf?idaa=292027&codart=SC5056&marart=230&seopth=HIFI-FILTRI-SC5056-FILTRO-PANNELLO
SC5052KITCA,SC5052KITCA,FILTRO PANNELLO,https://e-commerce.michelecaroli.com/wso/pages/user/wso0205.jsf?idaa=292022&codart=SC5052KITCA&marart=230&seopth=HIFI-FILTRI-SC5052KITCA-FILTRO-PANNELLO
SC5050CA,SC5050CA,FILTRO PANNELLO,https://e-commerce.michelecaroli.com/wso/pages/user/wso0205.jsf?idaa=292021&codart=SC5050CA&marart=230&seopth=HIFI-FILTRI-SC5050CA-FILTRO-PANNELLO
SC5044KIT,SC5044KIT,FILTRO PANNELLO 269/274X255X30/35,https://e-commerce.michelecaroli.com/wso/pages/user/wso0205.jsf?idaa=292014&codart=SC5044KIT&marart=230&seopth=HIFI-FILTRI-SC5044KIT-FILTRO-PANNELLO-269-274X255X30-35
SC5040KIT,SC5040KIT,FILTRO PANNELLO,https://e-commerce.michelecaroli.com/wso/pages/user/wso0205.jsf?idaa=399438&codart=SC5040KIT&marart=230&seopth=HIFI-FILTRI-SC5040KIT-FILTRO-PANNELLO
SC5035CA,SC5035CA,FILTRO PANNELLO 345X213X19,https://e-commerce.michelecaroli.com/wso/pages/user/wso0205.jsf?idaa=292007&codart=SC5035CA&marart=230&seopth=HIFI-FILTRI-SC5035CA-FILTRO-PANNELLO-345X213X19
SC50332CA,SC50332CA,FILTRO ABIT. HIFI MERCEDES AROCS,https://e-commerce.michelecaroli.com/wso/pages/user/wso0205.jsf?idaa=446650&codart=SC50332CA&marart=230&seopth=HIFI-FILTRI-SC50332CA-FILTRO-ABIT-HIFI-MERCEDES-AROCS
SC50331,SC50331,,https://e-commerce.michelecaroli.com/wso/pages/user/wso0205.jsf?idaa=454346&codart=SC50331&marart=230&seopth=HIFI-FILTRI-SC50331-FILTRO-ABICATOLO-HIFI
SC5032KITCA,SC5032KITCA,FILTRO PANNELLO 254/265X125X30/40,https://e-commerce.michelecaroli.com/wso/pages/user/wso0205.jsf?idaa=399437&codart=SC5032KITCA&marart=230&seopth=HIFI-FILTRI-SC5032KITCA-FILTRO-PANNELLO-254-265X125X30-40
SC50293,SC50293,,https://e-commerce.michelecaroli.com/wso/pages/user/wso0205.jsf?idaa=399435&codart=SC50293&marart=230&seopth=HIFI-FILTRI-SC50293-FILTRO-PANNELLO
SC50285,SC50285,FILTRO PANNELLO 202X143X20,https://e-commerce.michelecaroli.com/wso/pages/user/wso0205.jsf?idaa=399434&codart=SC50285&marart=230&seopth=HIFI-FILTRI-SC50285-FILTRO-PANNELLO-202X143X20
SC50284,SC50284,FILTRO PANNELLO 387/395X85X59/70,https://e-commerce.michelecaroli.com/wso/pages/user/wso0205.jsf?idaa=399433&codart=SC50284&marart=230&seopth=HIFI-FILTRI-SC50284-FILTRO-PANNELLO-387-395X85X59-70
SC50282,SC50282,FILTRO ABITACOLO LIEBHERR,https://e-commerce.michelecaroli.com/wso/pages/user/wso0205.jsf?idaa=535544&codart=SC50282&marart=230&seopth=HIFI-FILTRI-SC50282-FILTRO-ABITACOLO-LIEBHERR
SC50273,SC50273,FILTRO PANNELLO 420X240X20,https://e-commerce.michelecaroli.com/wso/pages/user/wso0205.jsf?idaa=399430&codart=SC50273&marart=230&seopth=HIFI-FILTRI-SC50273-FILTRO-PANNELLO-420X240X20
SC50259,SC50259,FILTRO PANNELLO 268/277X135X18/28,https://e-commerce.michelecaroli.com/wso/pages/user/wso0205.jsf?idaa=399428&codart=SC50259&marart=230&seopth=HIFI-FILTRI-SC50259-FILTRO-PANNELLO-268-277X135X18-28
SC50254,SC50254,FILTRO PANNELLO 219/229X127X31,https://e-commerce.michelecaroli.com/wso/pages/user/wso0205.jsf?idaa=399425&codart=SC50254&marart=230&seopth=HIFI-FILTRI-SC50254-FILTRO-PANNELLO-219-229X127X31
SC50253,SC50253,FILTRO PANNELLO 777X129X49/59,https://e-commerce.michelecaroli.com/wso/pages/user/wso0205.jsf?idaa=291998&codart=SC50253&marart=230&seopth=HIFI-FILTRI-SC50253-FILTRO-PANNELLO-777X129X49-59
SC50250,SC50250,FILTRO PANNELLO 431X134X47/52,https://e-commerce.michelecaroli.com/wso/pages/user/wso0205.jsf?idaa=291997&codart=SC50250&marart=230&seopth=HIFI-FILTRI-SC50250-FILTRO-PANNELLO-431X134X47-52
SC5023,SC5023,FILTRO PANNELLO,https://e-commerce.michelecaroli.com/wso/pages/user/wso0205.jsf?idaa=399418&codart=SC5023&marart=230&seopth=HIFI-FILTRI-SC5023-FILTRO-PANNELLO
SC50215,SC50215,FILTRO PANNELLO 143/158X102X10/20,https://e-commerce.michelecaroli.com/wso/pages/user/wso0205.jsf?idaa=292792&codart=SC50215&marart=230&seopth=HIFI-FILTRI-SC50215-FILTRO-PANNELLO-143-158X102X10-20
SC5021,SC5021,FILTRO PANNELLO,https://e-commerce.michelecaroli.com/wso/pages/user/wso0205.jsf?idaa=292786&codart=SC5021&marart=230&seopth=HIFI-FILTRI-SC5021-FILTRO-PANNELLO
SC50208,SC50208,FILTRO PANNELLO 322X58X31,https://e-commerce.michelecaroli.com/wso/pages/user/wso0205.jsf?idaa=399412&codart=SC50208&marart=230&seopth=HIFI-FILTRI-SC50208-FILTRO-PANNELLO-322X58X31
SC5020,SC5020,FILTRO PANNELLO,https://e-commerce.michelecaroli.com/wso/pages/user/wso0205.jsf?idaa=292778&codart=SC5020&marart=230&seopth=HIFI-FILTRI-SC5020-FILTRO-PANNELLO
SC50197,SC50197,FILTRO PANNELLO 460X205/213X20,https://e-commerce.michelecaroli.com/wso/pages/user/wso0205.jsf?idaa=292776&codart=SC50197&marart=230&seopth=HIFI-FILTRI-SC50197-FILTRO-PANNELLO-460X205-213X20
SC50191,SC50191,FILTRO PANNELLO 1080X181X15,https://e-commerce.michelecaroli.com/wso/pages/user/wso0205.jsf?idaa=399411&codart=SC50191&marart=230&seopth=HIFI-FILTRI-SC50191-FILTRO-PANNELLO-1080X181X15
SC5016,SC5016,FILTRO PANNELLO 220/230X144X24,https://e-commerce.michelecaroli.com/wso/pages/user/wso0205.jsf?idaa=399409&codart=SC5016&marart=230&seopth=HIFI-FILTRI-SC5016-FILTRO-PANNELLO-220-230X144X24
SC50159,SC50159,FILTRO PANNELLO 285X160X16,https://e-commerce.michelecaroli.com/wso/pages/user/wso0205.jsf?idaa=292749&codart=SC50159&marart=230&seopth=HIFI-FILTRI-SC50159-FILTRO-PANNELLO-285X160X16
SC50142,SC50142,FILTRO PANNELLO 535X140X6,https://e-commerce.michelecaroli.com/wso/pages/user/wso0205.jsf?idaa=292734&codart=SC50142&marart=230&seopth=HIFI-FILTRI-SC50142-FILTRO-PANNELLO-535X140X6
SC50140CAM1,SC50140CAM1,,https://e-commerce.michelecaroli.com/wso/pages/user/wso0205.jsf?idaa=399406&codart=SC50140CAM1&marart=230&seopth=HIFI-FILTRI-SC50140CAM1-FILTRO-PANNELLO
SC50130CAM3,SC50130CAM3,FILTRO PANNELLO 279/295X192/210X46,https://e-commerce.michelecaroli.com/wso/pages/user/wso0205.jsf?idaa=292722&codart=SC50130CAM3&marart=230&seopth=HIFI-FILTRI-SC50130CAM3-FILTRO-PANNELLO-279-295X192-210X46
SC50126CAG,SC50126CAG,FILTRO PANNELLO 595X395X100/106,https://e-commerce.michelecaroli.com/wso/pages/user/wso0205.jsf?idaa=292715&codart=SC50126CAG&marart=230&seopth=HIFI-FILTRI-SC50126CAG-FILTRO-PANNELLO-595X395X100-106
SC50124,SC50124,FILTRO PANNELLO 353/365X110X10/20,https://e-commerce.michelecaroli.com/wso/pages/user/wso0205.jsf?idaa=292713&codart=SC50124&marart=230&seopth=HIFI-FILTRI-SC50124-FILTRO-PANNELLO-353-365X110X10-20
SC50119,SC50119,FILTRO PANNELLO 226X78X16,https://e-commerce.michelecaroli.com/wso/pages/user/wso0205.jsf?idaa=292708&codart=SC50119&marart=230&seopth=HIFI-FILTRI-SC50119-FILTRO-PANNELLO-226X78X16
SC5011,WP6810,"FILTRO ABIT. VW. GOLF III ->7/93, V ENTO ->7/93, SE",https://e-commerce.michelecaroli.com/wso/pages/user/wso0205.jsf?idaa=144496&codart=WP6810&marart=219&seopth=WIX-AUTO-FILTRI-WP6810-FILTRO-ABIT-VW-GOLF-III-7-93-V
SC50107,SC50107,FILTRO PANNELLO 277X195X15,https://e-commerce.michelecaroli.com/wso/pages/user/wso0205.jsf?idaa=292697&codart=SC50107&marart=230&seopth=HIFI-FILTRI-SC50107-FILTRO-PANNELLO-277X195X15
SC50106,SC50106,FILTRO PANNELLO 470X230X25,https://e-commerce.michelecaroli.com/wso/pages/user/wso0205.jsf?idaa=292696&codart=SC50106&marart=230&seopth=HIFI-FILTRI-SC50106-FILTRO-PANNELLO-470X230X25
SC50103,SC50103,FILTRO PANNELLO 555X228X40,https://e-commerce.michelecaroli.com/wso/pages/user/wso0205.jsf?idaa=292695&codart=SC50103&marart=230&seopth=HIFI-FILTRI-SC50103-FILTRO-PANNELLO-555X228X40
SC50098,SC50098,FILTRO PANNELLO 440X140X5,https://e-commerce.michelecaroli.com/wso/pages/user/wso0205.jsf?idaa=292690&codart=SC50098&marart=230&seopth=HIFI-FILTRI-SC50098-FILTRO-PANNELLO-440X140X5
SC50095CAG,SC50095CAG,FILTRO PANNELLO 205X205X43/53,https://e-commerce.michelecaroli.com/wso/pages/user/wso0205.jsf?idaa=292689&codart=SC50095CAG&marart=230&seopth=HIFI-FILTRI-SC50095CAG-FILTRO-PANNELLO-205X205X43-53
SC50094KIT,SC50094KIT,FILTRO PANNELLO 1642X150X7,https://e-commerce.michelecaroli.com/wso/pages/user/wso0205.jsf?idaa=399404&codart=SC50094KIT&marart=230&seopth=HIFI-FILTRI-SC50094KIT-FILTRO-PANNELLO-1642X150X7
SC50093KIT,SC50093KIT,FILTRO PANNELLO 1488X150X7,https://e-commerce.michelecaroli.com/wso/pages/user/wso0205.jsf?idaa=399403&codart=SC50093KIT&marart=230&seopth=HIFI-FILTRI-SC50093KIT-FILTRO-PANNELLO-1488X150X7
SC50093KIT,SC50093KIT,FILTRO PANNELLO 1488X150X7,https://e-commerce.michelecaroli.com/wso/pages/user/wso0205.jsf?idaa=399403&codart=SC50093KIT&marart=230&seopth=HIFI-FILTRI-SC50093KIT-FILTRO-PANNELLO-1488X150X7
SC50092,SC50092,FILTRO PANNELLO 420/425X230X40,https://e-commerce.michelecaroli.com/wso/pages/user/wso0205.jsf?idaa=292687&codart=SC50092&marart=230&seopth=HIFI-FILTRI-SC50092-FILTRO-PANNELLO-420-425X230X40
SC50091CA,SC50091CA,FILTRO PANNELLO 500x228x46 mm,https://e-commerce.michelecaroli.com/wso/pages/user/wso0205.jsf?idaa=292686&codart=SC50091CA&marart=230&seopth=HIFI-FILTRI-SC50091CA-FILTRO-PANNELLO-500x228x46-mm
SC50090CA,SC50090CA,FILTRO PANNELLO 525X225X46,https://e-commerce.michelecaroli.com/wso/pages/user/wso0205.jsf?idaa=292685&codart=SC50090CA&marart=230&seopth=HIFI-FILTRI-SC50090CA-FILTRO-PANNELLO-525X225X46
SC5008CA,SC5008CA,,https://e-commerce.michelecaroli.com/wso/pages/user/wso0205.jsf?idaa=292684&codart=SC5008CA&marart=230&seopth=HIFI-FILTRI-SC5008CA-FILTRO-PANNELLO
SC50086,SC50086,FILTRO PANNELLO 267X108X12/18,https://e-commerce.michelecaroli.com/wso/pages/user/wso0205.jsf?idaa=292681&codart=SC50086&marart=230&seopth=HIFI-FILTRI-SC50086-FILTRO-PANNELLO-267X108X12-18
SC50083,SC50083,FILTRO PANNELLO 210X206X25,https://e-commerce.michelecaroli.com/wso/pages/user/wso0205.jsf?idaa=292679&codart=SC50083&marart=230&seopth=HIFI-FILTRI-SC50083-FILTRO-PANNELLO-210X206X25
SC5007CA,SC5007CA,FILTRO PANNELLO 289X224X17,https://e-commerce.michelecaroli.com/wso/pages/user/wso0205.jsf?idaa=292674&codart=SC5007CA&marart=230&seopth=HIFI-FILTRI-SC5007CA-FILTRO-PANNELLO-289X224X17
SC50075,SC50075,FILTRO PANNELLO 315X138X7,https://e-commerce.michelecaroli.com/wso/pages/user/wso0205.jsf?idaa=292669&codart=SC50075&marart=230&seopth=HIFI-FILTRI-SC50075-FILTRO-PANNELLO-315X138X7
SC50075,SC50075,FILTRO PANNELLO 315X138X7,https://e-commerce.michelecaroli.com/wso/pages/user/wso0205.jsf?idaa=292669&codart=SC50075&marart=230&seopth=HIFI-FILTRI-SC50075-FILTRO-PANNELLO-315X138X7
SC50058,SC50058,FILTRO PANNELLO 450X220X55,https://e-commerce.michelecaroli.com/wso/pages/user/wso0205.jsf?idaa=291869&codart=SC50058&marart=230&seopth=HIFI-FILTRI-SC50058-FILTRO-PANNELLO-450X220X55
SC50057,SC90128CAG,FILTRO PANNELLO 380X130X47,https://e-commerce.michelecaroli.com/wso/pages/user/wso0205.jsf?idaa=293567&codart=SC90128CAG&marart=230&seopth=HIFI-FILTRI-SC90128CAG-FILTRO-PANNELLO-380X130X47
SC50049CA,SC50049CA,FILTRO PANNELLO 442/445X190X30,https://e-commerce.michelecaroli.com/wso/pages/user/wso0205.jsf?idaa=291861&codart=SC50049CA&marart=230&seopth=HIFI-FILTRI-SC50049CA-FILTRO-PANNELLO-442-445X190X30
SC50049CA,SC50049CA,FILTRO PANNELLO 442/445X190X30,https://e-commerce.michelecaroli.com/wso/pages/user/wso0205.jsf?idaa=291861&codart=SC50049CA&marart=230&seopth=HIFI-FILTRI-SC50049CA-FILTRO-PANNELLO-442-445X190X30
SC50039CA,SC50039CA,FILTRO PANNELLO 360X158X40,https://e-commerce.michelecaroli.com/wso/pages/user/wso0205.jsf?idaa=291851&codart=SC50039CA&marart=230&seopth=HIFI-FILTRI-SC50039CA-FILTRO-PANNELLO-360X158X40
SC50031,SC50031,FILTRO PANNELLO 360X215X55,https://e-commerce.michelecaroli.com/wso/pages/user/wso0205.jsf?idaa=291844&codart=SC50031&marart=230&seopth=HIFI-FILTRI-SC50031-FILTRO-PANNELLO-360X215X55
SC50022CA,SC50022CA,FILTRO PANNELLO 390/410X120X48/58,https://e-commerce.michelecaroli.com/wso/pages/user/wso0205.jsf?idaa=291833&codart=SC50022CA&marart=230&seopth=HIFI-FILTRI-SC50022CA-FILTRO-PANNELLO-390-410X120X48-58
SC50017CA,SC50017CA,FILTRO PANNELLO 378/393X150X25/40,https://e-commerce.michelecaroli.com/wso/pages/user/wso0205.jsf?idaa=399399&codart=SC50017CA&marart=230&seopth=HIFI-FILTRI-SC50017CA-FILTRO-PANNELLO-378-393X150X25-40
SC50008CA,SC50008CA,FILTRO PANNELLO 545/555X76X58/70,https://e-commerce.michelecaroli.com/wso/pages/user/wso0205.jsf?idaa=291812&codart=SC50008CA&marart=230&seopth=HIFI-FILTRI-SC50008CA-FILTRO-PANNELLO-545-555X76X58-70
SC50006,SC50006,FILTRO PANNELLO,https://e-commerce.michelecaroli.com/wso/pages/user/wso0205.jsf?idaa=291808&codart=SC50006&marart=230&seopth=HIFI-FILTRI-SC50006-FILTRO-PANNELLO
SC50002,SC50002,FILTRO PANNELLO,https://e-commerce.michelecaroli.com/wso/pages/user/wso0205.jsf?idaa=291805&codart=SC50002&marart=230&seopth=HIFI-FILTRI-SC50002-FILTRO-PANNELLO
SC50000,SC50000,FILTRO PANNELLO,https://e-commerce.michelecaroli.com/wso/pages/user/wso0205.jsf?idaa=291803&codart=SC50000&marart=230&seopth=HIFI-FILTRI-SC50000-FILTRO-PANNELLO
SC4081KITCA,SC4081KITCA,FILTRO PANNELLO,https://e-commerce.michelecaroli.com/wso/pages/user/wso0205.jsf?idaa=507930&codart=SC4081KITCA&marart=230&seopth=HIFI-FILTRI-SC4081KITCA-FILTRO-PANNELLO
SC4078,53.389.00,,https://e-commerce.michelecaroli.com/wso/pages/user/wso0205.jsf?idaa=444008&codart=53.389.00&marart=224&seopth=UFI-SOFIMA-FILTRI-53-389-00-FILTRO-ABITACOLO
SC4075CA,SC4075CA,FILTRO PANNELLO,https://e-commerce.michelecaroli.com/wso/pages/user/wso0205.jsf?idaa=399394&codart=SC4075CA&marart=230&seopth=HIFI-FILTRI-SC4075CA-FILTRO-PANNELLO
SC4072KIT,SC4072KIT,FILTRO PANNELLO,https://e-commerce.michelecaroli.com/wso/pages/user/wso0205.jsf?idaa=291800&codart=SC4072KIT&marart=230&seopth=HIFI-FILTRI-SC4072KIT-FILTRO-PANNELLO
SC4068,53.188.00,FILTRO,https://e-commerce.michelecaroli.com/wso/pages/user/wso0205.jsf?idaa=370014&codart=53.188.00&marart=224&seopth=UFI-SOFIMA-FILTRI-53-188-00-FILTRO
SC4065,SC4065,FILTRO PANNELLO,https://e-commerce.michelecaroli.com/wso/pages/user/wso0205.jsf?idaa=291796&codart=SC4065&marart=230&seopth=HIFI-FILTRI-SC4065-FILTRO-PANNELLO
SC4060KITCA,SC4060KITCA,FILTRO PANNELLO,https://e-commerce.michelecaroli.com/wso/pages/user/wso0205.jsf?idaa=291791&codart=SC4060KITCA&marart=230&seopth=HIFI-FILTRI-SC4060KITCA-FILTRO-PANNELLO
SC4058KITCA,SC4058KITCA,FILTRO PANNELLO,https://e-commerce.michelecaroli.com/wso/pages/user/wso0205.jsf?idaa=291789&codart=SC4058KITCA&marart=230&seopth=HIFI-FILTRI-SC4058KITCA-FILTRO-PANNELLO
SC4053KIT,SC4053KIT,FILTRO PANNELLO,https://e-commerce.michelecaroli.com/wso/pages/user/wso0205.jsf?idaa=291781&codart=SC4053KIT&marart=230&seopth=HIFI-FILTRI-SC4053KIT-FILTRO-PANNELLO
SC4052,SC4052,FILTRO PANNELLO,https://e-commerce.michelecaroli.com/wso/pages/user/wso0205.jsf?idaa=291779&codart=SC4052&marart=230&seopth=HIFI-FILTRI-SC4052-FILTRO-PANNELLO
SC4050,SC4050,FILTRO PANNELLO,https://e-commerce.michelecaroli.com/wso/pages/user/wso0205.jsf?idaa=291777&codart=SC4050&marart=230&seopth=HIFI-FILTRI-SC4050-FILTRO-PANNELLO
SC4047CA,SC4047CA,FILTRO PANNELLO,https://e-commerce.michelecaroli.com/wso/pages/user/wso0205.jsf?idaa=399389&codart=SC4047CA&marart=230&seopth=HIFI-FILTRI-SC4047CA-FILTRO-PANNELLO
SC4047,SC4047,FILTRO PANNELLO,https://e-commerce.michelecaroli.com/wso/pages/user/wso0205.jsf?idaa=291776&codart=SC4047&marart=230&seopth=HIFI-FILTRI-SC4047-FILTRO-PANNELLO
SC4044,SC4044,FILTRO PANNELLO 370/382X152X30/48 M M.,https://e-commerce.michelecaroli.com/wso/pages/user/wso0205.jsf?idaa=291772&codart=SC4044&marart=230&seopth=HIFI-FILTRI-SC4044-FILTRO-PANNELLO-370-382X152X30-48-M
SC4041,SC4041,FILTRO PANNELLO,https://e-commerce.michelecaroli.com/wso/pages/user/wso0205.jsf?idaa=291768&codart=SC4041&marart=230&seopth=HIFI-FILTRI-SC4041-FILTRO-PANNELLO
SC4040,SC4040,FILTRO PANNELLO,https://e-commerce.michelecaroli.com/wso/pages/user/wso0205.jsf?idaa=291767&codart=SC4040&marart=230&seopth=HIFI-FILTRI-SC4040-FILTRO-PANNELLO
SC4033,SC4033,FILTRO PANNELLO,https://e-commerce.michelecaroli.com/wso/pages/user/wso0205.jsf?idaa=291762&codart=SC4033&marart=230&seopth=HIFI-FILTRI-SC4033-FILTRO-PANNELLO
SC4032CA,SC4032CA,FILTRO PANNELLO,https://e-commerce.michelecaroli.com/wso/pages/user/wso0205.jsf?idaa=291761&codart=SC4032CA&marart=230&seopth=HIFI-FILTRI-SC4032CA-FILTRO-PANNELLO
SC4030CA,SC4030CA,FILTRO PANNELLO,https://e-commerce.michelecaroli.com/wso/pages/user/wso0205.jsf?idaa=291760&codart=SC4030CA&marart=230&seopth=HIFI-FILTRI-SC4030CA-FILTRO-PANNELLO
SC4030,SC4030,FILTRO PANNELLO,https://e-commerce.michelecaroli.com/wso/pages/user/wso0205.jsf?idaa=291759&codart=SC4030&marart=230&seopth=HIFI-FILTRI-SC4030-FILTRO-PANNELLO
SC4021,SC4021,FILTRO PANNELLO,https://e-commerce.michelecaroli.com/wso/pages/user/wso0205.jsf?idaa=291746&codart=SC4021&marart=230&seopth=HIFI-FILTRI-SC4021-FILTRO-PANNELLO
SC4020,SC4020,FILTRO PANNELLO,https://e-commerce.michelecaroli.com/wso/pages/user/wso0205.jsf?idaa=399386&codart=SC4020&marart=230&seopth=HIFI-FILTRI-SC4020-FILTRO-PANNELLO
SC4016,SC4016,FILTRO PANNELLO,https://e-commerce.michelecaroli.com/wso/pages/user/wso0205.jsf?idaa=291742&codart=SC4016&marart=230&seopth=HIFI-FILTRI-SC4016-FILTRO-PANNELLO
SC40131,SC40131,FILTRO PANNELLO 392X159X53,https://e-commerce.michelecaroli.com/wso/pages/user/wso0205.jsf?idaa=399385&codart=SC40131&marart=230&seopth=HIFI-FILTRI-SC40131-FILTRO-PANNELLO-392X159X53
SC40111CAG4,SC40111CAG4,FILTRO PANNELLO 500X100X109/120,https://e-commerce.michelecaroli.com/wso/pages/user/wso0205.jsf?idaa=399381&codart=SC40111CAG4&marart=230&seopth=HIFI-FILTRI-SC40111CAG4-FILTRO-PANNELLO-500X100X109-120
SC40105,SC40105,FILTRO PANNELLO 450X120X19,https://e-commerce.michelecaroli.com/wso/pages/user/wso0205.jsf?idaa=399378&codart=SC40105&marart=230&seopth=HIFI-FILTRI-SC40105-FILTRO-PANNELLO-450X120X19
SC40099CAG4,SC40099CAG4,FILTRO PANNELLO 480X127X111/120,https://e-commerce.michelecaroli.com/wso/pages/user/wso0205.jsf?idaa=399377&codart=SC40099CAG4&marart=230&seopth=HIFI-FILTRI-SC40099CAG4-FILTRO-PANNELLO-480X127X111-120
SC40096,SC40096,FILTRO PANNELLO 210X145X20,https://e-commerce.michelecaroli.com/wso/pages/user/wso0205.jsf?idaa=291737&codart=SC40096&marart=230&seopth=HIFI-FILTRI-SC40096-FILTRO-PANNELLO-210X145X20
SC4007CA,SC4007CA,FILTRO PANNELLO 220X195X20,https://e-commerce.michelecaroli.com/wso/pages/user/wso0205.jsf?idaa=291729&codart=SC4007CA&marart=230&seopth=HIFI-FILTRI-SC4007CA-FILTRO-PANNELLO-220X195X20
SC40072,SC40072,FILTRO PANNELLO 401X200/205X20,https://e-commerce.michelecaroli.com/wso/pages/user/wso0205.jsf?idaa=399376&codart=SC40072&marart=230&seopth=HIFI-FILTRI-SC40072-FILTRO-PANNELLO-401X200-205X20
SC4006CA,SC4006CA,FILTRO PANNELLO 415/450X178X30,https://e-commerce.michelecaroli.com/wso/pages/user/wso0205.jsf?idaa=291724&codart=SC4006CA&marart=230&seopth=HIFI-FILTRI-SC4006CA-FILTRO-PANNELLO-415-450X178X30
SC40058,SC40058,FILTRO PANNELLO 328X130X30,https://e-commerce.michelecaroli.com/wso/pages/user/wso0205.jsf?idaa=291712&codart=SC40058&marart=230&seopth=HIFI-FILTRI-SC40058-FILTRO-PANNELLO-328X130X30
SC40018,SC40018,FILTRO PANNELLO 500X130X50/55,https://e-commerce.michelecaroli.com/wso/pages/user/wso0205.jsf?idaa=291689&codart=SC40018&marart=230&seopth=HIFI-FILTRI-SC40018-FILTRO-PANNELLO-500X130X50-55
SC33366CAG,SC33366CAG,FILTRO ABITACOLO HIFI,https://e-commerce.michelecaroli.com/wso/pages/user/wso0205.jsf?idaa=508373&codart=SC33366CAG&marart=230&seopth=HIFI-FILTRI-SC33366CAG-FILTRO-ABITACOLO-HIFI
SC1873014,92096E,,https://e-commerce.michelecaroli.com/wso/pages/user/wso0205.jsf?idaa=369230&codart=92096E&marart=218&seopth=WIX-INDUSTRIAL-HD-92096E-FILTRO-OLIO
SC17814CA,SC17814CA,FILTRO PANNELLO 450/475X126X45/57,https://e-commerce.michelecaroli.com/wso/pages/user/wso0205.jsf?idaa=291658&codart=SC17814CA&marart=230&seopth=HIFI-FILTRI-SC17814CA-FILTRO-PANNELLO-450-475X126X45-57
SC17683,SC17683,FILTRO PANNELLO 470/490X174/186X48,https://e-commerce.michelecaroli.com/wso/pages/user/wso0205.jsf?idaa=291655&codart=SC17683&marart=230&seopth=HIFI-FILTRI-SC17683-FILTRO-PANNELLO-470-490X174-186X48
SC17189,SC17189,FILTRO PANNELLO 560X100X55,https://e-commerce.michelecaroli.com/wso/pages/user/wso0205.jsf?idaa=291649&codart=SC17189&marart=230&seopth=HIFI-FILTRI-SC17189-FILTRO-PANNELLO-560X100X55
SC17176CA,SC17176CA,FILTRO PANNELLO 230X187X69,https://e-commerce.michelecaroli.com/wso/pages/user/wso0205.jsf?idaa=291645&codart=SC17176CA&marart=230&seopth=HIFI-FILTRI-SC17176CA-FILTRO-PANNELLO-230X187X69
SC17109CA,SC17109CA,FILTRO PANNELLO,https://e-commerce.michelecaroli.com/wso/pages/user/wso0205.jsf?idaa=424435&codart=SC17109CA&marart=230&seopth=HIFI-FILTRI-SC17109CA-FILTRO-PANNELLO
SC17082CAG,SC17082CAG,,https://e-commerce.michelecaroli.com/wso/pages/user/wso0205.jsf?idaa=291630&codart=SC17082CAG&marart=230&seopth=HIFI-FILTRI-SC17082CAG-FILTRO-PANNELLO
SC17082CA,SC17082CA,FILTRO PANNELLO 465/485X82X100,https://e-commerce.michelecaroli.com/wso/pages/user/wso0205.jsf?idaa=291629&codart=SC17082CA&marart=230&seopth=HIFI-FILTRI-SC17082CA-FILTRO-PANNELLO-465-485X82X100
SC16522,SC-16522,,https://e-commerce.michelecaroli.com/wso/pages/user/wso0205.jsf?idaa=153922&codart=SC-16522&marart=226&seopth=FILTRI-VIRGIS-SC-16522-FILTRO-ARIA
SC16290,SC-16290,,https://e-commerce.michelecaroli.com/wso/pages/user/wso0205.jsf?idaa=153921&codart=SC-16290&marart=226&seopth=FILTRI-VIRGIS-SC-16290-FILTRO-ARIA
SC16065,SC16065,FILTRO PANNELLO,https://e-commerce.michelecaroli.com/wso/pages/user/wso0205.jsf?idaa=291612&codart=SC16065&marart=230&seopth=HIFI-FILTRI-SC16065-FILTRO-PANNELLO
SC16032CA,SC16032CA,FILTRO PANNELLO 210/227X180X28/40,https://e-commerce.michelecaroli.com/wso/pages/user/wso0205.jsf?idaa=291609&codart=SC16032CA&marart=230&seopth=HIFI-FILTRI-SC16032CA-FILTRO-PANNELLO-210-227X180X28-40
SC15681,SC-15681,,https://e-commerce.michelecaroli.com/wso/pages/user/wso0205.jsf?idaa=153920&codart=SC-15681&marart=226&seopth=FILTRI-VIRGIS-SC-15681-FILTRO-ARIA
SC14558CA,SC14558CA,FILTRO PANNELLO 178X258X48,https://e-commerce.michelecaroli.com/wso/pages/user/wso0205.jsf?idaa=291607&codart=SC14558CA&marart=230&seopth=HIFI-FILTRI-SC14558CA-FILTRO-PANNELLO-178X258X48
SC1413357,SC14-13357,,https://e-commerce.michelecaroli.com/wso/pages/user/wso0205.jsf?idaa=153932&codart=SC14-13357&marart=226&seopth=FILTRI-VIRGIS-SC14-13357-FILTRO-ARIA
SC1412254,SC14-12254,,https://e-commerce.michelecaroli.com/wso/pages/user/wso0205.jsf?idaa=153931&codart=SC14-12254&marart=226&seopth=FILTRI-VIRGIS-SC14-12254-FILTRO-ARIA
SC13636,SA17298,FILTRO ARIA HIFI EST SA16299 SICU REZZA,https://e-commerce.michelecaroli.com/wso/pages/user/wso0205.jsf?idaa=289632&codart=SA17298&marart=230&seopth=HIFI-FILTRI-SA17298-FILTRO-ARIA-HIFI-EST-SA16299-SICU
SC1117285,95043E,FILTRO NAFTA P550628,https://e-commerce.michelecaroli.com/wso/pages/user/wso0205.jsf?idaa=369643&codart=95043E&marart=218&seopth=WIX-INDUSTRIAL-HD-95043E-FILTRO-NAFTA-P550628
SC1011317,SC10-11317,,https://e-commerce.michelecaroli.com/wso/pages/user/wso0205.jsf?idaa=153927&codart=SC10-11317&marart=226&seopth=FILTRI-VIRGIS-SC10-11317-FILTRO-ARIA
SC0811253,SC08-11253,,https://e-commerce.michelecaroli.com/wso/pages/user/wso0205.jsf?idaa=153926&codart=SC08-11253&marart=226&seopth=FILTRI-VIRGIS-SC08-11253-FILTRO-ARIA
SC0611252,SC06-11252,,https://e-commerce.michelecaroli.com/wso/pages/user/wso0205.jsf?idaa=153924&codart=SC06-11252&marart=226&seopth=FILTRI-VIRGIS-SC06-11252-FILTRO-ARIA
SBY7045,SBY7045,,https://e-commerce.michelecaroli.com/wso/pages/user/wso0205.jsf?idaa=409078&codart=SBY7045&marart=233&seopth=SF-FILTER-SBY7045-FILTRO-ARIA-PER-COMPRESSORI
SBY7044,SBY7044,,https://e-commerce.michelecaroli.com/wso/pages/user/wso0205.jsf?idaa=409077&codart=SBY7044&marart=233&seopth=SF-FILTER-SBY7044-oil-filter
SBY7043,SBY7043,,https://e-commerce.michelecaroli.com/wso/pages/user/wso0205.jsf?idaa=409076&codart=SBY7043&marart=233&seopth=SF-FILTER-SBY7043-oil-filter
SBY7040,SBY7040,,https://e-commerce.michelecaroli.com/wso/pages/user/wso0205.jsf?idaa=409075&codart=SBY7040&marart=233&seopth=SF-FILTER-SBY7040-oil-filter
SBY7032,SBY7032,,https://e-commerce.michelecaroli.com/wso/pages/user/wso0205.jsf?idaa=409074&codart=SBY7032&marart=233&seopth=SF-FILTER-SBY7032-oil-filter
SBY7032,SBY7032,,https://e-commerce.michelecaroli.com/wso/pages/user/wso0205.jsf?idaa=409074&codart=SBY7032&marart=233&seopth=SF-FILTER-SBY7032-oil-filter
SBY7030,SBY7030,,https://e-commerce.michelecaroli.com/wso/pages/user/wso0205.jsf?idaa=409073&codart=SBY7030&marart=233&seopth=SF-FILTER-SBY7030-oil-filter
SBL88089,SAO6217,FILTRO AEREAZ. MOTORE HIFI,https://e-commerce.michelecaroli.com/wso/pages/user/wso0205.jsf?idaa=399355&codart=SAO6217&marart=230&seopth=HIFI-FILTRI-SAO6217-FILTRO-AEREAZ-MOTORE-HIFI
SBL88078,SBL88078,,https://e-commerce.michelecaroli.com/wso/pages/user/wso0205.jsf?idaa=409067&codart=SBL88078&marart=233&seopth=SF-FILTER-SBL88078-ventilation-filter
SBL88076,SBL88076,,https://e-commerce.michelecaroli.com/wso/pages/user/wso0205.jsf?idaa=409065&codart=SBL88076&marart=233&seopth=SF-FILTER-SBL88076-ventilation-filter
SBL88070,SBL88070,,https://e-commerce.michelecaroli.com/wso/pages/user/wso0205.jsf?idaa=409060&codart=SBL88070&marart=233&seopth=SF-FILTER-SBL88070-ventilation-filter
SBL88067,SBL88067,,https://e-commerce.michelecaroli.com/wso/pages/user/wso0205.jsf?idaa=409059&codart=SBL88067&marart=233&seopth=SF-FILTER-SBL88067-ventilation-filter
SBL88065,SBL88065,,https://e-commerce.michelecaroli.com/wso/pages/user/wso0205.jsf?idaa=409058&codart=SBL88065&marart=233&seopth=SF-FILTER-SBL88065-ventilation-filter
SBL88054,SBL88054,,https://e-commerce.michelecaroli.com/wso/pages/user/wso0205.jsf?idaa=409052&codart=SBL88054&marart=233&seopth=SF-FILTER-SBL88054-ventilation-filter
SBL88053,SBL88053,,https://e-commerce.michelecaroli.com/wso/pages/user/wso0205.jsf?idaa=409051&codart=SBL88053&marart=233&seopth=SF-FILTER-SBL88053-ventilation-filter
SBL88053,SBL88053,,https://e-commerce.michelecaroli.com/wso/pages/user/wso0205.jsf?idaa=409051&codart=SBL88053&marart=233&seopth=SF-FILTER-SBL88053-ventilation-filter
SBL88051,3524146,FILTRO SFIATO,https://e-commerce.michelecaroli.com/wso/pages/user/wso0205.jsf?idaa=51578&codart=3524146&marart=155&seopth=PERKINS-3524146-FILTRO-SFIATO
SBL88047,SAO16888,FILTRO HIFI,https://e-commerce.michelecaroli.com/wso/pages/user/wso0205.jsf?idaa=486300&codart=SAO16888&marart=230&seopth=HIFI-FILTRI-SAO16888-FILTRO-HIFI
SBL88046,SBL88046,,https://e-commerce.michelecaroli.com/wso/pages/user/wso0205.jsf?idaa=409048&codart=SBL88046&marart=233&seopth=SF-FILTER-SBL88046-ventilation-filter
SBL88039,SAO7100,FILTRO AEREAZ. MOTORE HIFI,https://e-commerce.michelecaroli.com/wso/pages/user/wso0205.jsf?idaa=291590&codart=SAO7100&marart=230&seopth=HIFI-FILTRI-SAO7100-FILTRO-AEREAZ-MOTORE-HIFI
SBL88035,SBL88035,,https://e-commerce.michelecaroli.com/wso/pages/user/wso0205.jsf?idaa=409041&codart=SBL88035&marart=233&seopth=SF-FILTER-SBL88035-ventilation-filter
SBL88035,SBL88035,,https://e-commerce.michelecaroli.com/wso/pages/user/wso0205.jsf?idaa=409041&codart=SBL88035&marart=233&seopth=SF-FILTER-SBL88035-ventilation-filter
SBL88034,SBL88034,,https://e-commerce.michelecaroli.com/wso/pages/user/wso0205.jsf?idaa=409040&codart=SBL88034&marart=233&seopth=SF-FILTER-SBL88034-ventilation-filter
SBL88034,SBL88034,,https://e-commerce.michelecaroli.com/wso/pages/user/wso0205.jsf?idaa=409040&codart=SBL88034&marart=233&seopth=SF-FILTER-SBL88034-ventilation-filter
SBL88033,SBL88033,,https://e-commerce.michelecaroli.com/wso/pages/user/wso0205.jsf?idaa=409039&codart=SBL88033&marart=233&seopth=SF-FILTER-SBL88033-ventilation-filter
SBL88030,SBL88030,,https://e-commerce.michelecaroli.com/wso/pages/user/wso0205.jsf?idaa=409037&codart=SBL88030&marart=233&seopth=SF-FILTER-SBL88030-ventilation-filter
SBL88017,SBL88017,,https://e-commerce.michelecaroli.com/wso/pages/user/wso0205.jsf?idaa=409031&codart=SBL88017&marart=233&seopth=SF-FILTER-SBL88017-ventilation-filter
SBL88008,SBL88008,,https://e-commerce.michelecaroli.com/wso/pages/user/wso0205.jsf?idaa=409025&codart=SBL88008&marart=233&seopth=SF-FILTER-SBL88008-ventilation-filter
SBL88008,SBL88008,,https://e-commerce.michelecaroli.com/wso/pages/user/wso0205.jsf?idaa=409025&codart=SBL88008&marart=233&seopth=SF-FILTER-SBL88008-ventilation-filter
SBL8768,SBL8768,,https://e-commerce.michelecaroli.com/wso/pages/user/wso0205.jsf?idaa=409021&codart=SBL8768&marart=233&seopth=SF-FILTER-SBL8768-ventilation-filter
SBL8768,SBL8768,,https://e-commerce.michelecaroli.com/wso/pages/user/wso0205.jsf?idaa=409021&codart=SBL8768&marart=233&seopth=SF-FILTER-SBL8768-ventilation-filter
SBL26050,SBL26050,,https://e-commerce.michelecaroli.com/wso/pages/user/wso0205.jsf?idaa=409017&codart=SBL26050&marart=233&seopth=SF-FILTER-SBL26050-ventilation-filter
SBL24190,SBL24190,,https://e-commerce.michelecaroli.com/wso/pages/user/wso0205.jsf?idaa=409012&codart=SBL24190&marart=233&seopth=SF-FILTER-SBL24190-ventilation-filter
SBL23206,SBL23206,,https://e-commerce.michelecaroli.com/wso/pages/user/wso0205.jsf?idaa=409011&codart=SBL23206&marart=233&seopth=SF-FILTER-SBL23206-ventilation-filter
SBL23203,SBL23203,,https://e-commerce.michelecaroli.com/wso/pages/user/wso0205.jsf?idaa=409008&codart=SBL23203&marart=233&seopth=SF-FILTER-SBL23203-ventilation-filter
SBL23203,SBL23203,,https://e-commerce.michelecaroli.com/wso/pages/user/wso0205.jsf?idaa=409008&codart=SBL23203&marart=233&seopth=SF-FILTER-SBL23203-ventilation-filter
SBL23202,SBL23202,,https://e-commerce.michelecaroli.com/wso/pages/user/wso0205.jsf?idaa=409007&codart=SBL23202&marart=233&seopth=SF-FILTER-SBL23202-ventilation-filter
SBL23202,SBL23202,,https://e-commerce.michelecaroli.com/wso/pages/user/wso0205.jsf?idaa=409007&codart=SBL23202&marart=233&seopth=SF-FILTER-SBL23202-ventilation-filter
SBL23012,SH55005,FILTRO HYDR. HIFI,https://e-commerce.michelecaroli.com/wso/pages/user/wso0205.jsf?idaa=293901&codart=SH55005&marart=230&seopth=HIFI-FILTRI-SH55005-FILTRO-HYDR-HIFI
SBL23008,SBL23008,,https://e-commerce.michelecaroli.com/wso/pages/user/wso0205.jsf?idaa=409004&codart=SBL23008&marart=233&seopth=SF-FILTER-SBL23008-ventilation-filter
SBL23007,P763758,FILTRO HYDR.DONALDSON P76 3758,https://e-commerce.michelecaroli.com/wso/pages/user/wso0205.jsf?idaa=157547&codart=P763758&marart=227&seopth=DONALDSON-FILTRI-P763758-FILTRO-HYDR-DONALDSON-P76-3758
SBL23006,SH63711,FILTRO HYDR. P171604 HIFI,https://e-commerce.michelecaroli.com/wso/pages/user/wso0205.jsf?idaa=295516&codart=SH63711&marart=230&seopth=HIFI-FILTRI-SH63711-FILTRO-HYDR-P171604-HIFI
SBL23004,SBL23004,,https://e-commerce.michelecaroli.com/wso/pages/user/wso0205.jsf?idaa=409002&codart=SBL23004&marart=233&seopth=SF-FILTER-SBL23004-ventilation-filter
SBL23004,SBL23004,,https://e-commerce.michelecaroli.com/wso/pages/user/wso0205.jsf?idaa=409002&codart=SBL23004&marart=233&seopth=SF-FILTER-SBL23004-ventilation-filter
SBL21203,SBL21203,,https://e-commerce.michelecaroli.com/wso/pages/user/wso0205.jsf?idaa=409000&codart=SBL21203&marart=233&seopth=SF-FILTER-SBL21203-ventilation-filter
SBL21203,SBL21203,,https://e-commerce.michelecaroli.com/wso/pages/user/wso0205.jsf?idaa=409000&codart=SBL21203&marart=233&seopth=SF-FILTER-SBL21203-ventilation-filter
SBL21202,SBL21202,,https://e-commerce.michelecaroli.com/wso/pages/user/wso0205.jsf?idaa=408999&codart=SBL21202&marart=233&seopth=SF-FILTER-SBL21202-ventilation-filter
SBL21201,SBL21201,,https://e-commerce.michelecaroli.com/wso/pages/user/wso0205.jsf?idaa=408998&codart=SBL21201&marart=233&seopth=SF-FILTER-SBL21201-ventilation-filter
SBL21201,SBL21201,,https://e-commerce.michelecaroli.com/wso/pages/user/wso0205.jsf?idaa=408998&codart=SBL21201&marart=233&seopth=SF-FILTER-SBL21201-ventilation-filter
SBL20148,SBL20148,,https://e-commerce.michelecaroli.com/wso/pages/user/wso0205.jsf?idaa=408997&codart=SBL20148&marart=233&seopth=SF-FILTER-SBL20148-ventilation-filter
SBL19503,SBL19503,,https://e-commerce.michelecaroli.com/wso/pages/user/wso0205.jsf?idaa=408994&codart=SBL19503&marart=233&seopth=SF-FILTER-SBL19503-ventilation-filter
SBL18708,SBL18708,,https://e-commerce.michelecaroli.com/wso/pages/user/wso0205.jsf?idaa=408987&codart=SBL18708&marart=233&seopth=SF-FILTER-SBL18708-ventilation-filter
SBL187051,SBL18705/1,,https://e-commerce.michelecaroli.com/wso/pages/user/wso0205.jsf?idaa=408985&codart=SBL18705%2F1&marart=233&seopth=SF-FILTER-SBL18705-1-ventilation-filter
SBL187051,SBL18705/1,,https://e-commerce.michelecaroli.com/wso/pages/user/wso0205.jsf?idaa=408985&codart=SBL18705%2F1&marart=233&seopth=SF-FILTER-SBL18705-1-ventilation-filter
