Code searched,Matched code,Part Category on Michele,Link to Michele product
LSF5014,23.303.00,FILTRO OLIO UFI 23.303.00,https://e-commerce.michelecaroli.com/wso/pages/user/wso0205.jsf?idaa=148795&codart=23.303.00&marart=UFIHD&seopth=UFI-HD-23-303-00-FILTRO-OLIO-UFI-23-303-00
LSF5005,23.305.00,FILTRO OLIO UFI 23.305.00,https://e-commerce.michelecaroli.com/wso/pages/user/wso0205.jsf?idaa=148796&codart=23.305.00&marart=UFIHD&seopth=UFI-HD-23-305-00-FILTRO-OLIO-UFI-23-305-00
LSF5003,WL7074,FILTRO OLIO FORDKA-FIESTA-FOCUS,https://e-commerce.michelecaroli.com/wso/pages/user/wso0205.jsf?idaa=143482&codart=WL7074&marart=219&seopth=WIX-AUTO-FILTRI-WL7074-FILTRO-OLIO-FORDKA-FIESTA-FOCUS
LSF5001,23.108.01,FILTRO OLIO UFI P553411 ex.codice 23.108.00,https://e-commerce.michelecaroli.com/wso/pages/user/wso0205.jsf?idaa=149348&codart=23.108.01&marart=UFIHD&seopth=UFI-HD-23-108-01-FILTRO-OLIO-UFI-P553411
LSF5001,23.108.01,FILTRO OLIO UFI P553411 ex.codice 23.108.00,https://e-commerce.michelecaroli.com/wso/pages/user/wso0205.jsf?idaa=149348&codart=23.108.01&marart=UFIHD&seopth=UFI-HD-23-108-01-FILTRO-OLIO-UFI-P553411
LSB5110,2654403-ATS,FILTRO OLIO/OIL FILTER# PERKINS,https://e-commerce.michelecaroli.com/wso/pages/user/wso0205.jsf?idaa=485766&codart=2654403-ATS&marart=156&seopth=ATS-RICAMBI-PERKINS-CC-2654403-ATS-FILTRO-OLIO-OIL-FILTER-PERKINS
LSB5095,51802,FILTRO OLIO,https://e-commerce.michelecaroli.com/wso/pages/user/wso0205.jsf?idaa=368641&codart=51802&marart=218&seopth=WIX-INDUSTRIAL-HD-51802-FILTRO-OLIO
LSB5035,51802,FILTRO OLIO,https://e-commerce.michelecaroli.com/wso/pages/user/wso0205.jsf?idaa=368641&codart=51802&marart=218&seopth=WIX-INDUSTRIAL-HD-51802-FILTRO-OLIO
LS908,T9337,FILTRO OLIO P502022 HIFI,https://e-commerce.michelecaroli.com/wso/pages/user/wso0205.jsf?idaa=395367&codart=T9337&marart=230&seopth=HIFI-FILTRI-T9337-FILTRO-OLIO-P502022-HIFI
LS880A,SO9020,FILTRO OLIO HIFI,https://e-commerce.michelecaroli.com/wso/pages/user/wso0205.jsf?idaa=301469&codart=SO9020&marart=230&seopth=HIFI-FILTRI-SO9020-FILTRO-OLIO-HIFI
LS871A,23.438.00,FILTRO OLIO UFI 23.438.00,https://e-commerce.michelecaroli.com/wso/pages/user/wso0205.jsf?idaa=148818&codart=23.438.00&marart=224&seopth=UFI-SOFIMA-FILTRI-23-438-00-FILTRO-OLIO-UFI-23-438-00
LS868,23.313.00,FILTRO OLIO UFI 23.313.00,https://e-commerce.michelecaroli.com/wso/pages/user/wso0205.jsf?idaa=148798&codart=23.313.00&marart=224&seopth=UFI-SOFIMA-FILTRI-23-313-00-FILTRO-OLIO-UFI-23-313-00
LS845,SO3333,FILTRO OLIO P551670# HIFI,https://e-commerce.michelecaroli.com/wso/pages/user/wso0205.jsf?idaa=300892&codart=SO3333&marart=230&seopth=HIFI-FILTRI-SO3333-FILTRO-OLIO-P551670-HIFI
LS844,51095E,FILTRO OLIO P550341,https://e-commerce.michelecaroli.com/wso/pages/user/wso0205.jsf?idaa=369105&codart=51095E&marart=218&seopth=WIX-INDUSTRIAL-HD-51095E-FILTRO-OLIO-P550341
LS842,P550777,FILTRO@OLIO DONALDSON conf.6,https://e-commerce.michelecaroli.com/wso/pages/user/wso0205.jsf?idaa=156797&codart=P550777&marart=227&seopth=DONALDSON-FILTRI-P550777-FILTRO-OLIO-DONALDSON-conf-6
LS842,P550777,FILTRO@OLIO DONALDSON conf.6,https://e-commerce.michelecaroli.com/wso/pages/user/wso0205.jsf?idaa=156797&codart=P550777&marart=227&seopth=DONALDSON-FILTRI-P550777-FILTRO-OLIO-DONALDSON-conf-6
LS834,T9337,FILTRO OLIO P502022 HIFI,https://e-commerce.michelecaroli.com/wso/pages/user/wso0205.jsf?idaa=395367&codart=T9337&marart=230&seopth=HIFI-FILTRI-T9337-FILTRO-OLIO-P502022-HIFI
LS834,T9337,FILTRO OLIO P502022 HIFI,https://e-commerce.michelecaroli.com/wso/pages/user/wso0205.jsf?idaa=395367&codart=T9337&marart=230&seopth=HIFI-FILTRI-T9337-FILTRO-OLIO-P502022-HIFI
LS818,T6730,FILTRO OLIO P550067 HIFI,https://e-commerce.michelecaroli.com/wso/pages/user/wso0205.jsf?idaa=395343&codart=T6730&marart=230&seopth=HIFI-FILTRI-T6730-FILTRO-OLIO-P550067-HIFI
LS818,T6730,FILTRO OLIO P550067 HIFI,https://e-commerce.michelecaroli.com/wso/pages/user/wso0205.jsf?idaa=395343&codart=T6730&marart=230&seopth=HIFI-FILTRI-T6730-FILTRO-OLIO-P550067-HIFI
LS817,51627,FILTRO OLIO,https://e-commerce.michelecaroli.com/wso/pages/user/wso0205.jsf?idaa=368500&codart=51627&marart=218&seopth=WIX-INDUSTRIAL-HD-51627-FILTRO-OLIO
LS816,T6730,FILTRO OLIO P550067 HIFI,https://e-commerce.michelecaroli.com/wso/pages/user/wso0205.jsf?idaa=395343&codart=T6730&marart=230&seopth=HIFI-FILTRI-T6730-FILTRO-OLIO-P550067-HIFI
LS815,SO3333,FILTRO OLIO P551670# HIFI,https://e-commerce.michelecaroli.com/wso/pages/user/wso0205.jsf?idaa=300892&codart=SO3333&marart=230&seopth=HIFI-FILTRI-SO3333-FILTRO-OLIO-P551670-HIFI
LS812,23.257.00,FILTRO OLIO UFI 23.257.00,https://e-commerce.michelecaroli.com/wso/pages/user/wso0205.jsf?idaa=149476&codart=23.257.00&marart=224&seopth=UFI-SOFIMA-FILTRI-23-257-00-FILTRO-OLIO-UFI-23-257-00
LS812,23.257.00,FILTRO OLIO UFI 23.257.00,https://e-commerce.michelecaroli.com/wso/pages/user/wso0205.jsf?idaa=149476&codart=23.257.00&marart=224&seopth=UFI-SOFIMA-FILTRI-23-257-00-FILTRO-OLIO-UFI-23-257-00
LS805,SP4464,,https://e-commerce.michelecaroli.com/wso/pages/user/wso0205.jsf?idaa=414708&codart=SP4464&marart=233&seopth=SF-FILTER-SP4464-FILTRO-OLIO
LS793,SO470,FILTRO OLIO HIFI,https://e-commerce.michelecaroli.com/wso/pages/user/wso0205.jsf?idaa=300156&codart=SO470&marart=230&seopth=HIFI-FILTRI-SO470-FILTRO-OLIO-HIFI
LS785,SO3404,FILTRO OLIO HIFI,https://e-commerce.michelecaroli.com/wso/pages/user/wso0205.jsf?idaa=300919&codart=SO3404&marart=230&seopth=HIFI-FILTRI-SO3404-FILTRO-OLIO-HIFI
LS775,SP-907,FILTRO OLIO,https://e-commerce.michelecaroli.com/wso/pages/user/wso0205.jsf?idaa=466379&codart=SP-907&marart=ALCO&seopth=ALCO-SP-907-FILTRO-OLIO
LS774,51773,FILTRO OLIO,https://e-commerce.michelecaroli.com/wso/pages/user/wso0205.jsf?idaa=368617&codart=51773&marart=218&seopth=WIX-INDUSTRIAL-HD-51773-FILTRO-OLIO
LS767,SP-856,FILTRO OLIO ALCO,https://e-commerce.michelecaroli.com/wso/pages/user/wso0205.jsf?idaa=466345&codart=SP-856&marart=ALCO&seopth=ALCO-SP-856-FILTRO-OLIO-ALCO
LS731,P502020,"LUBE FILTER, SPIN-ON FULL FLOW",https://e-commerce.michelecaroli.com/wso/pages/user/wso0205.jsf?idaa=441443&codart=P502020&marart=227&seopth=DONALDSON-FILTRI-P502020-LUBE-FILTER-SPIN-ON-FULL-FLOW
LS713,T6720,FILTRO OLIO P550078 HIFI,https://e-commerce.michelecaroli.com/wso/pages/user/wso0205.jsf?idaa=395341&codart=T6720&marart=230&seopth=HIFI-FILTRI-T6720-FILTRO-OLIO-P550078-HIFI
LS713,T6720,FILTRO OLIO P550078 HIFI,https://e-commerce.michelecaroli.com/wso/pages/user/wso0205.jsf?idaa=395341&codart=T6720&marart=230&seopth=HIFI-FILTRI-T6720-FILTRO-OLIO-P550078-HIFI
LS712C,SO040,FILTRO OLIO P553771# HIFI,https://e-commerce.michelecaroli.com/wso/pages/user/wso0205.jsf?idaa=300659&codart=SO040&marart=230&seopth=HIFI-FILTRI-SO040-FILTRO-OLIO-P553771-HIFI
LS712C,SO040,FILTRO OLIO P553771# HIFI,https://e-commerce.michelecaroli.com/wso/pages/user/wso0205.jsf?idaa=300659&codart=SO040&marart=230&seopth=HIFI-FILTRI-SO040-FILTRO-OLIO-P553771-HIFI
LS712,SO040,FILTRO OLIO P553771# HIFI,https://e-commerce.michelecaroli.com/wso/pages/user/wso0205.jsf?idaa=300659&codart=SO040&marart=230&seopth=HIFI-FILTRI-SO040-FILTRO-OLIO-P553771-HIFI
LS712,SO040,FILTRO OLIO P553771# HIFI,https://e-commerce.michelecaroli.com/wso/pages/user/wso0205.jsf?idaa=300659&codart=SO040&marart=230&seopth=HIFI-FILTRI-SO040-FILTRO-OLIO-P553771-HIFI
LS705,SO8000,FILTRO OLIO HIFI,https://e-commerce.michelecaroli.com/wso/pages/user/wso0205.jsf?idaa=301383&codart=SO8000&marart=230&seopth=HIFI-FILTRI-SO8000-FILTRO-OLIO-HIFI
LS705,SO8000,FILTRO OLIO HIFI,https://e-commerce.michelecaroli.com/wso/pages/user/wso0205.jsf?idaa=301383&codart=SO8000&marart=230&seopth=HIFI-FILTRI-SO8000-FILTRO-OLIO-HIFI
LS583,SO4154,FILTRO OLIO P550362 HIFI,https://e-commerce.michelecaroli.com/wso/pages/user/wso0205.jsf?idaa=300144&codart=SO4154&marart=230&seopth=HIFI-FILTRI-SO4154-FILTRO-OLIO-P550362-HIFI
LS581,SP-856,FILTRO OLIO ALCO,https://e-commerce.michelecaroli.com/wso/pages/user/wso0205.jsf?idaa=466345&codart=SP-856&marart=ALCO&seopth=ALCO-SP-856-FILTRO-OLIO-ALCO
LS506,SO060,FILTRO OLIO P551784 HIFI,https://e-commerce.michelecaroli.com/wso/pages/user/wso0205.jsf?idaa=300665&codart=SO060&marart=230&seopth=HIFI-FILTRI-SO060-FILTRO-OLIO-P551784-HIFI
LS504,P502020,"LUBE FILTER, SPIN-ON FULL FLOW",https://e-commerce.michelecaroli.com/wso/pages/user/wso0205.jsf?idaa=441443&codart=P502020&marart=227&seopth=DONALDSON-FILTRI-P502020-LUBE-FILTER-SPIN-ON-FULL-FLOW
LS504,P502020,"LUBE FILTER, SPIN-ON FULL FLOW",https://e-commerce.michelecaroli.com/wso/pages/user/wso0205.jsf?idaa=441443&codart=P502020&marart=227&seopth=DONALDSON-FILTRI-P502020-LUBE-FILTER-SPIN-ON-FULL-FLOW
LS503,1R0659,,https://e-commerce.michelecaroli.com/wso/pages/user/wso0205.jsf?idaa=146663&codart=1R0659&marart=222&seopth=FILTRI-VARI-1R0659-FILTRO-OLIO-CAT
LS497B,SO040,FILTRO OLIO P553771# HIFI,https://e-commerce.michelecaroli.com/wso/pages/user/wso0205.jsf?idaa=300659&codart=SO040&marart=230&seopth=HIFI-FILTRI-SO040-FILTRO-OLIO-P553771-HIFI
LS490A,T8306,,https://e-commerce.michelecaroli.com/wso/pages/user/wso0205.jsf?idaa=395364&codart=T8306&marart=230&seopth=HIFI-FILTRI-T8306-FILTRO-OLIO-HIFI
LS490A,T8306,,https://e-commerce.michelecaroli.com/wso/pages/user/wso0205.jsf?idaa=395364&codart=T8306&marart=230&seopth=HIFI-FILTRI-T8306-FILTRO-OLIO-HIFI
LS489A,SP-934,FILTRO OLIO,https://e-commerce.michelecaroli.com/wso/pages/user/wso0205.jsf?idaa=466400&codart=SP-934&marart=ALCO&seopth=ALCO-SP-934-FILTRO-OLIO
LS489,SO8000,FILTRO OLIO HIFI,https://e-commerce.michelecaroli.com/wso/pages/user/wso0205.jsf?idaa=301383&codart=SO8000&marart=230&seopth=HIFI-FILTRI-SO8000-FILTRO-OLIO-HIFI
LS479C,92130E,,https://e-commerce.michelecaroli.com/wso/pages/user/wso0205.jsf?idaa=369255&codart=92130E&marart=218&seopth=WIX-INDUSTRIAL-HD-92130E-FILTRO-OLIO-P550317
LS479C,92130E,,https://e-commerce.michelecaroli.com/wso/pages/user/wso0205.jsf?idaa=369255&codart=92130E&marart=218&seopth=WIX-INDUSTRIAL-HD-92130E-FILTRO-OLIO-P550317
LS479B,92130E,,https://e-commerce.michelecaroli.com/wso/pages/user/wso0205.jsf?idaa=369255&codart=92130E&marart=218&seopth=WIX-INDUSTRIAL-HD-92130E-FILTRO-OLIO-P550317
LS4798,SO040,FILTRO OLIO P553771# HIFI,https://e-commerce.michelecaroli.com/wso/pages/user/wso0205.jsf?idaa=300659&codart=SO040&marart=230&seopth=HIFI-FILTRI-SO040-FILTRO-OLIO-P553771-HIFI
LS479,SO040,FILTRO OLIO P553771# HIFI,https://e-commerce.michelecaroli.com/wso/pages/user/wso0205.jsf?idaa=300659&codart=SO040&marart=230&seopth=HIFI-FILTRI-SO040-FILTRO-OLIO-P553771-HIFI
LS462,P550173,FILTRO OLIO ATTUALE P550935,https://e-commerce.michelecaroli.com/wso/pages/user/wso0205.jsf?idaa=156489&codart=P550173&marart=227&seopth=DONALDSON-FILTRI-P550173-FILTRO-OLIO-ATTUALE-P550935
LS460,T8204,FILTRO OLIO P502051 HIFI,https://e-commerce.michelecaroli.com/wso/pages/user/wso0205.jsf?idaa=395356&codart=T8204&marart=230&seopth=HIFI-FILTRI-T8204-FILTRO-OLIO-P502051-HIFI
LS459,P552471,FILTRO OLIO,https://e-commerce.michelecaroli.com/wso/pages/user/wso0205.jsf?idaa=311988&codart=P552471&marart=227&seopth=DONALDSON-FILTRI-P552471-FILTRO-OLIO
LS453,2654403-ATS,FILTRO OLIO/OIL FILTER# PERKINS,https://e-commerce.michelecaroli.com/wso/pages/user/wso0205.jsf?idaa=485766&codart=2654403-ATS&marart=156&seopth=ATS-RICAMBI-PERKINS-CC-2654403-ATS-FILTRO-OLIO-OIL-FILTER-PERKINS
LS427A,SP-856,FILTRO OLIO ALCO,https://e-commerce.michelecaroli.com/wso/pages/user/wso0205.jsf?idaa=466345&codart=SP-856&marart=ALCO&seopth=ALCO-SP-856-FILTRO-OLIO-ALCO
LS427,SP-856,FILTRO OLIO ALCO,https://e-commerce.michelecaroli.com/wso/pages/user/wso0205.jsf?idaa=466345&codart=SP-856&marart=ALCO&seopth=ALCO-SP-856-FILTRO-OLIO-ALCO
LS410C,P550095,FILTRO OLIO DONALDSON P55-0095 OBSO LETO,https://e-commerce.michelecaroli.com/wso/pages/user/wso0205.jsf?idaa=156453&codart=P550095&marart=227&seopth=DONALDSON-FILTRI-P550095-FILTRO-OLIO-DONALDSON-P55-0095-OBSO
LS410A,P550095,FILTRO OLIO DONALDSON P55-0095 OBSO LETO,https://e-commerce.michelecaroli.com/wso/pages/user/wso0205.jsf?idaa=156453&codart=P550095&marart=227&seopth=DONALDSON-FILTRI-P550095-FILTRO-OLIO-DONALDSON-P55-0095-OBSO
LS410,P550095,FILTRO OLIO DONALDSON P55-0095 OBSO LETO,https://e-commerce.michelecaroli.com/wso/pages/user/wso0205.jsf?idaa=156453&codart=P550095&marart=227&seopth=DONALDSON-FILTRI-P550095-FILTRO-OLIO-DONALDSON-P55-0095-OBSO
LS285,23.267.00,FILTRO OLIO UFI 23.267.00,https://e-commerce.michelecaroli.com/wso/pages/user/wso0205.jsf?idaa=149486&codart=23.267.00&marart=224&seopth=UFI-SOFIMA-FILTRI-23-267-00-FILTRO-OLIO-UFI-23-267-00
LS255,23.291.00,FILTRO OLIO UFI 23.291.00 nuovo codice 23.436.00,https://e-commerce.michelecaroli.com/wso/pages/user/wso0205.jsf?idaa=149506&codart=23.291.00&marart=224&seopth=UFI-SOFIMA-FILTRI-23-291-00-FILTRO-OLIO-UFI-23-291-00
LS223,SO9013,FILTRO OLIO HIFI,https://e-commerce.michelecaroli.com/wso/pages/user/wso0205.jsf?idaa=301462&codart=SO9013&marart=230&seopth=HIFI-FILTRI-SO9013-FILTRO-OLIO-HIFI
LS199,51036,FILTRO OLIO P550051,https://e-commerce.michelecaroli.com/wso/pages/user/wso0205.jsf?idaa=368073&codart=51036&marart=218&seopth=WIX-INDUSTRIAL-HD-51036-FILTRO-OLIO-P550051
LS188B,SO128,FILTRO OLIO P502107 HIFI,https://e-commerce.michelecaroli.com/wso/pages/user/wso0205.jsf?idaa=300834&codart=SO128&marart=230&seopth=HIFI-FILTRI-SO128-FILTRO-OLIO-P502107-HIFI
LS187,SO8000,FILTRO OLIO HIFI,https://e-commerce.michelecaroli.com/wso/pages/user/wso0205.jsf?idaa=301383&codart=SO8000&marart=230&seopth=HIFI-FILTRI-SO8000-FILTRO-OLIO-HIFI
LS168,SO014,FILTRO OLIO HIFI,https://e-commerce.michelecaroli.com/wso/pages/user/wso0205.jsf?idaa=300658&codart=SO014&marart=230&seopth=HIFI-FILTRI-SO014-FILTRO-OLIO-HIFI
LS165,SO580,FILTRO OLIO P550008# HIFI,https://e-commerce.michelecaroli.com/wso/pages/user/wso0205.jsf?idaa=300199&codart=SO580&marart=230&seopth=HIFI-FILTRI-SO580-FILTRO-OLIO-P550008-HIFI
LS154A,51773,FILTRO OLIO,https://e-commerce.michelecaroli.com/wso/pages/user/wso0205.jsf?idaa=368617&codart=51773&marart=218&seopth=WIX-INDUSTRIAL-HD-51773-FILTRO-OLIO
LS144,SO580,FILTRO OLIO P550008# HIFI,https://e-commerce.michelecaroli.com/wso/pages/user/wso0205.jsf?idaa=300199&codart=SO580&marart=230&seopth=HIFI-FILTRI-SO580-FILTRO-OLIO-P550008-HIFI
LS144,SO580,FILTRO OLIO P550008# HIFI,https://e-commerce.michelecaroli.com/wso/pages/user/wso0205.jsf?idaa=300199&codart=SO580&marart=230&seopth=HIFI-FILTRI-SO580-FILTRO-OLIO-P550008-HIFI
LS127,51340,FILTRO OLIO,https://e-commerce.michelecaroli.com/wso/pages/user/wso0205.jsf?idaa=368268&codart=51340&marart=218&seopth=WIX-INDUSTRIAL-HD-51340-FILTRO-OLIO
LS11P00014S003,SA16121,FILTRO ARIA P777869 HIFI SICUREZZA ABBINATO CON SA16417,https://e-commerce.michelecaroli.com/wso/pages/user/wso0205.jsf?idaa=289090&codart=SA16121&marart=230&seopth=HIFI-FILTRI-SA16121-FILTRO-ARIA-P777869-HIFI-SICUREZZA
LS11P00014S002,P608885,FILTRO ARIA DONALDSON P60-8885,https://e-commerce.michelecaroli.com/wso/pages/user/wso0205.jsf?idaa=157387&codart=P608885&marart=227&seopth=DONALDSON-FILTRI-P608885-FILTRO-ARIA-DONALDSON-P60-8885
LS02P01012S002F,SN25033,FILTRO NAFTA HIFI,https://e-commerce.michelecaroli.com/wso/pages/user/wso0205.jsf?idaa=299818&codart=SN25033&marart=230&seopth=HIFI-FILTRI-SN25033-FILTRO-NAFTA-HIFI
LS02P01012S002,SN25033,FILTRO NAFTA HIFI,https://e-commerce.michelecaroli.com/wso/pages/user/wso0205.jsf?idaa=299818&codart=SN25033&marart=230&seopth=HIFI-FILTRI-SN25033-FILTRO-NAFTA-HIFI
LS02P000011,P550065,FILTRO OLIO AD IMMERSIONE,https://e-commerce.michelecaroli.com/wso/pages/user/wso0205.jsf?idaa=156427&codart=P550065&marart=227&seopth=DONALDSON-FILTRI-P550065-FILTRO-OLIO-AD-IMMERSIONE
LRC639321399,H000606,RAIN CAP DONALDSON GAH00-0606,https://e-commerce.michelecaroli.com/wso/pages/user/wso0205.jsf?idaa=154170&codart=H000606&marart=227&seopth=DONALDSON-FILTRI-H000606-RAIN-CAP-DONALDSON-GAH00-0606
LR500,92126E,,https://e-commerce.michelecaroli.com/wso/pages/user/wso0205.jsf?idaa=369252&codart=92126E&marart=218&seopth=WIX-INDUSTRIAL-HD-92126E-FILTRO-OLIO
LR30,SH56129,FILTRO HYDR. P555603 HIFI,https://e-commerce.michelecaroli.com/wso/pages/user/wso0205.jsf?idaa=294023&codart=SH56129&marart=230&seopth=HIFI-FILTRI-SH56129-FILTRO-HYDR-P555603-HIFI
LR137,51468,FILTRO IDRAULICO,https://e-commerce.michelecaroli.com/wso/pages/user/wso0205.jsf?idaa=368363&codart=51468&marart=218&seopth=WIX-INDUSTRIAL-HD-51468-FILTRO-IDRAULICO
LR135,51404,FILTRO IDRAULICO,https://e-commerce.michelecaroli.com/wso/pages/user/wso0205.jsf?idaa=368309&codart=51404&marart=218&seopth=WIX-INDUSTRIAL-HD-51404-FILTRO-IDRAULICO
LR12,51242,FILTRO OLIO,https://e-commerce.michelecaroli.com/wso/pages/user/wso0205.jsf?idaa=368202&codart=51242&marart=218&seopth=WIX-INDUSTRIAL-HD-51242-FILTRO-OLIO
LR11,1R0659,,https://e-commerce.michelecaroli.com/wso/pages/user/wso0205.jsf?idaa=146663&codart=1R0659&marart=222&seopth=FILTRI-VARI-1R0659-FILTRO-OLIO-CAT
LR109,P550186,FILTRO OLIO AD IMMERSIONE,https://e-commerce.michelecaroli.com/wso/pages/user/wso0205.jsf?idaa=156496&codart=P550186&marart=227&seopth=DONALDSON-FILTRI-P550186-FILTRO-OLIO-AD-IMMERSIONE
LR00143560,SBH1,FILTRO NAFTA DIAM.10/10 MM DIAM EST. 44/49 MM ALT. 57/95 MM,https://e-commerce.michelecaroli.com/wso/pages/user/wso0205.jsf?idaa=291594&codart=SBH1&marart=230&seopth=HIFI-FILTRI-SBH1-FILTRO-NAFTA-DIAM-10-10-MM
LQ11PU0001S002,49448,FILTRO ARIA,https://e-commerce.michelecaroli.com/wso/pages/user/wso0205.jsf?idaa=367925&codart=49448&marart=218&seopth=WIX-INDUSTRIAL-HD-49448-FILTRO-ARIA
LPP33183,SAEP011003,,https://e-commerce.michelecaroli.com/wso/pages/user/wso0205.jsf?idaa=438563&codart=SAEP011003&marart=230&seopth=HIFI-FILTRI-SAEP011003-FILTRO
LPP33181,46569E,FILTRO ARIA# P775302,https://e-commerce.michelecaroli.com/wso/pages/user/wso0205.jsf?idaa=369066&codart=46569E&marart=218&seopth=WIX-INDUSTRIAL-HD-46569E-FILTRO-ARIA-P775302
LPP33142,SAHB0108P002,,https://e-commerce.michelecaroli.com/wso/pages/user/wso0205.jsf?idaa=438613&codart=SAHB0108P002&marart=230&seopth=HIFI-FILTRI-SAHB0108P002-FILTRO
LPP32697,M085207,"MUFFLER, ROUND STYLE 5",https://e-commerce.michelecaroli.com/wso/pages/user/wso0205.jsf?idaa=442882&codart=M085207&marart=227&seopth=DONALDSON-FILTRI-M085207-MUFFLER-ROUND-STYLE-5
LPP2485,X002352,INDICATORE DONALDSON X00-2352,https://e-commerce.michelecaroli.com/wso/pages/user/wso0205.jsf?idaa=158302&codart=X002352&marart=227&seopth=DONALDSON-FILTRI-X002352-INDICATORE-DONALDSON-X00-2352
LPP21497,P112803,VALVOLA D'EVACUAZIONE DIAM.76,https://e-commerce.michelecaroli.com/wso/pages/user/wso0205.jsf?idaa=154572&codart=P112803&marart=227&seopth=DONALDSON-FILTRI-P112803-VALVOLA-D-EVACUAZIONE-DIAM-76
LPP21485,X002352,INDICATORE DONALDSON X00-2352,https://e-commerce.michelecaroli.com/wso/pages/user/wso0205.jsf?idaa=158302&codart=X002352&marart=227&seopth=DONALDSON-FILTRI-X002352-INDICATORE-DONALDSON-X00-2352
LPP20342,P103198,VALVOLA D'EVACUAZIONE DIAM.76,https://e-commerce.michelecaroli.com/wso/pages/user/wso0205.jsf?idaa=154520&codart=P103198&marart=227&seopth=DONALDSON-FILTRI-P103198-VALVOLA-D-EVACUAZIONE-DIAM-76
LPP19476,P182045,,https://e-commerce.michelecaroli.com/wso/pages/user/wso0205.jsf?idaa=155911&codart=P182045&marart=227&seopth=DONALDSON-FILTRI-P182045-FILTRO-ARIA-SOSTITUITO-DA-P181045
