Code searched,Matched code,Part Category on Michele,Link to Michele product
LX451,SA14687,FILTRO ARIA HIFI,https://e-commerce.michelecaroli.com/wso/pages/user/wso0205.jsf?idaa=399012&codart=SA14687&marart=230&seopth=HIFI-FILTRI-SA14687-FILTRO-ARIA-HIFI
LX380,SC50244,FILTRO PANNELLO 179X177X40/50,https://e-commerce.michelecaroli.com/wso/pages/user/wso0205.jsf?idaa=291995&codart=SC50244&marart=230&seopth=HIFI-FILTRI-SC50244-FILTRO-PANNELLO-179X177X40-50
LX378,SA13551,FILTRO ARIA HIFI,https://e-commerce.michelecaroli.com/wso/pages/user/wso0205.jsf?idaa=288817&codart=SA13551&marart=230&seopth=HIFI-FILTRI-SA13551-FILTRO-ARIA-HIFI
LX37,SA11790,FILTRO ARIA P776695 HIFI,https://e-commerce.michelecaroli.com/wso/pages/user/wso0205.jsf?idaa=336267&codart=SA11790&marart=230&seopth=HIFI-FILTRI-SA11790-FILTRO-ARIA-P776695-HIFI
LX365,SC60044,FILTRO PANNELLO 512X480X48/58,https://e-commerce.michelecaroli.com/wso/pages/user/wso0205.jsf?idaa=292167&codart=SC60044&marart=230&seopth=HIFI-FILTRI-SC60044-FILTRO-PANNELLO-512X480X48-58
LX352,SA8400,FILTRO ARIA HIFI,https://e-commerce.michelecaroli.com/wso/pages/user/wso0205.jsf?idaa=291346&codart=SA8400&marart=230&seopth=HIFI-FILTRI-SA8400-FILTRO-ARIA-HIFI
LX309,SA8400,FILTRO ARIA HIFI,https://e-commerce.michelecaroli.com/wso/pages/user/wso0205.jsf?idaa=291346&codart=SA8400&marart=230&seopth=HIFI-FILTRI-SA8400-FILTRO-ARIA-HIFI
LX283,42480E,FILTRO ARIA,https://e-commerce.michelecaroli.com/wso/pages/user/wso0205.jsf?idaa=369037&codart=42480E&marart=218&seopth=WIX-INDUSTRIAL-HD-42480E-FILTRO-ARIA
LX274,93154E,,https://e-commerce.michelecaroli.com/wso/pages/user/wso0205.jsf?idaa=369458&codart=93154E&marart=218&seopth=WIX-INDUSTRIAL-HD-93154E-FILTRO-ARIA
LX27,SA10384K,FILTRO ARIA ESTERNO P772545 HIFI ACCOPPIATO CON SA10754,https://e-commerce.michelecaroli.com/wso/pages/user/wso0205.jsf?idaa=336010&codart=SA10384K&marart=230&seopth=HIFI-FILTRI-SA10384K-FILTRO-ARIA-ESTERNO-P772545-HIFI
LX254,SA311,FILTRO PANNELLO P607243 HIFI,https://e-commerce.michelecaroli.com/wso/pages/user/wso0205.jsf?idaa=290490&codart=SA311&marart=230&seopth=HIFI-FILTRI-SA311-FILTRO-PANNELLO-P607243-HIFI
LX254,SA311,FILTRO PANNELLO P607243 HIFI,https://e-commerce.michelecaroli.com/wso/pages/user/wso0205.jsf?idaa=290490&codart=SA311&marart=230&seopth=HIFI-FILTRI-SA311-FILTRO-PANNELLO-P607243-HIFI
LX246,P606952,FILTRO ARIA DONALDSON P60-6952,https://e-commerce.michelecaroli.com/wso/pages/user/wso0205.jsf?idaa=157355&codart=P606952&marart=227&seopth=DONALDSON-FILTRI-P606952-FILTRO-ARIA-DONALDSON-P60-6952
LX234,93135E,FILTRO ABITACOLO P782811,https://e-commerce.michelecaroli.com/wso/pages/user/wso0205.jsf?idaa=369365&codart=93135E&marart=218&seopth=WIX-INDUSTRIAL-HD-93135E-FILTRO-ABITACOLO-P782811
LX222,P114637,FILTRO ARIA DONALDSON PI1-4637,https://e-commerce.michelecaroli.com/wso/pages/user/wso0205.jsf?idaa=154593&codart=P114637&marart=227&seopth=DONALDSON-FILTRI-P114637-FILTRO-ARIA-DONALDSON-PI1-4637
LX207,SA13132,FILTRO ARIA HIFI,https://e-commerce.michelecaroli.com/wso/pages/user/wso0205.jsf?idaa=288805&codart=SA13132&marart=230&seopth=HIFI-FILTRI-SA13132-FILTRO-ARIA-HIFI
LX20,P182045,,https://e-commerce.michelecaroli.com/wso/pages/user/wso0205.jsf?idaa=155911&codart=P182045&marart=227&seopth=DONALDSON-FILTRI-P182045-FILTRO-ARIA-SOSTITUITO-DA-P181045
LX1574,SC60089,FILTRO PANNELLO 500X93X53,https://e-commerce.michelecaroli.com/wso/pages/user/wso0205.jsf?idaa=292216&codart=SC60089&marart=230&seopth=HIFI-FILTRI-SC60089-FILTRO-PANNELLO-500X93X53
LX156,SA261,FILTRO ARIA HIFI IVECO DAILY 30.8 COMPRESSORE CECCATO CSB,https://e-commerce.michelecaroli.com/wso/pages/user/wso0205.jsf?idaa=290477&codart=SA261&marart=230&seopth=HIFI-FILTRI-SA261-FILTRO-ARIA-HIFI-IVECO-DAILY-30-8
LX145,SA12430,FILTRO ARIA HIFI,https://e-commerce.michelecaroli.com/wso/pages/user/wso0205.jsf?idaa=336718&codart=SA12430&marart=230&seopth=HIFI-FILTRI-SA12430-FILTRO-ARIA-HIFI
LX142,SA10385K,FILTRO ARIA P181050# HIFI ABBINATO CON SA14762,https://e-commerce.michelecaroli.com/wso/pages/user/wso0205.jsf?idaa=336011&codart=SA10385K&marart=230&seopth=HIFI-FILTRI-SA10385K-FILTRO-ARIA-P181050-HIFI
LX102,42409E,FILTRO ARIA,https://e-commerce.michelecaroli.com/wso/pages/user/wso0205.jsf?idaa=369029&codart=42409E&marart=218&seopth=WIX-INDUSTRIAL-HD-42409E-FILTRO-ARIA
LX10,SA10340,FILTRO ARIA HIFI,https://e-commerce.michelecaroli.com/wso/pages/user/wso0205.jsf?idaa=335996&codart=SA10340&marart=230&seopth=HIFI-FILTRI-SA10340-FILTRO-ARIA-HIFI
LWHB4861,24019,,https://e-commerce.michelecaroli.com/wso/pages/user/wso0205.jsf?idaa=365445&codart=24019&marart=218&seopth=WIX-INDUSTRIAL-HD-24019-ACCESSORI
LW691,SO691,FILTRO OLIO P554005 HIFI,https://e-commerce.michelecaroli.com/wso/pages/user/wso0205.jsf?idaa=300376&codart=SO691&marart=230&seopth=HIFI-FILTRI-SO691-FILTRO-OLIO-P554005-HIFI
LW10429946,24.154.00,,https://e-commerce.michelecaroli.com/wso/pages/user/wso0205.jsf?idaa=438934&codart=24.154.00&marart=UFIHD&seopth=UFI-HD-24-154-00-FILTRO-NAFTA
LVOM60X20ALU,LVOM60X2.0ALU,,https://e-commerce.michelecaroli.com/wso/pages/user/wso0205.jsf?idaa=397643&codart=LVOM60X2.0ALU&marart=230&seopth=HIFI-FILTRI-LVOM60X2-0ALU-INDIC-DI-LIVELLO-HIFI
LVOM20X15ALU,LVOM20X1.5ALU,,https://e-commerce.michelecaroli.com/wso/pages/user/wso0205.jsf?idaa=397642&codart=LVOM20X1.5ALU&marart=230&seopth=HIFI-FILTRI-LVOM20X1-5ALU-INDIC-DI-LIVELLO-HIFI
LVM4115,33358SE,FILTRO GASOLIO P553004,https://e-commerce.michelecaroli.com/wso/pages/user/wso0205.jsf?idaa=348479&codart=33358SE&marart=219&seopth=WIX-AUTO-FILTRI-33358SE-FILTRO-GASOLIO-P553004
LVM4114,57060,FILTRO OLIO# P550794,https://e-commerce.michelecaroli.com/wso/pages/user/wso0205.jsf?idaa=369399&codart=57060&marart=218&seopth=WIX-INDUSTRIAL-HD-57060-FILTRO-OLIO-P550794
LVM4113,51592,FILTRO OLIO P550166,https://e-commerce.michelecaroli.com/wso/pages/user/wso0205.jsf?idaa=368470&codart=51592&marart=218&seopth=WIX-INDUSTRIAL-HD-51592-FILTRO-OLIO-P550166
LVM4112,P552819,FILTRO OLIO DONALDSON P55-2819,https://e-commerce.michelecaroli.com/wso/pages/user/wso0205.jsf?idaa=157063&codart=P552819&marart=227&seopth=DONALDSON-FILTRI-P552819-FILTRO-OLIO-DONALDSON-P55-2819
LVM4111,WL7107,"FIILTRO OLIO BEDFO.BOBCATCASE JOHN DEERE. KUBOTA. HON. ACCORD, CIVIC,",https://e-commerce.michelecaroli.com/wso/pages/user/wso0205.jsf?idaa=143507&codart=WL7107&marart=219&seopth=WIX-AUTO-FILTRI-WL7107-FIILTRO-OLIO-BEDFO-BOBCATCASE-JOHN
LV11P00002S002,P537877,,https://e-commerce.michelecaroli.com/wso/pages/user/wso0205.jsf?idaa=156334&codart=P537877&marart=227&seopth=DONALDSON-FILTRI-P537877-SOSTITUITO-DAL-P777414
LUS8853,SO3000,FILTRO OLIO P553000 HIFI,https://e-commerce.michelecaroli.com/wso/pages/user/wso0205.jsf?idaa=300875&codart=SO3000&marart=230&seopth=HIFI-FILTRI-SO3000-FILTRO-OLIO-P553000-HIFI
LUS8615,P551018,FILTRO OLIO,https://e-commerce.michelecaroli.com/wso/pages/user/wso0205.jsf?idaa=313776&codart=P551018&marart=227&seopth=DONALDSON-FILTRI-P551018-FILTRO-OLIO
LUS771,SH56255,FILTRO HYDR. P763577 HIFI,https://e-commerce.michelecaroli.com/wso/pages/user/wso0205.jsf?idaa=294092&codart=SH56255&marart=230&seopth=HIFI-FILTRI-SH56255-FILTRO-HYDR-P763577-HIFI
LUS6714,SO3360,FILTRO OLIO P550157 HIFI,https://e-commerce.michelecaroli.com/wso/pages/user/wso0205.jsf?idaa=300906&codart=SO3360&marart=230&seopth=HIFI-FILTRI-SO3360-FILTRO-OLIO-P550157-HIFI
LUS62,SO040,FILTRO OLIO P553771# HIFI,https://e-commerce.michelecaroli.com/wso/pages/user/wso0205.jsf?idaa=300659&codart=SO040&marart=230&seopth=HIFI-FILTRI-SO040-FILTRO-OLIO-P553771-HIFI
LUS611,SO580,FILTRO OLIO P550008# HIFI,https://e-commerce.michelecaroli.com/wso/pages/user/wso0205.jsf?idaa=300199&codart=SO580&marart=230&seopth=HIFI-FILTRI-SO580-FILTRO-OLIO-P550008-HIFI
LUS608,SO7106,FILTRO OLIO P550170 HIFI,https://e-commerce.michelecaroli.com/wso/pages/user/wso0205.jsf?idaa=301239&codart=SO7106&marart=230&seopth=HIFI-FILTRI-SO7106-FILTRO-OLIO-P550170-HIFI
LUS4408,SO475,FILTRO OLIO P554408 HIFI,https://e-commerce.michelecaroli.com/wso/pages/user/wso0205.jsf?idaa=300159&codart=SO475&marart=230&seopth=HIFI-FILTRI-SO475-FILTRO-OLIO-P554408-HIFI
LUS4005,SO691,FILTRO OLIO P554005 HIFI,https://e-commerce.michelecaroli.com/wso/pages/user/wso0205.jsf?idaa=300376&codart=SO691&marart=230&seopth=HIFI-FILTRI-SO691-FILTRO-OLIO-P554005-HIFI
LUS3921,P550777,FILTRO@OLIO DONALDSON conf.6,https://e-commerce.michelecaroli.com/wso/pages/user/wso0205.jsf?idaa=156797&codart=P550777&marart=227&seopth=DONALDSON-FILTRI-P550777-FILTRO-OLIO-DONALDSON-conf-6
LUS35,23.108.01,FILTRO OLIO UFI P553411 ex.codice 23.108.00,https://e-commerce.michelecaroli.com/wso/pages/user/wso0205.jsf?idaa=149348&codart=23.108.01&marart=UFIHD&seopth=UFI-HD-23-108-01-FILTRO-OLIO-UFI-P553411
LUS3281,SO734,FILTRO OLIO P551381 HIFI,https://e-commerce.michelecaroli.com/wso/pages/user/wso0205.jsf?idaa=301367&codart=SO734&marart=230&seopth=HIFI-FILTRI-SO734-FILTRO-OLIO-P551381-HIFI
LUS3135,SO4154,FILTRO OLIO P550362 HIFI,https://e-commerce.michelecaroli.com/wso/pages/user/wso0205.jsf?idaa=300144&codart=SO4154&marart=230&seopth=HIFI-FILTRI-SO4154-FILTRO-OLIO-P550362-HIFI
LUS3000,SO580,FILTRO OLIO P550008# HIFI,https://e-commerce.michelecaroli.com/wso/pages/user/wso0205.jsf?idaa=300199&codart=SO580&marart=230&seopth=HIFI-FILTRI-SO580-FILTRO-OLIO-P550008-HIFI
LUS29,2654407-ATS,FILTRO OLIO/OIL FILTER,https://e-commerce.michelecaroli.com/wso/pages/user/wso0205.jsf?idaa=485768&codart=2654407-ATS&marart=156&seopth=ATS-RICAMBI-PERKINS-CC-2654407-ATS-FILTRO-OLIO-OIL-FILTER
LUS28,2654403-ATS,FILTRO OLIO/OIL FILTER# PERKINS,https://e-commerce.michelecaroli.com/wso/pages/user/wso0205.jsf?idaa=485766&codart=2654403-ATS&marart=156&seopth=ATS-RICAMBI-PERKINS-CC-2654403-ATS-FILTRO-OLIO-OIL-FILTER-PERKINS
LUS25,SO780,FILTRO OLIO P550047 HIFI,https://e-commerce.michelecaroli.com/wso/pages/user/wso0205.jsf?idaa=301372&codart=SO780&marart=230&seopth=HIFI-FILTRI-SO780-FILTRO-OLIO-P550047-HIFI
LUS192,SP-812,FILTRO OLIO,https://e-commerce.michelecaroli.com/wso/pages/user/wso0205.jsf?idaa=466312&codart=SP-812&marart=ALCO&seopth=ALCO-SP-812-FILTRO-OLIO
LUS19,SP-812,FILTRO OLIO,https://e-commerce.michelecaroli.com/wso/pages/user/wso0205.jsf?idaa=466312&codart=SP-812&marart=ALCO&seopth=ALCO-SP-812-FILTRO-OLIO
LUS17,P552819,FILTRO OLIO DONALDSON P55-2819,https://e-commerce.michelecaroli.com/wso/pages/user/wso0205.jsf?idaa=157063&codart=P552819&marart=227&seopth=DONALDSON-FILTRI-P552819-FILTRO-OLIO-DONALDSON-P55-2819
LUS12,SO580,FILTRO OLIO P550008# HIFI,https://e-commerce.michelecaroli.com/wso/pages/user/wso0205.jsf?idaa=300199&codart=SO580&marart=230&seopth=HIFI-FILTRI-SO580-FILTRO-OLIO-P550008-HIFI
LUS11,51061,FILTRO OLIO,https://e-commerce.michelecaroli.com/wso/pages/user/wso0205.jsf?idaa=368085&codart=51061&marart=218&seopth=WIX-INDUSTRIAL-HD-51061-FILTRO-OLIO
LUS103,S9710R,FILTRO SOFIMA 1909101,https://e-commerce.michelecaroli.com/wso/pages/user/wso0205.jsf?idaa=470590&codart=S9710R&marart=SOFI&seopth=SOFIMA-S9710R-FILTRO-SOFIMA-1909101
LUS101,P550671,FILTRO OLIO,https://e-commerce.michelecaroli.com/wso/pages/user/wso0205.jsf?idaa=156730&codart=P550671&marart=227&seopth=DONALDSON-FILTRI-P550671-FILTRO-OLIO
LU8425,SO3327,FILTRO OLIO P550041 HIFI,https://e-commerce.michelecaroli.com/wso/pages/user/wso0205.jsf?idaa=300888&codart=SO3327&marart=230&seopth=HIFI-FILTRI-SO3327-FILTRO-OLIO-P550041-HIFI
LU8009,25.505.00,FILTRO OLIO IMM. UFI 25.505.00,https://e-commerce.michelecaroli.com/wso/pages/user/wso0205.jsf?idaa=149896&codart=25.505.00&marart=UFIHD&seopth=UFI-HD-25-505-00-FILTRO-OLIO-IMM-UFI-25-505-00
LU7,MD-013,FILTRO OLIO,https://e-commerce.michelecaroli.com/wso/pages/user/wso0205.jsf?idaa=463424&codart=MD-013&marart=ALCO&seopth=ALCO-MD-013-FILTRO-OLIO
LU698,51133,FILTRO OLIO# P550132,https://e-commerce.michelecaroli.com/wso/pages/user/wso0205.jsf?idaa=368125&codart=51133&marart=218&seopth=WIX-INDUSTRIAL-HD-51133-FILTRO-OLIO-P550132
LU593,51169,FILTRO TRASMISSIONE,https://e-commerce.michelecaroli.com/wso/pages/user/wso0205.jsf?idaa=368154&codart=51169&marart=218&seopth=WIX-INDUSTRIAL-HD-51169-FILTRO-TRASMISSIONE
LU500,92126E,,https://e-commerce.michelecaroli.com/wso/pages/user/wso0205.jsf?idaa=369252&codart=92126E&marart=218&seopth=WIX-INDUSTRIAL-HD-92126E-FILTRO-OLIO
LU5,26540153,FILTRO OLIO/OIL FILTER,https://e-commerce.michelecaroli.com/wso/pages/user/wso0205.jsf?idaa=46765&codart=26540153&marart=155&seopth=PERKINS-26540153-FILTRO-OLIO-OIL-FILTER
LU484,1R0659,,https://e-commerce.michelecaroli.com/wso/pages/user/wso0205.jsf?idaa=146663&codart=1R0659&marart=222&seopth=FILTRI-VARI-1R0659-FILTRO-OLIO-CAT
LU40,51168,FILTRO OLIO,https://e-commerce.michelecaroli.com/wso/pages/user/wso0205.jsf?idaa=368153&codart=51168&marart=218&seopth=WIX-INDUSTRIAL-HD-51168-FILTRO-OLIO
LU225,P550354,FILTRO OLIO DONALDSON P55-0354,https://e-commerce.michelecaroli.com/wso/pages/user/wso0205.jsf?idaa=156560&codart=P550354&marart=227&seopth=DONALDSON-FILTRI-P550354-FILTRO-OLIO-DONALDSON-P55-0354
LU200,SO553,FILTRO OLIO P550141 HIFI,https://e-commerce.michelecaroli.com/wso/pages/user/wso0205.jsf?idaa=300187&codart=SO553&marart=230&seopth=HIFI-FILTRI-SO553-FILTRO-OLIO-P550141-HIFI
LU125,SO7001,FILTRO OLIO P550315 HIFI,https://e-commerce.michelecaroli.com/wso/pages/user/wso0205.jsf?idaa=300418&codart=SO7001&marart=230&seopth=HIFI-FILTRI-SO7001-FILTRO-OLIO-P550315-HIFI
LU11703,SO633,FILTRO OLIO HIFI,https://e-commerce.michelecaroli.com/wso/pages/user/wso0205.jsf?idaa=300350&codart=SO633&marart=230&seopth=HIFI-FILTRI-SO633-FILTRO-OLIO-HIFI
LT653,51133,FILTRO OLIO# P550132,https://e-commerce.michelecaroli.com/wso/pages/user/wso0205.jsf?idaa=368125&codart=51133&marart=218&seopth=WIX-INDUSTRIAL-HD-51133-FILTRO-OLIO-P550132
LT509,M090362,"RESONATOR, 4 IN (102 MM)",https://e-commerce.michelecaroli.com/wso/pages/user/wso0205.jsf?idaa=442901&codart=M090362&marart=227&seopth=DONALDSON-FILTRI-M090362-RESONATOR-4-IN-102-MM-
LT409,M090072,"RESONATOR, 5 IN (127 MM)",https://e-commerce.michelecaroli.com/wso/pages/user/wso0205.jsf?idaa=442892&codart=M090072&marart=227&seopth=DONALDSON-FILTRI-M090072-RESONATOR-5-IN-127-MM-
LT400,M090362,"RESONATOR, 4 IN (102 MM)",https://e-commerce.michelecaroli.com/wso/pages/user/wso0205.jsf?idaa=442901&codart=M090362&marart=227&seopth=DONALDSON-FILTRI-M090362-RESONATOR-4-IN-102-MM-
LT359,M070028,"MUFFLER, ROUND STYLE 1",https://e-commerce.michelecaroli.com/wso/pages/user/wso0205.jsf?idaa=442867&codart=M070028&marart=227&seopth=DONALDSON-FILTRI-M070028-MUFFLER-ROUND-STYLE-1
LT350,M070028,"MUFFLER, ROUND STYLE 1",https://e-commerce.michelecaroli.com/wso/pages/user/wso0205.jsf?idaa=442867&codart=M070028&marart=227&seopth=DONALDSON-FILTRI-M070028-MUFFLER-ROUND-STYLE-1
LSP14,P167832,FILTRO HYDR.DONALDSON PI6-7832,https://e-commerce.michelecaroli.com/wso/pages/user/wso0205.jsf?idaa=155026&codart=P167832&marart=227&seopth=DONALDSON-FILTRI-P167832-FILTRO-HYDR-DONALDSON-PI6-7832
LSF5134,S9710R,FILTRO SOFIMA 1909101,https://e-commerce.michelecaroli.com/wso/pages/user/wso0205.jsf?idaa=470590&codart=S9710R&marart=SOFI&seopth=SOFIMA-S9710R-FILTRO-SOFIMA-1909101
LSF5133,P550400,FILTRO OLIO DONALDSON P55-0400,https://e-commerce.michelecaroli.com/wso/pages/user/wso0205.jsf?idaa=156593&codart=P550400&marart=227&seopth=DONALDSON-FILTRI-P550400-FILTRO-OLIO-DONALDSON-P55-0400
LSF5130,P556007,ATTUALE P559128,https://e-commerce.michelecaroli.com/wso/pages/user/wso0205.jsf?idaa=157148&codart=P556007&marart=227&seopth=DONALDSON-FILTRI-P556007-ATTUALE-P559128
LSF5129,23.108.01,FILTRO OLIO UFI P553411 ex.codice 23.108.00,https://e-commerce.michelecaroli.com/wso/pages/user/wso0205.jsf?idaa=149348&codart=23.108.01&marart=UFIHD&seopth=UFI-HD-23-108-01-FILTRO-OLIO-UFI-P553411
LSF5112,T1624,FILTRO OLIO P550227 HIFI,https://e-commerce.michelecaroli.com/wso/pages/user/wso0205.jsf?idaa=395320&codart=T1624&marart=230&seopth=HIFI-FILTRI-T1624-FILTRO-OLIO-P550227-HIFI
LSF5108,92130E,,https://e-commerce.michelecaroli.com/wso/pages/user/wso0205.jsf?idaa=369255&codart=92130E&marart=218&seopth=WIX-INDUSTRIAL-HD-92130E-FILTRO-OLIO-P550317
LSF5108,92130E,,https://e-commerce.michelecaroli.com/wso/pages/user/wso0205.jsf?idaa=369255&codart=92130E&marart=218&seopth=WIX-INDUSTRIAL-HD-92130E-FILTRO-OLIO-P550317
LSF5103,23.127.00,FILTRO OLIO UFI 23.127.00,https://e-commerce.michelecaroli.com/wso/pages/user/wso0205.jsf?idaa=149367&codart=23.127.00&marart=UFIHD&seopth=UFI-HD-23-127-00-FILTRO-OLIO-UFI-23-127-00
LSF5102,SP-907,FILTRO OLIO,https://e-commerce.michelecaroli.com/wso/pages/user/wso0205.jsf?idaa=466379&codart=SP-907&marart=ALCO&seopth=ALCO-SP-907-FILTRO-OLIO
LSF5101,23.127.00,FILTRO OLIO UFI 23.127.00,https://e-commerce.michelecaroli.com/wso/pages/user/wso0205.jsf?idaa=149367&codart=23.127.00&marart=UFIHD&seopth=UFI-HD-23-127-00-FILTRO-OLIO-UFI-23-127-00
LSF5099,51110,FILTRO OLIO,https://e-commerce.michelecaroli.com/wso/pages/user/wso0205.jsf?idaa=368113&codart=51110&marart=218&seopth=WIX-INDUSTRIAL-HD-51110-FILTRO-OLIO
LSF5098,51106,,https://e-commerce.michelecaroli.com/wso/pages/user/wso0205.jsf?idaa=368112&codart=51106&marart=218&seopth=WIX-INDUSTRIAL-HD-51106-FILTRO-OLIO
LSF5097,P550784,,https://e-commerce.michelecaroli.com/wso/pages/user/wso0205.jsf?idaa=156801&codart=P550784&marart=227&seopth=DONALDSON-FILTRI-P550784-SOSTITUITO-DAL-P551864
LSF5093,51348,FILTRO OLIO# P550335,https://e-commerce.michelecaroli.com/wso/pages/user/wso0205.jsf?idaa=368274&codart=51348&marart=218&seopth=WIX-INDUSTRIAL-HD-51348-FILTRO-OLIO-P550335
LSF5092,51592,FILTRO OLIO P550166,https://e-commerce.michelecaroli.com/wso/pages/user/wso0205.jsf?idaa=368470&codart=51592&marart=218&seopth=WIX-INDUSTRIAL-HD-51592-FILTRO-OLIO-P550166
LSF5055,SO632,,https://e-commerce.michelecaroli.com/wso/pages/user/wso0205.jsf?idaa=300349&codart=SO632&marart=230&seopth=HIFI-FILTRI-SO632-FILTRO-OLIO-HIFI
LSF5051,51810,FILTRO OLIO,https://e-commerce.michelecaroli.com/wso/pages/user/wso0205.jsf?idaa=368647&codart=51810&marart=218&seopth=WIX-INDUSTRIAL-HD-51810-FILTRO-OLIO
LSF5049,SO694,,https://e-commerce.michelecaroli.com/wso/pages/user/wso0205.jsf?idaa=438619&codart=SO694&marart=230&seopth=HIFI-FILTRI-SO694-FILTRO
LSF5048,SO517,,https://e-commerce.michelecaroli.com/wso/pages/user/wso0205.jsf?idaa=438582&codart=SO517&marart=230&seopth=HIFI-FILTRI-SO517-FILTRO
LSF5037,51808,FILTRO OLIO P553871,https://e-commerce.michelecaroli.com/wso/pages/user/wso0205.jsf?idaa=368645&codart=51808&marart=218&seopth=WIX-INDUSTRIAL-HD-51808-FILTRO-OLIO-P553871
LSF5035,51802,FILTRO OLIO,https://e-commerce.michelecaroli.com/wso/pages/user/wso0205.jsf?idaa=368641&codart=51802&marart=218&seopth=WIX-INDUSTRIAL-HD-51802-FILTRO-OLIO
LSF5032,SO3484,,https://e-commerce.michelecaroli.com/wso/pages/user/wso0205.jsf?idaa=300932&codart=SO3484&marart=230&seopth=HIFI-FILTRI-SO3484-FILTRO-OLIO-HIFI
LSF5023,P554206,FILTRO OLIO DONALDSON P55-4206,https://e-commerce.michelecaroli.com/wso/pages/user/wso0205.jsf?idaa=157108&codart=P554206&marart=227&seopth=DONALDSON-FILTRI-P554206-FILTRO-OLIO-DONALDSON-P55-4206
