Code searched,Matched code,Part Category on Michele,Link to Michele product
HF35000,57127,FILTRO OLIO,https://e-commerce.michelecaroli.com/wso/pages/user/wso0205.jsf?idaa=369451&codart=57127&marart=218&seopth=WIX-INDUSTRIAL-HD-57127-FILTRO-OLIO
HF327,SA10926,FILTRO ARIA SICUREZZA P124047 HIFI ABBINATO CON SA10925,https://e-commerce.michelecaroli.com/wso/pages/user/wso0205.jsf?idaa=336108&codart=SA10926&marart=230&seopth=HIFI-FILTRI-SA10926-FILTRO-ARIA-SICUREZZA-P124047-HIFI
HF30911,SH87658,FILTRO HYDR. HIFI,https://e-commerce.michelecaroli.com/wso/pages/user/wso0205.jsf?idaa=299021&codart=SH87658&marart=230&seopth=HIFI-FILTRI-SH87658-FILTRO-HYDR-HIFI
HF30837,SH53210,FILTRO HYDR. HIFI,https://e-commerce.michelecaroli.com/wso/pages/user/wso0205.jsf?idaa=293727&codart=SH53210&marart=230&seopth=HIFI-FILTRI-SH53210-FILTRO-HYDR-HIFI
HF30805,P174260,FILTRO IDRAULICO,https://e-commerce.michelecaroli.com/wso/pages/user/wso0205.jsf?idaa=155638&codart=P174260&marart=227&seopth=DONALDSON-FILTRI-P174260-FILTRO-IDRAULICO
HF30768,P164225,FILTRO IDRAULICO,https://e-commerce.michelecaroli.com/wso/pages/user/wso0205.jsf?idaa=311850&codart=P164225&marart=227&seopth=DONALDSON-FILTRI-P164225-FILTRO-IDRAULICO
HF30711,SH61153,FILTRO HYDR. P169797 HIFI,https://e-commerce.michelecaroli.com/wso/pages/user/wso0205.jsf?idaa=294822&codart=SH61153&marart=230&seopth=HIFI-FILTRI-SH61153-FILTRO-HYDR-P169797-HIFI
HF30686,P165142,FILTRO HYDR.DONALDSON P16-5142,https://e-commerce.michelecaroli.com/wso/pages/user/wso0205.jsf?idaa=154953&codart=P165142&marart=227&seopth=DONALDSON-FILTRI-P165142-FILTRO-HYDR-DONALDSON-P16-5142
HF30635,P171048,,https://e-commerce.michelecaroli.com/wso/pages/user/wso0205.jsf?idaa=155121&codart=P171048&marart=227&seopth=DONALDSON-FILTRI-P171048-SOSTITUITO
HF30595,P174245,"HYDRAULIC FILTER, CARTRIDGE",https://e-commerce.michelecaroli.com/wso/pages/user/wso0205.jsf?idaa=441078&codart=P174245&marart=227&seopth=DONALDSON-FILTRI-P174245-HYDRAULIC-FILTER-CARTRIDGE
HF30518,P167886,FILTRO HYDR.DONALDSON P16-7886,https://e-commerce.michelecaroli.com/wso/pages/user/wso0205.jsf?idaa=155030&codart=P167886&marart=227&seopth=DONALDSON-FILTRI-P167886-FILTRO-HYDR-DONALDSON-P16-7886
HF3050JFV,P164176,FILTRO HYDR.DONALDSON 23 MICRON,https://e-commerce.michelecaroli.com/wso/pages/user/wso0205.jsf?idaa=154903&codart=P164176&marart=227&seopth=DONALDSON-FILTRI-P164176-FILTRO-HYDR-DONALDSON-23-MICRON
HF3050HFV,SH57124,FILTRO HYDR. P164168 HIFI,https://e-commerce.michelecaroli.com/wso/pages/user/wso0205.jsf?idaa=295052&codart=SH57124&marart=230&seopth=HIFI-FILTRI-SH57124-FILTRO-HYDR-P164168-HIFI
HF3050GUV,P167411,FILTRO HYDR.DONALDSON PI6-7411,https://e-commerce.michelecaroli.com/wso/pages/user/wso0205.jsf?idaa=155009&codart=P167411&marart=227&seopth=DONALDSON-FILTRI-P167411-FILTRO-HYDR-DONALDSON-PI6-7411
HF3050GFV,SH57122,FILTRO HYDR. P164596 HIFI,https://e-commerce.michelecaroli.com/wso/pages/user/wso0205.jsf?idaa=295050&codart=SH57122&marart=230&seopth=HIFI-FILTRI-SH57122-FILTRO-HYDR-P164596-HIFI
HF30508,P167412,FILTRO HYDR.DONALDSON P16-7412,https://e-commerce.michelecaroli.com/wso/pages/user/wso0205.jsf?idaa=155010&codart=P167412&marart=227&seopth=DONALDSON-FILTRI-P167412-FILTRO-HYDR-DONALDSON-P16-7412
HF30508,P167412,FILTRO HYDR.DONALDSON P16-7412,https://e-commerce.michelecaroli.com/wso/pages/user/wso0205.jsf?idaa=155010&codart=P167412&marart=227&seopth=DONALDSON-FILTRI-P167412-FILTRO-HYDR-DONALDSON-P16-7412
HF305,46723,FILTRO ARIA P124046,https://e-commerce.michelecaroli.com/wso/pages/user/wso0205.jsf?idaa=367458&codart=46723&marart=218&seopth=WIX-INDUSTRIAL-HD-46723-FILTRO-ARIA-P124046
HF30491,P566270,"HYDRAULIC FILTER, CARTRIDGE DT",https://e-commerce.michelecaroli.com/wso/pages/user/wso0205.jsf?idaa=441801&codart=P566270&marart=227&seopth=DONALDSON-FILTRI-P566270-HYDRAULIC-FILTER-CARTRIDGE-DT
HF30462,SH57161,FILTRO HYDR. HIFI,https://e-commerce.michelecaroli.com/wso/pages/user/wso0205.jsf?idaa=295069&codart=SH57161&marart=230&seopth=HIFI-FILTRI-SH57161-FILTRO-HYDR-HIFI
HF30431,P164574,FILTRO IDRAULICO DONALDSON P16-4574,https://e-commerce.michelecaroli.com/wso/pages/user/wso0205.jsf?idaa=154925&codart=P164574&marart=227&seopth=DONALDSON-FILTRI-P164574-FILTRO-IDRAULICO-DONALDSON-P16-4574
HF30430,P164574,FILTRO IDRAULICO DONALDSON P16-4574,https://e-commerce.michelecaroli.com/wso/pages/user/wso0205.jsf?idaa=154925&codart=P164574&marart=227&seopth=DONALDSON-FILTRI-P164574-FILTRO-IDRAULICO-DONALDSON-P16-4574
HF30402,P164592,FILTRO HYDR.DONALDSON P16-4592,https://e-commerce.michelecaroli.com/wso/pages/user/wso0205.jsf?idaa=154928&codart=P164592&marart=227&seopth=DONALDSON-FILTRI-P164592-FILTRO-HYDR-DONALDSON-P16-4592
HF30396,57863,FILTRO OLIO,https://e-commerce.michelecaroli.com/wso/pages/user/wso0205.jsf?idaa=367737&codart=57863&marart=218&seopth=WIX-INDUSTRIAL-HD-57863-FILTRO-OLIO
HF30369,P165149,"HYDRAULIC FILTER, CARTRIDGE",https://e-commerce.michelecaroli.com/wso/pages/user/wso0205.jsf?idaa=440970&codart=P165149&marart=227&seopth=DONALDSON-FILTRI-P165149-HYDRAULIC-FILTER-CARTRIDGE
HF30364,P164852,FILTRO HYDRAULICO DONALDSON P16-485 2,https://e-commerce.michelecaroli.com/wso/pages/user/wso0205.jsf?idaa=154938&codart=P164852&marart=227&seopth=DONALDSON-FILTRI-P164852-FILTRO-HYDRAULICO-DONALDSON-P16-485
HF30358,SH87283,,https://e-commerce.michelecaroli.com/wso/pages/user/wso0205.jsf?idaa=298952&codart=SH87283&marart=230&seopth=HIFI-FILTRI-SH87283-FILTRO-HYDR-HIFI
HF30357,P560404,FILTRO IDRAULICO,https://e-commerce.michelecaroli.com/wso/pages/user/wso0205.jsf?idaa=313789&codart=P560404&marart=227&seopth=DONALDSON-FILTRI-P560404-FILTRO-IDRAULICO
HF30357,P560404,FILTRO IDRAULICO,https://e-commerce.michelecaroli.com/wso/pages/user/wso0205.jsf?idaa=313789&codart=P560404&marart=227&seopth=DONALDSON-FILTRI-P560404-FILTRO-IDRAULICO
HF30340,P171045,,https://e-commerce.michelecaroli.com/wso/pages/user/wso0205.jsf?idaa=155118&codart=P171045&marart=227&seopth=DONALDSON-FILTRI-P171045-FILTRO-HYDR-DONALDSON-P17-1045
HF30324,SH87314,,https://e-commerce.michelecaroli.com/wso/pages/user/wso0205.jsf?idaa=298973&codart=SH87314&marart=230&seopth=HIFI-FILTRI-SH87314-FILTRO-HYDR-HIFI
HF30317,P166136,FILTRO HYDR.DONALDSON P16-6136,https://e-commerce.michelecaroli.com/wso/pages/user/wso0205.jsf?idaa=154987&codart=P166136&marart=227&seopth=DONALDSON-FILTRI-P166136-FILTRO-HYDR-DONALDSON-P16-6136
HF30317,P166136,FILTRO HYDR.DONALDSON P16-6136,https://e-commerce.michelecaroli.com/wso/pages/user/wso0205.jsf?idaa=154987&codart=P166136&marart=227&seopth=DONALDSON-FILTRI-P166136-FILTRO-HYDR-DONALDSON-P16-6136
HF30310,P566487,"HYDRAULIC FILTER, CARTRIDGE DT",https://e-commerce.michelecaroli.com/wso/pages/user/wso0205.jsf?idaa=441889&codart=P566487&marart=227&seopth=DONALDSON-FILTRI-P566487-HYDRAULIC-FILTER-CARTRIDGE-DT
HF3030JFV,51688,FILTRO IDRAULICO,https://e-commerce.michelecaroli.com/wso/pages/user/wso0205.jsf?idaa=368553&codart=51688&marart=218&seopth=WIX-INDUSTRIAL-HD-51688-FILTRO-IDRAULICO
HF3030JFB,51688,FILTRO IDRAULICO,https://e-commerce.michelecaroli.com/wso/pages/user/wso0205.jsf?idaa=368553&codart=51688&marart=218&seopth=WIX-INDUSTRIAL-HD-51688-FILTRO-IDRAULICO
HF3030GFV,51686,FILTRO IDRAULICO,https://e-commerce.michelecaroli.com/wso/pages/user/wso0205.jsf?idaa=368552&codart=51686&marart=218&seopth=WIX-INDUSTRIAL-HD-51686-FILTRO-IDRAULICO
HF30303,SH87286,FILTRO HYDR. HIFI,https://e-commerce.michelecaroli.com/wso/pages/user/wso0205.jsf?idaa=298954&codart=SH87286&marart=230&seopth=HIFI-FILTRI-SH87286-FILTRO-HYDR-HIFI
HF30295,P166255,FILTRO HYDR.DONALDSON P16-6255,https://e-commerce.michelecaroli.com/wso/pages/user/wso0205.jsf?idaa=154990&codart=P166255&marart=227&seopth=DONALDSON-FILTRI-P166255-FILTRO-HYDR-DONALDSON-P16-6255
HF30288,P566448,"HYDRAULIC FILTER, CARTRIDGE DT",https://e-commerce.michelecaroli.com/wso/pages/user/wso0205.jsf?idaa=441861&codart=P566448&marart=227&seopth=DONALDSON-FILTRI-P566448-HYDRAULIC-FILTER-CARTRIDGE-DT
HF30282,SH87096,FILTRO HYDR. P167888 HIFI,https://e-commerce.michelecaroli.com/wso/pages/user/wso0205.jsf?idaa=298050&codart=SH87096&marart=230&seopth=HIFI-FILTRI-SH87096-FILTRO-HYDR-P167888-HIFI
HF30268,51419,FILTRO IDRAULICO,https://e-commerce.michelecaroli.com/wso/pages/user/wso0205.jsf?idaa=368322&codart=51419&marart=218&seopth=WIX-INDUSTRIAL-HD-51419-FILTRO-IDRAULICO
HF30254,SH87279,FILTRO HYDR. HIFI,https://e-commerce.michelecaroli.com/wso/pages/user/wso0205.jsf?idaa=298949&codart=SH87279&marart=230&seopth=HIFI-FILTRI-SH87279-FILTRO-HYDR-HIFI
HF30200,SH57092V,FILTRO HYDR. HIFI,https://e-commerce.michelecaroli.com/wso/pages/user/wso0205.jsf?idaa=295028&codart=SH57092V&marart=230&seopth=HIFI-FILTRI-SH57092V-FILTRO-HYDR-HIFI
HF30195,P167829,,https://e-commerce.michelecaroli.com/wso/pages/user/wso0205.jsf?idaa=155024&codart=P167829&marart=227&seopth=DONALDSON-FILTRI-P167829-OBSOLETO
HF30181,P165142,FILTRO HYDR.DONALDSON P16-5142,https://e-commerce.michelecaroli.com/wso/pages/user/wso0205.jsf?idaa=154953&codart=P165142&marart=227&seopth=DONALDSON-FILTRI-P165142-FILTRO-HYDR-DONALDSON-P16-5142
HF3015JUV,P167843,FILTRO IDRAULICO,https://e-commerce.michelecaroli.com/wso/pages/user/wso0205.jsf?idaa=155029&codart=P167843&marart=227&seopth=DONALDSON-FILTRI-P167843-FILTRO-IDRAULICO
HF30159,51692,FILTRO IDRAULICO,https://e-commerce.michelecaroli.com/wso/pages/user/wso0205.jsf?idaa=368557&codart=51692&marart=218&seopth=WIX-INDUSTRIAL-HD-51692-FILTRO-IDRAULICO
HF30159,51692,FILTRO IDRAULICO,https://e-commerce.michelecaroli.com/wso/pages/user/wso0205.jsf?idaa=368557&codart=51692&marart=218&seopth=WIX-INDUSTRIAL-HD-51692-FILTRO-IDRAULICO
HF30156,P164583,FILTRO HYDR.DONALDSON P16-4583,https://e-commerce.michelecaroli.com/wso/pages/user/wso0205.jsf?idaa=154927&codart=P164583&marart=227&seopth=DONALDSON-FILTRI-P164583-FILTRO-HYDR-DONALDSON-P16-4583
HF30153,P167886,FILTRO HYDR.DONALDSON P16-7886,https://e-commerce.michelecaroli.com/wso/pages/user/wso0205.jsf?idaa=155030&codart=P167886&marart=227&seopth=DONALDSON-FILTRI-P167886-FILTRO-HYDR-DONALDSON-P16-7886
HF30143,P171047,,https://e-commerce.michelecaroli.com/wso/pages/user/wso0205.jsf?idaa=155120&codart=P171047&marart=227&seopth=DONALDSON-FILTRI-P171047-FILTRO-HYDR-DONALDSON-P17-1047
HF30137,P174248,"HYDRAULIC FILTER, CARTRIDGE",https://e-commerce.michelecaroli.com/wso/pages/user/wso0205.jsf?idaa=441079&codart=P174248&marart=227&seopth=DONALDSON-FILTRI-P174248-HYDRAULIC-FILTER-CARTRIDGE
HF30134,P164921,FILTRO IDRAULICO,https://e-commerce.michelecaroli.com/wso/pages/user/wso0205.jsf?idaa=311856&codart=P164921&marart=227&seopth=DONALDSON-FILTRI-P164921-FILTRO-IDRAULICO
HF30131,P164585,"HYDRAULIC FILTER, CARTRIDGE",https://e-commerce.michelecaroli.com/wso/pages/user/wso0205.jsf?idaa=440968&codart=P164585&marart=227&seopth=DONALDSON-FILTRI-P164585-HYDRAULIC-FILTER-CARTRIDGE
HF30123,P165144,FILTRO IDRAULICO,https://e-commerce.michelecaroli.com/wso/pages/user/wso0205.jsf?idaa=311857&codart=P165144&marart=227&seopth=DONALDSON-FILTRI-P165144-FILTRO-IDRAULICO
HF30116,P164598,FILTRO HYDR.DONALDSON P16-4598,https://e-commerce.michelecaroli.com/wso/pages/user/wso0205.jsf?idaa=154931&codart=P164598&marart=227&seopth=DONALDSON-FILTRI-P164598-FILTRO-HYDR-DONALDSON-P16-4598
HF30116,P164598,FILTRO HYDR.DONALDSON P16-4598,https://e-commerce.michelecaroli.com/wso/pages/user/wso0205.jsf?idaa=154931&codart=P164598&marart=227&seopth=DONALDSON-FILTRI-P164598-FILTRO-HYDR-DONALDSON-P16-4598
HF30114,SH87099,FILTRO IDRAULICO HIFI,https://e-commerce.michelecaroli.com/wso/pages/user/wso0205.jsf?idaa=471640&codart=SH87099&marart=230&seopth=HIFI-FILTRI-SH87099-FILTRO-IDRAULICO-HIFI
HF30114,SH87099,FILTRO IDRAULICO HIFI,https://e-commerce.michelecaroli.com/wso/pages/user/wso0205.jsf?idaa=471640&codart=SH87099&marart=230&seopth=HIFI-FILTRI-SH87099-FILTRO-IDRAULICO-HIFI
HF30109,P174792,FILTRO IDRAULICO,https://e-commerce.michelecaroli.com/wso/pages/user/wso0205.jsf?idaa=155656&codart=P174792&marart=227&seopth=DONALDSON-FILTRI-P174792-FILTRO-IDRAULICO
HF30108,P566251,"HYDRAULIC FILTER, CARTRIDGE DT",https://e-commerce.michelecaroli.com/wso/pages/user/wso0205.jsf?idaa=441784&codart=P566251&marart=227&seopth=DONALDSON-FILTRI-P566251-HYDRAULIC-FILTER-CARTRIDGE-DT
HF30095,P173032,FILTRO HYDR.DONALDSON P17-3032,https://e-commerce.michelecaroli.com/wso/pages/user/wso0205.jsf?idaa=155536&codart=P173032&marart=227&seopth=DONALDSON-FILTRI-P173032-FILTRO-HYDR-DONALDSON-P17-3032
HF30089,P169344,FILTRO IDRAULICO,https://e-commerce.michelecaroli.com/wso/pages/user/wso0205.jsf?idaa=311864&codart=P169344&marart=227&seopth=DONALDSON-FILTRI-P169344-FILTRO-IDRAULICO
HF30079,P174790,"HYDRAULIC FILTER, CARTRIDGE",https://e-commerce.michelecaroli.com/wso/pages/user/wso0205.jsf?idaa=441092&codart=P174790&marart=227&seopth=DONALDSON-FILTRI-P174790-HYDRAULIC-FILTER-CARTRIDGE
HF30063,SH57095,FILTRO HYDR. P165043 HIFI,https://e-commerce.michelecaroli.com/wso/pages/user/wso0205.jsf?idaa=295032&codart=SH57095&marart=230&seopth=HIFI-FILTRI-SH57095-FILTRO-HYDR-P165043-HIFI
HF30062,SH57095,FILTRO HYDR. P165043 HIFI,https://e-commerce.michelecaroli.com/wso/pages/user/wso0205.jsf?idaa=295032&codart=SH57095&marart=230&seopth=HIFI-FILTRI-SH57095-FILTRO-HYDR-P165043-HIFI
HF30042,P170602,FILTRO HYDR.DONALDSON P17-0602,https://e-commerce.michelecaroli.com/wso/pages/user/wso0205.jsf?idaa=155096&codart=P170602&marart=227&seopth=DONALDSON-FILTRI-P170602-FILTRO-HYDR-DONALDSON-P17-0602
HF30006,P566370,"HYDRAULIC FILTER, CARTRIDGE DT",https://e-commerce.michelecaroli.com/wso/pages/user/wso0205.jsf?idaa=441826&codart=P566370&marart=227&seopth=DONALDSON-FILTRI-P566370-HYDRAULIC-FILTER-CARTRIDGE-DT
HF30003,57847,FILTRO OLIO P167185,https://e-commerce.michelecaroli.com/wso/pages/user/wso0205.jsf?idaa=367724&codart=57847&marart=218&seopth=WIX-INDUSTRIAL-HD-57847-FILTRO-OLIO-P167185
HF29034,SH66203,FILTRO HYDR. HIFI,https://e-commerce.michelecaroli.com/wso/pages/user/wso0205.jsf?idaa=296248&codart=SH66203&marart=230&seopth=HIFI-FILTRI-SH66203-FILTRO-HYDR-HIFI
HF29033,SH66199,FILTRO HYDR. HIFI,https://e-commerce.michelecaroli.com/wso/pages/user/wso0205.jsf?idaa=296246&codart=SH66199&marart=230&seopth=HIFI-FILTRI-SH66199-FILTRO-HYDR-HIFI
HF29001,SH66203,FILTRO HYDR. HIFI,https://e-commerce.michelecaroli.com/wso/pages/user/wso0205.jsf?idaa=296248&codart=SH66203&marart=230&seopth=HIFI-FILTRI-SH66203-FILTRO-HYDR-HIFI
HF28951,SH60278,FILTRO HYDR. HIFI,https://e-commerce.michelecaroli.com/wso/pages/user/wso0205.jsf?idaa=294577&codart=SH60278&marart=230&seopth=HIFI-FILTRI-SH60278-FILTRO-HYDR-HIFI
HF28940,P173737,FILTRO HYDR.DONALDSON P17-3737 CANCELLED,https://e-commerce.michelecaroli.com/wso/pages/user/wso0205.jsf?idaa=155630&codart=P173737&marart=227&seopth=DONALDSON-FILTRI-P173737-FILTRO-HYDR-DONALDSON-P17-3737
HF28940,P173737,FILTRO HYDR.DONALDSON P17-3737 CANCELLED,https://e-commerce.michelecaroli.com/wso/pages/user/wso0205.jsf?idaa=155630&codart=P173737&marart=227&seopth=DONALDSON-FILTRI-P173737-FILTRO-HYDR-DONALDSON-P17-3737
HF28932,MD-4115,FILTRO IDRAULICO AD IMEMRSIONE,https://e-commerce.michelecaroli.com/wso/pages/user/wso0205.jsf?idaa=463666&codart=MD-4115&marart=ALCO&seopth=ALCO-MD-4115-FILTRO-IDRAULICO-AD-IMEMRSIONE
HF28930,P176887,,https://e-commerce.michelecaroli.com/wso/pages/user/wso0205.jsf?idaa=155719&codart=P176887&marart=227&seopth=DONALDSON-FILTRI-P176887-FILTRO-HYDR-DONALDSON-P17-6887
HF28916,51663,FILTRO HYDRAULICO P556005,https://e-commerce.michelecaroli.com/wso/pages/user/wso0205.jsf?idaa=368531&codart=51663&marart=218&seopth=WIX-INDUSTRIAL-HD-51663-FILTRO-HYDRAULICO-P556005
HF28910,57158,FILTRO OLIO,https://e-commerce.michelecaroli.com/wso/pages/user/wso0205.jsf?idaa=368753&codart=57158&marart=218&seopth=WIX-INDUSTRIAL-HD-57158-FILTRO-OLIO
HF28905,FS703,FILTRO SFIATO,https://e-commerce.michelecaroli.com/wso/pages/user/wso0205.jsf?idaa=438678&codart=FS703&marart=230&seopth=HIFI-FILTRI-FS703-FILTRO-SFIATO
HF28893,51536,FILTRO IDRAULICO,https://e-commerce.michelecaroli.com/wso/pages/user/wso0205.jsf?idaa=368419&codart=51536&marart=218&seopth=WIX-INDUSTRIAL-HD-51536-FILTRO-IDRAULICO
HF28891,51853,FILTRO OLIO,https://e-commerce.michelecaroli.com/wso/pages/user/wso0205.jsf?idaa=368672&codart=51853&marart=218&seopth=WIX-INDUSTRIAL-HD-51853-FILTRO-OLIO
HF28891,51853,FILTRO OLIO,https://e-commerce.michelecaroli.com/wso/pages/user/wso0205.jsf?idaa=368672&codart=51853&marart=218&seopth=WIX-INDUSTRIAL-HD-51853-FILTRO-OLIO
HF28879,P550532,"HYDRAULIC FILTER, IN-LINE",https://e-commerce.michelecaroli.com/wso/pages/user/wso0205.jsf?idaa=441553&codart=P550532&marart=227&seopth=DONALDSON-FILTRI-P550532-HYDRAULIC-FILTER-IN-LINE
HF28874,CR500,,https://e-commerce.michelecaroli.com/wso/pages/user/wso0205.jsf?idaa=396523&codart=CR500&marart=230&seopth=HIFI-FILTRI-CR500-FILTRO-HYDR-P171566-HIFI
HF28874,CR500,,https://e-commerce.michelecaroli.com/wso/pages/user/wso0205.jsf?idaa=396523&codart=CR500&marart=230&seopth=HIFI-FILTRI-CR500-FILTRO-HYDR-P171566-HIFI
HF28870,CR600/6,,https://e-commerce.michelecaroli.com/wso/pages/user/wso0205.jsf?idaa=438588&codart=CR600%2F6&marart=230&seopth=HIFI-FILTRI-CR600-6-FILTRO
HF28870,CR600/6,,https://e-commerce.michelecaroli.com/wso/pages/user/wso0205.jsf?idaa=438588&codart=CR600%2F6&marart=230&seopth=HIFI-FILTRI-CR600-6-FILTRO
HF28866,CR50/6,,https://e-commerce.michelecaroli.com/wso/pages/user/wso0205.jsf?idaa=396522&codart=CR50%2F6&marart=230&seopth=HIFI-FILTRI-CR50-6-FILTRO-HYDR-P171523-HIFI
HF28848,P173482,FILTRO HYDR.DONALDSON P17-3482,https://e-commerce.michelecaroli.com/wso/pages/user/wso0205.jsf?idaa=155612&codart=P173482&marart=227&seopth=DONALDSON-FILTRI-P173482-FILTRO-HYDR-DONALDSON-P17-3482
HF28792,SH56207,FILTRO HYDR. HIFI,https://e-commerce.michelecaroli.com/wso/pages/user/wso0205.jsf?idaa=294063&codart=SH56207&marart=230&seopth=HIFI-FILTRI-SH56207-FILTRO-HYDR-HIFI
HF287783,SH60028,FILTRO HYDR. HIFI,https://e-commerce.michelecaroli.com/wso/pages/user/wso0205.jsf?idaa=295172&codart=SH60028&marart=230&seopth=HIFI-FILTRI-SH60028-FILTRO-HYDR-HIFI
HF28761,P567048,"HYDRAULIC FILTER, CARTRIDGE DT",https://e-commerce.michelecaroli.com/wso/pages/user/wso0205.jsf?idaa=442020&codart=P567048&marart=227&seopth=DONALDSON-FILTRI-P567048-HYDRAULIC-FILTER-CARTRIDGE-DT
HF28752,P167796,FILTRO IDRAULICO,https://e-commerce.michelecaroli.com/wso/pages/user/wso0205.jsf?idaa=311862&codart=P167796&marart=227&seopth=DONALDSON-FILTRI-P167796-FILTRO-IDRAULICO
HF28731,51628,FILTRO IDRAULICO,https://e-commerce.michelecaroli.com/wso/pages/user/wso0205.jsf?idaa=368501&codart=51628&marart=218&seopth=WIX-INDUSTRIAL-HD-51628-FILTRO-IDRAULICO
HF28731,51628,FILTRO IDRAULICO,https://e-commerce.michelecaroli.com/wso/pages/user/wso0205.jsf?idaa=368501&codart=51628&marart=218&seopth=WIX-INDUSTRIAL-HD-51628-FILTRO-IDRAULICO
HF28458,P566461,"HYDRAULIC FILTER, CARTRIDGE DT",https://e-commerce.michelecaroli.com/wso/pages/user/wso0205.jsf?idaa=441871&codart=P566461&marart=227&seopth=DONALDSON-FILTRI-P566461-HYDRAULIC-FILTER-CARTRIDGE-DT
HF194,46565,FILTRO ARIA,https://e-commerce.michelecaroli.com/wso/pages/user/wso0205.jsf?idaa=367322&codart=46565&marart=218&seopth=WIX-INDUSTRIAL-HD-46565-FILTRO-ARIA
HF193,MD-552K,FILTRO ARIA INTERNO 71 MM,https://e-commerce.michelecaroli.com/wso/pages/user/wso0205.jsf?idaa=464008&codart=MD-552K&marart=ALCO&seopth=ALCO-MD-552K-FILTRO-ARIA-INTERNO-71-MM
HF180,46591,FILTRO ARIA,https://e-commerce.michelecaroli.com/wso/pages/user/wso0205.jsf?idaa=367346&codart=46591&marart=218&seopth=WIX-INDUSTRIAL-HD-46591-FILTRO-ARIA
HF177,42920,FILTRO ARIA P119375,https://e-commerce.michelecaroli.com/wso/pages/user/wso0205.jsf?idaa=366896&codart=42920&marart=218&seopth=WIX-INDUSTRIAL-HD-42920-FILTRO-ARIA-P119375
HF1747,42782,FILTRO ARIA P142810,https://e-commerce.michelecaroli.com/wso/pages/user/wso0205.jsf?idaa=366812&codart=42782&marart=218&seopth=WIX-INDUSTRIAL-HD-42782-FILTRO-ARIA-P142810
HF1744,42541,FILTRO ARIA,https://e-commerce.michelecaroli.com/wso/pages/user/wso0205.jsf?idaa=366605&codart=42541&marart=218&seopth=WIX-INDUSTRIAL-HD-42541-FILTRO-ARIA
HF1743K,42540,FILTRO ARIA,https://e-commerce.michelecaroli.com/wso/pages/user/wso0205.jsf?idaa=366604&codart=42540&marart=218&seopth=WIX-INDUSTRIAL-HD-42540-FILTRO-ARIA
HF1737K,MD-566K,FILTRO ARIA,https://e-commerce.michelecaroli.com/wso/pages/user/wso0205.jsf?idaa=464017&codart=MD-566K&marart=ALCO&seopth=ALCO-MD-566K-FILTRO-ARIA
HF1681,42595,FILTRO ARIA,https://e-commerce.michelecaroli.com/wso/pages/user/wso0205.jsf?idaa=366655&codart=42595&marart=218&seopth=WIX-INDUSTRIAL-HD-42595-FILTRO-ARIA
HF1668,42145,FILTRO ARIA,https://e-commerce.michelecaroli.com/wso/pages/user/wso0205.jsf?idaa=366357&codart=42145&marart=218&seopth=WIX-INDUSTRIAL-HD-42145-FILTRO-ARIA
HF1627,42920,FILTRO ARIA P119375,https://e-commerce.michelecaroli.com/wso/pages/user/wso0205.jsf?idaa=366896&codart=42920&marart=218&seopth=WIX-INDUSTRIAL-HD-42920-FILTRO-ARIA-P119375
HF1529K,SA10385K,FILTRO ARIA P181050# HIFI ABBINATO CON SA14762,https://e-commerce.michelecaroli.com/wso/pages/user/wso0205.jsf?idaa=336011&codart=SA10385K&marart=230&seopth=HIFI-FILTRI-SA10385K-FILTRO-ARIA-P181050-HIFI
HF1526K,SA10385K,FILTRO ARIA P181050# HIFI ABBINATO CON SA14762,https://e-commerce.michelecaroli.com/wso/pages/user/wso0205.jsf?idaa=336011&codart=SA10385K&marart=230&seopth=HIFI-FILTRI-SA10385K-FILTRO-ARIA-P181050-HIFI
HF1511,SA14100,FILTRO ARIA P119778 HIFI,https://e-commerce.michelecaroli.com/wso/pages/user/wso0205.jsf?idaa=288876&codart=SA14100&marart=230&seopth=HIFI-FILTRI-SA14100-FILTRO-ARIA-P119778-HIFI
HF1484,42928,FILTRO ARIA,https://e-commerce.michelecaroli.com/wso/pages/user/wso0205.jsf?idaa=366904&codart=42928&marart=218&seopth=WIX-INDUSTRIAL-HD-42928-FILTRO-ARIA
HF1409,P117781,"FILTRO ARIA SICUREZZA DONALDSON ABBINATO CON P181040,P182040",https://e-commerce.michelecaroli.com/wso/pages/user/wso0205.jsf?idaa=154609&codart=P117781&marart=227&seopth=DONALDSON-FILTRI-P117781-FILTRO-ARIA-SICUREZZA-DONALDSON
HF1381,P103688,FILTRO ABITACOLO 610X610X69 DONALD SON,https://e-commerce.michelecaroli.com/wso/pages/user/wso0205.jsf?idaa=154523&codart=P103688&marart=227&seopth=DONALDSON-FILTRI-P103688-FILTRO-ABITACOLO-610X610X69-DONALD
HF1340,SA10833,FILTRO ARIA P114931 HIFI,https://e-commerce.michelecaroli.com/wso/pages/user/wso0205.jsf?idaa=336071&codart=SA10833&marart=230&seopth=HIFI-FILTRI-SA10833-FILTRO-ARIA-P114931-HIFI
HF1295K,P110854,FILTRO ARIA DONALDSON PI1-0854 OBSOLETO,https://e-commerce.michelecaroli.com/wso/pages/user/wso0205.jsf?idaa=154558&codart=P110854&marart=227&seopth=DONALDSON-FILTRI-P110854-FILTRO-ARIA-DONALDSON-PI1-0854
HF1294,42250,FILTRO ARIA,https://e-commerce.michelecaroli.com/wso/pages/user/wso0205.jsf?idaa=366408&codart=42250&marart=218&seopth=WIX-INDUSTRIAL-HD-42250-FILTRO-ARIA
HF1286,42955,FILTRO ARIA,https://e-commerce.michelecaroli.com/wso/pages/user/wso0205.jsf?idaa=366924&codart=42955&marart=218&seopth=WIX-INDUSTRIAL-HD-42955-FILTRO-ARIA
HF1263,42665,FILTRO ARIA,https://e-commerce.michelecaroli.com/wso/pages/user/wso0205.jsf?idaa=366709&codart=42665&marart=218&seopth=WIX-INDUSTRIAL-HD-42665-FILTRO-ARIA
HF1245,42787,FILTRO ARIA,https://e-commerce.michelecaroli.com/wso/pages/user/wso0205.jsf?idaa=366816&codart=42787&marart=218&seopth=WIX-INDUSTRIAL-HD-42787-FILTRO-ARIA
HF1239,42226,FILTRO ARIA,https://e-commerce.michelecaroli.com/wso/pages/user/wso0205.jsf?idaa=366389&codart=42226&marart=218&seopth=WIX-INDUSTRIAL-HD-42226-FILTRO-ARIA
HF1230,SA10408,FILTRO ARIA P142805 HIFI,https://e-commerce.michelecaroli.com/wso/pages/user/wso0205.jsf?idaa=423605&codart=SA10408&marart=230&seopth=HIFI-FILTRI-SA10408-FILTRO-ARIA-P142805-HIFI
HF1211,42316,FILTRO ARIA,https://e-commerce.michelecaroli.com/wso/pages/user/wso0205.jsf?idaa=366449&codart=42316&marart=218&seopth=WIX-INDUSTRIAL-HD-42316-FILTRO-ARIA
HF1173,42865,FILTRO ARIA,https://e-commerce.michelecaroli.com/wso/pages/user/wso0205.jsf?idaa=366863&codart=42865&marart=218&seopth=WIX-INDUSTRIAL-HD-42865-FILTRO-ARIA
HF117,MD-7502,FILTRO ARIA,https://e-commerce.michelecaroli.com/wso/pages/user/wso0205.jsf?idaa=464290&codart=MD-7502&marart=ALCO&seopth=ALCO-MD-7502-FILTRO-ARIA
HF1167,42260,FILTRO ARIA,https://e-commerce.michelecaroli.com/wso/pages/user/wso0205.jsf?idaa=366417&codart=42260&marart=218&seopth=WIX-INDUSTRIAL-HD-42260-FILTRO-ARIA
HF110,46554E,,https://e-commerce.michelecaroli.com/wso/pages/user/wso0205.jsf?idaa=369064&codart=46554E&marart=218&seopth=WIX-INDUSTRIAL-HD-46554E-FILTRO-ARIA-P771561
HF1097,42926,FILTRO ARIA,https://e-commerce.michelecaroli.com/wso/pages/user/wso0205.jsf?idaa=366902&codart=42926&marart=218&seopth=WIX-INDUSTRIAL-HD-42926-FILTRO-ARIA
HF1089K,42212,FILTRO ARIA,https://e-commerce.michelecaroli.com/wso/pages/user/wso0205.jsf?idaa=366381&codart=42212&marart=218&seopth=WIX-INDUSTRIAL-HD-42212-FILTRO-ARIA
HF107,42627,FILTRO ARIA,https://e-commerce.michelecaroli.com/wso/pages/user/wso0205.jsf?idaa=366678&codart=42627&marart=218&seopth=WIX-INDUSTRIAL-HD-42627-FILTRO-ARIA
HF1012,HF1012,,https://e-commerce.michelecaroli.com/wso/pages/user/wso0205.jsf?idaa=326150&codart=HF1012&marart=INA&seopth=INA-CUSCINETTI-INDUSTRIALI-HF1012-ASTUCCIO-ANTIRITORNO-10X14X12
HF1007764000,HF1007764000,,https://e-commerce.michelecaroli.com/wso/pages/user/wso0205.jsf?idaa=397359&codart=HF1007764000&marart=230&seopth=HIFI-FILTRI-HF1007764000-RACCORDO-1-X25-MM-HIFI
HF1003,57414,FILTRO OLIO,https://e-commerce.michelecaroli.com/wso/pages/user/wso0205.jsf?idaa=368854&codart=57414&marart=218&seopth=WIX-INDUSTRIAL-HD-57414-FILTRO-OLIO
HF098,SA1304,,https://e-commerce.michelecaroli.com/wso/pages/user/wso0205.jsf?idaa=288799&codart=SA1304&marart=230&seopth=HIFI-FILTRI-SA1304-FILTRO-ARIA-P526756-HIFI
HF009,SO780,FILTRO OLIO P550047 HIFI,https://e-commerce.michelecaroli.com/wso/pages/user/wso0205.jsf?idaa=301372&codart=SO780&marart=230&seopth=HIFI-FILTRI-SO780-FILTRO-OLIO-P550047-HIFI
HF008182000,HF008182000,,https://e-commerce.michelecaroli.com/wso/pages/user/wso0205.jsf?idaa=397358&codart=HF008182000&marart=230&seopth=HIFI-FILTRI-HF008182000-COPRI-ELICA-DEL-VENTILATORE-HIFI
HF00017,57452,FILTRO OLIO,https://e-commerce.michelecaroli.com/wso/pages/user/wso0205.jsf?idaa=368864&codart=57452&marart=218&seopth=WIX-INDUSTRIAL-HD-57452-FILTRO-OLIO
HF00016,57451,FILTRO OLIO,https://e-commerce.michelecaroli.com/wso/pages/user/wso0205.jsf?idaa=368863&codart=57451&marart=218&seopth=WIX-INDUSTRIAL-HD-57451-FILTRO-OLIO
HET6155,51137,FILTRO TRASMISSIONE,https://e-commerce.michelecaroli.com/wso/pages/user/wso0205.jsf?idaa=368128&codart=51137&marart=218&seopth=WIX-INDUSTRIAL-HD-51137-FILTRO-TRASMISSIONE
HET6153,51637,FILTRO OLIO,https://e-commerce.michelecaroli.com/wso/pages/user/wso0205.jsf?idaa=368510&codart=51637&marart=218&seopth=WIX-INDUSTRIAL-HD-51637-FILTRO-OLIO
HET6152,51487,FILTRO OLIO,https://e-commerce.michelecaroli.com/wso/pages/user/wso0205.jsf?idaa=368377&codart=51487&marart=218&seopth=WIX-INDUSTRIAL-HD-51487-FILTRO-OLIO
HET6151,P558877,FILTRO HYDR.DONALDSON P55-8877,https://e-commerce.michelecaroli.com/wso/pages/user/wso0205.jsf?idaa=157197&codart=P558877&marart=227&seopth=DONALDSON-FILTRI-P558877-FILTRO-HYDR-DONALDSON-P55-8877
HEM6098,51253,FILTRO IDRAULICO,https://e-commerce.michelecaroli.com/wso/pages/user/wso0205.jsf?idaa=368210&codart=51253&marart=218&seopth=WIX-INDUSTRIAL-HD-51253-FILTRO-IDRAULICO
HEM6087,51404,FILTRO IDRAULICO,https://e-commerce.michelecaroli.com/wso/pages/user/wso0205.jsf?idaa=368309&codart=51404&marart=218&seopth=WIX-INDUSTRIAL-HD-51404-FILTRO-IDRAULICO
HEM6081,51405,FILTRO IDRAULICO,https://e-commerce.michelecaroli.com/wso/pages/user/wso0205.jsf?idaa=368310&codart=51405&marart=218&seopth=WIX-INDUSTRIAL-HD-51405-FILTRO-IDRAULICO
HEM6079,51419,FILTRO IDRAULICO,https://e-commerce.michelecaroli.com/wso/pages/user/wso0205.jsf?idaa=368322&codart=51419&marart=218&seopth=WIX-INDUSTRIAL-HD-51419-FILTRO-IDRAULICO
HEM6079,51419,FILTRO IDRAULICO,https://e-commerce.michelecaroli.com/wso/pages/user/wso0205.jsf?idaa=368322&codart=51419&marart=218&seopth=WIX-INDUSTRIAL-HD-51419-FILTRO-IDRAULICO
HEM6078,P550082,FILTRO HYDR.DONALDSON P55-0082,https://e-commerce.michelecaroli.com/wso/pages/user/wso0205.jsf?idaa=156442&codart=P550082&marart=227&seopth=DONALDSON-FILTRI-P550082-FILTRO-HYDR-DONALDSON-P55-0082
HEM6077,51434,FILTRO IDRAULICO,https://e-commerce.michelecaroli.com/wso/pages/user/wso0205.jsf?idaa=368332&codart=51434&marart=218&seopth=WIX-INDUSTRIAL-HD-51434-FILTRO-IDRAULICO
HEM6070,SH56210,,https://e-commerce.michelecaroli.com/wso/pages/user/wso0205.jsf?idaa=294065&codart=SH56210&marart=230&seopth=HIFI-FILTRI-SH56210-FILTRO-HYDR-HIFI
HEM6065,51679,FILTRO IDRAULICO,https://e-commerce.michelecaroli.com/wso/pages/user/wso0205.jsf?idaa=368546&codart=51679&marart=218&seopth=WIX-INDUSTRIAL-HD-51679-FILTRO-IDRAULICO
HEM6060,SH56298,FILTRO HYDR. P173491 HIFI,https://e-commerce.michelecaroli.com/wso/pages/user/wso0205.jsf?idaa=294112&codart=SH56298&marart=230&seopth=HIFI-FILTRI-SH56298-FILTRO-HYDR-P173491-HIFI
HEM6059,SH56297,FILTRO HYDR. HIFI,https://e-commerce.michelecaroli.com/wso/pages/user/wso0205.jsf?idaa=294111&codart=SH56297&marart=230&seopth=HIFI-FILTRI-SH56297-FILTRO-HYDR-HIFI
HEM6058,51533,FILTRO IDRAULICO,https://e-commerce.michelecaroli.com/wso/pages/user/wso0205.jsf?idaa=368416&codart=51533&marart=218&seopth=WIX-INDUSTRIAL-HD-51533-FILTRO-IDRAULICO
HEM6058,51533,FILTRO IDRAULICO,https://e-commerce.michelecaroli.com/wso/pages/user/wso0205.jsf?idaa=368416&codart=51533&marart=218&seopth=WIX-INDUSTRIAL-HD-51533-FILTRO-IDRAULICO
HEM6056,51866,FILTRO OLIO,https://e-commerce.michelecaroli.com/wso/pages/user/wso0205.jsf?idaa=368684&codart=51866&marart=218&seopth=WIX-INDUSTRIAL-HD-51866-FILTRO-OLIO
HEM6045,1R0659,,https://e-commerce.michelecaroli.com/wso/pages/user/wso0205.jsf?idaa=146663&codart=1R0659&marart=222&seopth=FILTRI-VARI-1R0659-FILTRO-OLIO-CAT
HEM6043,51679,FILTRO IDRAULICO,https://e-commerce.michelecaroli.com/wso/pages/user/wso0205.jsf?idaa=368546&codart=51679&marart=218&seopth=WIX-INDUSTRIAL-HD-51679-FILTRO-IDRAULICO
HEM6041,SH56129,FILTRO HYDR. P555603 HIFI,https://e-commerce.michelecaroli.com/wso/pages/user/wso0205.jsf?idaa=294023&codart=SH56129&marart=230&seopth=HIFI-FILTRI-SH56129-FILTRO-HYDR-P555603-HIFI
HEM6036,P166136,FILTRO HYDR.DONALDSON P16-6136,https://e-commerce.michelecaroli.com/wso/pages/user/wso0205.jsf?idaa=154987&codart=P166136&marart=227&seopth=DONALDSON-FILTRI-P166136-FILTRO-HYDR-DONALDSON-P16-6136
HEM6035,SH63573,,https://e-commerce.michelecaroli.com/wso/pages/user/wso0205.jsf?idaa=438536&codart=SH63573&marart=230&seopth=HIFI-FILTRI-SH63573-FILTRO-NAFTA-HIFI
HEM6031,51588,,https://e-commerce.michelecaroli.com/wso/pages/user/wso0205.jsf?idaa=368466&codart=51588&marart=218&seopth=WIX-INDUSTRIAL-HD-51588-FILTRO-IDRAULICO
HEM6028,51181,FILTRO IDRAULICO,https://e-commerce.michelecaroli.com/wso/pages/user/wso0205.jsf?idaa=368163&codart=51181&marart=218&seopth=WIX-INDUSTRIAL-HD-51181-FILTRO-IDRAULICO
HEM6025,51442,FILTRO IDRAULICO,https://e-commerce.michelecaroli.com/wso/pages/user/wso0205.jsf?idaa=368340&codart=51442&marart=218&seopth=WIX-INDUSTRIAL-HD-51442-FILTRO-IDRAULICO
HEM6019,SH56252,FILTRO HYDR. P164241 HIFI,https://e-commerce.michelecaroli.com/wso/pages/user/wso0205.jsf?idaa=294090&codart=SH56252&marart=230&seopth=HIFI-FILTRI-SH56252-FILTRO-HYDR-P164241-HIFI
HEM6018,SH56133,FILTRO HYDR. P556700 HIFI,https://e-commerce.michelecaroli.com/wso/pages/user/wso0205.jsf?idaa=399778&codart=SH56133&marart=230&seopth=HIFI-FILTRI-SH56133-FILTRO-HYDR-P556700-HIFI
HEH11K01,HEH11K01,,https://e-commerce.michelecaroli.com/wso/pages/user/wso0205.jsf?idaa=397356&codart=HEH11K01&marart=230&seopth=HIFI-FILTRI-HEH11K01-FILTRO-NAFTA-COMPL-HIFI
HEE251HD11,HEE251HD11,,https://e-commerce.michelecaroli.com/wso/pages/user/wso0205.jsf?idaa=397353&codart=HEE251HD11&marart=230&seopth=HIFI-FILTRI-HEE251HD11-FILTRO-OLIO-HIFI
HEE161HD28,HEE161HD28,,https://e-commerce.michelecaroli.com/wso/pages/user/wso0205.jsf?idaa=397352&codart=HEE161HD28&marart=230&seopth=HIFI-FILTRI-HEE161HD28-FILTRO-OLIO-HIFI
HEE120SF006,HEE120SF006,,https://e-commerce.michelecaroli.com/wso/pages/user/wso0205.jsf?idaa=397351&codart=HEE120SF006&marart=230&seopth=HIFI-FILTRI-HEE120SF006-FILTRO-NAFTA-HIFI
HE400000415,SO689,FILTRO OLIO P552518 HIFI,https://e-commerce.michelecaroli.com/wso/pages/user/wso0205.jsf?idaa=300375&codart=SO689&marart=230&seopth=HIFI-FILTRI-SO689-FILTRO-OLIO-P552518-HIFI
HE400000407,SO689,FILTRO OLIO P552518 HIFI,https://e-commerce.michelecaroli.com/wso/pages/user/wso0205.jsf?idaa=300375&codart=SO689&marart=230&seopth=HIFI-FILTRI-SO689-FILTRO-OLIO-P552518-HIFI
HE391,SH65016,FILTRO HYDR. HIFI,https://e-commerce.michelecaroli.com/wso/pages/user/wso0205.jsf?idaa=296692&codart=SH65016&marart=230&seopth=HIFI-FILTRI-SH65016-FILTRO-HYDR-HIFI
HE3,P167829,,https://e-commerce.michelecaroli.com/wso/pages/user/wso0205.jsf?idaa=155024&codart=P167829&marart=227&seopth=DONALDSON-FILTRI-P167829-OBSOLETO
HE27030,SH56252,FILTRO HYDR. P164241 HIFI,https://e-commerce.michelecaroli.com/wso/pages/user/wso0205.jsf?idaa=294090&codart=SH56252&marart=230&seopth=HIFI-FILTRI-SH56252-FILTRO-HYDR-P164241-HIFI
HE27020,SH56147,FILTRO HYDR. P559740 HIFI,https://e-commerce.michelecaroli.com/wso/pages/user/wso0205.jsf?idaa=294034&codart=SH56147&marart=230&seopth=HIFI-FILTRI-SH56147-FILTRO-HYDR-P559740-HIFI
HE27010,SH56251,FILTRO OLIO P550816 HIFI,https://e-commerce.michelecaroli.com/wso/pages/user/wso0205.jsf?idaa=399783&codart=SH56251&marart=230&seopth=HIFI-FILTRI-SH56251-FILTRO-OLIO-P550816-HIFI
HE24070,SH60144,FILTRO HYDR. HIFI,https://e-commerce.michelecaroli.com/wso/pages/user/wso0205.jsf?idaa=294465&codart=SH60144&marart=230&seopth=HIFI-FILTRI-SH60144-FILTRO-HYDR-HIFI
HE1826,SO633,FILTRO OLIO HIFI,https://e-commerce.michelecaroli.com/wso/pages/user/wso0205.jsf?idaa=300350&codart=SO633&marart=230&seopth=HIFI-FILTRI-SO633-FILTRO-OLIO-HIFI
HE18020,P550476,FILTRO HYDR.DONALDSON P55-0476,https://e-commerce.michelecaroli.com/wso/pages/user/wso0205.jsf?idaa=156632&codart=P550476&marart=227&seopth=DONALDSON-FILTRI-P550476-FILTRO-HYDR-DONALDSON-P55-0476
HE18010,P550477,FILTRO HYDR.DONALDSON P55-0477,https://e-commerce.michelecaroli.com/wso/pages/user/wso0205.jsf?idaa=156633&codart=P550477&marart=227&seopth=DONALDSON-FILTRI-P550477-FILTRO-HYDR-DONALDSON-P55-0477
HE1220800,P550400,FILTRO OLIO DONALDSON P55-0400,https://e-commerce.michelecaroli.com/wso/pages/user/wso0205.jsf?idaa=156593&codart=P550400&marart=227&seopth=DONALDSON-FILTRI-P550400-FILTRO-OLIO-DONALDSON-P55-0400
HDZ475,T6746,,https://e-commerce.michelecaroli.com/wso/pages/user/wso0205.jsf?idaa=395349&codart=T6746&marart=230&seopth=HIFI-FILTRI-T6746-FILTRO-OLIO-HIFI
HDZ375,SO045,FILTRO OLIO P551604# HIFI,https://e-commerce.michelecaroli.com/wso/pages/user/wso0205.jsf?idaa=300661&codart=SO045&marart=230&seopth=HIFI-FILTRI-SO045-FILTRO-OLIO-P551604-HIFI
HDZ374,SO3000,FILTRO OLIO P553000 HIFI,https://e-commerce.michelecaroli.com/wso/pages/user/wso0205.jsf?idaa=300875&codart=SO3000&marart=230&seopth=HIFI-FILTRI-SO3000-FILTRO-OLIO-P553000-HIFI
HDZ319,57080,FILTRO OLIO,https://e-commerce.michelecaroli.com/wso/pages/user/wso0205.jsf?idaa=369408&codart=57080&marart=218&seopth=WIX-INDUSTRIAL-HD-57080-FILTRO-OLIO
HDZ240,SO3333,FILTRO OLIO P551670# HIFI,https://e-commerce.michelecaroli.com/wso/pages/user/wso0205.jsf?idaa=300892&codart=SO3333&marart=230&seopth=HIFI-FILTRI-SO3333-FILTRO-OLIO-P551670-HIFI
HDZ237,P554206,FILTRO OLIO DONALDSON P55-4206,https://e-commerce.michelecaroli.com/wso/pages/user/wso0205.jsf?idaa=157108&codart=P554206&marart=227&seopth=DONALDSON-FILTRI-P554206-FILTRO-OLIO-DONALDSON-P55-4206
HDZ233,P550777,FILTRO@OLIO DONALDSON conf.6,https://e-commerce.michelecaroli.com/wso/pages/user/wso0205.jsf?idaa=156797&codart=P550777&marart=227&seopth=DONALDSON-FILTRI-P550777-FILTRO-OLIO-DONALDSON-conf-6
HDZ232,P550671,FILTRO OLIO,https://e-commerce.michelecaroli.com/wso/pages/user/wso0205.jsf?idaa=156730&codart=P550671&marart=227&seopth=DONALDSON-FILTRI-P550671-FILTRO-OLIO
HDZ229,SO734,FILTRO OLIO P551381 HIFI,https://e-commerce.michelecaroli.com/wso/pages/user/wso0205.jsf?idaa=301367&codart=SO734&marart=230&seopth=HIFI-FILTRI-SO734-FILTRO-OLIO-P551381-HIFI
HDZ209,SO3342,FILTRO OLIO P555570 HIFI,https://e-commerce.michelecaroli.com/wso/pages/user/wso0205.jsf?idaa=300897&codart=SO3342&marart=230&seopth=HIFI-FILTRI-SO3342-FILTRO-OLIO-P555570-HIFI
HDZ137,SO654,FILTRO OLIO P555680 HIFI,https://e-commerce.michelecaroli.com/wso/pages/user/wso0205.jsf?idaa=300363&codart=SO654&marart=230&seopth=HIFI-FILTRI-SO654-FILTRO-OLIO-P555680-HIFI
HDZ117,SN5019,FILTRO NAFTA P552603 HIFI,https://e-commerce.michelecaroli.com/wso/pages/user/wso0205.jsf?idaa=299356&codart=SN5019&marart=230&seopth=HIFI-FILTRI-SN5019-FILTRO-NAFTA-P552603-HIFI
HDS900,WL7074,FILTRO OLIO FORDKA-FIESTA-FOCUS,https://e-commerce.michelecaroli.com/wso/pages/user/wso0205.jsf?idaa=143482&codart=WL7074&marart=219&seopth=WIX-AUTO-FILTRI-WL7074-FILTRO-OLIO-FORDKA-FIESTA-FOCUS
HDS486,SH59314,FILTRO HYDR. P551323 HIFI,https://e-commerce.michelecaroli.com/wso/pages/user/wso0205.jsf?idaa=295143&codart=SH59314&marart=230&seopth=HIFI-FILTRI-SH59314-FILTRO-HYDR-P551323-HIFI
HDR2106,33073,FILTRO NAFTA,https://e-commerce.michelecaroli.com/wso/pages/user/wso0205.jsf?idaa=365761&codart=33073&marart=218&seopth=WIX-INDUSTRIAL-HD-33073-FILTRO-NAFTA
HDO9,SO3316,FILTRO OLIO P555616 HIFI,https://e-commerce.michelecaroli.com/wso/pages/user/wso0205.jsf?idaa=300885&codart=SO3316&marart=230&seopth=HIFI-FILTRI-SO3316-FILTRO-OLIO-P555616-HIFI
HDO8,51808,FILTRO OLIO P553871,https://e-commerce.michelecaroli.com/wso/pages/user/wso0205.jsf?idaa=368645&codart=51808&marart=218&seopth=WIX-INDUSTRIAL-HD-51808-FILTRO-OLIO-P553871
HDO7,SO3000,FILTRO OLIO P553000 HIFI,https://e-commerce.michelecaroli.com/wso/pages/user/wso0205.jsf?idaa=300875&codart=SO3000&marart=230&seopth=HIFI-FILTRI-SO3000-FILTRO-OLIO-P553000-HIFI
