Code searched,Matched code,Part Category on Michele,Link to Michele product
HY18308,HY18308,,https://e-commerce.michelecaroli.com/wso/pages/user/wso0205.jsf?idaa=405698&codart=HY18308&marart=233&seopth=SF-FILTER-HY18308-FILTRO-IDRAULICO
HY18307,HY18307,,https://e-commerce.michelecaroli.com/wso/pages/user/wso0205.jsf?idaa=405697&codart=HY18307&marart=233&seopth=SF-FILTER-HY18307-FILTRO-IDRAULICO
HY18307,HY18307,,https://e-commerce.michelecaroli.com/wso/pages/user/wso0205.jsf?idaa=405697&codart=HY18307&marart=233&seopth=SF-FILTER-HY18307-FILTRO-IDRAULICO
HY18306,HY18306,,https://e-commerce.michelecaroli.com/wso/pages/user/wso0205.jsf?idaa=405695&codart=HY18306&marart=233&seopth=SF-FILTER-HY18306-FILTRO-IDRAULICO
HY183041,HY18304/1,,https://e-commerce.michelecaroli.com/wso/pages/user/wso0205.jsf?idaa=405693&codart=HY18304%2F1&marart=233&seopth=SF-FILTER-HY18304-1-FILTRO-IDRAULICO
HY18304,HY18304,,https://e-commerce.michelecaroli.com/wso/pages/user/wso0205.jsf?idaa=405692&codart=HY18304&marart=233&seopth=SF-FILTER-HY18304-FILTRO-IDRAULICO
HY18304,HY18304,,https://e-commerce.michelecaroli.com/wso/pages/user/wso0205.jsf?idaa=405692&codart=HY18304&marart=233&seopth=SF-FILTER-HY18304-FILTRO-IDRAULICO
HY18297,HY18297,,https://e-commerce.michelecaroli.com/wso/pages/user/wso0205.jsf?idaa=405691&codart=HY18297&marart=233&seopth=SF-FILTER-HY18297-FILTRO-IDRAULICO
HY18297,HY18297,,https://e-commerce.michelecaroli.com/wso/pages/user/wso0205.jsf?idaa=405691&codart=HY18297&marart=233&seopth=SF-FILTER-HY18297-FILTRO-IDRAULICO
HY18296,HY18296,,https://e-commerce.michelecaroli.com/wso/pages/user/wso0205.jsf?idaa=405690&codart=HY18296&marart=233&seopth=SF-FILTER-HY18296-FILTRO-IDRAULICO
HY18296,HY18296,,https://e-commerce.michelecaroli.com/wso/pages/user/wso0205.jsf?idaa=405690&codart=HY18296&marart=233&seopth=SF-FILTER-HY18296-FILTRO-IDRAULICO
HY18294,HY18294,,https://e-commerce.michelecaroli.com/wso/pages/user/wso0205.jsf?idaa=405689&codart=HY18294&marart=233&seopth=SF-FILTER-HY18294-FILTRO-IDRAULICO
HY18293,HY18293,,https://e-commerce.michelecaroli.com/wso/pages/user/wso0205.jsf?idaa=405688&codart=HY18293&marart=233&seopth=SF-FILTER-HY18293-FILTRO-IDRAULICO
HY18293,HY18293,,https://e-commerce.michelecaroli.com/wso/pages/user/wso0205.jsf?idaa=405688&codart=HY18293&marart=233&seopth=SF-FILTER-HY18293-FILTRO-IDRAULICO
HY18291V,HY18291-V,,https://e-commerce.michelecaroli.com/wso/pages/user/wso0205.jsf?idaa=405686&codart=HY18291-V&marart=233&seopth=SF-FILTER-HY18291-V-FILTRO-IDRAULICO
HY18291V,HY18291-V,,https://e-commerce.michelecaroli.com/wso/pages/user/wso0205.jsf?idaa=405686&codart=HY18291-V&marart=233&seopth=SF-FILTER-HY18291-V-FILTRO-IDRAULICO
HY18285,HY18285,,https://e-commerce.michelecaroli.com/wso/pages/user/wso0205.jsf?idaa=405682&codart=HY18285&marart=233&seopth=SF-FILTER-HY18285-FILTRO-IDRAULICO
HY18283,HY18283,,https://e-commerce.michelecaroli.com/wso/pages/user/wso0205.jsf?idaa=405681&codart=HY18283&marart=233&seopth=SF-FILTER-HY18283-FILTRO-IDRAULICO
HY18283,HY18283,,https://e-commerce.michelecaroli.com/wso/pages/user/wso0205.jsf?idaa=405681&codart=HY18283&marart=233&seopth=SF-FILTER-HY18283-FILTRO-IDRAULICO
HY18282,HY18282,,https://e-commerce.michelecaroli.com/wso/pages/user/wso0205.jsf?idaa=405680&codart=HY18282&marart=233&seopth=SF-FILTER-HY18282-FILTRO-IDRAULICO
HY18280,SH63921,FILTRO HYDR. P171716 HIFI,https://e-commerce.michelecaroli.com/wso/pages/user/wso0205.jsf?idaa=295636&codart=SH63921&marart=230&seopth=HIFI-FILTRI-SH63921-FILTRO-HYDR-P171716-HIFI
HY18279,HY18279,,https://e-commerce.michelecaroli.com/wso/pages/user/wso0205.jsf?idaa=405679&codart=HY18279&marart=233&seopth=SF-FILTER-HY18279-FILTRO-IDRAULICO
HY18279,HY18279,,https://e-commerce.michelecaroli.com/wso/pages/user/wso0205.jsf?idaa=405679&codart=HY18279&marart=233&seopth=SF-FILTER-HY18279-FILTRO-IDRAULICO
HY18277,HY18277,,https://e-commerce.michelecaroli.com/wso/pages/user/wso0205.jsf?idaa=405677&codart=HY18277&marart=233&seopth=SF-FILTER-HY18277-FILTRO-IDRAULICO
HY18277,HY18277,,https://e-commerce.michelecaroli.com/wso/pages/user/wso0205.jsf?idaa=405677&codart=HY18277&marart=233&seopth=SF-FILTER-HY18277-FILTRO-IDRAULICO
HY18276,HY18276,,https://e-commerce.michelecaroli.com/wso/pages/user/wso0205.jsf?idaa=405676&codart=HY18276&marart=233&seopth=SF-FILTER-HY18276-FILTRO-IDRAULICO
HY18276,HY18276,,https://e-commerce.michelecaroli.com/wso/pages/user/wso0205.jsf?idaa=405676&codart=HY18276&marart=233&seopth=SF-FILTER-HY18276-FILTRO-IDRAULICO
HY18275,HY18275,,https://e-commerce.michelecaroli.com/wso/pages/user/wso0205.jsf?idaa=405675&codart=HY18275&marart=233&seopth=SF-FILTER-HY18275-FILTRO-IDRAULICO
HY18274,HY18274,,https://e-commerce.michelecaroli.com/wso/pages/user/wso0205.jsf?idaa=405674&codart=HY18274&marart=233&seopth=SF-FILTER-HY18274-FILTRO-IDRAULICO
HY18274,HY18274,,https://e-commerce.michelecaroli.com/wso/pages/user/wso0205.jsf?idaa=405674&codart=HY18274&marart=233&seopth=SF-FILTER-HY18274-FILTRO-IDRAULICO
HY18273,HY18273,,https://e-commerce.michelecaroli.com/wso/pages/user/wso0205.jsf?idaa=405673&codart=HY18273&marart=233&seopth=SF-FILTER-HY18273-FILTRO-IDRAULICO
HY18273,HY18273,,https://e-commerce.michelecaroli.com/wso/pages/user/wso0205.jsf?idaa=405673&codart=HY18273&marart=233&seopth=SF-FILTER-HY18273-FILTRO-IDRAULICO
HY18272,HY18272,,https://e-commerce.michelecaroli.com/wso/pages/user/wso0205.jsf?idaa=405672&codart=HY18272&marart=233&seopth=SF-FILTER-HY18272-FILTRO-IDRAULICO
HY18270,HY18270,,https://e-commerce.michelecaroli.com/wso/pages/user/wso0205.jsf?idaa=405670&codart=HY18270&marart=233&seopth=SF-FILTER-HY18270-FILTRO-IDRAULICO
HY18270,HY18270,,https://e-commerce.michelecaroli.com/wso/pages/user/wso0205.jsf?idaa=405670&codart=HY18270&marart=233&seopth=SF-FILTER-HY18270-FILTRO-IDRAULICO
HY18269,HY18269,,https://e-commerce.michelecaroli.com/wso/pages/user/wso0205.jsf?idaa=405669&codart=HY18269&marart=233&seopth=SF-FILTER-HY18269-FILTRO-IDRAULICO
HY18269,HY18269,,https://e-commerce.michelecaroli.com/wso/pages/user/wso0205.jsf?idaa=405669&codart=HY18269&marart=233&seopth=SF-FILTER-HY18269-FILTRO-IDRAULICO
HY18269,HY18269,,https://e-commerce.michelecaroli.com/wso/pages/user/wso0205.jsf?idaa=405669&codart=HY18269&marart=233&seopth=SF-FILTER-HY18269-FILTRO-IDRAULICO
HY18267,HY18267,,https://e-commerce.michelecaroli.com/wso/pages/user/wso0205.jsf?idaa=405667&codart=HY18267&marart=233&seopth=SF-FILTER-HY18267-FILTRO-IDRAULICO
HY18267,HY18267,,https://e-commerce.michelecaroli.com/wso/pages/user/wso0205.jsf?idaa=405667&codart=HY18267&marart=233&seopth=SF-FILTER-HY18267-FILTRO-IDRAULICO
HY18266,HY18266,,https://e-commerce.michelecaroli.com/wso/pages/user/wso0205.jsf?idaa=405666&codart=HY18266&marart=233&seopth=SF-FILTER-HY18266-FILTRO-IDRAULICO
HY182651,HY18265/1,,https://e-commerce.michelecaroli.com/wso/pages/user/wso0205.jsf?idaa=405665&codart=HY18265%2F1&marart=233&seopth=SF-FILTER-HY18265-1-FILTRO-IDRAULICO
HY182651,HY18265/1,,https://e-commerce.michelecaroli.com/wso/pages/user/wso0205.jsf?idaa=405665&codart=HY18265%2F1&marart=233&seopth=SF-FILTER-HY18265-1-FILTRO-IDRAULICO
HY18265,HY18265,,https://e-commerce.michelecaroli.com/wso/pages/user/wso0205.jsf?idaa=405664&codart=HY18265&marart=233&seopth=SF-FILTER-HY18265-FILTRO-IDRAULICO
HY18265,HY18265,,https://e-commerce.michelecaroli.com/wso/pages/user/wso0205.jsf?idaa=405664&codart=HY18265&marart=233&seopth=SF-FILTER-HY18265-FILTRO-IDRAULICO
HY18263,HY18263,,https://e-commerce.michelecaroli.com/wso/pages/user/wso0205.jsf?idaa=405662&codart=HY18263&marart=233&seopth=SF-FILTER-HY18263-FILTRO-IDRAULICO
HY18262,HY18262,,https://e-commerce.michelecaroli.com/wso/pages/user/wso0205.jsf?idaa=405661&codart=HY18262&marart=233&seopth=SF-FILTER-HY18262-FILTRO-IDRAULICO
HY18262,HY18262,,https://e-commerce.michelecaroli.com/wso/pages/user/wso0205.jsf?idaa=405661&codart=HY18262&marart=233&seopth=SF-FILTER-HY18262-FILTRO-IDRAULICO
HY18262,HY18262,,https://e-commerce.michelecaroli.com/wso/pages/user/wso0205.jsf?idaa=405661&codart=HY18262&marart=233&seopth=SF-FILTER-HY18262-FILTRO-IDRAULICO
HY182612,HY18261/2,,https://e-commerce.michelecaroli.com/wso/pages/user/wso0205.jsf?idaa=405660&codart=HY18261%2F2&marart=233&seopth=SF-FILTER-HY18261-2-FILTRO-IDRAULICO
HY18260,HY18260,,https://e-commerce.michelecaroli.com/wso/pages/user/wso0205.jsf?idaa=405658&codart=HY18260&marart=233&seopth=SF-FILTER-HY18260-FILTRO-IDRAULICO
HY18260,HY18260,,https://e-commerce.michelecaroli.com/wso/pages/user/wso0205.jsf?idaa=405658&codart=HY18260&marart=233&seopth=SF-FILTER-HY18260-FILTRO-IDRAULICO
HY18258,HY18258,,https://e-commerce.michelecaroli.com/wso/pages/user/wso0205.jsf?idaa=405656&codart=HY18258&marart=233&seopth=SF-FILTER-HY18258-FILTRO-IDRAULICO
HY18258,HY18258,,https://e-commerce.michelecaroli.com/wso/pages/user/wso0205.jsf?idaa=405656&codart=HY18258&marart=233&seopth=SF-FILTER-HY18258-FILTRO-IDRAULICO
HY18255,HY18255,,https://e-commerce.michelecaroli.com/wso/pages/user/wso0205.jsf?idaa=405654&codart=HY18255&marart=233&seopth=SF-FILTER-HY18255-FILTRO-IDRAULICO
HY18251,HY18251,,https://e-commerce.michelecaroli.com/wso/pages/user/wso0205.jsf?idaa=405651&codart=HY18251&marart=233&seopth=SF-FILTER-HY18251-FILTRO-IDRAULICO
HY18251,HY18251,,https://e-commerce.michelecaroli.com/wso/pages/user/wso0205.jsf?idaa=405651&codart=HY18251&marart=233&seopth=SF-FILTER-HY18251-FILTRO-IDRAULICO
HY18250,HY18250,,https://e-commerce.michelecaroli.com/wso/pages/user/wso0205.jsf?idaa=405650&codart=HY18250&marart=233&seopth=SF-FILTER-HY18250-FILTRO-IDRAULICO
HY18250,HY18250,,https://e-commerce.michelecaroli.com/wso/pages/user/wso0205.jsf?idaa=405650&codart=HY18250&marart=233&seopth=SF-FILTER-HY18250-FILTRO-IDRAULICO
HY18249,HY18249,,https://e-commerce.michelecaroli.com/wso/pages/user/wso0205.jsf?idaa=405649&codart=HY18249&marart=233&seopth=SF-FILTER-HY18249-FILTRO-IDRAULICO
HY18249,HY18249,,https://e-commerce.michelecaroli.com/wso/pages/user/wso0205.jsf?idaa=405649&codart=HY18249&marart=233&seopth=SF-FILTER-HY18249-FILTRO-IDRAULICO
HY18247,HY18247,,https://e-commerce.michelecaroli.com/wso/pages/user/wso0205.jsf?idaa=405648&codart=HY18247&marart=233&seopth=SF-FILTER-HY18247-FILTRO-IDRAULICO
HY18247,HY18247,,https://e-commerce.michelecaroli.com/wso/pages/user/wso0205.jsf?idaa=405648&codart=HY18247&marart=233&seopth=SF-FILTER-HY18247-FILTRO-IDRAULICO
HY18246,HY18246,,https://e-commerce.michelecaroli.com/wso/pages/user/wso0205.jsf?idaa=405647&codart=HY18246&marart=233&seopth=SF-FILTER-HY18246-FILTRO-IDRAULICO
HY18246,HY18246,,https://e-commerce.michelecaroli.com/wso/pages/user/wso0205.jsf?idaa=405647&codart=HY18246&marart=233&seopth=SF-FILTER-HY18246-FILTRO-IDRAULICO
HY18245,HY18245,,https://e-commerce.michelecaroli.com/wso/pages/user/wso0205.jsf?idaa=405646&codart=HY18245&marart=233&seopth=SF-FILTER-HY18245-FILTRO-IDRAULICO
HY18245,HY18245,,https://e-commerce.michelecaroli.com/wso/pages/user/wso0205.jsf?idaa=405646&codart=HY18245&marart=233&seopth=SF-FILTER-HY18245-FILTRO-IDRAULICO
HY18244,HY18244,,https://e-commerce.michelecaroli.com/wso/pages/user/wso0205.jsf?idaa=405645&codart=HY18244&marart=233&seopth=SF-FILTER-HY18244-FILTRO-IDRAULICO
HY18244,HY18244,,https://e-commerce.michelecaroli.com/wso/pages/user/wso0205.jsf?idaa=405645&codart=HY18244&marart=233&seopth=SF-FILTER-HY18244-FILTRO-IDRAULICO
HY18242,HY18242,,https://e-commerce.michelecaroli.com/wso/pages/user/wso0205.jsf?idaa=405643&codart=HY18242&marart=233&seopth=SF-FILTER-HY18242-FILTRO-IDRAULICO
HY18242,HY18242,,https://e-commerce.michelecaroli.com/wso/pages/user/wso0205.jsf?idaa=405643&codart=HY18242&marart=233&seopth=SF-FILTER-HY18242-FILTRO-IDRAULICO
HY18241,HY18241,,https://e-commerce.michelecaroli.com/wso/pages/user/wso0205.jsf?idaa=405642&codart=HY18241&marart=233&seopth=SF-FILTER-HY18241-FILTRO-IDRAULICO
HY18241,HY18241,,https://e-commerce.michelecaroli.com/wso/pages/user/wso0205.jsf?idaa=405642&codart=HY18241&marart=233&seopth=SF-FILTER-HY18241-FILTRO-IDRAULICO
HY18240,HY18240,,https://e-commerce.michelecaroli.com/wso/pages/user/wso0205.jsf?idaa=405641&codart=HY18240&marart=233&seopth=SF-FILTER-HY18240-FILTRO-IDRAULICO
HY18240,HY18240,,https://e-commerce.michelecaroli.com/wso/pages/user/wso0205.jsf?idaa=405641&codart=HY18240&marart=233&seopth=SF-FILTER-HY18240-FILTRO-IDRAULICO
HY18238,HY18238,,https://e-commerce.michelecaroli.com/wso/pages/user/wso0205.jsf?idaa=405640&codart=HY18238&marart=233&seopth=SF-FILTER-HY18238-FILTRO-IDRAULICO
HY18238,HY18238,,https://e-commerce.michelecaroli.com/wso/pages/user/wso0205.jsf?idaa=405640&codart=HY18238&marart=233&seopth=SF-FILTER-HY18238-FILTRO-IDRAULICO
HY18237,HY18237,,https://e-commerce.michelecaroli.com/wso/pages/user/wso0205.jsf?idaa=405639&codart=HY18237&marart=233&seopth=SF-FILTER-HY18237-FILTRO-IDRAULICO
HY18237,HY18237,,https://e-commerce.michelecaroli.com/wso/pages/user/wso0205.jsf?idaa=405639&codart=HY18237&marart=233&seopth=SF-FILTER-HY18237-FILTRO-IDRAULICO
HY18236,HY18236,,https://e-commerce.michelecaroli.com/wso/pages/user/wso0205.jsf?idaa=405638&codart=HY18236&marart=233&seopth=SF-FILTER-HY18236-FILTRO-IDRAULICO
HY18236,HY18236,,https://e-commerce.michelecaroli.com/wso/pages/user/wso0205.jsf?idaa=405638&codart=HY18236&marart=233&seopth=SF-FILTER-HY18236-FILTRO-IDRAULICO
HY18235,HY18235,,https://e-commerce.michelecaroli.com/wso/pages/user/wso0205.jsf?idaa=405637&codart=HY18235&marart=233&seopth=SF-FILTER-HY18235-FILTRO-IDRAULICO
HY18235,HY18235,,https://e-commerce.michelecaroli.com/wso/pages/user/wso0205.jsf?idaa=405637&codart=HY18235&marart=233&seopth=SF-FILTER-HY18235-FILTRO-IDRAULICO
HY18234,HY18234,,https://e-commerce.michelecaroli.com/wso/pages/user/wso0205.jsf?idaa=405636&codart=HY18234&marart=233&seopth=SF-FILTER-HY18234-FILTRO-IDRAULICO
HY18234,HY18234,,https://e-commerce.michelecaroli.com/wso/pages/user/wso0205.jsf?idaa=405636&codart=HY18234&marart=233&seopth=SF-FILTER-HY18234-FILTRO-IDRAULICO
HY18233,HY18233,,https://e-commerce.michelecaroli.com/wso/pages/user/wso0205.jsf?idaa=405635&codart=HY18233&marart=233&seopth=SF-FILTER-HY18233-FILTRO-IDRAULICO
HY18233,HY18233,,https://e-commerce.michelecaroli.com/wso/pages/user/wso0205.jsf?idaa=405635&codart=HY18233&marart=233&seopth=SF-FILTER-HY18233-FILTRO-IDRAULICO
HY18232,HY18232,,https://e-commerce.michelecaroli.com/wso/pages/user/wso0205.jsf?idaa=405634&codart=HY18232&marart=233&seopth=SF-FILTER-HY18232-FILTRO-IDRAULICO
HY18232,HY18232,,https://e-commerce.michelecaroli.com/wso/pages/user/wso0205.jsf?idaa=405634&codart=HY18232&marart=233&seopth=SF-FILTER-HY18232-FILTRO-IDRAULICO
HY18230,HY18230,,https://e-commerce.michelecaroli.com/wso/pages/user/wso0205.jsf?idaa=405632&codart=HY18230&marart=233&seopth=SF-FILTER-HY18230-FILTRO-IDRAULICO
HY18230,HY18230,,https://e-commerce.michelecaroli.com/wso/pages/user/wso0205.jsf?idaa=405632&codart=HY18230&marart=233&seopth=SF-FILTER-HY18230-FILTRO-IDRAULICO
HY18228,SH63031,FILTRO HYDR. HIFI EX CR150/3,https://e-commerce.michelecaroli.com/wso/pages/user/wso0205.jsf?idaa=295897&codart=SH63031&marart=230&seopth=HIFI-FILTRI-SH63031-FILTRO-HYDR-HIFI-EX-CR150-3
HY18227,CR150/1,FILTRO HYDR. P171840 HIFI,https://e-commerce.michelecaroli.com/wso/pages/user/wso0205.jsf?idaa=396476&codart=CR150%2F1&marart=230&seopth=HIFI-FILTRI-CR150-1-FILTRO-HYDR-P171840-HIFI
HY18226,HY18226,,https://e-commerce.michelecaroli.com/wso/pages/user/wso0205.jsf?idaa=405629&codart=HY18226&marart=233&seopth=SF-FILTER-HY18226-FILTRO-IDRAULICO
HY18226,HY18226,,https://e-commerce.michelecaroli.com/wso/pages/user/wso0205.jsf?idaa=405629&codart=HY18226&marart=233&seopth=SF-FILTER-HY18226-FILTRO-IDRAULICO
HY18225,HY18225,,https://e-commerce.michelecaroli.com/wso/pages/user/wso0205.jsf?idaa=405628&codart=HY18225&marart=233&seopth=SF-FILTER-HY18225-FILTRO-IDRAULICO
HY18225,HY18225,,https://e-commerce.michelecaroli.com/wso/pages/user/wso0205.jsf?idaa=405628&codart=HY18225&marart=233&seopth=SF-FILTER-HY18225-FILTRO-IDRAULICO
HY18225,HY18225,,https://e-commerce.michelecaroli.com/wso/pages/user/wso0205.jsf?idaa=405628&codart=HY18225&marart=233&seopth=SF-FILTER-HY18225-FILTRO-IDRAULICO
HY18223,HY18223,,https://e-commerce.michelecaroli.com/wso/pages/user/wso0205.jsf?idaa=405627&codart=HY18223&marart=233&seopth=SF-FILTER-HY18223-FILTRO-IDRAULICO
HY18223,HY18223,,https://e-commerce.michelecaroli.com/wso/pages/user/wso0205.jsf?idaa=405627&codart=HY18223&marart=233&seopth=SF-FILTER-HY18223-FILTRO-IDRAULICO
HY18222,HY18222,,https://e-commerce.michelecaroli.com/wso/pages/user/wso0205.jsf?idaa=405626&codart=HY18222&marart=233&seopth=SF-FILTER-HY18222-FILTRO-IDRAULICO
HY18222,HY18222,,https://e-commerce.michelecaroli.com/wso/pages/user/wso0205.jsf?idaa=405626&codart=HY18222&marart=233&seopth=SF-FILTER-HY18222-FILTRO-IDRAULICO
HY18217,HY18217,,https://e-commerce.michelecaroli.com/wso/pages/user/wso0205.jsf?idaa=405625&codart=HY18217&marart=233&seopth=SF-FILTER-HY18217-FILTRO-IDRAULICO
HY18217,HY18217,,https://e-commerce.michelecaroli.com/wso/pages/user/wso0205.jsf?idaa=405625&codart=HY18217&marart=233&seopth=SF-FILTER-HY18217-FILTRO-IDRAULICO
HY18214,HY18214,,https://e-commerce.michelecaroli.com/wso/pages/user/wso0205.jsf?idaa=405622&codart=HY18214&marart=233&seopth=SF-FILTER-HY18214-FILTRO-IDRAULICO
HY18214,HY18214,,https://e-commerce.michelecaroli.com/wso/pages/user/wso0205.jsf?idaa=405622&codart=HY18214&marart=233&seopth=SF-FILTER-HY18214-FILTRO-IDRAULICO
HY18213,HY18213,,https://e-commerce.michelecaroli.com/wso/pages/user/wso0205.jsf?idaa=405621&codart=HY18213&marart=233&seopth=SF-FILTER-HY18213-FILTRO-IDRAULICO
HY18213,HY18213,,https://e-commerce.michelecaroli.com/wso/pages/user/wso0205.jsf?idaa=405621&codart=HY18213&marart=233&seopth=SF-FILTER-HY18213-FILTRO-IDRAULICO
HY18213,HY18213,,https://e-commerce.michelecaroli.com/wso/pages/user/wso0205.jsf?idaa=405621&codart=HY18213&marart=233&seopth=SF-FILTER-HY18213-FILTRO-IDRAULICO
HY18212,HY18212,,https://e-commerce.michelecaroli.com/wso/pages/user/wso0205.jsf?idaa=405620&codart=HY18212&marart=233&seopth=SF-FILTER-HY18212-FILTRO-IDRAULICO
HY18212,HY18212,,https://e-commerce.michelecaroli.com/wso/pages/user/wso0205.jsf?idaa=405620&codart=HY18212&marart=233&seopth=SF-FILTER-HY18212-FILTRO-IDRAULICO
HY18181,HY18181,,https://e-commerce.michelecaroli.com/wso/pages/user/wso0205.jsf?idaa=405615&codart=HY18181&marart=233&seopth=SF-FILTER-HY18181-FILTRO-IDRAULICO
HY18180,HY18180,,https://e-commerce.michelecaroli.com/wso/pages/user/wso0205.jsf?idaa=405614&codart=HY18180&marart=233&seopth=SF-FILTER-HY18180-FILTRO-IDRAULICO
HY18177,HY18177,,https://e-commerce.michelecaroli.com/wso/pages/user/wso0205.jsf?idaa=405612&codart=HY18177&marart=233&seopth=SF-FILTER-HY18177-FILTRO-IDRAULICO
HY18177,HY18177,,https://e-commerce.michelecaroli.com/wso/pages/user/wso0205.jsf?idaa=405612&codart=HY18177&marart=233&seopth=SF-FILTER-HY18177-FILTRO-IDRAULICO
HY18176,HY18176,,https://e-commerce.michelecaroli.com/wso/pages/user/wso0205.jsf?idaa=405611&codart=HY18176&marart=233&seopth=SF-FILTER-HY18176-FILTRO-IDRAULICO
HY18175,HY18175,,https://e-commerce.michelecaroli.com/wso/pages/user/wso0205.jsf?idaa=405610&codart=HY18175&marart=233&seopth=SF-FILTER-HY18175-FILTRO-IDRAULICO
HY18174,HY18174,,https://e-commerce.michelecaroli.com/wso/pages/user/wso0205.jsf?idaa=405608&codart=HY18174&marart=233&seopth=SF-FILTER-HY18174-FILTRO-IDRAULICO
HY18172,HY18172,,https://e-commerce.michelecaroli.com/wso/pages/user/wso0205.jsf?idaa=405607&codart=HY18172&marart=233&seopth=SF-FILTER-HY18172-FILTRO-IDRAULICO
HY18171,HY18171,,https://e-commerce.michelecaroli.com/wso/pages/user/wso0205.jsf?idaa=405606&codart=HY18171&marart=233&seopth=SF-FILTER-HY18171-FILTRO-IDRAULICO
HY18171,HY18171,,https://e-commerce.michelecaroli.com/wso/pages/user/wso0205.jsf?idaa=405606&codart=HY18171&marart=233&seopth=SF-FILTER-HY18171-FILTRO-IDRAULICO
HY18169,HY18169,,https://e-commerce.michelecaroli.com/wso/pages/user/wso0205.jsf?idaa=405604&codart=HY18169&marart=233&seopth=SF-FILTER-HY18169-FILTRO-IDRAULICO
HY18168,HY18168,,https://e-commerce.michelecaroli.com/wso/pages/user/wso0205.jsf?idaa=405603&codart=HY18168&marart=233&seopth=SF-FILTER-HY18168-FILTRO-IDRAULICO
HY18155,HY18155,,https://e-commerce.michelecaroli.com/wso/pages/user/wso0205.jsf?idaa=405602&codart=HY18155&marart=233&seopth=SF-FILTER-HY18155-FILTRO-IDRAULICO
HY18152,HY18152,,https://e-commerce.michelecaroli.com/wso/pages/user/wso0205.jsf?idaa=405601&codart=HY18152&marart=233&seopth=SF-FILTER-HY18152-FILTRO-IDRAULICO
HY18152,HY18152,,https://e-commerce.michelecaroli.com/wso/pages/user/wso0205.jsf?idaa=405601&codart=HY18152&marart=233&seopth=SF-FILTER-HY18152-FILTRO-IDRAULICO
HY18151,HY18151,,https://e-commerce.michelecaroli.com/wso/pages/user/wso0205.jsf?idaa=405600&codart=HY18151&marart=233&seopth=SF-FILTER-HY18151-FILTRO-IDRAULICO
HY18142,HY18142,,https://e-commerce.michelecaroli.com/wso/pages/user/wso0205.jsf?idaa=405597&codart=HY18142&marart=233&seopth=SF-FILTER-HY18142-FILTRO-IDRAULICO
HY18138,HY18138,,https://e-commerce.michelecaroli.com/wso/pages/user/wso0205.jsf?idaa=405596&codart=HY18138&marart=233&seopth=SF-FILTER-HY18138-FILTRO-IDRAULICO
HY18129,HY18129,,https://e-commerce.michelecaroli.com/wso/pages/user/wso0205.jsf?idaa=405594&codart=HY18129&marart=233&seopth=SF-FILTER-HY18129-FILTRO-IDRAULICO
HY18127,HY18127,,https://e-commerce.michelecaroli.com/wso/pages/user/wso0205.jsf?idaa=405593&codart=HY18127&marart=233&seopth=SF-FILTER-HY18127-FILTRO-IDRAULICO
HY18127,HY18127,,https://e-commerce.michelecaroli.com/wso/pages/user/wso0205.jsf?idaa=405593&codart=HY18127&marart=233&seopth=SF-FILTER-HY18127-FILTRO-IDRAULICO
HY18126,HY18126,,https://e-commerce.michelecaroli.com/wso/pages/user/wso0205.jsf?idaa=405592&codart=HY18126&marart=233&seopth=SF-FILTER-HY18126-FILTRO-IDRAULICO
HY18126,HY18126,,https://e-commerce.michelecaroli.com/wso/pages/user/wso0205.jsf?idaa=405592&codart=HY18126&marart=233&seopth=SF-FILTER-HY18126-FILTRO-IDRAULICO
HY18125,HY18125,,https://e-commerce.michelecaroli.com/wso/pages/user/wso0205.jsf?idaa=405591&codart=HY18125&marart=233&seopth=SF-FILTER-HY18125-FILTRO-IDRAULICO
HY18125,HY18125,,https://e-commerce.michelecaroli.com/wso/pages/user/wso0205.jsf?idaa=405591&codart=HY18125&marart=233&seopth=SF-FILTER-HY18125-FILTRO-IDRAULICO
HY18120,HY18120,,https://e-commerce.michelecaroli.com/wso/pages/user/wso0205.jsf?idaa=405586&codart=HY18120&marart=233&seopth=SF-FILTER-HY18120-FILTRO-IDRAULICO
HY18119,HY18119,,https://e-commerce.michelecaroli.com/wso/pages/user/wso0205.jsf?idaa=405585&codart=HY18119&marart=233&seopth=SF-FILTER-HY18119-FILTRO-IDRAULICO
HY18118,HY18118,,https://e-commerce.michelecaroli.com/wso/pages/user/wso0205.jsf?idaa=405584&codart=HY18118&marart=233&seopth=SF-FILTER-HY18118-FILTRO-IDRAULICO
HY18117,HY18117,,https://e-commerce.michelecaroli.com/wso/pages/user/wso0205.jsf?idaa=405583&codart=HY18117&marart=233&seopth=SF-FILTER-HY18117-FILTRO-IDRAULICO
HY18116,HY18116,,https://e-commerce.michelecaroli.com/wso/pages/user/wso0205.jsf?idaa=405582&codart=HY18116&marart=233&seopth=SF-FILTER-HY18116-FILTRO-IDRAULICO
HY18115,HY18115,,https://e-commerce.michelecaroli.com/wso/pages/user/wso0205.jsf?idaa=405581&codart=HY18115&marart=233&seopth=SF-FILTER-HY18115-FILTRO-IDRAULICO
HY18114,HY18114,,https://e-commerce.michelecaroli.com/wso/pages/user/wso0205.jsf?idaa=405580&codart=HY18114&marart=233&seopth=SF-FILTER-HY18114-FILTRO-IDRAULICO
HY18110,HY18110,,https://e-commerce.michelecaroli.com/wso/pages/user/wso0205.jsf?idaa=405576&codart=HY18110&marart=233&seopth=SF-FILTER-HY18110-FILTRO-IDRAULICO
HY18109,HY18109,,https://e-commerce.michelecaroli.com/wso/pages/user/wso0205.jsf?idaa=405575&codart=HY18109&marart=233&seopth=SF-FILTER-HY18109-FILTRO-IDRAULICO
HY18105,HY18105,,https://e-commerce.michelecaroli.com/wso/pages/user/wso0205.jsf?idaa=405572&codart=HY18105&marart=233&seopth=SF-FILTER-HY18105-FILTRO-IDRAULICO
HY18104,HY18104,,https://e-commerce.michelecaroli.com/wso/pages/user/wso0205.jsf?idaa=405571&codart=HY18104&marart=233&seopth=SF-FILTER-HY18104-FILTRO-IDRAULICO
HY18101,HY18101,,https://e-commerce.michelecaroli.com/wso/pages/user/wso0205.jsf?idaa=405569&codart=HY18101&marart=233&seopth=SF-FILTER-HY18101-FILTRO-IDRAULICO
HY18100,HY18100,,https://e-commerce.michelecaroli.com/wso/pages/user/wso0205.jsf?idaa=405568&codart=HY18100&marart=233&seopth=SF-FILTER-HY18100-FILTRO-IDRAULICO
HY18045,HY18045,,https://e-commerce.michelecaroli.com/wso/pages/user/wso0205.jsf?idaa=405567&codart=HY18045&marart=233&seopth=SF-FILTER-HY18045-FILTRO-IDRAULICO
HY18030,HY18030,,https://e-commerce.michelecaroli.com/wso/pages/user/wso0205.jsf?idaa=405562&codart=HY18030&marart=233&seopth=SF-FILTER-HY18030-FILTRO-IDRAULICO
HY18017,HY18017,,https://e-commerce.michelecaroli.com/wso/pages/user/wso0205.jsf?idaa=405553&codart=HY18017&marart=233&seopth=SF-FILTER-HY18017-FILTRO-IDRAULICO
HY18016,SH63056,FILTRO HYDR. HIFI,https://e-commerce.michelecaroli.com/wso/pages/user/wso0205.jsf?idaa=295915&codart=SH63056&marart=230&seopth=HIFI-FILTRI-SH63056-FILTRO-HYDR-HIFI
HY17097,HY17097,,https://e-commerce.michelecaroli.com/wso/pages/user/wso0205.jsf?idaa=405548&codart=HY17097&marart=233&seopth=SF-FILTER-HY17097-FILTRO-IDRAULICO
HY17097,HY17097,,https://e-commerce.michelecaroli.com/wso/pages/user/wso0205.jsf?idaa=405548&codart=HY17097&marart=233&seopth=SF-FILTER-HY17097-FILTRO-IDRAULICO
HY17096,HY17096,,https://e-commerce.michelecaroli.com/wso/pages/user/wso0205.jsf?idaa=405547&codart=HY17096&marart=233&seopth=SF-FILTER-HY17096-FILTRO-IDRAULICO
HY17096,HY17096,,https://e-commerce.michelecaroli.com/wso/pages/user/wso0205.jsf?idaa=405547&codart=HY17096&marart=233&seopth=SF-FILTER-HY17096-FILTRO-IDRAULICO
HY17095,HY17095,,https://e-commerce.michelecaroli.com/wso/pages/user/wso0205.jsf?idaa=405546&codart=HY17095&marart=233&seopth=SF-FILTER-HY17095-FILTRO-IDRAULICO
HY17095,HY17095,,https://e-commerce.michelecaroli.com/wso/pages/user/wso0205.jsf?idaa=405546&codart=HY17095&marart=233&seopth=SF-FILTER-HY17095-FILTRO-IDRAULICO
HY17094,HY17094,,https://e-commerce.michelecaroli.com/wso/pages/user/wso0205.jsf?idaa=405545&codart=HY17094&marart=233&seopth=SF-FILTER-HY17094-FILTRO-IDRAULICO
HY17093,HY17093,,https://e-commerce.michelecaroli.com/wso/pages/user/wso0205.jsf?idaa=405544&codart=HY17093&marart=233&seopth=SF-FILTER-HY17093-FILTRO-IDRAULICO
HY17093,HY17093,,https://e-commerce.michelecaroli.com/wso/pages/user/wso0205.jsf?idaa=405544&codart=HY17093&marart=233&seopth=SF-FILTER-HY17093-FILTRO-IDRAULICO
HY17092,HY17092,,https://e-commerce.michelecaroli.com/wso/pages/user/wso0205.jsf?idaa=405543&codart=HY17092&marart=233&seopth=SF-FILTER-HY17092-FILTRO-IDRAULICO
HY17092,HY17092,,https://e-commerce.michelecaroli.com/wso/pages/user/wso0205.jsf?idaa=405543&codart=HY17092&marart=233&seopth=SF-FILTER-HY17092-FILTRO-IDRAULICO
HY17090,HY17090,,https://e-commerce.michelecaroli.com/wso/pages/user/wso0205.jsf?idaa=405542&codart=HY17090&marart=233&seopth=SF-FILTER-HY17090-FILTRO-IDRAULICO
HY17080,HY17080,,https://e-commerce.michelecaroli.com/wso/pages/user/wso0205.jsf?idaa=405541&codart=HY17080&marart=233&seopth=SF-FILTER-HY17080-FILTRO-IDRAULICO
HY17070,SH76115,FILTRO HYDR. HIFI,https://e-commerce.michelecaroli.com/wso/pages/user/wso0205.jsf?idaa=298221&codart=SH76115&marart=230&seopth=HIFI-FILTRI-SH76115-FILTRO-HYDR-HIFI
HY17069,HY17069,,https://e-commerce.michelecaroli.com/wso/pages/user/wso0205.jsf?idaa=405540&codart=HY17069&marart=233&seopth=SF-FILTER-HY17069-FILTRO-IDRAULICO
HY17066,HY17066,,https://e-commerce.michelecaroli.com/wso/pages/user/wso0205.jsf?idaa=405539&codart=HY17066&marart=233&seopth=SF-FILTER-HY17066-FILTRO-IDRAULICO
HY17065,HY17065,,https://e-commerce.michelecaroli.com/wso/pages/user/wso0205.jsf?idaa=405538&codart=HY17065&marart=233&seopth=SF-FILTER-HY17065-FILTRO-IDRAULICO
HY17060,HY17060,,https://e-commerce.michelecaroli.com/wso/pages/user/wso0205.jsf?idaa=405537&codart=HY17060&marart=233&seopth=SF-FILTER-HY17060-FILTRO-IDRAULICO
HY17058,HY17058,,https://e-commerce.michelecaroli.com/wso/pages/user/wso0205.jsf?idaa=405536&codart=HY17058&marart=233&seopth=SF-FILTER-HY17058-FILTRO-IDRAULICO
HY17047,HY17047,,https://e-commerce.michelecaroli.com/wso/pages/user/wso0205.jsf?idaa=405534&codart=HY17047&marart=233&seopth=SF-FILTER-HY17047-FILTRO-IDRAULICO
HY17042,HY17042,,https://e-commerce.michelecaroli.com/wso/pages/user/wso0205.jsf?idaa=405533&codart=HY17042&marart=233&seopth=SF-FILTER-HY17042-FILTRO-IDRAULICO
HY17041,HY17041,,https://e-commerce.michelecaroli.com/wso/pages/user/wso0205.jsf?idaa=405532&codart=HY17041&marart=233&seopth=SF-FILTER-HY17041-FILTRO-IDRAULICO
HY17039,HY17039,,https://e-commerce.michelecaroli.com/wso/pages/user/wso0205.jsf?idaa=405531&codart=HY17039&marart=233&seopth=SF-FILTER-HY17039-FILTRO-IDRAULICO
HY17038,HY17038,,https://e-commerce.michelecaroli.com/wso/pages/user/wso0205.jsf?idaa=405530&codart=HY17038&marart=233&seopth=SF-FILTER-HY17038-FILTRO-IDRAULICO
HY17038,HY17038,,https://e-commerce.michelecaroli.com/wso/pages/user/wso0205.jsf?idaa=405530&codart=HY17038&marart=233&seopth=SF-FILTER-HY17038-FILTRO-IDRAULICO
HY17037,HY17037,,https://e-commerce.michelecaroli.com/wso/pages/user/wso0205.jsf?idaa=405529&codart=HY17037&marart=233&seopth=SF-FILTER-HY17037-FILTRO-IDRAULICO
HY17037,HY17037,,https://e-commerce.michelecaroli.com/wso/pages/user/wso0205.jsf?idaa=405529&codart=HY17037&marart=233&seopth=SF-FILTER-HY17037-FILTRO-IDRAULICO
HY17037,HY17037,,https://e-commerce.michelecaroli.com/wso/pages/user/wso0205.jsf?idaa=405529&codart=HY17037&marart=233&seopth=SF-FILTER-HY17037-FILTRO-IDRAULICO
HY17032,HY17032,,https://e-commerce.michelecaroli.com/wso/pages/user/wso0205.jsf?idaa=405524&codart=HY17032&marart=233&seopth=SF-FILTER-HY17032-FILTRO-IDRAULICO
HY17032,HY17032,,https://e-commerce.michelecaroli.com/wso/pages/user/wso0205.jsf?idaa=405524&codart=HY17032&marart=233&seopth=SF-FILTER-HY17032-FILTRO-IDRAULICO
HY17031,HY17031,,https://e-commerce.michelecaroli.com/wso/pages/user/wso0205.jsf?idaa=405523&codart=HY17031&marart=233&seopth=SF-FILTER-HY17031-FILTRO-IDRAULICO
HY17030,HY17030,,https://e-commerce.michelecaroli.com/wso/pages/user/wso0205.jsf?idaa=405522&codart=HY17030&marart=233&seopth=SF-FILTER-HY17030-FILTRO-IDRAULICO
HY17022,HY17022,,https://e-commerce.michelecaroli.com/wso/pages/user/wso0205.jsf?idaa=405521&codart=HY17022&marart=233&seopth=SF-FILTER-HY17022-FILTRO-IDRAULICO
HY17020,HY17020,,https://e-commerce.michelecaroli.com/wso/pages/user/wso0205.jsf?idaa=405520&codart=HY17020&marart=233&seopth=SF-FILTER-HY17020-FILTRO-IDRAULICO
HY17020,HY17020,,https://e-commerce.michelecaroli.com/wso/pages/user/wso0205.jsf?idaa=405520&codart=HY17020&marart=233&seopth=SF-FILTER-HY17020-FILTRO-IDRAULICO
HY17014,HY17014,,https://e-commerce.michelecaroli.com/wso/pages/user/wso0205.jsf?idaa=405519&codart=HY17014&marart=233&seopth=SF-FILTER-HY17014-FILTRO-IDRAULICO
HY17013,HY17013,,https://e-commerce.michelecaroli.com/wso/pages/user/wso0205.jsf?idaa=405518&codart=HY17013&marart=233&seopth=SF-FILTER-HY17013-FILTRO-IDRAULICO
HY17012,HY17012,,https://e-commerce.michelecaroli.com/wso/pages/user/wso0205.jsf?idaa=405517&codart=HY17012&marart=233&seopth=SF-FILTER-HY17012-FILTRO-IDRAULICO
HY17012,HY17012,,https://e-commerce.michelecaroli.com/wso/pages/user/wso0205.jsf?idaa=405517&codart=HY17012&marart=233&seopth=SF-FILTER-HY17012-FILTRO-IDRAULICO
HY17007,HY17007,,https://e-commerce.michelecaroli.com/wso/pages/user/wso0205.jsf?idaa=405516&codart=HY17007&marart=233&seopth=SF-FILTER-HY17007-FILTRO-IDRAULICO
HY17006,HY17006,,https://e-commerce.michelecaroli.com/wso/pages/user/wso0205.jsf?idaa=405515&codart=HY17006&marart=233&seopth=SF-FILTER-HY17006-FILTRO-IDRAULICO
HY17006,HY17006,,https://e-commerce.michelecaroli.com/wso/pages/user/wso0205.jsf?idaa=405515&codart=HY17006&marart=233&seopth=SF-FILTER-HY17006-FILTRO-IDRAULICO
HY17005,HY17005,,https://e-commerce.michelecaroli.com/wso/pages/user/wso0205.jsf?idaa=405514&codart=HY17005&marart=233&seopth=SF-FILTER-HY17005-FILTRO-IDRAULICO
HY17005,HY17005,,https://e-commerce.michelecaroli.com/wso/pages/user/wso0205.jsf?idaa=405514&codart=HY17005&marart=233&seopth=SF-FILTER-HY17005-FILTRO-IDRAULICO
HY17004,HY17004,,https://e-commerce.michelecaroli.com/wso/pages/user/wso0205.jsf?idaa=405513&codart=HY17004&marart=233&seopth=SF-FILTER-HY17004-FILTRO-IDRAULICO
HY17004,HY17004,,https://e-commerce.michelecaroli.com/wso/pages/user/wso0205.jsf?idaa=405513&codart=HY17004&marart=233&seopth=SF-FILTER-HY17004-FILTRO-IDRAULICO
HY17003,HY17003,,https://e-commerce.michelecaroli.com/wso/pages/user/wso0205.jsf?idaa=405512&codart=HY17003&marart=233&seopth=SF-FILTER-HY17003-FILTRO-IDRAULICO
HY17003,HY17003,,https://e-commerce.michelecaroli.com/wso/pages/user/wso0205.jsf?idaa=405512&codart=HY17003&marart=233&seopth=SF-FILTER-HY17003-FILTRO-IDRAULICO
