Code searched,Matched code,Part Category on Michele,Link to Michele product
M0948126,SA10785K,,https://e-commerce.michelecaroli.com/wso/pages/user/wso0205.jsf?idaa=355491&codart=SA10785K&marart=230&seopth=HIFI-FILTRI-SA10785K-FILTRO-ARIA-P113703-HIFI
M0945447,95125E,,https://e-commerce.michelecaroli.com/wso/pages/user/wso0205.jsf?idaa=369668&codart=95125E&marart=218&seopth=WIX-INDUSTRIAL-HD-95125E-FILTRO-NAFTA
M0945060,P100808,FASCIA MONTAGGIO P10-0808,https://e-commerce.michelecaroli.com/wso/pages/user/wso0205.jsf?idaa=154503&codart=P100808&marart=227&seopth=DONALDSON-FILTRI-P100808-FASCIA-MONTAGGIO-P10-0808
M0944810,P100866,CLAMP ASSEMBLY,https://e-commerce.michelecaroli.com/wso/pages/user/wso0205.jsf?idaa=442985&codart=P100866&marart=227&seopth=DONALDSON-FILTRI-P100866-CLAMP-ASSEMBLY
M0944404,P017335,"GASKET, BODY OR CUP",https://e-commerce.michelecaroli.com/wso/pages/user/wso0205.jsf?idaa=442976&codart=P017335&marart=227&seopth=DONALDSON-FILTRI-P017335-GASKET-BODY-OR-CUP
M0941474,H000349,FASCIA MONTAGGIO H00-0349,https://e-commerce.michelecaroli.com/wso/pages/user/wso0205.jsf?idaa=154168&codart=H000349&marart=227&seopth=DONALDSON-FILTRI-H000349-FASCIA-MONTAGGIO-H00-0349
M091046,M091046,,https://e-commerce.michelecaroli.com/wso/pages/user/wso0205.jsf?idaa=534496&codart=M091046&marart=227&seopth=DONALDSON-FILTRI-M091046-MUFFLER-ROUND-STYLE-1
M090781,M090781,"MUFFLER, ROUND STYLE 1",https://e-commerce.michelecaroli.com/wso/pages/user/wso0205.jsf?idaa=442912&codart=M090781&marart=227&seopth=DONALDSON-FILTRI-M090781-MUFFLER-ROUND-STYLE-1
M090595,M090595,"MUFFLER, ROUND STYLE 1",https://e-commerce.michelecaroli.com/wso/pages/user/wso0205.jsf?idaa=442910&codart=M090595&marart=227&seopth=DONALDSON-FILTRI-M090595-MUFFLER-ROUND-STYLE-1
M090547,M090547,"MUFFLER, OVAL STYLE 4",https://e-commerce.michelecaroli.com/wso/pages/user/wso0205.jsf?idaa=442908&codart=M090547&marart=227&seopth=DONALDSON-FILTRI-M090547-MUFFLER-OVAL-STYLE-4
M090544,M090544,"MUFFLER, ROUND STYLE 1",https://e-commerce.michelecaroli.com/wso/pages/user/wso0205.jsf?idaa=442907&codart=M090544&marart=227&seopth=DONALDSON-FILTRI-M090544-MUFFLER-ROUND-STYLE-1
M090534,M090534,"MUFFLER, OVAL STYLE 2",https://e-commerce.michelecaroli.com/wso/pages/user/wso0205.jsf?idaa=442904&codart=M090534&marart=227&seopth=DONALDSON-FILTRI-M090534-MUFFLER-OVAL-STYLE-2
M090520,M090520,"MUFFLER, OVAL STYLE 2",https://e-commerce.michelecaroli.com/wso/pages/user/wso0205.jsf?idaa=442903&codart=M090520&marart=227&seopth=DONALDSON-FILTRI-M090520-MUFFLER-OVAL-STYLE-2
M090362,M090362,"RESONATOR, 4 IN (102 MM)",https://e-commerce.michelecaroli.com/wso/pages/user/wso0205.jsf?idaa=442901&codart=M090362&marart=227&seopth=DONALDSON-FILTRI-M090362-RESONATOR-4-IN-102-MM-
M090301,M090301,"MUFFLER, OVAL STYLE 3",https://e-commerce.michelecaroli.com/wso/pages/user/wso0205.jsf?idaa=442900&codart=M090301&marart=227&seopth=DONALDSON-FILTRI-M090301-MUFFLER-OVAL-STYLE-3
M090280,M090280,"MUFFLER, OVAL STYLE 2",https://e-commerce.michelecaroli.com/wso/pages/user/wso0205.jsf?idaa=442899&codart=M090280&marart=227&seopth=DONALDSON-FILTRI-M090280-MUFFLER-OVAL-STYLE-2
M090158,M090158,MUFFLER,https://e-commerce.michelecaroli.com/wso/pages/user/wso0205.jsf?idaa=154472&codart=M090158&marart=227&seopth=DONALDSON-FILTRI-M090158-MUFFLER
M090091,M090091,SPARK ARRESTOR,https://e-commerce.michelecaroli.com/wso/pages/user/wso0205.jsf?idaa=442894&codart=M090091&marart=227&seopth=DONALDSON-FILTRI-M090091-SPARK-ARRESTOR
M090072,M090072,"RESONATOR, 5 IN (127 MM)",https://e-commerce.michelecaroli.com/wso/pages/user/wso0205.jsf?idaa=442892&codart=M090072&marart=227&seopth=DONALDSON-FILTRI-M090072-RESONATOR-5-IN-127-MM-
M090009,M090009,"MUFFLER, ROUND STYLE 1",https://e-commerce.michelecaroli.com/wso/pages/user/wso0205.jsf?idaa=442891&codart=M090009&marart=227&seopth=DONALDSON-FILTRI-M090009-MUFFLER-ROUND-STYLE-1
M0892190,P100860,DUST CUP,https://e-commerce.michelecaroli.com/wso/pages/user/wso0205.jsf?idaa=442984&codart=P100860&marart=227&seopth=DONALDSON-FILTRI-P100860-DUST-CUP
M0886570,P003951,FASCIA MONTAGGIO P00-3951,https://e-commerce.michelecaroli.com/wso/pages/user/wso0205.jsf?idaa=154482&codart=P003951&marart=227&seopth=DONALDSON-FILTRI-P003951-FASCIA-MONTAGGIO-P00-3951
M0871610,P007191,FASCIA MONTAGGIO P00-7191,https://e-commerce.michelecaroli.com/wso/pages/user/wso0205.jsf?idaa=154488&codart=P007191&marart=227&seopth=DONALDSON-FILTRI-P007191-FASCIA-MONTAGGIO-P00-7191
M085207,M085207,"MUFFLER, ROUND STYLE 5",https://e-commerce.michelecaroli.com/wso/pages/user/wso0205.jsf?idaa=442882&codart=M085207&marart=227&seopth=DONALDSON-FILTRI-M085207-MUFFLER-ROUND-STYLE-5
M085171,M085171,"MUFFLER, ROUND STYLE 1",https://e-commerce.michelecaroli.com/wso/pages/user/wso0205.jsf?idaa=442881&codart=M085171&marart=227&seopth=DONALDSON-FILTRI-M085171-MUFFLER-ROUND-STYLE-1
M0850551,P182044,FILTRO ARIA DONALDSON ABBINATO CON FILTRO INTERNO P119371,https://e-commerce.michelecaroli.com/wso/pages/user/wso0205.jsf?idaa=155910&codart=P182044&marart=227&seopth=DONALDSON-FILTRI-P182044-FILTRO-ARIA-DONALDSON
M0850529,MD-372,FILTRO ARIA,https://e-commerce.michelecaroli.com/wso/pages/user/wso0205.jsf?idaa=463642&codart=MD-372&marart=ALCO&seopth=ALCO-MD-372-FILTRO-ARIA
M08319,P004076,FASCIA MONTAGGIO P00-4076,https://e-commerce.michelecaroli.com/wso/pages/user/wso0205.jsf?idaa=154484&codart=P004076&marart=227&seopth=DONALDSON-FILTRI-P004076-FASCIA-MONTAGGIO-P00-4076
M08316,SAT01SDB127001,,https://e-commerce.michelecaroli.com/wso/pages/user/wso0205.jsf?idaa=438562&codart=SAT01SDB127001&marart=230&seopth=HIFI-FILTRI-SAT01SDB127001-FILTRO
M08313,42920,FILTRO ARIA P119375,https://e-commerce.michelecaroli.com/wso/pages/user/wso0205.jsf?idaa=366896&codart=42920&marart=218&seopth=WIX-INDUSTRIAL-HD-42920-FILTRO-ARIA-P119375
M08216,SAT01SDB127001,,https://e-commerce.michelecaroli.com/wso/pages/user/wso0205.jsf?idaa=438562&codart=SAT01SDB127001&marart=230&seopth=HIFI-FILTRI-SAT01SDB127001-FILTRO
M080024,M080024,SPARK ARRESTOR,https://e-commerce.michelecaroli.com/wso/pages/user/wso0205.jsf?idaa=442872&codart=M080024&marart=227&seopth=DONALDSON-FILTRI-M080024-SPARK-ARRESTOR
M080018,M080018,"MUFFLER, ROUND STYLE 1",https://e-commerce.michelecaroli.com/wso/pages/user/wso0205.jsf?idaa=442871&codart=M080018&marart=227&seopth=DONALDSON-FILTRI-M080018-MUFFLER-ROUND-STYLE-1
M070069,M070069,SPARK ARRESTOR,https://e-commerce.michelecaroli.com/wso/pages/user/wso0205.jsf?idaa=442870&codart=M070069&marart=227&seopth=DONALDSON-FILTRI-M070069-SPARK-ARRESTOR
M070068,M070068,SPARK ARRESTOR,https://e-commerce.michelecaroli.com/wso/pages/user/wso0205.jsf?idaa=442869&codart=M070068&marart=227&seopth=DONALDSON-FILTRI-M070068-SPARK-ARRESTOR
M070028,M070028,"MUFFLER, ROUND STYLE 1",https://e-commerce.michelecaroli.com/wso/pages/user/wso0205.jsf?idaa=442867&codart=M070028&marart=227&seopth=DONALDSON-FILTRI-M070028-MUFFLER-ROUND-STYLE-1
M070008,M070008,"MUFFLER, ROUND STYLE 1",https://e-commerce.michelecaroli.com/wso/pages/user/wso0205.jsf?idaa=442866&codart=M070008&marart=227&seopth=DONALDSON-FILTRI-M070008-MUFFLER-ROUND-STYLE-1
M06541,P101290,RIDUTTORE DONALDSON 64X76X114,https://e-commerce.michelecaroli.com/wso/pages/user/wso0205.jsf?idaa=154506&codart=P101290&marart=227&seopth=DONALDSON-FILTRI-P101290-RIDUTTORE-DONALDSON-64X76X114
M06540,X001988,"INLET HOOD, METAL",https://e-commerce.michelecaroli.com/wso/pages/user/wso0205.jsf?idaa=443355&codart=X001988&marart=227&seopth=DONALDSON-FILTRI-X001988-INLET-HOOD-METAL
M065073,M065073,"MUFFLER, ROUND STYLE 5",https://e-commerce.michelecaroli.com/wso/pages/user/wso0205.jsf?idaa=442861&codart=M065073&marart=227&seopth=DONALDSON-FILTRI-M065073-MUFFLER-ROUND-STYLE-5
M065072,M065044,"MUFFLER, ROUND STYLE 3",https://e-commerce.michelecaroli.com/wso/pages/user/wso0205.jsf?idaa=442859&codart=M065044&marart=227&seopth=DONALDSON-FILTRI-M065044-MUFFLER-ROUND-STYLE-3
M065044,M065044,"MUFFLER, ROUND STYLE 3",https://e-commerce.michelecaroli.com/wso/pages/user/wso0205.jsf?idaa=442859&codart=M065044&marart=227&seopth=DONALDSON-FILTRI-M065044-MUFFLER-ROUND-STYLE-3
M065034,M065034,"MUFFLER, ROUND STYLE 2",https://e-commerce.michelecaroli.com/wso/pages/user/wso0205.jsf?idaa=442858&codart=M065034&marart=227&seopth=DONALDSON-FILTRI-M065034-MUFFLER-ROUND-STYLE-2
M06313,SAHB0108P002,,https://e-commerce.michelecaroli.com/wso/pages/user/wso0205.jsf?idaa=438613&codart=SAHB0108P002&marart=230&seopth=HIFI-FILTRI-SAHB0108P002-FILTRO
M06306,P207351,"ELBOW, 45 DEGREE 3 IN (76 MM) OD-OD",https://e-commerce.michelecaroli.com/wso/pages/user/wso0205.jsf?idaa=441283&codart=P207351&marart=227&seopth=DONALDSON-FILTRI-P207351-ELBOW-45-DEGREE-3-IN-76-MM-OD-OD
M06305,P206397,"ELBOW, 90 DEGREE 3 IN (76 MM) OD-OD",https://e-commerce.michelecaroli.com/wso/pages/user/wso0205.jsf?idaa=441197&codart=P206397&marart=227&seopth=DONALDSON-FILTRI-P206397-ELBOW-90-DEGREE-3-IN-76-MM-OD-OD
M060481,M060481,"MUFFLER, ROUND STYLE 3",https://e-commerce.michelecaroli.com/wso/pages/user/wso0205.jsf?idaa=442856&codart=M060481&marart=227&seopth=DONALDSON-FILTRI-M060481-MUFFLER-ROUND-STYLE-3
M060305,P206397,"ELBOW, 90 DEGREE 3 IN (76 MM) OD-OD",https://e-commerce.michelecaroli.com/wso/pages/user/wso0205.jsf?idaa=441197&codart=P206397&marart=227&seopth=DONALDSON-FILTRI-P206397-ELBOW-90-DEGREE-3-IN-76-MM-OD-OD
M060158,M060158,"MUFFLER, ROUND STYLE 3",https://e-commerce.michelecaroli.com/wso/pages/user/wso0205.jsf?idaa=442850&codart=M060158&marart=227&seopth=DONALDSON-FILTRI-M060158-MUFFLER-ROUND-STYLE-3
M060037,M060037,MUFFLER,https://e-commerce.michelecaroli.com/wso/pages/user/wso0205.jsf?idaa=154465&codart=M060037&marart=227&seopth=DONALDSON-FILTRI-M060037-MUFFLER
M0551660,P004307,FASCIA MONTAGGIO P00-4307,https://e-commerce.michelecaroli.com/wso/pages/user/wso0205.jsf?idaa=154486&codart=P004307&marart=227&seopth=DONALDSON-FILTRI-P004307-FASCIA-MONTAGGIO-P00-4307
M05465,P105608,MANICOTTO S/RIDUZIONE 76X76X135,https://e-commerce.michelecaroli.com/wso/pages/user/wso0205.jsf?idaa=154538&codart=P105608&marart=227&seopth=DONALDSON-FILTRI-P105608-MANICOTTO-S-RIDUZIONE-76X76X135
M0532603,M070028,"MUFFLER, ROUND STYLE 1",https://e-commerce.michelecaroli.com/wso/pages/user/wso0205.jsf?idaa=442867&codart=M070028&marart=227&seopth=DONALDSON-FILTRI-M070028-MUFFLER-ROUND-STYLE-1
M0521686,H000165,RAIN CAP METALLO,https://e-commerce.michelecaroli.com/wso/pages/user/wso0205.jsf?idaa=442492&codart=H000165&marart=227&seopth=DONALDSON-FILTRI-H000165-RAIN-CAP-METALLO
M0507064,M070008,"MUFFLER, ROUND STYLE 1",https://e-commerce.michelecaroli.com/wso/pages/user/wso0205.jsf?idaa=442866&codart=M070008&marart=227&seopth=DONALDSON-FILTRI-M070008-MUFFLER-ROUND-STYLE-1
M049511,P102820,RIDUTTORE DONALDSON 64X76X114,https://e-commerce.michelecaroli.com/wso/pages/user/wso0205.jsf?idaa=154516&codart=P102820&marart=227&seopth=DONALDSON-FILTRI-P102820-RIDUTTORE-DONALDSON-64X76X114
M04951,P102820,RIDUTTORE DONALDSON 64X76X114,https://e-commerce.michelecaroli.com/wso/pages/user/wso0205.jsf?idaa=154516&codart=P102820&marart=227&seopth=DONALDSON-FILTRI-P102820-RIDUTTORE-DONALDSON-64X76X114
M0450512,P550951,FILTRRO TRASMISSIONE AD IMMERSIONE,https://e-commerce.michelecaroli.com/wso/pages/user/wso0205.jsf?idaa=156868&codart=P550951&marart=227&seopth=DONALDSON-FILTRI-P550951-FILTRRO-TRASMISSIONE-AD-IMMERSIONE
M04325,SAHB0107P001,,https://e-commerce.michelecaroli.com/wso/pages/user/wso0205.jsf?idaa=438714&codart=SAHB0107P001&marart=230&seopth=HIFI-FILTRI-SAHB0107P001-FILTRO
M0420945,P004076,FASCIA MONTAGGIO P00-4076,https://e-commerce.michelecaroli.com/wso/pages/user/wso0205.jsf?idaa=154484&codart=P004076&marart=227&seopth=DONALDSON-FILTRI-P004076-FASCIA-MONTAGGIO-P00-4076
M0399469,P100089,NIPM11ES DONALDSON P10-0089,https://e-commerce.michelecaroli.com/wso/pages/user/wso0205.jsf?idaa=154502&codart=P100089&marart=227&seopth=DONALDSON-FILTRI-P100089-NIPM11ES-DONALDSON-P10-0089
M03845,M090544,"MUFFLER, ROUND STYLE 1",https://e-commerce.michelecaroli.com/wso/pages/user/wso0205.jsf?idaa=442907&codart=M090544&marart=227&seopth=DONALDSON-FILTRI-M090544-MUFFLER-ROUND-STYLE-1
M03809,X002225,INDICATORE DONALDSON X00-2225,https://e-commerce.michelecaroli.com/wso/pages/user/wso0205.jsf?idaa=158293&codart=X002225&marart=227&seopth=DONALDSON-FILTRI-X002225-INDICATORE-DONALDSON-X00-2225
M03605,P207326,"ELBOW, 90 DEGREE 3 IN (76 MM) OD-OD",https://e-commerce.michelecaroli.com/wso/pages/user/wso0205.jsf?idaa=441271&codart=P207326&marart=227&seopth=DONALDSON-FILTRI-P207326-ELBOW-90-DEGREE-3-IN-76-MM-OD-OD
M03097,P105545,GOMITO 45 GRADI DIAM.102 MM.,https://e-commerce.michelecaroli.com/wso/pages/user/wso0205.jsf?idaa=154536&codart=P105545&marart=227&seopth=DONALDSON-FILTRI-P105545-GOMITO-45-GRADI-DIAM-102-MM-
M02731913V,SAT01SCB076001,,https://e-commerce.michelecaroli.com/wso/pages/user/wso0205.jsf?idaa=438641&codart=SAT01SCB076001&marart=230&seopth=HIFI-FILTRI-SAT01SCB076001-FILTRO
M02168629,MD-520,FILTRO ARIA,https://e-commerce.michelecaroli.com/wso/pages/user/wso0205.jsf?idaa=463881&codart=MD-520&marart=ALCO&seopth=ALCO-MD-520-FILTRO-ARIA
M02165049,46554E,,https://e-commerce.michelecaroli.com/wso/pages/user/wso0205.jsf?idaa=369064&codart=46554E&marart=218&seopth=WIX-INDUSTRIAL-HD-46554E-FILTRO-ARIA-P771561
M02165039,SA14085,FILTRO ARIA P181089 HIFI,https://e-commerce.michelecaroli.com/wso/pages/user/wso0205.jsf?idaa=288874&codart=SA14085&marart=230&seopth=HIFI-FILTRI-SA14085-FILTRO-ARIA-P181089-HIFI
M02164590,SA11552,FILTRO ARIA P181087 HIFI,https://e-commerce.michelecaroli.com/wso/pages/user/wso0205.jsf?idaa=336173&codart=SA11552&marart=230&seopth=HIFI-FILTRI-SA11552-FILTRO-ARIA-P181087-HIFI
M02063,MD-7582S,FILTRO ARIA,https://e-commerce.michelecaroli.com/wso/pages/user/wso0205.jsf?idaa=464353&codart=MD-7582S&marart=ALCO&seopth=ALCO-MD-7582S-FILTRO-ARIA
M01773,SAT01SAB127001,,https://e-commerce.michelecaroli.com/wso/pages/user/wso0205.jsf?idaa=438642&codart=SAT01SAB127001&marart=230&seopth=HIFI-FILTRI-SAT01SAB127001-FILTRO
M01623,P105609,MANICOTTO S/RIDUZIONE 102X102X133,https://e-commerce.michelecaroli.com/wso/pages/user/wso0205.jsf?idaa=154539&codart=P105609&marart=227&seopth=DONALDSON-FILTRI-P105609-MANICOTTO-S-RIDUZIONE-102X102X133
M01106,CP076136064P,,https://e-commerce.michelecaroli.com/wso/pages/user/wso0205.jsf?idaa=438549&codart=CP076136064P&marart=230&seopth=HIFI-FILTRI-CP076136064P-FILTRO
M0097003,SP-934,FILTRO OLIO,https://e-commerce.michelecaroli.com/wso/pages/user/wso0205.jsf?idaa=466400&codart=SP-934&marart=ALCO&seopth=ALCO-SP-934-FILTRO-OLIO
M00850509R,SAH01B08ADM002,,https://e-commerce.michelecaroli.com/wso/pages/user/wso0205.jsf?idaa=416565&codart=SAH01B08ADM002&marart=230&seopth=HIFI-FILTRI-SAH01B08ADM002-FILTRO-ARIA-COMPL-HIFI
M00351,SAT01SCB102001,,https://e-commerce.michelecaroli.com/wso/pages/user/wso0205.jsf?idaa=438560&codart=SAT01SCB102001&marart=230&seopth=HIFI-FILTRI-SAT01SCB102001-FILTRO
M00321,H000349,FASCIA MONTAGGIO H00-0349,https://e-commerce.michelecaroli.com/wso/pages/user/wso0205.jsf?idaa=154168&codart=H000349&marart=227&seopth=DONALDSON-FILTRI-H000349-FASCIA-MONTAGGIO-H00-0349
M00236909K,P004307,FASCIA MONTAGGIO P00-4307,https://e-commerce.michelecaroli.com/wso/pages/user/wso0205.jsf?idaa=154486&codart=P004307&marart=227&seopth=DONALDSON-FILTRI-P004307-FASCIA-MONTAGGIO-P00-4307
M00215,G080023,"AIR CLEANER, FWG CYCLOPAC",https://e-commerce.michelecaroli.com/wso/pages/user/wso0205.jsf?idaa=442437&codart=G080023&marart=227&seopth=DONALDSON-FILTRI-G080023-AIR-CLEANER-FWG-CYCLOPAC
M002122248147,M002122,"MOUNTING BAND, EXHAUST 11.1 IN",https://e-commerce.michelecaroli.com/wso/pages/user/wso0205.jsf?idaa=442837&codart=M002122&marart=227&seopth=DONALDSON-FILTRI-M002122-MOUNTING-BAND-EXHAUST-11-1-IN
M002122,M002122,"MOUNTING BAND, EXHAUST 11.1 IN",https://e-commerce.michelecaroli.com/wso/pages/user/wso0205.jsf?idaa=442837&codart=M002122&marart=227&seopth=DONALDSON-FILTRI-M002122-MOUNTING-BAND-EXHAUST-11-1-IN
M00041,P101291,RIDUTTORE DONALDSON 76X102X133,https://e-commerce.michelecaroli.com/wso/pages/user/wso0205.jsf?idaa=154507&codart=P101291&marart=227&seopth=DONALDSON-FILTRI-P101291-RIDUTTORE-DONALDSON-76X102X133
M00035,P004307,FASCIA MONTAGGIO P00-4307,https://e-commerce.michelecaroli.com/wso/pages/user/wso0205.jsf?idaa=154486&codart=P004307&marart=227&seopth=DONALDSON-FILTRI-P004307-FASCIA-MONTAGGIO-P00-4307
LXS62,P778131,FILTRO ARIA SICUREZZA DONALDSON,https://e-commerce.michelecaroli.com/wso/pages/user/wso0205.jsf?idaa=157851&codart=P778131&marart=227&seopth=DONALDSON-FILTRI-P778131-FILTRO-ARIA-SICUREZZA-DONALDSON
LXS30,42920,FILTRO ARIA P119375,https://e-commerce.michelecaroli.com/wso/pages/user/wso0205.jsf?idaa=366896&codart=42920&marart=218&seopth=WIX-INDUSTRIAL-HD-42920-FILTRO-ARIA-P119375
LXS22409843418,93170E,FILTRO ARIA,https://e-commerce.michelecaroli.com/wso/pages/user/wso0205.jsf?idaa=369470&codart=93170E&marart=218&seopth=WIX-INDUSTRIAL-HD-93170E-FILTRO-ARIA
LXS22409843400,93170E,FILTRO ARIA,https://e-commerce.michelecaroli.com/wso/pages/user/wso0205.jsf?idaa=369470&codart=93170E&marart=218&seopth=WIX-INDUSTRIAL-HD-93170E-FILTRO-ARIA
LXS22309843434,P780623,FILTRO ARIA SICUREZZA DONALDSON ABBINATO CON P780621,https://e-commerce.michelecaroli.com/wso/pages/user/wso0205.jsf?idaa=157936&codart=P780623&marart=227&seopth=DONALDSON-FILTRI-P780623-FILTRO-ARIA-SICUREZZA-DONALDSON
LXS22309843426,P780623,FILTRO ARIA SICUREZZA DONALDSON ABBINATO CON P780621,https://e-commerce.michelecaroli.com/wso/pages/user/wso0205.jsf?idaa=157936&codart=P780623&marart=227&seopth=DONALDSON-FILTRI-P780623-FILTRO-ARIA-SICUREZZA-DONALDSON
LXS215,P778090,FILTRO ARIA SICUREZZA DONALDSON ABBINATO CON P778415,https://e-commerce.michelecaroli.com/wso/pages/user/wso0205.jsf?idaa=157843&codart=P778090&marart=227&seopth=DONALDSON-FILTRI-P778090-FILTRO-ARIA-SICUREZZA-DONALDSON
LX682,MD-192K,FILTRO ARIA ALCO,https://e-commerce.michelecaroli.com/wso/pages/user/wso0205.jsf?idaa=463524&codart=MD-192K&marart=ALCO&seopth=ALCO-MD-192K-FILTRO-ARIA-ALCO
LX68,P606952,FILTRO ARIA DONALDSON P60-6952,https://e-commerce.michelecaroli.com/wso/pages/user/wso0205.jsf?idaa=157355&codart=P606952&marart=227&seopth=DONALDSON-FILTRI-P606952-FILTRO-ARIA-DONALDSON-P60-6952
LX653,SA11808,FILTRO ARIA HIFI,https://e-commerce.michelecaroli.com/wso/pages/user/wso0205.jsf?idaa=336278&codart=SA11808&marart=230&seopth=HIFI-FILTRI-SA11808-FILTRO-ARIA-HIFI
LX652,46498E,,https://e-commerce.michelecaroli.com/wso/pages/user/wso0205.jsf?idaa=369058&codart=46498E&marart=218&seopth=WIX-INDUSTRIAL-HD-46498E-FILTRO-ARIA
LX652,46498E,,https://e-commerce.michelecaroli.com/wso/pages/user/wso0205.jsf?idaa=369058&codart=46498E&marart=218&seopth=WIX-INDUSTRIAL-HD-46498E-FILTRO-ARIA
LX607,42409E,FILTRO ARIA,https://e-commerce.michelecaroli.com/wso/pages/user/wso0205.jsf?idaa=369029&codart=42409E&marart=218&seopth=WIX-INDUSTRIAL-HD-42409E-FILTRO-ARIA
LX605,93182E,FILTRO ARIA,https://e-commerce.michelecaroli.com/wso/pages/user/wso0205.jsf?idaa=369477&codart=93182E&marart=218&seopth=WIX-INDUSTRIAL-HD-93182E-FILTRO-ARIA
LX6,42020,FILTRO ARIA,https://e-commerce.michelecaroli.com/wso/pages/user/wso0205.jsf?idaa=366254&codart=42020&marart=218&seopth=WIX-INDUSTRIAL-HD-42020-FILTRO-ARIA
LX560,93156E,FILTRO ARIA P782596,https://e-commerce.michelecaroli.com/wso/pages/user/wso0205.jsf?idaa=369460&codart=93156E&marart=218&seopth=WIX-INDUSTRIAL-HD-93156E-FILTRO-ARIA-P782596
LX505,SA17280,FILTRO ARIA HIFI,https://e-commerce.michelecaroli.com/wso/pages/user/wso0205.jsf?idaa=289620&codart=SA17280&marart=230&seopth=HIFI-FILTRI-SA17280-FILTRO-ARIA-HIFI
