Code searched,Matched code,Part Category on Michele,Link to Michele product
LL84778,MD-192K,FILTRO ARIA ALCO,https://e-commerce.michelecaroli.com/wso/pages/user/wso0205.jsf?idaa=463524&codart=MD-192K&marart=ALCO&seopth=ALCO-MD-192K-FILTRO-ARIA-ALCO
LL84773,SAT01SCB102001,,https://e-commerce.michelecaroli.com/wso/pages/user/wso0205.jsf?idaa=438560&codart=SAT01SCB102001&marart=230&seopth=HIFI-FILTRI-SAT01SCB102001-FILTRO
LL84772,P101291,RIDUTTORE DONALDSON 76X102X133,https://e-commerce.michelecaroli.com/wso/pages/user/wso0205.jsf?idaa=154507&codart=P101291&marart=227&seopth=DONALDSON-FILTRI-P101291-RIDUTTORE-DONALDSON-76X102X133
LL84770,P105534,"ELBOW, 90 DEGREE RUBBER",https://e-commerce.michelecaroli.com/wso/pages/user/wso0205.jsf?idaa=442999&codart=P105534&marart=227&seopth=DONALDSON-FILTRI-P105534-ELBOW-90-DEGREE-RUBBER
LL84765,G080023,"AIR CLEANER, FWG CYCLOPAC",https://e-commerce.michelecaroli.com/wso/pages/user/wso0205.jsf?idaa=442437&codart=G080023&marart=227&seopth=DONALDSON-FILTRI-G080023-AIR-CLEANER-FWG-CYCLOPAC
LL84761,H000469,"CAPPUCCIO PER INGRESSO, PLASTICA",https://e-commerce.michelecaroli.com/wso/pages/user/wso0205.jsf?idaa=402802&codart=H000469&marart=227&seopth=DONALDSON-FILTRI-H000469-CAPPUCCIO-PER-INGRESSO-PLASTICA
LL84760,H000349,FASCIA MONTAGGIO H00-0349,https://e-commerce.michelecaroli.com/wso/pages/user/wso0205.jsf?idaa=154168&codart=H000349&marart=227&seopth=DONALDSON-FILTRI-H000349-FASCIA-MONTAGGIO-H00-0349
LL84757,P182000,"AIR FILTER, PRIMARY FINNED",https://e-commerce.michelecaroli.com/wso/pages/user/wso0205.jsf?idaa=441114&codart=P182000&marart=227&seopth=DONALDSON-FILTRI-P182000-AIR-FILTER-PRIMARY-FINNED
LL84751,P182000,"AIR FILTER, PRIMARY FINNED",https://e-commerce.michelecaroli.com/wso/pages/user/wso0205.jsf?idaa=441114&codart=P182000&marart=227&seopth=DONALDSON-FILTRI-P182000-AIR-FILTER-PRIMARY-FINNED
LL847501,MD-7518,FILTRO ARIA,https://e-commerce.michelecaroli.com/wso/pages/user/wso0205.jsf?idaa=464303&codart=MD-7518&marart=ALCO&seopth=ALCO-MD-7518-FILTRO-ARIA
LL847496,P105609,MANICOTTO S/RIDUZIONE 102X102X133,https://e-commerce.michelecaroli.com/wso/pages/user/wso0205.jsf?idaa=154539&codart=P105609&marart=227&seopth=DONALDSON-FILTRI-P105609-MANICOTTO-S-RIDUZIONE-102X102X133
LL847490,MD-7582S,FILTRO ARIA,https://e-commerce.michelecaroli.com/wso/pages/user/wso0205.jsf?idaa=464353&codart=MD-7582S&marart=ALCO&seopth=ALCO-MD-7582S-FILTRO-ARIA
LL847480,P004076,FASCIA MONTAGGIO P00-4076,https://e-commerce.michelecaroli.com/wso/pages/user/wso0205.jsf?idaa=154484&codart=P004076&marart=227&seopth=DONALDSON-FILTRI-P004076-FASCIA-MONTAGGIO-P00-4076
LL847474,J009648,"REDUCER, 4-3 IN OD-OD",https://e-commerce.michelecaroli.com/wso/pages/user/wso0205.jsf?idaa=442608&codart=J009648&marart=227&seopth=DONALDSON-FILTRI-J009648-REDUCER-4-3-IN-OD-OD
LL847468,P776033,GANCETTO DONALDSON P77-6033,https://e-commerce.michelecaroli.com/wso/pages/user/wso0205.jsf?idaa=157747&codart=P776033&marart=227&seopth=DONALDSON-FILTRI-P776033-GANCETTO-DONALDSON-P77-6033
LL847467,SA16121,FILTRO ARIA P777869 HIFI SICUREZZA ABBINATO CON SA16417,https://e-commerce.michelecaroli.com/wso/pages/user/wso0205.jsf?idaa=289090&codart=SA16121&marart=230&seopth=HIFI-FILTRI-SA16121-FILTRO-ARIA-P777869-HIFI-SICUREZZA
LL847464,M002121,"MOUNTING BAND, EXHAUST 10.8 IN (274",https://e-commerce.michelecaroli.com/wso/pages/user/wso0205.jsf?idaa=442836&codart=M002121&marart=227&seopth=DONALDSON-FILTRI-M002121-MOUNTING-BAND-EXHAUST-10-8-IN-274
LL847461,P105168,"FLANGE, SPECIAL RESTRICTION INDICAT",https://e-commerce.michelecaroli.com/wso/pages/user/wso0205.jsf?idaa=442997&codart=P105168&marart=227&seopth=DONALDSON-FILTRI-P105168-FLANGE-SPECIAL-RESTRICTION-INDICAT
LL847460,P016845,FASCE@ DI MONTAGGIO PO1-6845,https://e-commerce.michelecaroli.com/wso/pages/user/wso0205.jsf?idaa=154495&codart=P016845&marart=227&seopth=DONALDSON-FILTRI-P016845-FASCE-DI-MONTAGGIO-PO1-6845
LL847459,G150092,FILTRO ARIA COMM11ETO FRG15-0092,https://e-commerce.michelecaroli.com/wso/pages/user/wso0205.jsf?idaa=153416&codart=G150092&marart=227&seopth=DONALDSON-FILTRI-G150092-FILTRO-ARIA-COMM11ETO-FRG15-0092
LL847455,G090022,FILTRO ARIA COMPL. FHG 09-0022,https://e-commerce.michelecaroli.com/wso/pages/user/wso0205.jsf?idaa=154150&codart=G090022&marart=227&seopth=DONALDSON-FILTRI-G090022-FILTRO-ARIA-COMPL-FHG-09-0022
LL847451,P207362,"ELBOW, 90 DEG 3 IN OD-OD",https://e-commerce.michelecaroli.com/wso/pages/user/wso0205.jsf?idaa=441289&codart=P207362&marart=227&seopth=DONALDSON-FILTRI-P207362-ELBOW-90-DEG-3-IN-OD-OD
LL847446,CP063136064P,,https://e-commerce.michelecaroli.com/wso/pages/user/wso0205.jsf?idaa=438635&codart=CP063136064P&marart=230&seopth=HIFI-FILTRI-CP063136064P-FILTRO
LL847445,P778810,FASCIA MONTAGGIO P77-8810,https://e-commerce.michelecaroli.com/wso/pages/user/wso0205.jsf?idaa=157886&codart=P778810&marart=227&seopth=DONALDSON-FILTRI-P778810-FASCIA-MONTAGGIO-P77-8810
LL847437,M090280,"MUFFLER, OVAL STYLE 2",https://e-commerce.michelecaroli.com/wso/pages/user/wso0205.jsf?idaa=442899&codart=M090280&marart=227&seopth=DONALDSON-FILTRI-M090280-MUFFLER-OVAL-STYLE-2
LL847436,P013722,FASCIA MONTAGGIO PO1-3722,https://e-commerce.michelecaroli.com/wso/pages/user/wso0205.jsf?idaa=154489&codart=P013722&marart=227&seopth=DONALDSON-FILTRI-P013722-FASCIA-MONTAGGIO-PO1-3722
LL847431,X001988,"INLET HOOD, METAL",https://e-commerce.michelecaroli.com/wso/pages/user/wso0205.jsf?idaa=443355&codart=X001988&marart=227&seopth=DONALDSON-FILTRI-X001988-INLET-HOOD-METAL
LL847429,M065044,"MUFFLER, ROUND STYLE 3",https://e-commerce.michelecaroli.com/wso/pages/user/wso0205.jsf?idaa=442859&codart=M065044&marart=227&seopth=DONALDSON-FILTRI-M065044-MUFFLER-ROUND-STYLE-3
LL847428,X004476,PURIFICATORI DI SCARICO,https://e-commerce.michelecaroli.com/wso/pages/user/wso0205.jsf?idaa=158304&codart=X004476&marart=227&seopth=DONALDSON-FILTRI-X004476-PURIFICATORI-DI-SCARICO
LL847415,P004079,FASCIA MONTAGGIO P00-4079,https://e-commerce.michelecaroli.com/wso/pages/user/wso0205.jsf?idaa=154485&codart=P004079&marart=227&seopth=DONALDSON-FILTRI-P004079-FASCIA-MONTAGGIO-P00-4079
LL847414,X004478,"SEAL CLAMP, 3 IN (76 MM) STAINLESS",https://e-commerce.michelecaroli.com/wso/pages/user/wso0205.jsf?idaa=443362&codart=X004478&marart=227&seopth=DONALDSON-FILTRI-X004478-SEAL-CLAMP-3-IN-76-MM-STAINLESS
LL847413,M085207,"MUFFLER, ROUND STYLE 5",https://e-commerce.michelecaroli.com/wso/pages/user/wso0205.jsf?idaa=442882&codart=M085207&marart=227&seopth=DONALDSON-FILTRI-M085207-MUFFLER-ROUND-STYLE-5
LL847383,P105545,GOMITO 45 GRADI DIAM.102 MM.,https://e-commerce.michelecaroli.com/wso/pages/user/wso0205.jsf?idaa=154536&codart=P105545&marart=227&seopth=DONALDSON-FILTRI-P105545-GOMITO-45-GRADI-DIAM-102-MM-
LL847382,P101891,RIDUTTORE DONALDSON 102X140X152,https://e-commerce.michelecaroli.com/wso/pages/user/wso0205.jsf?idaa=442989&codart=P101891&marart=227&seopth=DONALDSON-FILTRI-P101891-RIDUTTORE-DONALDSON-102X140X152
LL847376,P143895,RIDUTTORE A GOMITO P14-3895,https://e-commerce.michelecaroli.com/wso/pages/user/wso0205.jsf?idaa=154811&codart=P143895&marart=227&seopth=DONALDSON-FILTRI-P143895-RIDUTTORE-A-GOMITO-P14-3895
LL847375,P207281,"STACK PIPE, STRAIGHT 3.5 IN (89 MM)",https://e-commerce.michelecaroli.com/wso/pages/user/wso0205.jsf?idaa=441250&codart=P207281&marart=227&seopth=DONALDSON-FILTRI-P207281-STACK-PIPE-STRAIGHT-3-5-IN-89-MM-
LL847373,X004480,"SEAL CLAMP, 3.5 IN 89 MM STAINLESS",https://e-commerce.michelecaroli.com/wso/pages/user/wso0205.jsf?idaa=443363&codart=X004480&marart=227&seopth=DONALDSON-FILTRI-X004480-SEAL-CLAMP-3-5-IN-89-MM-STAINLESS
LL847371,SAT01SDB127001,,https://e-commerce.michelecaroli.com/wso/pages/user/wso0205.jsf?idaa=438562&codart=SAT01SDB127001&marart=230&seopth=HIFI-FILTRI-SAT01SDB127001-FILTRO
LL84736,M120100,MUFFLER,https://e-commerce.michelecaroli.com/wso/pages/user/wso0205.jsf?idaa=154477&codart=M120100&marart=227&seopth=DONALDSON-FILTRI-M120100-MUFFLER
LL84735,M120100,MUFFLER,https://e-commerce.michelecaroli.com/wso/pages/user/wso0205.jsf?idaa=154477&codart=M120100&marart=227&seopth=DONALDSON-FILTRI-M120100-MUFFLER
LL847347,G140054,,https://e-commerce.michelecaroli.com/wso/pages/user/wso0205.jsf?idaa=442462&codart=G140054&marart=227&seopth=DONALDSON-FILTRI-G140054-FILTRO-COMPLETO-FHG
LL84734,42490,FILTRO ARIA,https://e-commerce.michelecaroli.com/wso/pages/user/wso0205.jsf?idaa=366557&codart=42490&marart=218&seopth=WIX-INDUSTRIAL-HD-42490-FILTRO-ARIA
LL847325,M090362,"RESONATOR, 4 IN (102 MM)",https://e-commerce.michelecaroli.com/wso/pages/user/wso0205.jsf?idaa=442901&codart=M090362&marart=227&seopth=DONALDSON-FILTRI-M090362-RESONATOR-4-IN-102-MM-
LL847324,CP076136064P,,https://e-commerce.michelecaroli.com/wso/pages/user/wso0205.jsf?idaa=438549&codart=CP076136064P&marart=230&seopth=HIFI-FILTRI-CP076136064P-FILTRO
LL847322,M070068,SPARK ARRESTOR,https://e-commerce.michelecaroli.com/wso/pages/user/wso0205.jsf?idaa=442869&codart=M070068&marart=227&seopth=DONALDSON-FILTRI-M070068-SPARK-ARRESTOR
LL847321,P104088,RIDUTTORE DONALDSON 57X51X64,https://e-commerce.michelecaroli.com/wso/pages/user/wso0205.jsf?idaa=154525&codart=P104088&marart=227&seopth=DONALDSON-FILTRI-P104088-RIDUTTORE-DONALDSON-57X51X64
LL847320,P162696,INDICATORE@ DONALDSON PI6-2696,https://e-commerce.michelecaroli.com/wso/pages/user/wso0205.jsf?idaa=155578&codart=P162696&marart=227&seopth=DONALDSON-FILTRI-P162696-INDICATORE-DONALDSON-PI6-2696
LL847318,42920,FILTRO ARIA P119375,https://e-commerce.michelecaroli.com/wso/pages/user/wso0205.jsf?idaa=366896&codart=42920&marart=218&seopth=WIX-INDUSTRIAL-HD-42920-FILTRO-ARIA-P119375
LL847307,M080024,SPARK ARRESTOR,https://e-commerce.michelecaroli.com/wso/pages/user/wso0205.jsf?idaa=442872&codart=M080024&marart=227&seopth=DONALDSON-FILTRI-M080024-SPARK-ARRESTOR
LL847294,P105608,MANICOTTO S/RIDUZIONE 76X76X135,https://e-commerce.michelecaroli.com/wso/pages/user/wso0205.jsf?idaa=154538&codart=P105608&marart=227&seopth=DONALDSON-FILTRI-P105608-MANICOTTO-S-RIDUZIONE-76X76X135
LL847292,P114318,GOMITO M11L-4318,https://e-commerce.michelecaroli.com/wso/pages/user/wso0205.jsf?idaa=154586&codart=P114318&marart=227&seopth=DONALDSON-FILTRI-P114318-GOMITO-M11L-4318
LL847291,P101290,RIDUTTORE DONALDSON 64X76X114,https://e-commerce.michelecaroli.com/wso/pages/user/wso0205.jsf?idaa=154506&codart=P101290&marart=227&seopth=DONALDSON-FILTRI-P101290-RIDUTTORE-DONALDSON-64X76X114
LL84729,M070008,"MUFFLER, ROUND STYLE 1",https://e-commerce.michelecaroli.com/wso/pages/user/wso0205.jsf?idaa=442866&codart=M070008&marart=227&seopth=DONALDSON-FILTRI-M070008-MUFFLER-ROUND-STYLE-1
LL847286,SAT01SCB076001,,https://e-commerce.michelecaroli.com/wso/pages/user/wso0205.jsf?idaa=438641&codart=SAT01SCB076001&marart=230&seopth=HIFI-FILTRI-SAT01SCB076001-FILTRO
LL847269,SA14100,FILTRO ARIA P119778 HIFI,https://e-commerce.michelecaroli.com/wso/pages/user/wso0205.jsf?idaa=288876&codart=SA14100&marart=230&seopth=HIFI-FILTRI-SA14100-FILTRO-ARIA-P119778-HIFI
LL847265,P112803,VALVOLA D'EVACUAZIONE DIAM.76,https://e-commerce.michelecaroli.com/wso/pages/user/wso0205.jsf?idaa=154572&codart=P112803&marart=227&seopth=DONALDSON-FILTRI-P112803-VALVOLA-D-EVACUAZIONE-DIAM-76
LL84726,M070008,"MUFFLER, ROUND STYLE 1",https://e-commerce.michelecaroli.com/wso/pages/user/wso0205.jsf?idaa=442866&codart=M070008&marart=227&seopth=DONALDSON-FILTRI-M070008-MUFFLER-ROUND-STYLE-1
LL847212,P103198,VALVOLA D'EVACUAZIONE DIAM.76,https://e-commerce.michelecaroli.com/wso/pages/user/wso0205.jsf?idaa=154520&codart=P103198&marart=227&seopth=DONALDSON-FILTRI-P103198-VALVOLA-D-EVACUAZIONE-DIAM-76
LL847211,H000607,RAIN CAP DONALDSON GAHOO-0607,https://e-commerce.michelecaroli.com/wso/pages/user/wso0205.jsf?idaa=154171&codart=H000607&marart=227&seopth=DONALDSON-FILTRI-H000607-RAIN-CAP-DONALDSON-GAHOO-0607
LL847204,P101293,RIDUTTORE DONALDSON 102X127X152,https://e-commerce.michelecaroli.com/wso/pages/user/wso0205.jsf?idaa=154509&codart=P101293&marart=227&seopth=DONALDSON-FILTRI-P101293-RIDUTTORE-DONALDSON-102X127X152
LL847194,P003951,FASCIA MONTAGGIO P00-3951,https://e-commerce.michelecaroli.com/wso/pages/user/wso0205.jsf?idaa=154482&codart=P003951&marart=227&seopth=DONALDSON-FILTRI-P003951-FASCIA-MONTAGGIO-P00-3951
LL847190,P004307,FASCIA MONTAGGIO P00-4307,https://e-commerce.michelecaroli.com/wso/pages/user/wso0205.jsf?idaa=154486&codart=P004307&marart=227&seopth=DONALDSON-FILTRI-P004307-FASCIA-MONTAGGIO-P00-4307
LL847182,SAT01SAB127001,,https://e-commerce.michelecaroli.com/wso/pages/user/wso0205.jsf?idaa=438642&codart=SAT01SAB127001&marart=230&seopth=HIFI-FILTRI-SAT01SAB127001-FILTRO
LL847163,P105613,,https://e-commerce.michelecaroli.com/wso/pages/user/wso0205.jsf?idaa=154543&codart=P105613&marart=227&seopth=DONALDSON-FILTRI-P105613-MANICOTTO-S-RIDUZIONE-102X102X133
LL847161,P182001,FILTRO ARIA,https://e-commerce.michelecaroli.com/wso/pages/user/wso0205.jsf?idaa=313753&codart=P182001&marart=227&seopth=DONALDSON-FILTRI-P182001-FILTRO-ARIA
LL847160,M100048,"MUFFLER, ROUND STYLE 2",https://e-commerce.michelecaroli.com/wso/pages/user/wso0205.jsf?idaa=442918&codart=M100048&marart=227&seopth=DONALDSON-FILTRI-M100048-MUFFLER-ROUND-STYLE-2
LL84716,P182001,FILTRO ARIA,https://e-commerce.michelecaroli.com/wso/pages/user/wso0205.jsf?idaa=313753&codart=P182001&marart=227&seopth=DONALDSON-FILTRI-P182001-FILTRO-ARIA
LL847154,H000351,FASCETTA DONALDSON H00 0351,https://e-commerce.michelecaroli.com/wso/pages/user/wso0205.jsf?idaa=154169&codart=H000351&marart=227&seopth=DONALDSON-FILTRI-H000351-FASCETTA-DONALDSON-H00-0351
LL847149,P114318,GOMITO M11L-4318,https://e-commerce.michelecaroli.com/wso/pages/user/wso0205.jsf?idaa=154586&codart=P114318&marart=227&seopth=DONALDSON-FILTRI-P114318-GOMITO-M11L-4318
LL847145,SA11854,FILTRO ARIA P119373 HIFI,https://e-commerce.michelecaroli.com/wso/pages/user/wso0205.jsf?idaa=336297&codart=SA11854&marart=230&seopth=HIFI-FILTRI-SA11854-FILTRO-ARIA-P119373-HIFI
LL847144,G140022,FILTRO ARIA COMPL. FHG14-0022,https://e-commerce.michelecaroli.com/wso/pages/user/wso0205.jsf?idaa=153407&codart=G140022&marart=227&seopth=DONALDSON-FILTRI-G140022-FILTRO-ARIA-COMPL-FHG14-0022
LL847138,H000606,RAIN CAP DONALDSON GAH00-0606,https://e-commerce.michelecaroli.com/wso/pages/user/wso0205.jsf?idaa=154170&codart=H000606&marart=227&seopth=DONALDSON-FILTRI-H000606-RAIN-CAP-DONALDSON-GAH00-0606
LL847127,M090158,MUFFLER,https://e-commerce.michelecaroli.com/wso/pages/user/wso0205.jsf?idaa=154472&codart=M090158&marart=227&seopth=DONALDSON-FILTRI-M090158-MUFFLER
LL847125,H000350,MOUNTING BAND,https://e-commerce.michelecaroli.com/wso/pages/user/wso0205.jsf?idaa=442496&codart=H000350&marart=227&seopth=DONALDSON-FILTRI-H000350-MOUNTING-BAND
LL847120,M120100,MUFFLER,https://e-commerce.michelecaroli.com/wso/pages/user/wso0205.jsf?idaa=154477&codart=M120100&marart=227&seopth=DONALDSON-FILTRI-M120100-MUFFLER
LL716088,57220,FILTRO OLIO,https://e-commerce.michelecaroli.com/wso/pages/user/wso0205.jsf?idaa=368777&codart=57220&marart=218&seopth=WIX-INDUSTRIAL-HD-57220-FILTRO-OLIO
LL60642,SN109,FILTRO NAFTA P553261 HIFI,https://e-commerce.michelecaroli.com/wso/pages/user/wso0205.jsf?idaa=298873&codart=SN109&marart=230&seopth=HIFI-FILTRI-SN109-FILTRO-NAFTA-P553261-HIFI
LL60627,33073,FILTRO NAFTA,https://e-commerce.michelecaroli.com/wso/pages/user/wso0205.jsf?idaa=365761&codart=33073&marart=218&seopth=WIX-INDUSTRIAL-HD-33073-FILTRO-NAFTA
LL547415,P004079,FASCIA MONTAGGIO P00-4079,https://e-commerce.michelecaroli.com/wso/pages/user/wso0205.jsf?idaa=154485&codart=P004079&marart=227&seopth=DONALDSON-FILTRI-P004079-FASCIA-MONTAGGIO-P00-4079
LL5448,42290,FILTRO ARIA,https://e-commerce.michelecaroli.com/wso/pages/user/wso0205.jsf?idaa=366434&codart=42290&marart=218&seopth=WIX-INDUSTRIAL-HD-42290-FILTRO-ARIA
LL4790,P182000,"AIR FILTER, PRIMARY FINNED",https://e-commerce.michelecaroli.com/wso/pages/user/wso0205.jsf?idaa=441114&codart=P182000&marart=227&seopth=DONALDSON-FILTRI-P182000-AIR-FILTER-PRIMARY-FINNED
LL3690391,49345,FILTRO ARIA,https://e-commerce.michelecaroli.com/wso/pages/user/wso0205.jsf?idaa=367891&codart=49345&marart=218&seopth=WIX-INDUSTRIAL-HD-49345-FILTRO-ARIA
LL2679,P181147,FILTRO ARIA DONALDSON PI8-1147,https://e-commerce.michelecaroli.com/wso/pages/user/wso0205.jsf?idaa=155884&codart=P181147&marart=227&seopth=DONALDSON-FILTRI-P181147-FILTRO-ARIA-DONALDSON-PI8-1147
LL2667,P181139,FILTRO ARIA DONALDSON P18-1139 ACCOPPIATO CON P159036,https://e-commerce.michelecaroli.com/wso/pages/user/wso0205.jsf?idaa=155881&codart=P181139&marart=227&seopth=DONALDSON-FILTRI-P181139-FILTRO-ARIA-DONALDSON-P18-1139
LL2659,46733,FILTRO ARIA,https://e-commerce.michelecaroli.com/wso/pages/user/wso0205.jsf?idaa=367468&codart=46733&marart=218&seopth=WIX-INDUSTRIAL-HD-46733-FILTRO-ARIA
LL2596,46280,FILTRO ARIA,https://e-commerce.michelecaroli.com/wso/pages/user/wso0205.jsf?idaa=367097&codart=46280&marart=218&seopth=WIX-INDUSTRIAL-HD-46280-FILTRO-ARIA
LL2558,46250,FILTRO ARIA,https://e-commerce.michelecaroli.com/wso/pages/user/wso0205.jsf?idaa=367073&codart=46250&marart=218&seopth=WIX-INDUSTRIAL-HD-46250-FILTRO-ARIA
LL2557,42255,FILTRO ARIA,https://e-commerce.michelecaroli.com/wso/pages/user/wso0205.jsf?idaa=366413&codart=42255&marart=218&seopth=WIX-INDUSTRIAL-HD-42255-FILTRO-ARIA
LL2555,P181074,FILTRO ARIA DONALDSON P18-1074,https://e-commerce.michelecaroli.com/wso/pages/user/wso0205.jsf?idaa=155834&codart=P181074&marart=227&seopth=DONALDSON-FILTRI-P181074-FILTRO-ARIA-DONALDSON-P18-1074
LL2533,P181018,FILTRO ARIA DONALDSON P18-1018,https://e-commerce.michelecaroli.com/wso/pages/user/wso0205.jsf?idaa=155788&codart=P181018&marart=227&seopth=DONALDSON-FILTRI-P181018-FILTRO-ARIA-DONALDSON-P18-1018
LL2520,42759,FILTRO ARIA,https://e-commerce.michelecaroli.com/wso/pages/user/wso0205.jsf?idaa=366793&codart=42759&marart=218&seopth=WIX-INDUSTRIAL-HD-42759-FILTRO-ARIA
LL2458,42751,FILTRO ARIA,https://e-commerce.michelecaroli.com/wso/pages/user/wso0205.jsf?idaa=366786&codart=42751&marart=218&seopth=WIX-INDUSTRIAL-HD-42751-FILTRO-ARIA
LL2426FN,P182063,FILTRO ARIA DONALDSON P18-2063 ABBINATO CON P119778,https://e-commerce.michelecaroli.com/wso/pages/user/wso0205.jsf?idaa=155918&codart=P182063&marart=227&seopth=DONALDSON-FILTRI-P182063-FILTRO-ARIA-DONALDSON-P18-2063
LL2418FN,SA14009K,FILTRO ARIA HIFI,https://e-commerce.michelecaroli.com/wso/pages/user/wso0205.jsf?idaa=288854&codart=SA14009K&marart=230&seopth=HIFI-FILTRI-SA14009K-FILTRO-ARIA-HIFI
LL2363,SA10829,FILTRO ARIA HIFI,https://e-commerce.michelecaroli.com/wso/pages/user/wso0205.jsf?idaa=336068&codart=SA10829&marart=230&seopth=HIFI-FILTRI-SA10829-FILTRO-ARIA-HIFI
LL2358,P181118,FILTRO ARIA DONALDSON P18-1118 ABBINATO CON P158670,https://e-commerce.michelecaroli.com/wso/pages/user/wso0205.jsf?idaa=155866&codart=P181118&marart=227&seopth=DONALDSON-FILTRI-P181118-FILTRO-ARIA-DONALDSON-P18-1118
LL2326,42691,FILTRO ARIA,https://e-commerce.michelecaroli.com/wso/pages/user/wso0205.jsf?idaa=366734&codart=42691&marart=218&seopth=WIX-INDUSTRIAL-HD-42691-FILTRO-ARIA
LL1926,P136254,FILTRO ARIA DONALDSON P13-6254,https://e-commerce.michelecaroli.com/wso/pages/user/wso0205.jsf?idaa=154752&codart=P136254&marart=227&seopth=DONALDSON-FILTRI-P136254-FILTRO-ARIA-DONALDSON-P13-6254
LL1803566,51419,FILTRO IDRAULICO,https://e-commerce.michelecaroli.com/wso/pages/user/wso0205.jsf?idaa=368322&codart=51419&marart=218&seopth=WIX-INDUSTRIAL-HD-51419-FILTRO-IDRAULICO
LL16702168,P174675,FILTRO HYDR.DONALDSON P17-4 675,https://e-commerce.michelecaroli.com/wso/pages/user/wso0205.jsf?idaa=155655&codart=P174675&marart=227&seopth=DONALDSON-FILTRI-P174675-FILTRO-HYDR-DONALDSON-P17-4-675
LL13562,51133,FILTRO OLIO# P550132,https://e-commerce.michelecaroli.com/wso/pages/user/wso0205.jsf?idaa=368125&codart=51133&marart=218&seopth=WIX-INDUSTRIAL-HD-51133-FILTRO-OLIO-P550132
