Code searched,Matched code,Part Category on Michele,Link to Michele product
HY13689,HY13689,,https://e-commerce.michelecaroli.com/wso/pages/user/wso0205.jsf?idaa=404817&codart=HY13689&marart=233&seopth=SF-FILTER-HY13689-FILTRO-IDRAULICO
HY13689,HY13689,,https://e-commerce.michelecaroli.com/wso/pages/user/wso0205.jsf?idaa=404817&codart=HY13689&marart=233&seopth=SF-FILTER-HY13689-FILTRO-IDRAULICO
HY13688,HY13688,,https://e-commerce.michelecaroli.com/wso/pages/user/wso0205.jsf?idaa=404815&codart=HY13688&marart=233&seopth=SF-FILTER-HY13688-FILTRO-IDRAULICO
HY13688,HY13688,,https://e-commerce.michelecaroli.com/wso/pages/user/wso0205.jsf?idaa=404815&codart=HY13688&marart=233&seopth=SF-FILTER-HY13688-FILTRO-IDRAULICO
HY13683,HY13683,,https://e-commerce.michelecaroli.com/wso/pages/user/wso0205.jsf?idaa=404814&codart=HY13683&marart=233&seopth=SF-FILTER-HY13683-FILTRO-IDRAULICO
HY13677,HY13677,,https://e-commerce.michelecaroli.com/wso/pages/user/wso0205.jsf?idaa=404812&codart=HY13677&marart=233&seopth=SF-FILTER-HY13677-FILTRO-IDRAULICO
HY13677,HY13677,,https://e-commerce.michelecaroli.com/wso/pages/user/wso0205.jsf?idaa=404812&codart=HY13677&marart=233&seopth=SF-FILTER-HY13677-FILTRO-IDRAULICO
HY13676,HY13676,,https://e-commerce.michelecaroli.com/wso/pages/user/wso0205.jsf?idaa=404811&codart=HY13676&marart=233&seopth=SF-FILTER-HY13676-FILTRO-IDRAULICO
HY13670,HY13670,,https://e-commerce.michelecaroli.com/wso/pages/user/wso0205.jsf?idaa=404810&codart=HY13670&marart=233&seopth=SF-FILTER-HY13670-FILTRO-IDRAULICO
HY13670,HY13670,,https://e-commerce.michelecaroli.com/wso/pages/user/wso0205.jsf?idaa=404810&codart=HY13670&marart=233&seopth=SF-FILTER-HY13670-FILTRO-IDRAULICO
HY13668,HY13668,,https://e-commerce.michelecaroli.com/wso/pages/user/wso0205.jsf?idaa=404809&codart=HY13668&marart=233&seopth=SF-FILTER-HY13668-FILTRO-IDRAULICO
HY13668,HY13668,,https://e-commerce.michelecaroli.com/wso/pages/user/wso0205.jsf?idaa=404809&codart=HY13668&marart=233&seopth=SF-FILTER-HY13668-FILTRO-IDRAULICO
HY13666,SH74176V,FILTRO HYDR. HIFI EX SH74176FEV,https://e-commerce.michelecaroli.com/wso/pages/user/wso0205.jsf?idaa=440856&codart=SH74176V&marart=230&seopth=HIFI-FILTRI-SH74176V-FILTRO-HYDR-HIFI
HY13665,HY13665,,https://e-commerce.michelecaroli.com/wso/pages/user/wso0205.jsf?idaa=404807&codart=HY13665&marart=233&seopth=SF-FILTER-HY13665-FILTRO-IDRAULICO
HY13663,HY13663,,https://e-commerce.michelecaroli.com/wso/pages/user/wso0205.jsf?idaa=404806&codart=HY13663&marart=233&seopth=SF-FILTER-HY13663-FILTRO-IDRAULICO
HY13656,SH74363,FILTRO HYDR. HIFI,https://e-commerce.michelecaroli.com/wso/pages/user/wso0205.jsf?idaa=297110&codart=SH74363&marart=230&seopth=HIFI-FILTRI-SH74363-FILTRO-HYDR-HIFI
HY13650,HY13650,,https://e-commerce.michelecaroli.com/wso/pages/user/wso0205.jsf?idaa=404804&codart=HY13650&marart=233&seopth=SF-FILTER-HY13650-FILTRO-IDRAULICO
HY13648,HY13648,,https://e-commerce.michelecaroli.com/wso/pages/user/wso0205.jsf?idaa=404803&codart=HY13648&marart=233&seopth=SF-FILTER-HY13648-FILTRO-IDRAULICO
HY13646,SH75200,FILTRO HYDR. HIFI,https://e-commerce.michelecaroli.com/wso/pages/user/wso0205.jsf?idaa=297316&codart=SH75200&marart=230&seopth=HIFI-FILTRI-SH75200-FILTRO-HYDR-HIFI
HY13645,HY13645,,https://e-commerce.michelecaroli.com/wso/pages/user/wso0205.jsf?idaa=404802&codart=HY13645&marart=233&seopth=SF-FILTER-HY13645-FILTRO-IDRAULICO
HY13645,HY13645,,https://e-commerce.michelecaroli.com/wso/pages/user/wso0205.jsf?idaa=404802&codart=HY13645&marart=233&seopth=SF-FILTER-HY13645-FILTRO-IDRAULICO
HY13641,HY13641,,https://e-commerce.michelecaroli.com/wso/pages/user/wso0205.jsf?idaa=404801&codart=HY13641&marart=233&seopth=SF-FILTER-HY13641-FILTRO-IDRAULICO
HY13641,HY13641,,https://e-commerce.michelecaroli.com/wso/pages/user/wso0205.jsf?idaa=404801&codart=HY13641&marart=233&seopth=SF-FILTER-HY13641-FILTRO-IDRAULICO
HY13639,HY13639,,https://e-commerce.michelecaroli.com/wso/pages/user/wso0205.jsf?idaa=404800&codart=HY13639&marart=233&seopth=SF-FILTER-HY13639-FILTRO-IDRAULICO
HY13633,HY13633,,https://e-commerce.michelecaroli.com/wso/pages/user/wso0205.jsf?idaa=404799&codart=HY13633&marart=233&seopth=SF-FILTER-HY13633-FILTRO-IDRAULICO
HY13633,HY13633,,https://e-commerce.michelecaroli.com/wso/pages/user/wso0205.jsf?idaa=404799&codart=HY13633&marart=233&seopth=SF-FILTER-HY13633-FILTRO-IDRAULICO
HY13629,HY13629,,https://e-commerce.michelecaroli.com/wso/pages/user/wso0205.jsf?idaa=404798&codart=HY13629&marart=233&seopth=SF-FILTER-HY13629-FILTRO-IDRAULICO
HY13628,HY13628,,https://e-commerce.michelecaroli.com/wso/pages/user/wso0205.jsf?idaa=404797&codart=HY13628&marart=233&seopth=SF-FILTER-HY13628-FILTRO-IDRAULICO
HY13627,HY13627,,https://e-commerce.michelecaroli.com/wso/pages/user/wso0205.jsf?idaa=404796&codart=HY13627&marart=233&seopth=SF-FILTER-HY13627-FILTRO-IDRAULICO
HY13627,HY13627,,https://e-commerce.michelecaroli.com/wso/pages/user/wso0205.jsf?idaa=404796&codart=HY13627&marart=233&seopth=SF-FILTER-HY13627-FILTRO-IDRAULICO
HY13624,HY13624,,https://e-commerce.michelecaroli.com/wso/pages/user/wso0205.jsf?idaa=404795&codart=HY13624&marart=233&seopth=SF-FILTER-HY13624-FILTRO-IDRAULICO
HY13624,HY13624,,https://e-commerce.michelecaroli.com/wso/pages/user/wso0205.jsf?idaa=404795&codart=HY13624&marart=233&seopth=SF-FILTER-HY13624-FILTRO-IDRAULICO
HY13603,HY13603,,https://e-commerce.michelecaroli.com/wso/pages/user/wso0205.jsf?idaa=404789&codart=HY13603&marart=233&seopth=SF-FILTER-HY13603-FILTRO-IDRAULICO
HY13595,HY13595,,https://e-commerce.michelecaroli.com/wso/pages/user/wso0205.jsf?idaa=404788&codart=HY13595&marart=233&seopth=SF-FILTER-HY13595-FILTRO-IDRAULICO
HY13595,HY13595,,https://e-commerce.michelecaroli.com/wso/pages/user/wso0205.jsf?idaa=404788&codart=HY13595&marart=233&seopth=SF-FILTER-HY13595-FILTRO-IDRAULICO
HY13589,HY13589,,https://e-commerce.michelecaroli.com/wso/pages/user/wso0205.jsf?idaa=404785&codart=HY13589&marart=233&seopth=SF-FILTER-HY13589-FILTRO-IDRAULICO
HY13589,HY13589,,https://e-commerce.michelecaroli.com/wso/pages/user/wso0205.jsf?idaa=404785&codart=HY13589&marart=233&seopth=SF-FILTER-HY13589-FILTRO-IDRAULICO
HY13588,HY13588,,https://e-commerce.michelecaroli.com/wso/pages/user/wso0205.jsf?idaa=404784&codart=HY13588&marart=233&seopth=SF-FILTER-HY13588-FILTRO-IDRAULICO
HY13588,HY13588,,https://e-commerce.michelecaroli.com/wso/pages/user/wso0205.jsf?idaa=404784&codart=HY13588&marart=233&seopth=SF-FILTER-HY13588-FILTRO-IDRAULICO
HY13586,HY13586,,https://e-commerce.michelecaroli.com/wso/pages/user/wso0205.jsf?idaa=404783&codart=HY13586&marart=233&seopth=SF-FILTER-HY13586-FILTRO-IDRAULICO
HY13586,HY13586,,https://e-commerce.michelecaroli.com/wso/pages/user/wso0205.jsf?idaa=404783&codart=HY13586&marart=233&seopth=SF-FILTER-HY13586-FILTRO-IDRAULICO
HY13580,SH74212,SOSTITUITO DAL SH74212SP,https://e-commerce.michelecaroli.com/wso/pages/user/wso0205.jsf?idaa=297028&codart=SH74212&marart=230&seopth=HIFI-FILTRI-SH74212-SOSTITUITO-DAL-SH74212SP
HY13573,HY13573,,https://e-commerce.michelecaroli.com/wso/pages/user/wso0205.jsf?idaa=404779&codart=HY13573&marart=233&seopth=SF-FILTER-HY13573-FILTRO-IDRAULICO
HY13573,HY13573,,https://e-commerce.michelecaroli.com/wso/pages/user/wso0205.jsf?idaa=404779&codart=HY13573&marart=233&seopth=SF-FILTER-HY13573-FILTRO-IDRAULICO
HY13572,HY13572,,https://e-commerce.michelecaroli.com/wso/pages/user/wso0205.jsf?idaa=404778&codart=HY13572&marart=233&seopth=SF-FILTER-HY13572-FILTRO-IDRAULICO
HY13572,HY13572,,https://e-commerce.michelecaroli.com/wso/pages/user/wso0205.jsf?idaa=404778&codart=HY13572&marart=233&seopth=SF-FILTER-HY13572-FILTRO-IDRAULICO
HY13564,HY13564,,https://e-commerce.michelecaroli.com/wso/pages/user/wso0205.jsf?idaa=404774&codart=HY13564&marart=233&seopth=SF-FILTER-HY13564-FILTRO-IDRAULICO
HY13564,HY13564,,https://e-commerce.michelecaroli.com/wso/pages/user/wso0205.jsf?idaa=404774&codart=HY13564&marart=233&seopth=SF-FILTER-HY13564-FILTRO-IDRAULICO
HY13563,HY13563,,https://e-commerce.michelecaroli.com/wso/pages/user/wso0205.jsf?idaa=404773&codart=HY13563&marart=233&seopth=SF-FILTER-HY13563-FILTRO-IDRAULICO
HY13563,HY13563,,https://e-commerce.michelecaroli.com/wso/pages/user/wso0205.jsf?idaa=404773&codart=HY13563&marart=233&seopth=SF-FILTER-HY13563-FILTRO-IDRAULICO
HY13561,HY13561,,https://e-commerce.michelecaroli.com/wso/pages/user/wso0205.jsf?idaa=404771&codart=HY13561&marart=233&seopth=SF-FILTER-HY13561-FILTRO-IDRAULICO
HY13559,HY13559,,https://e-commerce.michelecaroli.com/wso/pages/user/wso0205.jsf?idaa=404770&codart=HY13559&marart=233&seopth=SF-FILTER-HY13559-FILTRO-IDRAULICO
HY13558,HY13558,,https://e-commerce.michelecaroli.com/wso/pages/user/wso0205.jsf?idaa=147075&codart=HY13558&marart=222&seopth=FILTRI-VARI-HY13558-FILTRO-IDRAULICO
HY13558,HY13558,,https://e-commerce.michelecaroli.com/wso/pages/user/wso0205.jsf?idaa=147075&codart=HY13558&marart=222&seopth=FILTRI-VARI-HY13558-FILTRO-IDRAULICO
HY13557,HY13557,,https://e-commerce.michelecaroli.com/wso/pages/user/wso0205.jsf?idaa=404768&codart=HY13557&marart=233&seopth=SF-FILTER-HY13557-FILTRO-IDRAULICO
HY13557,HY13557,,https://e-commerce.michelecaroli.com/wso/pages/user/wso0205.jsf?idaa=404768&codart=HY13557&marart=233&seopth=SF-FILTER-HY13557-FILTRO-IDRAULICO
HY13555,HY13555,,https://e-commerce.michelecaroli.com/wso/pages/user/wso0205.jsf?idaa=404767&codart=HY13555&marart=233&seopth=SF-FILTER-HY13555-FILTRO-IDRAULICO
HY13555,HY13555,,https://e-commerce.michelecaroli.com/wso/pages/user/wso0205.jsf?idaa=404767&codart=HY13555&marart=233&seopth=SF-FILTER-HY13555-FILTRO-IDRAULICO
HY13552,HY13552,,https://e-commerce.michelecaroli.com/wso/pages/user/wso0205.jsf?idaa=404764&codart=HY13552&marart=233&seopth=SF-FILTER-HY13552-FILTRO-IDRAULICO
HY13544,HY13544,,https://e-commerce.michelecaroli.com/wso/pages/user/wso0205.jsf?idaa=404759&codart=HY13544&marart=233&seopth=SF-FILTER-HY13544-FILTRO-IDRAULICO
HY13544,HY13544,,https://e-commerce.michelecaroli.com/wso/pages/user/wso0205.jsf?idaa=404759&codart=HY13544&marart=233&seopth=SF-FILTER-HY13544-FILTRO-IDRAULICO
HY13542,HY13542,,https://e-commerce.michelecaroli.com/wso/pages/user/wso0205.jsf?idaa=404758&codart=HY13542&marart=233&seopth=SF-FILTER-HY13542-FILTRO-IDRAULICO
HY13541,SH75015,FILTRO HYDR. HIFI,https://e-commerce.michelecaroli.com/wso/pages/user/wso0205.jsf?idaa=297178&codart=SH75015&marart=230&seopth=HIFI-FILTRI-SH75015-FILTRO-HYDR-HIFI
HY13538,HY13538,,https://e-commerce.michelecaroli.com/wso/pages/user/wso0205.jsf?idaa=404757&codart=HY13538&marart=233&seopth=SF-FILTER-HY13538-FILTRO-IDRAULICO
HY13538,HY13538,,https://e-commerce.michelecaroli.com/wso/pages/user/wso0205.jsf?idaa=404757&codart=HY13538&marart=233&seopth=SF-FILTER-HY13538-FILTRO-IDRAULICO
HY13524,HY13524,,https://e-commerce.michelecaroli.com/wso/pages/user/wso0205.jsf?idaa=404756&codart=HY13524&marart=233&seopth=SF-FILTER-HY13524-FILTRO-IDRAULICO
HY13515,HY13515,,https://e-commerce.michelecaroli.com/wso/pages/user/wso0205.jsf?idaa=404754&codart=HY13515&marart=233&seopth=SF-FILTER-HY13515-FILTRO-IDRAULICO
HY13515,HY13515,,https://e-commerce.michelecaroli.com/wso/pages/user/wso0205.jsf?idaa=404754&codart=HY13515&marart=233&seopth=SF-FILTER-HY13515-FILTRO-IDRAULICO
HY13470,SH74156SP,FILTRO HYDR. OLD HIFI VEDI SH74156SP,https://e-commerce.michelecaroli.com/wso/pages/user/wso0205.jsf?idaa=296985&codart=SH74156SP&marart=230&seopth=HIFI-FILTRI-SH74156SP-FILTRO-HYDR-OLD-HIFI
HY13462,HY13462,,https://e-commerce.michelecaroli.com/wso/pages/user/wso0205.jsf?idaa=404743&codart=HY13462&marart=233&seopth=SF-FILTER-HY13462-FILTRO-IDRAULICO
HY13462,HY13462,,https://e-commerce.michelecaroli.com/wso/pages/user/wso0205.jsf?idaa=404743&codart=HY13462&marart=233&seopth=SF-FILTER-HY13462-FILTRO-IDRAULICO
HY13458,SH77002,FILTRO HYDR. HIFI,https://e-commerce.michelecaroli.com/wso/pages/user/wso0205.jsf?idaa=298235&codart=SH77002&marart=230&seopth=HIFI-FILTRI-SH77002-FILTRO-HYDR-HIFI
HY13454,SH74251,FILTRO HYDR. HIFI,https://e-commerce.michelecaroli.com/wso/pages/user/wso0205.jsf?idaa=297057&codart=SH74251&marart=230&seopth=HIFI-FILTRI-SH74251-FILTRO-HYDR-HIFI
HY13452,HY13452,,https://e-commerce.michelecaroli.com/wso/pages/user/wso0205.jsf?idaa=404738&codart=HY13452&marart=233&seopth=SF-FILTER-HY13452-FILTRO-IDRAULICO
HY13451,HY13451,,https://e-commerce.michelecaroli.com/wso/pages/user/wso0205.jsf?idaa=404737&codart=HY13451&marart=233&seopth=SF-FILTER-HY13451-FILTRO-IDRAULICO
HY13445,HY13445,,https://e-commerce.michelecaroli.com/wso/pages/user/wso0205.jsf?idaa=404736&codart=HY13445&marart=233&seopth=SF-FILTER-HY13445-FILTRO-IDRAULICO
HY13444,HY13444,,https://e-commerce.michelecaroli.com/wso/pages/user/wso0205.jsf?idaa=404735&codart=HY13444&marart=233&seopth=SF-FILTER-HY13444-FILTRO-IDRAULICO
HY13444,HY13444,,https://e-commerce.michelecaroli.com/wso/pages/user/wso0205.jsf?idaa=404735&codart=HY13444&marart=233&seopth=SF-FILTER-HY13444-FILTRO-IDRAULICO
HY13442,SH74523,FILTRO HYDR. HIFI,https://e-commerce.michelecaroli.com/wso/pages/user/wso0205.jsf?idaa=400249&codart=SH74523&marart=230&seopth=HIFI-FILTRI-SH74523-FILTRO-HYDR-HIFI
HY13438,HY13438,,https://e-commerce.michelecaroli.com/wso/pages/user/wso0205.jsf?idaa=404734&codart=HY13438&marart=233&seopth=SF-FILTER-HY13438-FILTRO-IDRAULICO
HY13428,HY13428,,https://e-commerce.michelecaroli.com/wso/pages/user/wso0205.jsf?idaa=404732&codart=HY13428&marart=233&seopth=SF-FILTER-HY13428-FILTRO-IDRAULICO
HY13428,HY13428,,https://e-commerce.michelecaroli.com/wso/pages/user/wso0205.jsf?idaa=404732&codart=HY13428&marart=233&seopth=SF-FILTER-HY13428-FILTRO-IDRAULICO
HY13427,HY13427,,https://e-commerce.michelecaroli.com/wso/pages/user/wso0205.jsf?idaa=404731&codart=HY13427&marart=233&seopth=SF-FILTER-HY13427-FILTRO-IDRAULICO
HY13348,HY13348,,https://e-commerce.michelecaroli.com/wso/pages/user/wso0205.jsf?idaa=404725&codart=HY13348&marart=233&seopth=SF-FILTER-HY13348-FILTRO-IDRAULICO
HY13348,HY13348,,https://e-commerce.michelecaroli.com/wso/pages/user/wso0205.jsf?idaa=404725&codart=HY13348&marart=233&seopth=SF-FILTER-HY13348-FILTRO-IDRAULICO
HY13341,HY13341,,https://e-commerce.michelecaroli.com/wso/pages/user/wso0205.jsf?idaa=404724&codart=HY13341&marart=233&seopth=SF-FILTER-HY13341-FILTRO-IDRAULICO
HY13294,HY13294,,https://e-commerce.michelecaroli.com/wso/pages/user/wso0205.jsf?idaa=404723&codart=HY13294&marart=233&seopth=SF-FILTER-HY13294-FILTRO-IDRAULICO
HY13294,HY13294,,https://e-commerce.michelecaroli.com/wso/pages/user/wso0205.jsf?idaa=404723&codart=HY13294&marart=233&seopth=SF-FILTER-HY13294-FILTRO-IDRAULICO
HY13292,HY13292,,https://e-commerce.michelecaroli.com/wso/pages/user/wso0205.jsf?idaa=404722&codart=HY13292&marart=233&seopth=SF-FILTER-HY13292-FILTRO-IDRAULICO
HY13290,HY13290,,https://e-commerce.michelecaroli.com/wso/pages/user/wso0205.jsf?idaa=404721&codart=HY13290&marart=233&seopth=SF-FILTER-HY13290-FILTRO-IDRAULICO
HY13290,HY13290,,https://e-commerce.michelecaroli.com/wso/pages/user/wso0205.jsf?idaa=404721&codart=HY13290&marart=233&seopth=SF-FILTER-HY13290-FILTRO-IDRAULICO
HY13279,57453,FILTRO OLIO,https://e-commerce.michelecaroli.com/wso/pages/user/wso0205.jsf?idaa=368865&codart=57453&marart=218&seopth=WIX-INDUSTRIAL-HD-57453-FILTRO-OLIO
HY13278,SH77001,FILTRO HYDR. HIFI,https://e-commerce.michelecaroli.com/wso/pages/user/wso0205.jsf?idaa=298234&codart=SH77001&marart=230&seopth=HIFI-FILTRI-SH77001-FILTRO-HYDR-HIFI
HY13275,HY13275,,https://e-commerce.michelecaroli.com/wso/pages/user/wso0205.jsf?idaa=404719&codart=HY13275&marart=233&seopth=SF-FILTER-HY13275-FILTRO-IDRAULICO
HY13275,HY13275,,https://e-commerce.michelecaroli.com/wso/pages/user/wso0205.jsf?idaa=404719&codart=HY13275&marart=233&seopth=SF-FILTER-HY13275-FILTRO-IDRAULICO
HY13267,HY13267,,https://e-commerce.michelecaroli.com/wso/pages/user/wso0205.jsf?idaa=404715&codart=HY13267&marart=233&seopth=SF-FILTER-HY13267-FILTRO-IDRAULICO
HY13249,HY13249,,https://e-commerce.michelecaroli.com/wso/pages/user/wso0205.jsf?idaa=404707&codart=HY13249&marart=233&seopth=SF-FILTER-HY13249-FILTRO-IDRAULICO
HY13249,HY13249,,https://e-commerce.michelecaroli.com/wso/pages/user/wso0205.jsf?idaa=404707&codart=HY13249&marart=233&seopth=SF-FILTER-HY13249-FILTRO-IDRAULICO
HY13239,HY13239,,https://e-commerce.michelecaroli.com/wso/pages/user/wso0205.jsf?idaa=404702&codart=HY13239&marart=233&seopth=SF-FILTER-HY13239-FILTRO-IDRAULICO
HY13239,HY13239,,https://e-commerce.michelecaroli.com/wso/pages/user/wso0205.jsf?idaa=404702&codart=HY13239&marart=233&seopth=SF-FILTER-HY13239-FILTRO-IDRAULICO
HY13234,SH74034,FILTRO HYDR. P566987 HIFI,https://e-commerce.michelecaroli.com/wso/pages/user/wso0205.jsf?idaa=296911&codart=SH74034&marart=230&seopth=HIFI-FILTRI-SH74034-FILTRO-HYDR-P566987-HIFI
HY13230,HY13230,,https://e-commerce.michelecaroli.com/wso/pages/user/wso0205.jsf?idaa=404698&codart=HY13230&marart=233&seopth=SF-FILTER-HY13230-FILTRO-IDRAULICO
HY13230,HY13230,,https://e-commerce.michelecaroli.com/wso/pages/user/wso0205.jsf?idaa=404698&codart=HY13230&marart=233&seopth=SF-FILTER-HY13230-FILTRO-IDRAULICO
HY13229,HY13229,,https://e-commerce.michelecaroli.com/wso/pages/user/wso0205.jsf?idaa=404697&codart=HY13229&marart=233&seopth=SF-FILTER-HY13229-FILTRO-IDRAULICO
HY13229,HY13229,,https://e-commerce.michelecaroli.com/wso/pages/user/wso0205.jsf?idaa=404697&codart=HY13229&marart=233&seopth=SF-FILTER-HY13229-FILTRO-IDRAULICO
HY13228,HY13228,,https://e-commerce.michelecaroli.com/wso/pages/user/wso0205.jsf?idaa=404696&codart=HY13228&marart=233&seopth=SF-FILTER-HY13228-FILTRO-IDRAULICO
HY13227,HY13227,,https://e-commerce.michelecaroli.com/wso/pages/user/wso0205.jsf?idaa=404695&codart=HY13227&marart=233&seopth=SF-FILTER-HY13227-FILTRO-IDRAULICO
HY13222,HY13222,,https://e-commerce.michelecaroli.com/wso/pages/user/wso0205.jsf?idaa=404694&codart=HY13222&marart=233&seopth=SF-FILTER-HY13222-FILTRO-IDRAULICO
HY13220,HY13220,,https://e-commerce.michelecaroli.com/wso/pages/user/wso0205.jsf?idaa=404693&codart=HY13220&marart=233&seopth=SF-FILTER-HY13220-FILTRO-IDRAULICO
HY13220,HY13220,,https://e-commerce.michelecaroli.com/wso/pages/user/wso0205.jsf?idaa=404693&codart=HY13220&marart=233&seopth=SF-FILTER-HY13220-FILTRO-IDRAULICO
HY13219,HY13219,,https://e-commerce.michelecaroli.com/wso/pages/user/wso0205.jsf?idaa=404692&codart=HY13219&marart=233&seopth=SF-FILTER-HY13219-FILTRO-IDRAULICO
HY13215,HY13215,,https://e-commerce.michelecaroli.com/wso/pages/user/wso0205.jsf?idaa=404689&codart=HY13215&marart=233&seopth=SF-FILTER-HY13215-FILTRO-IDRAULICO
HY13215,HY13215,,https://e-commerce.michelecaroli.com/wso/pages/user/wso0205.jsf?idaa=404689&codart=HY13215&marart=233&seopth=SF-FILTER-HY13215-FILTRO-IDRAULICO
HY13212,HY13212,,https://e-commerce.michelecaroli.com/wso/pages/user/wso0205.jsf?idaa=404687&codart=HY13212&marart=233&seopth=SF-FILTER-HY13212-FILTRO-IDRAULICO
HY13211,P173170,,https://e-commerce.michelecaroli.com/wso/pages/user/wso0205.jsf?idaa=156289&codart=P173170&marart=227&seopth=DONALDSON-FILTRI-P173170-FILTRO-HYDR-DONALDSON-P17-3170
HY13207,HY13207,,https://e-commerce.michelecaroli.com/wso/pages/user/wso0205.jsf?idaa=404686&codart=HY13207&marart=233&seopth=SF-FILTER-HY13207-FILTRO-IDRAULICO
HY13206,HY13206,,https://e-commerce.michelecaroli.com/wso/pages/user/wso0205.jsf?idaa=404685&codart=HY13206&marart=233&seopth=SF-FILTER-HY13206-FILTRO-IDRAULICO
HY13205,HY13205,,https://e-commerce.michelecaroli.com/wso/pages/user/wso0205.jsf?idaa=404684&codart=HY13205&marart=233&seopth=SF-FILTER-HY13205-FILTRO-IDRAULICO
HY13205,HY13205,,https://e-commerce.michelecaroli.com/wso/pages/user/wso0205.jsf?idaa=404684&codart=HY13205&marart=233&seopth=SF-FILTER-HY13205-FILTRO-IDRAULICO
HY13203,HY13203,,https://e-commerce.michelecaroli.com/wso/pages/user/wso0205.jsf?idaa=404683&codart=HY13203&marart=233&seopth=SF-FILTER-HY13203-FILTRO-IDRAULICO
HY13203,HY13203,,https://e-commerce.michelecaroli.com/wso/pages/user/wso0205.jsf?idaa=404683&codart=HY13203&marart=233&seopth=SF-FILTER-HY13203-FILTRO-IDRAULICO
HY13202,HY13202,,https://e-commerce.michelecaroli.com/wso/pages/user/wso0205.jsf?idaa=404682&codart=HY13202&marart=233&seopth=SF-FILTER-HY13202-FILTRO-IDRAULICO
HY13201,HY13201,,https://e-commerce.michelecaroli.com/wso/pages/user/wso0205.jsf?idaa=404681&codart=HY13201&marart=233&seopth=SF-FILTER-HY13201-FILTRO-IDRAULICO
HY13200,HY13200,,https://e-commerce.michelecaroli.com/wso/pages/user/wso0205.jsf?idaa=404680&codart=HY13200&marart=233&seopth=SF-FILTER-HY13200-FILTRO-IDRAULICO
HY13200,HY13200,,https://e-commerce.michelecaroli.com/wso/pages/user/wso0205.jsf?idaa=404680&codart=HY13200&marart=233&seopth=SF-FILTER-HY13200-FILTRO-IDRAULICO
HY13195,HY13195,,https://e-commerce.michelecaroli.com/wso/pages/user/wso0205.jsf?idaa=404678&codart=HY13195&marart=233&seopth=SF-FILTER-HY13195-FILTRO-IDRAULICO
HY13195,HY13195,,https://e-commerce.michelecaroli.com/wso/pages/user/wso0205.jsf?idaa=404678&codart=HY13195&marart=233&seopth=SF-FILTER-HY13195-FILTRO-IDRAULICO
HY13193,HY13193,,https://e-commerce.michelecaroli.com/wso/pages/user/wso0205.jsf?idaa=404676&codart=HY13193&marart=233&seopth=SF-FILTER-HY13193-FILTRO-IDRAULICO
HY13190,SH74142,FILTRO HYDR. P564859 HIFI,https://e-commerce.michelecaroli.com/wso/pages/user/wso0205.jsf?idaa=296975&codart=SH74142&marart=230&seopth=HIFI-FILTRI-SH74142-FILTRO-HYDR-P564859-HIFI
HY13183,HY13183,,https://e-commerce.michelecaroli.com/wso/pages/user/wso0205.jsf?idaa=404674&codart=HY13183&marart=233&seopth=SF-FILTER-HY13183-FILTRO-IDRAULICO
HY13182,HY13182,,https://e-commerce.michelecaroli.com/wso/pages/user/wso0205.jsf?idaa=404673&codart=HY13182&marart=233&seopth=SF-FILTER-HY13182-FILTRO-IDRAULICO
HY13181,HY13181,,https://e-commerce.michelecaroli.com/wso/pages/user/wso0205.jsf?idaa=404672&codart=HY13181&marart=233&seopth=SF-FILTER-HY13181-FILTRO-IDRAULICO
HY13181,HY13181,,https://e-commerce.michelecaroli.com/wso/pages/user/wso0205.jsf?idaa=404672&codart=HY13181&marart=233&seopth=SF-FILTER-HY13181-FILTRO-IDRAULICO
HY13179,HY13179,,https://e-commerce.michelecaroli.com/wso/pages/user/wso0205.jsf?idaa=404671&codart=HY13179&marart=233&seopth=SF-FILTER-HY13179-FILTRO-IDRAULICO
HY13179,HY13179,,https://e-commerce.michelecaroli.com/wso/pages/user/wso0205.jsf?idaa=404671&codart=HY13179&marart=233&seopth=SF-FILTER-HY13179-FILTRO-IDRAULICO
HY13178,HY13178,,https://e-commerce.michelecaroli.com/wso/pages/user/wso0205.jsf?idaa=404670&codart=HY13178&marart=233&seopth=SF-FILTER-HY13178-FILTRO-IDRAULICO
HY13177,HY13177,,https://e-commerce.michelecaroli.com/wso/pages/user/wso0205.jsf?idaa=404669&codart=HY13177&marart=233&seopth=SF-FILTER-HY13177-FILTRO-IDRAULICO
HY13176,SH74003,FILTRO HYDR. HIFI,https://e-commerce.michelecaroli.com/wso/pages/user/wso0205.jsf?idaa=296888&codart=SH74003&marart=230&seopth=HIFI-FILTRI-SH74003-FILTRO-HYDR-HIFI
HY13175,P170615,FILTRO HYDR.DONALDSON P17-0615,https://e-commerce.michelecaroli.com/wso/pages/user/wso0205.jsf?idaa=155106&codart=P170615&marart=227&seopth=DONALDSON-FILTRI-P170615-FILTRO-HYDR-DONALDSON-P17-0615
HY13170,HY13170,,https://e-commerce.michelecaroli.com/wso/pages/user/wso0205.jsf?idaa=404666&codart=HY13170&marart=233&seopth=SF-FILTER-HY13170-FILTRO-IDRAULICO
HY13168,HY13168,,https://e-commerce.michelecaroli.com/wso/pages/user/wso0205.jsf?idaa=404665&codart=HY13168&marart=233&seopth=SF-FILTER-HY13168-FILTRO-IDRAULICO
HY13163,HY13163,,https://e-commerce.michelecaroli.com/wso/pages/user/wso0205.jsf?idaa=404664&codart=HY13163&marart=233&seopth=SF-FILTER-HY13163-FILTRO-IDRAULICO
HY13161,HY13161,,https://e-commerce.michelecaroli.com/wso/pages/user/wso0205.jsf?idaa=404662&codart=HY13161&marart=233&seopth=SF-FILTER-HY13161-FILTRO-IDRAULICO
HY13158,HY13158,,https://e-commerce.michelecaroli.com/wso/pages/user/wso0205.jsf?idaa=404660&codart=HY13158&marart=233&seopth=SF-FILTER-HY13158-FILTRO-IDRAULICO
HY13158,HY13158,,https://e-commerce.michelecaroli.com/wso/pages/user/wso0205.jsf?idaa=404660&codart=HY13158&marart=233&seopth=SF-FILTER-HY13158-FILTRO-IDRAULICO
HY13157,HY13157,,https://e-commerce.michelecaroli.com/wso/pages/user/wso0205.jsf?idaa=404659&codart=HY13157&marart=233&seopth=SF-FILTER-HY13157-FILTRO-IDRAULICO
HY13151,HY13151,,https://e-commerce.michelecaroli.com/wso/pages/user/wso0205.jsf?idaa=404657&codart=HY13151&marart=233&seopth=SF-FILTER-HY13151-FILTRO-IDRAULICO
HY13150,HY13150,,https://e-commerce.michelecaroli.com/wso/pages/user/wso0205.jsf?idaa=404656&codart=HY13150&marart=233&seopth=SF-FILTER-HY13150-FILTRO-IDRAULICO
HY13148,HY13148,,https://e-commerce.michelecaroli.com/wso/pages/user/wso0205.jsf?idaa=404654&codart=HY13148&marart=233&seopth=SF-FILTER-HY13148-FILTRO-IDRAULICO
HY13147,HY13147,,https://e-commerce.michelecaroli.com/wso/pages/user/wso0205.jsf?idaa=404653&codart=HY13147&marart=233&seopth=SF-FILTER-HY13147-FILTRO-IDRAULICO
HY13146,HY13146,,https://e-commerce.michelecaroli.com/wso/pages/user/wso0205.jsf?idaa=404652&codart=HY13146&marart=233&seopth=SF-FILTER-HY13146-FILTRO-IDRAULICO
HY13128,HY13128,,https://e-commerce.michelecaroli.com/wso/pages/user/wso0205.jsf?idaa=404646&codart=HY13128&marart=233&seopth=SF-FILTER-HY13128-FILTRO-IDRAULICO
HY13128,HY13128,,https://e-commerce.michelecaroli.com/wso/pages/user/wso0205.jsf?idaa=404646&codart=HY13128&marart=233&seopth=SF-FILTER-HY13128-FILTRO-IDRAULICO
HY13127,HY13127,,https://e-commerce.michelecaroli.com/wso/pages/user/wso0205.jsf?idaa=404645&codart=HY13127&marart=233&seopth=SF-FILTER-HY13127-FILTRO-IDRAULICO
HY13127,HY13127,,https://e-commerce.michelecaroli.com/wso/pages/user/wso0205.jsf?idaa=404645&codart=HY13127&marart=233&seopth=SF-FILTER-HY13127-FILTRO-IDRAULICO
HY13127,HY13127,,https://e-commerce.michelecaroli.com/wso/pages/user/wso0205.jsf?idaa=404645&codart=HY13127&marart=233&seopth=SF-FILTER-HY13127-FILTRO-IDRAULICO
HY13124,HY13124,,https://e-commerce.michelecaroli.com/wso/pages/user/wso0205.jsf?idaa=404642&codart=HY13124&marart=233&seopth=SF-FILTER-HY13124-FILTRO-IDRAULICO
HY13123,HY13123,,https://e-commerce.michelecaroli.com/wso/pages/user/wso0205.jsf?idaa=404640&codart=HY13123&marart=233&seopth=SF-FILTER-HY13123-FILTRO-IDRAULICO
HY13123,HY13123,,https://e-commerce.michelecaroli.com/wso/pages/user/wso0205.jsf?idaa=404640&codart=HY13123&marart=233&seopth=SF-FILTER-HY13123-FILTRO-IDRAULICO
HY13118,HY13118,,https://e-commerce.michelecaroli.com/wso/pages/user/wso0205.jsf?idaa=404637&codart=HY13118&marart=233&seopth=SF-FILTER-HY13118-FILTRO-IDRAULICO
HY13117,HY13117,,https://e-commerce.michelecaroli.com/wso/pages/user/wso0205.jsf?idaa=404636&codart=HY13117&marart=233&seopth=SF-FILTER-HY13117-FILTRO-IDRAULICO
HY13117,HY13117,,https://e-commerce.michelecaroli.com/wso/pages/user/wso0205.jsf?idaa=404636&codart=HY13117&marart=233&seopth=SF-FILTER-HY13117-FILTRO-IDRAULICO
HY13116,HY13116,,https://e-commerce.michelecaroli.com/wso/pages/user/wso0205.jsf?idaa=404635&codart=HY13116&marart=233&seopth=SF-FILTER-HY13116-FILTRO-IDRAULICO
HY13116,HY13116,,https://e-commerce.michelecaroli.com/wso/pages/user/wso0205.jsf?idaa=404635&codart=HY13116&marart=233&seopth=SF-FILTER-HY13116-FILTRO-IDRAULICO
HY13115,HY13115,,https://e-commerce.michelecaroli.com/wso/pages/user/wso0205.jsf?idaa=404634&codart=HY13115&marart=233&seopth=SF-FILTER-HY13115-FILTRO-IDRAULICO
HY13112,HY13112,,https://e-commerce.michelecaroli.com/wso/pages/user/wso0205.jsf?idaa=404631&codart=HY13112&marart=233&seopth=SF-FILTER-HY13112-FILTRO-IDRAULICO
HY13111,HY13111,,https://e-commerce.michelecaroli.com/wso/pages/user/wso0205.jsf?idaa=404630&codart=HY13111&marart=233&seopth=SF-FILTER-HY13111-FILTRO-IDRAULICO
HY13110,HY13110,,https://e-commerce.michelecaroli.com/wso/pages/user/wso0205.jsf?idaa=404571&codart=HY13110&marart=233&seopth=SF-FILTER-HY13110-FILTRO-IDRAULICO
HY13108,HY13108,,https://e-commerce.michelecaroli.com/wso/pages/user/wso0205.jsf?idaa=404570&codart=HY13108&marart=233&seopth=SF-FILTER-HY13108-FILTRO-IDRAULICO
HY13106,HY13106,,https://e-commerce.michelecaroli.com/wso/pages/user/wso0205.jsf?idaa=404568&codart=HY13106&marart=233&seopth=SF-FILTER-HY13106-FILTRO-IDRAULICO
HY13102,HY13102,,https://e-commerce.michelecaroli.com/wso/pages/user/wso0205.jsf?idaa=404564&codart=HY13102&marart=233&seopth=SF-FILTER-HY13102-FILTRO-IDRAULICO
HY13099,HY13099,,https://e-commerce.michelecaroli.com/wso/pages/user/wso0205.jsf?idaa=404561&codart=HY13099&marart=233&seopth=SF-FILTER-HY13099-FILTRO-IDRAULICO
HY13098,HY13098,,https://e-commerce.michelecaroli.com/wso/pages/user/wso0205.jsf?idaa=404560&codart=HY13098&marart=233&seopth=SF-FILTER-HY13098-FILTRO-IDRAULICO
HY13098,HY13098,,https://e-commerce.michelecaroli.com/wso/pages/user/wso0205.jsf?idaa=404560&codart=HY13098&marart=233&seopth=SF-FILTER-HY13098-FILTRO-IDRAULICO
HY13091,HY13091,,https://e-commerce.michelecaroli.com/wso/pages/user/wso0205.jsf?idaa=404553&codart=HY13091&marart=233&seopth=SF-FILTER-HY13091-FILTRO-IDRAULICO
HY13091,HY13091,,https://e-commerce.michelecaroli.com/wso/pages/user/wso0205.jsf?idaa=404553&codart=HY13091&marart=233&seopth=SF-FILTER-HY13091-FILTRO-IDRAULICO
HY13088,HY13088,,https://e-commerce.michelecaroli.com/wso/pages/user/wso0205.jsf?idaa=404550&codart=HY13088&marart=233&seopth=SF-FILTER-HY13088-FILTRO-IDRAULICO
HY13086,HY13086,,https://e-commerce.michelecaroli.com/wso/pages/user/wso0205.jsf?idaa=404549&codart=HY13086&marart=233&seopth=SF-FILTER-HY13086-FILTRO-IDRAULICO
HY13085,HY13085,,https://e-commerce.michelecaroli.com/wso/pages/user/wso0205.jsf?idaa=404548&codart=HY13085&marart=233&seopth=SF-FILTER-HY13085-FILTRO-IDRAULICO
HY13084,HY13084,,https://e-commerce.michelecaroli.com/wso/pages/user/wso0205.jsf?idaa=404547&codart=HY13084&marart=233&seopth=SF-FILTER-HY13084-FILTRO-IDRAULICO
HY13084,HY13084,,https://e-commerce.michelecaroli.com/wso/pages/user/wso0205.jsf?idaa=404547&codart=HY13084&marart=233&seopth=SF-FILTER-HY13084-FILTRO-IDRAULICO
HY13081,HY13081,,https://e-commerce.michelecaroli.com/wso/pages/user/wso0205.jsf?idaa=404545&codart=HY13081&marart=233&seopth=SF-FILTER-HY13081-FILTRO-IDRAULICO
HY13081,HY13081,,https://e-commerce.michelecaroli.com/wso/pages/user/wso0205.jsf?idaa=404545&codart=HY13081&marart=233&seopth=SF-FILTER-HY13081-FILTRO-IDRAULICO
HY13080,HY13080,,https://e-commerce.michelecaroli.com/wso/pages/user/wso0205.jsf?idaa=404544&codart=HY13080&marart=233&seopth=SF-FILTER-HY13080-FILTRO-IDRAULICO
HY1308,P552459,FILTRO IDRAULICO,https://e-commerce.michelecaroli.com/wso/pages/user/wso0205.jsf?idaa=311986&codart=P552459&marart=227&seopth=DONALDSON-FILTRI-P552459-FILTRO-IDRAULICO
HY13079,HY13079,,https://e-commerce.michelecaroli.com/wso/pages/user/wso0205.jsf?idaa=404543&codart=HY13079&marart=233&seopth=SF-FILTER-HY13079-FILTRO-IDRAULICO
HY13078,HY13078,,https://e-commerce.michelecaroli.com/wso/pages/user/wso0205.jsf?idaa=404542&codart=HY13078&marart=233&seopth=SF-FILTER-HY13078-FILTRO-IDRAULICO
HY13078,HY13078,,https://e-commerce.michelecaroli.com/wso/pages/user/wso0205.jsf?idaa=404542&codart=HY13078&marart=233&seopth=SF-FILTER-HY13078-FILTRO-IDRAULICO
HY13071,HY13071,,https://e-commerce.michelecaroli.com/wso/pages/user/wso0205.jsf?idaa=404539&codart=HY13071&marart=233&seopth=SF-FILTER-HY13071-FILTRO-IDRAULICO
HY13070,HY13070,,https://e-commerce.michelecaroli.com/wso/pages/user/wso0205.jsf?idaa=404538&codart=HY13070&marart=233&seopth=SF-FILTER-HY13070-FILTRO-IDRAULICO
HY13069,HY13069,,https://e-commerce.michelecaroli.com/wso/pages/user/wso0205.jsf?idaa=404537&codart=HY13069&marart=233&seopth=SF-FILTER-HY13069-FILTRO-IDRAULICO
HY13068,HY13068,,https://e-commerce.michelecaroli.com/wso/pages/user/wso0205.jsf?idaa=404536&codart=HY13068&marart=233&seopth=SF-FILTER-HY13068-FILTRO-IDRAULICO
HY13068,HY13068,,https://e-commerce.michelecaroli.com/wso/pages/user/wso0205.jsf?idaa=404536&codart=HY13068&marart=233&seopth=SF-FILTER-HY13068-FILTRO-IDRAULICO
HY130661,SH75028,FILTRO HYDR. P170606 HIFI,https://e-commerce.michelecaroli.com/wso/pages/user/wso0205.jsf?idaa=297191&codart=SH75028&marart=230&seopth=HIFI-FILTRI-SH75028-FILTRO-HYDR-P170606-HIFI
HY13066,HY13066,,https://e-commerce.michelecaroli.com/wso/pages/user/wso0205.jsf?idaa=404535&codart=HY13066&marart=233&seopth=SF-FILTER-HY13066-FILTRO-IDRAULICO
HY13066,HY13066,,https://e-commerce.michelecaroli.com/wso/pages/user/wso0205.jsf?idaa=404535&codart=HY13066&marart=233&seopth=SF-FILTER-HY13066-FILTRO-IDRAULICO
HY13062,HY13062,,https://e-commerce.michelecaroli.com/wso/pages/user/wso0205.jsf?idaa=404531&codart=HY13062&marart=233&seopth=SF-FILTER-HY13062-FILTRO-IDRAULICO
HY13062,HY13062,,https://e-commerce.michelecaroli.com/wso/pages/user/wso0205.jsf?idaa=404531&codart=HY13062&marart=233&seopth=SF-FILTER-HY13062-FILTRO-IDRAULICO
HY13061,HY13061,,https://e-commerce.michelecaroli.com/wso/pages/user/wso0205.jsf?idaa=404530&codart=HY13061&marart=233&seopth=SF-FILTER-HY13061-FILTRO-IDRAULICO
HY13061,HY13061,,https://e-commerce.michelecaroli.com/wso/pages/user/wso0205.jsf?idaa=404530&codart=HY13061&marart=233&seopth=SF-FILTER-HY13061-FILTRO-IDRAULICO
HY1306,33073,FILTRO NAFTA,https://e-commerce.michelecaroli.com/wso/pages/user/wso0205.jsf?idaa=365761&codart=33073&marart=218&seopth=WIX-INDUSTRIAL-HD-33073-FILTRO-NAFTA
