Code searched,Matched code,Part Category on Michele,Link to Michele product
HDA5709,46597,FILTRO ARIA,https://e-commerce.michelecaroli.com/wso/pages/user/wso0205.jsf?idaa=367350&codart=46597&marart=218&seopth=WIX-INDUSTRIAL-HD-46597-FILTRO-ARIA
HDA5707,42955,FILTRO ARIA,https://e-commerce.michelecaroli.com/wso/pages/user/wso0205.jsf?idaa=366924&codart=42955&marart=218&seopth=WIX-INDUSTRIAL-HD-42955-FILTRO-ARIA
HDA5704,42398,FILTRO ARIA,https://e-commerce.michelecaroli.com/wso/pages/user/wso0205.jsf?idaa=366499&codart=42398&marart=218&seopth=WIX-INDUSTRIAL-HD-42398-FILTRO-ARIA
HDA5702,42377,FILTRO ARIA,https://e-commerce.michelecaroli.com/wso/pages/user/wso0205.jsf?idaa=366485&codart=42377&marart=218&seopth=WIX-INDUSTRIAL-HD-42377-FILTRO-ARIA
HDA5701,MD-372,FILTRO ARIA,https://e-commerce.michelecaroli.com/wso/pages/user/wso0205.jsf?idaa=463642&codart=MD-372&marart=ALCO&seopth=ALCO-MD-372-FILTRO-ARIA
HDA5700,P182046,FILTRO ARIA DONALDSON P18-2046 ABBINATO C/FILTRO INTERNO P119373,https://e-commerce.michelecaroli.com/wso/pages/user/wso0205.jsf?idaa=155912&codart=P182046&marart=227&seopth=DONALDSON-FILTRI-P182046-FILTRO-ARIA-DONALDSON-P18-2046
HDA5699,MD-290,FILTRO ARIA,https://e-commerce.michelecaroli.com/wso/pages/user/wso0205.jsf?idaa=463573&codart=MD-290&marart=ALCO&seopth=ALCO-MD-290-FILTRO-ARIA
HDA5695,42226,FILTRO ARIA,https://e-commerce.michelecaroli.com/wso/pages/user/wso0205.jsf?idaa=366389&codart=42226&marart=218&seopth=WIX-INDUSTRIAL-HD-42226-FILTRO-ARIA
HDA5690,42559,FILTRO ARIA,https://e-commerce.michelecaroli.com/wso/pages/user/wso0205.jsf?idaa=366622&codart=42559&marart=218&seopth=WIX-INDUSTRIAL-HD-42559-FILTRO-ARIA
HDA5667,MD-192K,FILTRO ARIA ALCO,https://e-commerce.michelecaroli.com/wso/pages/user/wso0205.jsf?idaa=463524&codart=MD-192K&marart=ALCO&seopth=ALCO-MD-192K-FILTRO-ARIA-ALCO
HDA5666,MD-192K,FILTRO ARIA ALCO,https://e-commerce.michelecaroli.com/wso/pages/user/wso0205.jsf?idaa=463524&codart=MD-192K&marart=ALCO&seopth=ALCO-MD-192K-FILTRO-ARIA-ALCO
HDA5664,MD-7126K,,https://e-commerce.michelecaroli.com/wso/pages/user/wso0205.jsf?idaa=464142&codart=MD-7126K&marart=ALCO&seopth=ALCO-MD-7126K-FILTRO-ARIA
HDA5653,MD-7234,FILTRO ARIA,https://e-commerce.michelecaroli.com/wso/pages/user/wso0205.jsf?idaa=464180&codart=MD-7234&marart=ALCO&seopth=ALCO-MD-7234-FILTRO-ARIA
HDA5649,42768,FILTRO ARIA,https://e-commerce.michelecaroli.com/wso/pages/user/wso0205.jsf?idaa=366801&codart=42768&marart=218&seopth=WIX-INDUSTRIAL-HD-42768-FILTRO-ARIA
HDA5639,42096,FILTRO ARIA,https://e-commerce.michelecaroli.com/wso/pages/user/wso0205.jsf?idaa=366311&codart=42096&marart=218&seopth=WIX-INDUSTRIAL-HD-42096-FILTRO-ARIA
HDA5612,P539470,FILTRO ARIA DONALDSON P53-9470,https://e-commerce.michelecaroli.com/wso/pages/user/wso0205.jsf?idaa=156351&codart=P539470&marart=227&seopth=DONALDSON-FILTRI-P539470-FILTRO-ARIA-DONALDSON-P53-9470
HDA5588,MD-494,FILTRO ARIA,https://e-commerce.michelecaroli.com/wso/pages/user/wso0205.jsf?idaa=463720&codart=MD-494&marart=ALCO&seopth=ALCO-MD-494-FILTRO-ARIA
HDA5582,SA10215,,https://e-commerce.michelecaroli.com/wso/pages/user/wso0205.jsf?idaa=335957&codart=SA10215&marart=230&seopth=HIFI-FILTRI-SA10215-FILTRO-ARIA-HIFI
HDA5528,27.129.00,FILTRO ARIA DIV.,https://e-commerce.michelecaroli.com/wso/pages/user/wso0205.jsf?idaa=150182&codart=27.129.00&marart=UFIHD&seopth=UFI-HD-27-129-00-FILTRO-ARIA-DIV-
HDA5527,SA11790,FILTRO ARIA P776695 HIFI,https://e-commerce.michelecaroli.com/wso/pages/user/wso0205.jsf?idaa=336267&codart=SA11790&marart=230&seopth=HIFI-FILTRI-SA11790-FILTRO-ARIA-P776695-HIFI
HDA5526,27.055.00,FILTRO ARIA DIV.,https://e-commerce.michelecaroli.com/wso/pages/user/wso0205.jsf?idaa=150114&codart=27.055.00&marart=UFIHD&seopth=UFI-HD-27-055-00-FILTRO-ARIA-DIV-
HDA5517,P500078,FILTRO ARIA OBSOLETO,https://e-commerce.michelecaroli.com/wso/pages/user/wso0205.jsf?idaa=155961&codart=P500078&marart=227&seopth=DONALDSON-FILTRI-P500078-FILTRO-ARIA
HDA5515,46555,FILTRO ARIA P132935,https://e-commerce.michelecaroli.com/wso/pages/user/wso0205.jsf?idaa=367313&codart=46555&marart=218&seopth=WIX-INDUSTRIAL-HD-46555-FILTRO-ARIA-P132935
HDA5507,46375,FILTRO ARIA# P131394,https://e-commerce.michelecaroli.com/wso/pages/user/wso0205.jsf?idaa=367162&codart=46375&marart=218&seopth=WIX-INDUSTRIAL-HD-46375-FILTRO-ARIA-P131394
HDA5502,P131359,FILTRO ARIA DONALDSON P13-1359,https://e-commerce.michelecaroli.com/wso/pages/user/wso0205.jsf?idaa=154725&codart=P131359&marart=227&seopth=DONALDSON-FILTRI-P131359-FILTRO-ARIA-DONALDSON-P13-1359
HDA5501,42768,FILTRO ARIA,https://e-commerce.michelecaroli.com/wso/pages/user/wso0205.jsf?idaa=366801&codart=42768&marart=218&seopth=WIX-INDUSTRIAL-HD-42768-FILTRO-ARIA
HDA5501,42768,FILTRO ARIA,https://e-commerce.michelecaroli.com/wso/pages/user/wso0205.jsf?idaa=366801&codart=42768&marart=218&seopth=WIX-INDUSTRIAL-HD-42768-FILTRO-ARIA
HDA5499,42941,FILTRO ARIA,https://e-commerce.michelecaroli.com/wso/pages/user/wso0205.jsf?idaa=366913&codart=42941&marart=218&seopth=WIX-INDUSTRIAL-HD-42941-FILTRO-ARIA
HDA5490,SA14114K,FILTRO ARIA P772564 HIFI,https://e-commerce.michelecaroli.com/wso/pages/user/wso0205.jsf?idaa=288877&codart=SA14114K&marart=230&seopth=HIFI-FILTRI-SA14114K-FILTRO-ARIA-P772564-HIFI
HDA5487,42521,FILTRO ARIA,https://e-commerce.michelecaroli.com/wso/pages/user/wso0205.jsf?idaa=366586&codart=42521&marart=218&seopth=WIX-INDUSTRIAL-HD-42521-FILTRO-ARIA
HDA5484,46774,FILTRO ARIA,https://e-commerce.michelecaroli.com/wso/pages/user/wso0205.jsf?idaa=367501&codart=46774&marart=218&seopth=WIX-INDUSTRIAL-HD-46774-FILTRO-ARIA
HDA5475,46571,FILTRO ARIA,https://e-commerce.michelecaroli.com/wso/pages/user/wso0205.jsf?idaa=367327&codart=46571&marart=218&seopth=WIX-INDUSTRIAL-HD-46571-FILTRO-ARIA
HDA5472,42235,FILTRO ARIA,https://e-commerce.michelecaroli.com/wso/pages/user/wso0205.jsf?idaa=366395&codart=42235&marart=218&seopth=WIX-INDUSTRIAL-HD-42235-FILTRO-ARIA
HDA5465,42920,FILTRO ARIA P119375,https://e-commerce.michelecaroli.com/wso/pages/user/wso0205.jsf?idaa=366896&codart=42920&marart=218&seopth=WIX-INDUSTRIAL-HD-42920-FILTRO-ARIA-P119375
HDA5459,SA14114K,FILTRO ARIA P772564 HIFI,https://e-commerce.michelecaroli.com/wso/pages/user/wso0205.jsf?idaa=288877&codart=SA14114K&marart=230&seopth=HIFI-FILTRI-SA14114K-FILTRO-ARIA-P772564-HIFI
HDA5457,46723,FILTRO ARIA P124046,https://e-commerce.michelecaroli.com/wso/pages/user/wso0205.jsf?idaa=367458&codart=46723&marart=218&seopth=WIX-INDUSTRIAL-HD-46723-FILTRO-ARIA-P124046
HDA5454,MD-7234,FILTRO ARIA,https://e-commerce.michelecaroli.com/wso/pages/user/wso0205.jsf?idaa=464180&codart=MD-7234&marart=ALCO&seopth=ALCO-MD-7234-FILTRO-ARIA
HDA5450,SA11819,PANNELLO P150135 HIFI,https://e-commerce.michelecaroli.com/wso/pages/user/wso0205.jsf?idaa=336285&codart=SA11819&marart=230&seopth=HIFI-FILTRI-SA11819-PANNELLO-P150135-HIFI
HDA5447,SA17246,FILTRO ARIA HIFI SICUREZZA,https://e-commerce.michelecaroli.com/wso/pages/user/wso0205.jsf?idaa=289593&codart=SA17246&marart=230&seopth=HIFI-FILTRI-SA17246-FILTRO-ARIA-HIFI-SICUREZZA
HDA5446,42768,FILTRO ARIA,https://e-commerce.michelecaroli.com/wso/pages/user/wso0205.jsf?idaa=366801&codart=42768&marart=218&seopth=WIX-INDUSTRIAL-HD-42768-FILTRO-ARIA
HDA5444,SA10385K,FILTRO ARIA P181050# HIFI ABBINATO CON SA14762,https://e-commerce.michelecaroli.com/wso/pages/user/wso0205.jsf?idaa=336011&codart=SA10385K&marart=230&seopth=HIFI-FILTRI-SA10385K-FILTRO-ARIA-P181050-HIFI
HDA5444,SA10385K,FILTRO ARIA P181050# HIFI ABBINATO CON SA14762,https://e-commerce.michelecaroli.com/wso/pages/user/wso0205.jsf?idaa=336011&codart=SA10385K&marart=230&seopth=HIFI-FILTRI-SA10385K-FILTRO-ARIA-P181050-HIFI
HDA5442,SA10385K,FILTRO ARIA P181050# HIFI ABBINATO CON SA14762,https://e-commerce.michelecaroli.com/wso/pages/user/wso0205.jsf?idaa=336011&codart=SA10385K&marart=230&seopth=HIFI-FILTRI-SA10385K-FILTRO-ARIA-P181050-HIFI
HDA5439,P131343,FILTRO ARIA DONALDSON P13-1343 ABBINATO C/FILTRO INTERNO P122425,https://e-commerce.michelecaroli.com/wso/pages/user/wso0205.jsf?idaa=154722&codart=P131343&marart=227&seopth=DONALDSON-FILTRI-P131343-FILTRO-ARIA-DONALDSON-P13-1343
HDA5438,42687,FILTRO ARIA,https://e-commerce.michelecaroli.com/wso/pages/user/wso0205.jsf?idaa=366730&codart=42687&marart=218&seopth=WIX-INDUSTRIAL-HD-42687-FILTRO-ARIA
HDA5437,42976,FILTRO ARIA,https://e-commerce.michelecaroli.com/wso/pages/user/wso0205.jsf?idaa=366938&codart=42976&marart=218&seopth=WIX-INDUSTRIAL-HD-42976-FILTRO-ARIA
HDA5436,P122115,"FILTRO ABITACOLO 165,1X597X55,7 DO NALDSON",https://e-commerce.michelecaroli.com/wso/pages/user/wso0205.jsf?idaa=154648&codart=P122115&marart=227&seopth=DONALDSON-FILTRI-P122115-FILTRO-ABITACOLO-165-1X597X55-7-DO
HDA5433,42855,FILTRO ARIA,https://e-commerce.michelecaroli.com/wso/pages/user/wso0205.jsf?idaa=366855&codart=42855&marart=218&seopth=WIX-INDUSTRIAL-HD-42855-FILTRO-ARIA
HDA5428,46570,FILTRO ARIA,https://e-commerce.michelecaroli.com/wso/pages/user/wso0205.jsf?idaa=367326&codart=46570&marart=218&seopth=WIX-INDUSTRIAL-HD-46570-FILTRO-ARIA
HDA5426,MD-7392K,FILTRO ARIA,https://e-commerce.michelecaroli.com/wso/pages/user/wso0205.jsf?idaa=464238&codart=MD-7392K&marart=ALCO&seopth=ALCO-MD-7392K-FILTRO-ARIA
HDA5422,P182063,FILTRO ARIA DONALDSON P18-2063 ABBINATO CON P119778,https://e-commerce.michelecaroli.com/wso/pages/user/wso0205.jsf?idaa=155918&codart=P182063&marart=227&seopth=DONALDSON-FILTRI-P182063-FILTRO-ARIA-DONALDSON-P18-2063
HDA5420,SA14100,FILTRO ARIA P119778 HIFI,https://e-commerce.michelecaroli.com/wso/pages/user/wso0205.jsf?idaa=288876&codart=SA14100&marart=230&seopth=HIFI-FILTRI-SA14100-FILTRO-ARIA-P119778-HIFI
HDA5418,MD-552K,FILTRO ARIA INTERNO 71 MM,https://e-commerce.michelecaroli.com/wso/pages/user/wso0205.jsf?idaa=464008&codart=MD-552K&marart=ALCO&seopth=ALCO-MD-552K-FILTRO-ARIA-INTERNO-71-MM
HDA5417,SA10384K,FILTRO ARIA ESTERNO P772545 HIFI ACCOPPIATO CON SA10754,https://e-commerce.michelecaroli.com/wso/pages/user/wso0205.jsf?idaa=336010&codart=SA10384K&marart=230&seopth=HIFI-FILTRI-SA10384K-FILTRO-ARIA-ESTERNO-P772545-HIFI
HDA5415,MD-7126K,,https://e-commerce.michelecaroli.com/wso/pages/user/wso0205.jsf?idaa=464142&codart=MD-7126K&marart=ALCO&seopth=ALCO-MD-7126K-FILTRO-ARIA
HDA5409,MD-7126K,,https://e-commerce.michelecaroli.com/wso/pages/user/wso0205.jsf?idaa=464142&codart=MD-7126K&marart=ALCO&seopth=ALCO-MD-7126K-FILTRO-ARIA
HDA5398,42668,FILTRO ARIA,https://e-commerce.michelecaroli.com/wso/pages/user/wso0205.jsf?idaa=366712&codart=42668&marart=218&seopth=WIX-INDUSTRIAL-HD-42668-FILTRO-ARIA
HDA5386,P182049,FILTRO ARIA ESTERNO ABBINATO C/FILTRO INTERNO P116446,https://e-commerce.michelecaroli.com/wso/pages/user/wso0205.jsf?idaa=155913&codart=P182049&marart=227&seopth=DONALDSON-FILTRI-P182049-FILTRO-ARIA-ESTERNO
HDA5385,SA10840,FILTRO ARIA SICUREZZA P116446 HIFI,https://e-commerce.michelecaroli.com/wso/pages/user/wso0205.jsf?idaa=336073&codart=SA10840&marart=230&seopth=HIFI-FILTRI-SA10840-FILTRO-ARIA-SICUREZZA-P116446-HIFI
HDA5382,SA11632,,https://e-commerce.michelecaroli.com/wso/pages/user/wso0205.jsf?idaa=398944&codart=SA11632&marart=230&seopth=HIFI-FILTRI-SA11632-FILTRO-ARIA-HIFI
HDA5375,42559,FILTRO ARIA,https://e-commerce.michelecaroli.com/wso/pages/user/wso0205.jsf?idaa=366622&codart=42559&marart=218&seopth=WIX-INDUSTRIAL-HD-42559-FILTRO-ARIA
HDA5367,MD-320K,FILTRO ARIA,https://e-commerce.michelecaroli.com/wso/pages/user/wso0205.jsf?idaa=463609&codart=MD-320K&marart=ALCO&seopth=ALCO-MD-320K-FILTRO-ARIA
HDA5364,MD-7102,FILTRO ARIA,https://e-commerce.michelecaroli.com/wso/pages/user/wso0205.jsf?idaa=464129&codart=MD-7102&marart=ALCO&seopth=ALCO-MD-7102-FILTRO-ARIA
HDA5361,SA10785K,,https://e-commerce.michelecaroli.com/wso/pages/user/wso0205.jsf?idaa=355491&codart=SA10785K&marart=230&seopth=HIFI-FILTRI-SA10785K-FILTRO-ARIA-P113703-HIFI
HDA5359,46555,FILTRO ARIA P132935,https://e-commerce.michelecaroli.com/wso/pages/user/wso0205.jsf?idaa=367313&codart=46555&marart=218&seopth=WIX-INDUSTRIAL-HD-46555-FILTRO-ARIA-P132935
HDA5357,P131334,FILTRO ARIA SICUREZZA DONALDSON,https://e-commerce.michelecaroli.com/wso/pages/user/wso0205.jsf?idaa=154717&codart=P131334&marart=227&seopth=DONALDSON-FILTRI-P131334-FILTRO-ARIA-SICUREZZA-DONALDSON
HDA5350,42943,FILTRO ARIA NON FORNIBILE WIX,https://e-commerce.michelecaroli.com/wso/pages/user/wso0205.jsf?idaa=366915&codart=42943&marart=218&seopth=WIX-INDUSTRIAL-HD-42943-FILTRO-ARIA-NON-FORNIBILE-WIX
HDA5347,SA10439K,FILTRO ARIA P130770 HIFI,https://e-commerce.michelecaroli.com/wso/pages/user/wso0205.jsf?idaa=336025&codart=SA10439K&marart=230&seopth=HIFI-FILTRI-SA10439K-FILTRO-ARIA-P130770-HIFI
HDA5345,42914,FILTRO ARIA,https://e-commerce.michelecaroli.com/wso/pages/user/wso0205.jsf?idaa=366890&codart=42914&marart=218&seopth=WIX-INDUSTRIAL-HD-42914-FILTRO-ARIA
HDA5343,42976,FILTRO ARIA,https://e-commerce.michelecaroli.com/wso/pages/user/wso0205.jsf?idaa=366938&codart=42976&marart=218&seopth=WIX-INDUSTRIAL-HD-42976-FILTRO-ARIA
HDA5330,SA10769K,FILTRO ARIA P108736# HIFI ABBIMNATO CON SA14762,https://e-commerce.michelecaroli.com/wso/pages/user/wso0205.jsf?idaa=336046&codart=SA10769K&marart=230&seopth=HIFI-FILTRI-SA10769K-FILTRO-ARIA-P108736-HIFI
HDA5328,42920,FILTRO ARIA P119375,https://e-commerce.michelecaroli.com/wso/pages/user/wso0205.jsf?idaa=366896&codart=42920&marart=218&seopth=WIX-INDUSTRIAL-HD-42920-FILTRO-ARIA-P119375
HDA5327,SA10384K,FILTRO ARIA ESTERNO P772545 HIFI ACCOPPIATO CON SA10754,https://e-commerce.michelecaroli.com/wso/pages/user/wso0205.jsf?idaa=336010&codart=SA10384K&marart=230&seopth=HIFI-FILTRI-SA10384K-FILTRO-ARIA-ESTERNO-P772545-HIFI
HDA5324,42202,FILTRO ARIA,https://e-commerce.michelecaroli.com/wso/pages/user/wso0205.jsf?idaa=366375&codart=42202&marart=218&seopth=WIX-INDUSTRIAL-HD-42202-FILTRO-ARIA
HDA5323,SA10440,FILTRO ARIA SICUREZZ P119374 HIFI ACCOPPIATO CON SA10368,https://e-commerce.michelecaroli.com/wso/pages/user/wso0205.jsf?idaa=336026&codart=SA10440&marart=230&seopth=HIFI-FILTRI-SA10440-FILTRO-ARIA-SICUREZZ-P119374-HIFI
HDA5321,P182046,FILTRO ARIA DONALDSON P18-2046 ABBINATO C/FILTRO INTERNO P119373,https://e-commerce.michelecaroli.com/wso/pages/user/wso0205.jsf?idaa=155912&codart=P182046&marart=227&seopth=DONALDSON-FILTRI-P182046-FILTRO-ARIA-DONALDSON-P18-2046
HDA5319,MD-372,FILTRO ARIA,https://e-commerce.michelecaroli.com/wso/pages/user/wso0205.jsf?idaa=463642&codart=MD-372&marart=ALCO&seopth=ALCO-MD-372-FILTRO-ARIA
HDA5317,42119,FILTRO ARIA P181034/P182034,https://e-commerce.michelecaroli.com/wso/pages/user/wso0205.jsf?idaa=366333&codart=42119&marart=218&seopth=WIX-INDUSTRIAL-HD-42119-FILTRO-ARIA-P181034-P182034
HDA5312,42926,FILTRO ARIA,https://e-commerce.michelecaroli.com/wso/pages/user/wso0205.jsf?idaa=366902&codart=42926&marart=218&seopth=WIX-INDUSTRIAL-HD-42926-FILTRO-ARIA
HDA5308,SA14009K,FILTRO ARIA HIFI,https://e-commerce.michelecaroli.com/wso/pages/user/wso0205.jsf?idaa=288854&codart=SA14009K&marart=230&seopth=HIFI-FILTRI-SA14009K-FILTRO-ARIA-HIFI
HDA5306,42540,FILTRO ARIA,https://e-commerce.michelecaroli.com/wso/pages/user/wso0205.jsf?idaa=366604&codart=42540&marart=218&seopth=WIX-INDUSTRIAL-HD-42540-FILTRO-ARIA
HDA5305,MD-320K,FILTRO ARIA,https://e-commerce.michelecaroli.com/wso/pages/user/wso0205.jsf?idaa=463609&codart=MD-320K&marart=ALCO&seopth=ALCO-MD-320K-FILTRO-ARIA
HDA5302,P606067,FILTRO ARIA DONALDSON P60-6067,https://e-commerce.michelecaroli.com/wso/pages/user/wso0205.jsf?idaa=157323&codart=P606067&marart=227&seopth=DONALDSON-FILTRI-P606067-FILTRO-ARIA-DONALDSON-P60-6067
HDA5300,42145,FILTRO ARIA,https://e-commerce.michelecaroli.com/wso/pages/user/wso0205.jsf?idaa=366357&codart=42145&marart=218&seopth=WIX-INDUSTRIAL-HD-42145-FILTRO-ARIA
HDA5297,42212,FILTRO ARIA,https://e-commerce.michelecaroli.com/wso/pages/user/wso0205.jsf?idaa=366381&codart=42212&marart=218&seopth=WIX-INDUSTRIAL-HD-42212-FILTRO-ARIA
HDA5293,SA10785K,,https://e-commerce.michelecaroli.com/wso/pages/user/wso0205.jsf?idaa=355491&codart=SA10785K&marart=230&seopth=HIFI-FILTRI-SA10785K-FILTRO-ARIA-P113703-HIFI
HDA5292,MD-566K,FILTRO ARIA,https://e-commerce.michelecaroli.com/wso/pages/user/wso0205.jsf?idaa=464017&codart=MD-566K&marart=ALCO&seopth=ALCO-MD-566K-FILTRO-ARIA
HDA5291,P131359,FILTRO ARIA DONALDSON P13-1359,https://e-commerce.michelecaroli.com/wso/pages/user/wso0205.jsf?idaa=154725&codart=P131359&marart=227&seopth=DONALDSON-FILTRI-P131359-FILTRO-ARIA-DONALDSON-P13-1359
HDA5290,SA16239,FILTRO ARIA P136258 HIFI,https://e-commerce.michelecaroli.com/wso/pages/user/wso0205.jsf?idaa=289152&codart=SA16239&marart=230&seopth=HIFI-FILTRI-SA16239-FILTRO-ARIA-P136258-HIFI
HDA528D,P142813,FILTRO ARIA DONALDSON A PANNELLO,https://e-commerce.michelecaroli.com/wso/pages/user/wso0205.jsf?idaa=154809&codart=P142813&marart=227&seopth=DONALDSON-FILTRI-P142813-FILTRO-ARIA-DONALDSON-A-PANNELLO
HDA5288,42290,FILTRO ARIA,https://e-commerce.michelecaroli.com/wso/pages/user/wso0205.jsf?idaa=366434&codart=42290&marart=218&seopth=WIX-INDUSTRIAL-HD-42290-FILTRO-ARIA
HDA5286,SA10385K,FILTRO ARIA P181050# HIFI ABBINATO CON SA14762,https://e-commerce.michelecaroli.com/wso/pages/user/wso0205.jsf?idaa=336011&codart=SA10385K&marart=230&seopth=HIFI-FILTRI-SA10385K-FILTRO-ARIA-P181050-HIFI
HDA5285,MD-120K,FILTRO ARIA ALCO P181054,https://e-commerce.michelecaroli.com/wso/pages/user/wso0205.jsf?idaa=463489&codart=MD-120K&marart=ALCO&seopth=ALCO-MD-120K-FILTRO-ARIA-ALCO-P181054
HDA5284,P182001,FILTRO ARIA,https://e-commerce.michelecaroli.com/wso/pages/user/wso0205.jsf?idaa=313753&codart=P182001&marart=227&seopth=DONALDSON-FILTRI-P182001-FILTRO-ARIA
HDA5283,P182000,"AIR FILTER, PRIMARY FINNED",https://e-commerce.michelecaroli.com/wso/pages/user/wso0205.jsf?idaa=441114&codart=P182000&marart=227&seopth=DONALDSON-FILTRI-P182000-AIR-FILTER-PRIMARY-FINNED
HDA5280,P182045,,https://e-commerce.michelecaroli.com/wso/pages/user/wso0205.jsf?idaa=155911&codart=P182045&marart=227&seopth=DONALDSON-FILTRI-P182045-FILTRO-ARIA-SOSTITUITO-DA-P181045
HDA528,42599,FILTRO ARIA,https://e-commerce.michelecaroli.com/wso/pages/user/wso0205.jsf?idaa=366659&codart=42599&marart=218&seopth=WIX-INDUSTRIAL-HD-42599-FILTRO-ARIA
HDA5277,42139,FILTRO ARIA,https://e-commerce.michelecaroli.com/wso/pages/user/wso0205.jsf?idaa=366351&codart=42139&marart=218&seopth=WIX-INDUSTRIAL-HD-42139-FILTRO-ARIA
HDA5276,42890,FILTRO ARIA,https://e-commerce.michelecaroli.com/wso/pages/user/wso0205.jsf?idaa=366876&codart=42890&marart=218&seopth=WIX-INDUSTRIAL-HD-42890-FILTRO-ARIA
HDA5258,42104,FILTRO ARIA,https://e-commerce.michelecaroli.com/wso/pages/user/wso0205.jsf?idaa=366319&codart=42104&marart=218&seopth=WIX-INDUSTRIAL-HD-42104-FILTRO-ARIA
HDA5256,46548,FILTRO ARIA,https://e-commerce.michelecaroli.com/wso/pages/user/wso0205.jsf?idaa=367307&codart=46548&marart=218&seopth=WIX-INDUSTRIAL-HD-46548-FILTRO-ARIA
HDA5246,42336,FILTRO ARIA,https://e-commerce.michelecaroli.com/wso/pages/user/wso0205.jsf?idaa=366461&codart=42336&marart=218&seopth=WIX-INDUSTRIAL-HD-42336-FILTRO-ARIA
HDA5239,SA10823,FILTRO ARIA HIFI,https://e-commerce.michelecaroli.com/wso/pages/user/wso0205.jsf?idaa=336064&codart=SA10823&marart=230&seopth=HIFI-FILTRI-SA10823-FILTRO-ARIA-HIFI
HDA5233,42730,,https://e-commerce.michelecaroli.com/wso/pages/user/wso0205.jsf?idaa=366768&codart=42730&marart=218&seopth=WIX-INDUSTRIAL-HD-42730-FILTRO-ARIA
HDA5228,42981,FILTRO ARIA,https://e-commerce.michelecaroli.com/wso/pages/user/wso0205.jsf?idaa=366941&codart=42981&marart=218&seopth=WIX-INDUSTRIAL-HD-42981-FILTRO-ARIA
HDA5224,SA11805,FILTRO ARIA ESTERNO P526505 HIFI ACCOPPIATO CON SA11785,https://e-commerce.michelecaroli.com/wso/pages/user/wso0205.jsf?idaa=336275&codart=SA11805&marart=230&seopth=HIFI-FILTRI-SA11805-FILTRO-ARIA-ESTERNO-P526505-HIFI
HDA5220,P132448,PANNELLO DONALDSON P13-2448,https://e-commerce.michelecaroli.com/wso/pages/user/wso0205.jsf?idaa=154732&codart=P132448&marart=227&seopth=DONALDSON-FILTRI-P132448-PANNELLO-DONALDSON-P13-2448
HDA5217,P115154,"FILTRO ABITACOLO 152X965X55,6 DONA LDSON",https://e-commerce.michelecaroli.com/wso/pages/user/wso0205.jsf?idaa=440917&codart=P115154&marart=227&seopth=DONALDSON-FILTRI-P115154-FILTRO-ABITACOLO-152X965X55-6-DONA
HDA5215,46616,FILTRO ARIA,https://e-commerce.michelecaroli.com/wso/pages/user/wso0205.jsf?idaa=367365&codart=46616&marart=218&seopth=WIX-INDUSTRIAL-HD-46616-FILTRO-ARIA
HDA5214,42409E,FILTRO ARIA,https://e-commerce.michelecaroli.com/wso/pages/user/wso0205.jsf?idaa=369029&codart=42409E&marart=218&seopth=WIX-INDUSTRIAL-HD-42409E-FILTRO-ARIA
HDA5213,42480E,FILTRO ARIA,https://e-commerce.michelecaroli.com/wso/pages/user/wso0205.jsf?idaa=369037&codart=42480E&marart=218&seopth=WIX-INDUSTRIAL-HD-42480E-FILTRO-ARIA
HDA5210,P182046,FILTRO ARIA DONALDSON P18-2046 ABBINATO C/FILTRO INTERNO P119373,https://e-commerce.michelecaroli.com/wso/pages/user/wso0205.jsf?idaa=155912&codart=P182046&marart=227&seopth=DONALDSON-FILTRI-P182046-FILTRO-ARIA-DONALDSON-P18-2046
HDA5208,PA3477,FILTRO ARIA KIA BESTA 2.2 DIESEL (6 5 HP),https://e-commerce.michelecaroli.com/wso/pages/user/wso0205.jsf?idaa=145613&codart=PA3477&marart=221&seopth=FILTRI-MULLER-PA3477-FILTRO-ARIA-KIA-BESTA-2-2-DIESEL-6
HDA5206,PA3477,FILTRO ARIA KIA BESTA 2.2 DIESEL (6 5 HP),https://e-commerce.michelecaroli.com/wso/pages/user/wso0205.jsf?idaa=145613&codart=PA3477&marart=221&seopth=FILTRI-MULLER-PA3477-FILTRO-ARIA-KIA-BESTA-2-2-DIESEL-6
HDA5205,SA11552,FILTRO ARIA P181087 HIFI,https://e-commerce.michelecaroli.com/wso/pages/user/wso0205.jsf?idaa=336173&codart=SA11552&marart=230&seopth=HIFI-FILTRI-SA11552-FILTRO-ARIA-P181087-HIFI
HDA519D,42783,FILTRO ARIA,https://e-commerce.michelecaroli.com/wso/pages/user/wso0205.jsf?idaa=366813&codart=42783&marart=218&seopth=WIX-INDUSTRIAL-HD-42783-FILTRO-ARIA
HDA5199,46546,FILTRO ARIA,https://e-commerce.michelecaroli.com/wso/pages/user/wso0205.jsf?idaa=367306&codart=46546&marart=218&seopth=WIX-INDUSTRIAL-HD-46546-FILTRO-ARIA
HDA5198,46554E,,https://e-commerce.michelecaroli.com/wso/pages/user/wso0205.jsf?idaa=369064&codart=46554E&marart=218&seopth=WIX-INDUSTRIAL-HD-46554E-FILTRO-ARIA-P771561
HDA5194,93023E,FILTRO ARIA P778462,https://e-commerce.michelecaroli.com/wso/pages/user/wso0205.jsf?idaa=369300&codart=93023E&marart=218&seopth=WIX-INDUSTRIAL-HD-93023E-FILTRO-ARIA-P778462
HDA5193,P539466,FILTRO ARIA DONALDSON OBSOLETO SOST OBSOLETO,https://e-commerce.michelecaroli.com/wso/pages/user/wso0205.jsf?idaa=156349&codart=P539466&marart=227&seopth=DONALDSON-FILTRI-P539466-FILTRO-ARIA-DONALDSON-OBSOLETO-SOST
HDA519,42782,FILTRO ARIA P142810,https://e-commerce.michelecaroli.com/wso/pages/user/wso0205.jsf?idaa=366812&codart=42782&marart=218&seopth=WIX-INDUSTRIAL-HD-42782-FILTRO-ARIA-P142810
HDA5187,P137641,FILTRO ARIA SICUREZZA DONALDSON ABBINATO CON P181015,https://e-commerce.michelecaroli.com/wso/pages/user/wso0205.jsf?idaa=440939&codart=P137641&marart=227&seopth=DONALDSON-FILTRI-P137641-FILTRO-ARIA-SICUREZZA-DONALDSON
HDA5177,42853,FILTRO ARIA,https://e-commerce.michelecaroli.com/wso/pages/user/wso0205.jsf?idaa=366853&codart=42853&marart=218&seopth=WIX-INDUSTRIAL-HD-42853-FILTRO-ARIA
HDA5176,SA14017,FILTRO ARIA P140131 HIFI,https://e-commerce.michelecaroli.com/wso/pages/user/wso0205.jsf?idaa=288858&codart=SA14017&marart=230&seopth=HIFI-FILTRI-SA14017-FILTRO-ARIA-P140131-HIFI
HDA5168,P182001,FILTRO ARIA,https://e-commerce.michelecaroli.com/wso/pages/user/wso0205.jsf?idaa=313753&codart=P182001&marart=227&seopth=DONALDSON-FILTRI-P182001-FILTRO-ARIA
HDA5162,46313,FILTRO ARIA,https://e-commerce.michelecaroli.com/wso/pages/user/wso0205.jsf?idaa=367119&codart=46313&marart=218&seopth=WIX-INDUSTRIAL-HD-46313-FILTRO-ARIA
HDA5156,P182000,"AIR FILTER, PRIMARY FINNED",https://e-commerce.michelecaroli.com/wso/pages/user/wso0205.jsf?idaa=441114&codart=P182000&marart=227&seopth=DONALDSON-FILTRI-P182000-AIR-FILTER-PRIMARY-FINNED
HDA5154,P115154,"FILTRO ABITACOLO 152X965X55,6 DONA LDSON",https://e-commerce.michelecaroli.com/wso/pages/user/wso0205.jsf?idaa=440917&codart=P115154&marart=227&seopth=DONALDSON-FILTRI-P115154-FILTRO-ABITACOLO-152X965X55-6-DONA
HDA5154,P115154,"FILTRO ABITACOLO 152X965X55,6 DONA LDSON",https://e-commerce.michelecaroli.com/wso/pages/user/wso0205.jsf?idaa=440917&codart=P115154&marart=227&seopth=DONALDSON-FILTRI-P115154-FILTRO-ABITACOLO-152X965X55-6-DONA
HDA5151,SA10282,,https://e-commerce.michelecaroli.com/wso/pages/user/wso0205.jsf?idaa=335972&codart=SA10282&marart=230&seopth=HIFI-FILTRI-SA10282-FILTRO-ARIA-P181106-HIFI
HDA5150,P611440,FILTRO ARIA DONALDSON P61-1440,https://e-commerce.michelecaroli.com/wso/pages/user/wso0205.jsf?idaa=157401&codart=P611440&marart=227&seopth=DONALDSON-FILTRI-P611440-FILTRO-ARIA-DONALDSON-P61-1440
HDA5150,P611440,FILTRO ARIA DONALDSON P61-1440,https://e-commerce.michelecaroli.com/wso/pages/user/wso0205.jsf?idaa=157401&codart=P611440&marart=227&seopth=DONALDSON-FILTRI-P611440-FILTRO-ARIA-DONALDSON-P61-1440
HDA5149,42851,FILTRO ARIA,https://e-commerce.michelecaroli.com/wso/pages/user/wso0205.jsf?idaa=366851&codart=42851&marart=218&seopth=WIX-INDUSTRIAL-HD-42851-FILTRO-ARIA
HDA5145,42757,FILTRO ARIA,https://e-commerce.michelecaroli.com/wso/pages/user/wso0205.jsf?idaa=366791&codart=42757&marart=218&seopth=WIX-INDUSTRIAL-HD-42757-FILTRO-ARIA
HDA5142,P181147,FILTRO ARIA DONALDSON PI8-1147,https://e-commerce.michelecaroli.com/wso/pages/user/wso0205.jsf?idaa=155884&codart=P181147&marart=227&seopth=DONALDSON-FILTRI-P181147-FILTRO-ARIA-DONALDSON-PI8-1147
HDA5142,P181147,FILTRO ARIA DONALDSON PI8-1147,https://e-commerce.michelecaroli.com/wso/pages/user/wso0205.jsf?idaa=155884&codart=P181147&marart=227&seopth=DONALDSON-FILTRI-P181147-FILTRO-ARIA-DONALDSON-PI8-1147
HDA5140,42926,FILTRO ARIA,https://e-commerce.michelecaroli.com/wso/pages/user/wso0205.jsf?idaa=366902&codart=42926&marart=218&seopth=WIX-INDUSTRIAL-HD-42926-FILTRO-ARIA
HDA5127,P130764,FILTRO ARIA DONALDSON P13-0764,https://e-commerce.michelecaroli.com/wso/pages/user/wso0205.jsf?idaa=154701&codart=P130764&marart=227&seopth=DONALDSON-FILTRI-P130764-FILTRO-ARIA-DONALDSON-P13-0764
HDA5126,P181205,FILTRO ARIA DONALDSON P18-1205,https://e-commerce.michelecaroli.com/wso/pages/user/wso0205.jsf?idaa=155899&codart=P181205&marart=227&seopth=DONALDSON-FILTRI-P181205-FILTRO-ARIA-DONALDSON-P18-1205
HDA5122,42145,FILTRO ARIA,https://e-commerce.michelecaroli.com/wso/pages/user/wso0205.jsf?idaa=366357&codart=42145&marart=218&seopth=WIX-INDUSTRIAL-HD-42145-FILTRO-ARIA
HDA5120,P182045,,https://e-commerce.michelecaroli.com/wso/pages/user/wso0205.jsf?idaa=155911&codart=P182045&marart=227&seopth=DONALDSON-FILTRI-P182045-FILTRO-ARIA-SOSTITUITO-DA-P181045
HDA512,42598,FILTRO ARIA P524835,https://e-commerce.michelecaroli.com/wso/pages/user/wso0205.jsf?idaa=366658&codart=42598&marart=218&seopth=WIX-INDUSTRIAL-HD-42598-FILTRO-ARIA-P524835
HDA5119,SA10384K,FILTRO ARIA ESTERNO P772545 HIFI ACCOPPIATO CON SA10754,https://e-commerce.michelecaroli.com/wso/pages/user/wso0205.jsf?idaa=336010&codart=SA10384K&marart=230&seopth=HIFI-FILTRI-SA10384K-FILTRO-ARIA-ESTERNO-P772545-HIFI
HDA5114,42104,FILTRO ARIA,https://e-commerce.michelecaroli.com/wso/pages/user/wso0205.jsf?idaa=366319&codart=42104&marart=218&seopth=WIX-INDUSTRIAL-HD-42104-FILTRO-ARIA
HDA5100,SA10785K,,https://e-commerce.michelecaroli.com/wso/pages/user/wso0205.jsf?idaa=355491&codart=SA10785K&marart=230&seopth=HIFI-FILTRI-SA10785K-FILTRO-ARIA-P113703-HIFI
HDA5095,MD-120K,FILTRO ARIA ALCO P181054,https://e-commerce.michelecaroli.com/wso/pages/user/wso0205.jsf?idaa=463489&codart=MD-120K&marart=ALCO&seopth=ALCO-MD-120K-FILTRO-ARIA-ALCO-P181054
HDA5090,P181056,FILTRO ARIA DONALDSON P18-1056,https://e-commerce.michelecaroli.com/wso/pages/user/wso0205.jsf?idaa=155820&codart=P181056&marart=227&seopth=DONALDSON-FILTRI-P181056-FILTRO-ARIA-DONALDSON-P18-1056
HDA5073,42947,FILTRO ARIA,https://e-commerce.michelecaroli.com/wso/pages/user/wso0205.jsf?idaa=366918&codart=42947&marart=218&seopth=WIX-INDUSTRIAL-HD-42947-FILTRO-ARIA
HDA5069,42440,FILTRO ARIA,https://e-commerce.michelecaroli.com/wso/pages/user/wso0205.jsf?idaa=366527&codart=42440&marart=218&seopth=WIX-INDUSTRIAL-HD-42440-FILTRO-ARIA
HDA5066,P526499,FILTRO ARIA,https://e-commerce.michelecaroli.com/wso/pages/user/wso0205.jsf?idaa=156201&codart=P526499&marart=227&seopth=DONALDSON-FILTRI-P526499-FILTRO-ARIA
HDA5061,SA10385K,FILTRO ARIA P181050# HIFI ABBINATO CON SA14762,https://e-commerce.michelecaroli.com/wso/pages/user/wso0205.jsf?idaa=336011&codart=SA10385K&marart=230&seopth=HIFI-FILTRI-SA10385K-FILTRO-ARIA-P181050-HIFI
HDA5051,46576,,https://e-commerce.michelecaroli.com/wso/pages/user/wso0205.jsf?idaa=367332&codart=46576&marart=218&seopth=WIX-INDUSTRIAL-HD-46576-FILTRO-ARIA
HDA5050,MD-566K,FILTRO ARIA,https://e-commerce.michelecaroli.com/wso/pages/user/wso0205.jsf?idaa=464017&codart=MD-566K&marart=ALCO&seopth=ALCO-MD-566K-FILTRO-ARIA
HDA5011,42583,FILTRO ARIA,https://e-commerce.michelecaroli.com/wso/pages/user/wso0205.jsf?idaa=366643&codart=42583&marart=218&seopth=WIX-INDUSTRIAL-HD-42583-FILTRO-ARIA
HDA5008,42577,,https://e-commerce.michelecaroli.com/wso/pages/user/wso0205.jsf?idaa=366637&codart=42577&marart=218&seopth=WIX-INDUSTRIAL-HD-42577-FILTRO-ARIA
HDA4964,P115154,"FILTRO ABITACOLO 152X965X55,6 DONA LDSON",https://e-commerce.michelecaroli.com/wso/pages/user/wso0205.jsf?idaa=440917&codart=P115154&marart=227&seopth=DONALDSON-FILTRI-P115154-FILTRO-ABITACOLO-152X965X55-6-DONA
HDA4868,42955,FILTRO ARIA,https://e-commerce.michelecaroli.com/wso/pages/user/wso0205.jsf?idaa=366924&codart=42955&marart=218&seopth=WIX-INDUSTRIAL-HD-42955-FILTRO-ARIA
HDA4867,42235,FILTRO ARIA,https://e-commerce.michelecaroli.com/wso/pages/user/wso0205.jsf?idaa=366395&codart=42235&marart=218&seopth=WIX-INDUSTRIAL-HD-42235-FILTRO-ARIA
HDA4866,42236,FILTRO ARIA,https://e-commerce.michelecaroli.com/wso/pages/user/wso0205.jsf?idaa=366396&codart=42236&marart=218&seopth=WIX-INDUSTRIAL-HD-42236-FILTRO-ARIA
HDA4862,42513,FILTRO ARIA,https://e-commerce.michelecaroli.com/wso/pages/user/wso0205.jsf?idaa=366579&codart=42513&marart=218&seopth=WIX-INDUSTRIAL-HD-42513-FILTRO-ARIA
HDA4861,42493,FILTRO ARIA,https://e-commerce.michelecaroli.com/wso/pages/user/wso0205.jsf?idaa=366560&codart=42493&marart=218&seopth=WIX-INDUSTRIAL-HD-42493-FILTRO-ARIA
HDA4860,42494,FILTRO ARIA,https://e-commerce.michelecaroli.com/wso/pages/user/wso0205.jsf?idaa=366561&codart=42494&marart=218&seopth=WIX-INDUSTRIAL-HD-42494-FILTRO-ARIA
HDA4839,P606067,FILTRO ARIA DONALDSON P60-6067,https://e-commerce.michelecaroli.com/wso/pages/user/wso0205.jsf?idaa=157323&codart=P606067&marart=227&seopth=DONALDSON-FILTRI-P606067-FILTRO-ARIA-DONALDSON-P60-6067
HDA4837,42947,FILTRO ARIA,https://e-commerce.michelecaroli.com/wso/pages/user/wso0205.jsf?idaa=366918&codart=42947&marart=218&seopth=WIX-INDUSTRIAL-HD-42947-FILTRO-ARIA
HDA48,42589,FILTRO ARIA,https://e-commerce.michelecaroli.com/wso/pages/user/wso0205.jsf?idaa=366649&codart=42589&marart=218&seopth=WIX-INDUSTRIAL-HD-42589-FILTRO-ARIA
HDA47451,42745,FILTRO ARIA,https://e-commerce.michelecaroli.com/wso/pages/user/wso0205.jsf?idaa=366781&codart=42745&marart=218&seopth=WIX-INDUSTRIAL-HD-42745-FILTRO-ARIA
HDA4745,42745,FILTRO ARIA,https://e-commerce.michelecaroli.com/wso/pages/user/wso0205.jsf?idaa=366781&codart=42745&marart=218&seopth=WIX-INDUSTRIAL-HD-42745-FILTRO-ARIA
HDA4725,P115154,"FILTRO ABITACOLO 152X965X55,6 DONA LDSON",https://e-commerce.michelecaroli.com/wso/pages/user/wso0205.jsf?idaa=440917&codart=P115154&marart=227&seopth=DONALDSON-FILTRI-P115154-FILTRO-ABITACOLO-152X965X55-6-DONA
HDA4714,42595,FILTRO ARIA,https://e-commerce.michelecaroli.com/wso/pages/user/wso0205.jsf?idaa=366655&codart=42595&marart=218&seopth=WIX-INDUSTRIAL-HD-42595-FILTRO-ARIA
HDA4526,42920,FILTRO ARIA P119375,https://e-commerce.michelecaroli.com/wso/pages/user/wso0205.jsf?idaa=366896&codart=42920&marart=218&seopth=WIX-INDUSTRIAL-HD-42920-FILTRO-ARIA-P119375
HDA4500,MD-7102,FILTRO ARIA,https://e-commerce.michelecaroli.com/wso/pages/user/wso0205.jsf?idaa=464129&codart=MD-7102&marart=ALCO&seopth=ALCO-MD-7102-FILTRO-ARIA
HDA4490,P181012,FILTRO ARIA DONALDSON PI8-1012,https://e-commerce.michelecaroli.com/wso/pages/user/wso0205.jsf?idaa=155782&codart=P181012&marart=227&seopth=DONALDSON-FILTRI-P181012-FILTRO-ARIA-DONALDSON-PI8-1012
HDA4445,42145,FILTRO ARIA,https://e-commerce.michelecaroli.com/wso/pages/user/wso0205.jsf?idaa=366357&codart=42145&marart=218&seopth=WIX-INDUSTRIAL-HD-42145-FILTRO-ARIA
HDA4366,46565,FILTRO ARIA,https://e-commerce.michelecaroli.com/wso/pages/user/wso0205.jsf?idaa=367322&codart=46565&marart=218&seopth=WIX-INDUSTRIAL-HD-46565-FILTRO-ARIA
HDA4334,P181074,FILTRO ARIA DONALDSON P18-1074,https://e-commerce.michelecaroli.com/wso/pages/user/wso0205.jsf?idaa=155834&codart=P181074&marart=227&seopth=DONALDSON-FILTRI-P181074-FILTRO-ARIA-DONALDSON-P18-1074
HDA4282,42746,FILTRO ARIA,https://e-commerce.michelecaroli.com/wso/pages/user/wso0205.jsf?idaa=366782&codart=42746&marart=218&seopth=WIX-INDUSTRIAL-HD-42746-FILTRO-ARIA
HDA4241,46680,FILTRO ARIA,https://e-commerce.michelecaroli.com/wso/pages/user/wso0205.jsf?idaa=367422&codart=46680&marart=218&seopth=WIX-INDUSTRIAL-HD-46680-FILTRO-ARIA
HDA4147,42700,FILTRO ARIA,https://e-commerce.michelecaroli.com/wso/pages/user/wso0205.jsf?idaa=366741&codart=42700&marart=218&seopth=WIX-INDUSTRIAL-HD-42700-FILTRO-ARIA
HDA4069,SA10440,FILTRO ARIA SICUREZZ P119374 HIFI ACCOPPIATO CON SA10368,https://e-commerce.michelecaroli.com/wso/pages/user/wso0205.jsf?idaa=336026&codart=SA10440&marart=230&seopth=HIFI-FILTRI-SA10440-FILTRO-ARIA-SICUREZZ-P119374-HIFI
HDA4060,P182048,"AIR FILTER, PRIMARY ROUND",https://e-commerce.michelecaroli.com/wso/pages/user/wso0205.jsf?idaa=441115&codart=P182048&marart=227&seopth=DONALDSON-FILTRI-P182048-AIR-FILTER-PRIMARY-ROUND
HDA4047,SA10926,FILTRO ARIA SICUREZZA P124047 HIFI ABBINATO CON SA10925,https://e-commerce.michelecaroli.com/wso/pages/user/wso0205.jsf?idaa=336108&codart=SA10926&marart=230&seopth=HIFI-FILTRI-SA10926-FILTRO-ARIA-SICUREZZA-P124047-HIFI
HDA4046,46723,FILTRO ARIA P124046,https://e-commerce.michelecaroli.com/wso/pages/user/wso0205.jsf?idaa=367458&codart=46723&marart=218&seopth=WIX-INDUSTRIAL-HD-46723-FILTRO-ARIA-P124046
HDA4009,MD-7234,FILTRO ARIA,https://e-commerce.michelecaroli.com/wso/pages/user/wso0205.jsf?idaa=464180&codart=MD-7234&marart=ALCO&seopth=ALCO-MD-7234-FILTRO-ARIA
HDA40,SA10408,FILTRO ARIA P142805 HIFI,https://e-commerce.michelecaroli.com/wso/pages/user/wso0205.jsf?idaa=423605&codart=SA10408&marart=230&seopth=HIFI-FILTRI-SA10408-FILTRO-ARIA-P142805-HIFI
HDA4,42577,,https://e-commerce.michelecaroli.com/wso/pages/user/wso0205.jsf?idaa=366637&codart=42577&marart=218&seopth=WIX-INDUSTRIAL-HD-42577-FILTRO-ARIA
HDA3990,42763,,https://e-commerce.michelecaroli.com/wso/pages/user/wso0205.jsf?idaa=366797&codart=42763&marart=218&seopth=WIX-INDUSTRIAL-HD-42763-FILTRO-ARIA
HDA3946,SC16134,FILTRO PANNELLO,https://e-commerce.michelecaroli.com/wso/pages/user/wso0205.jsf?idaa=446187&codart=SC16134&marart=230&seopth=HIFI-FILTRI-SC16134-FILTRO-PANNELLO
HDA3887,SA14593,FILTRO ARIA P181092 HIFI,https://e-commerce.michelecaroli.com/wso/pages/user/wso0205.jsf?idaa=288934&codart=SA14593&marart=230&seopth=HIFI-FILTRI-SA14593-FILTRO-ARIA-P181092-HIFI
HDA3828,42920,FILTRO ARIA P119375,https://e-commerce.michelecaroli.com/wso/pages/user/wso0205.jsf?idaa=366896&codart=42920&marart=218&seopth=WIX-INDUSTRIAL-HD-42920-FILTRO-ARIA-P119375
HDA3827,42119,FILTRO ARIA P181034/P182034,https://e-commerce.michelecaroli.com/wso/pages/user/wso0205.jsf?idaa=366333&codart=42119&marart=218&seopth=WIX-INDUSTRIAL-HD-42119-FILTRO-ARIA-P181034-P182034
HDA3765,42654,FILTRO ARIA,https://e-commerce.michelecaroli.com/wso/pages/user/wso0205.jsf?idaa=366700&codart=42654&marart=218&seopth=WIX-INDUSTRIAL-HD-42654-FILTRO-ARIA
HDA3720,42003,FILTRO ARIA,https://e-commerce.michelecaroli.com/wso/pages/user/wso0205.jsf?idaa=366240&codart=42003&marart=218&seopth=WIX-INDUSTRIAL-HD-42003-FILTRO-ARIA
HDA3713,SA10215,,https://e-commerce.michelecaroli.com/wso/pages/user/wso0205.jsf?idaa=335957&codart=SA10215&marart=230&seopth=HIFI-FILTRI-SA10215-FILTRO-ARIA-HIFI
HDA37121,46400,FILTRO ARIA,https://e-commerce.michelecaroli.com/wso/pages/user/wso0205.jsf?idaa=367182&codart=46400&marart=218&seopth=WIX-INDUSTRIAL-HD-46400-FILTRO-ARIA
HDA3712,42212,FILTRO ARIA,https://e-commerce.michelecaroli.com/wso/pages/user/wso0205.jsf?idaa=366381&codart=42212&marart=218&seopth=WIX-INDUSTRIAL-HD-42212-FILTRO-ARIA
HDA3706,SA10411,FILTRO ARIA P133706 HIFI,https://e-commerce.michelecaroli.com/wso/pages/user/wso0205.jsf?idaa=336014&codart=SA10411&marart=230&seopth=HIFI-FILTRI-SA10411-FILTRO-ARIA-P133706-HIFI
HDA3705,42241,FILTRO ARIA,https://e-commerce.michelecaroli.com/wso/pages/user/wso0205.jsf?idaa=366401&codart=42241&marart=218&seopth=WIX-INDUSTRIAL-HD-42241-FILTRO-ARIA
HDA3702,42003,FILTRO ARIA,https://e-commerce.michelecaroli.com/wso/pages/user/wso0205.jsf?idaa=366240&codart=42003&marart=218&seopth=WIX-INDUSTRIAL-HD-42003-FILTRO-ARIA
HDA3688,P103688,FILTRO ABITACOLO 610X610X69 DONALD SON,https://e-commerce.michelecaroli.com/wso/pages/user/wso0205.jsf?idaa=154523&codart=P103688&marart=227&seopth=DONALDSON-FILTRI-P103688-FILTRO-ABITACOLO-610X610X69-DONALD
HDA3636,46555,FILTRO ARIA P132935,https://e-commerce.michelecaroli.com/wso/pages/user/wso0205.jsf?idaa=367313&codart=46555&marart=218&seopth=WIX-INDUSTRIAL-HD-46555-FILTRO-ARIA-P132935
HDA36,P142804,FILTRO ARIA DONALDSON P14-2804,https://e-commerce.michelecaroli.com/wso/pages/user/wso0205.jsf?idaa=154801&codart=P142804&marart=227&seopth=DONALDSON-FILTRI-P142804-FILTRO-ARIA-DONALDSON-P14-2804
