Code searched,Matched code,Part Category on Michele,Link to Michele product
H40238,58892,FILTRO TRASMISSIONE,https://e-commerce.michelecaroli.com/wso/pages/user/wso0205.jsf?idaa=368713&codart=58892&marart=218&seopth=WIX-INDUSTRIAL-HD-58892-FILTRO-TRASMISSIONE
H40225,51506,FILTRO IDRAULICO,https://e-commerce.michelecaroli.com/wso/pages/user/wso0205.jsf?idaa=368390&codart=51506&marart=218&seopth=WIX-INDUSTRIAL-HD-51506-FILTRO-IDRAULICO
H40175,51858,FILTRO OLIO# P550148,https://e-commerce.michelecaroli.com/wso/pages/user/wso0205.jsf?idaa=368676&codart=51858&marart=218&seopth=WIX-INDUSTRIAL-HD-51858-FILTRO-OLIO-P550148
H40144,51204,FILTRO TRASMISSIONE,https://e-commerce.michelecaroli.com/wso/pages/user/wso0205.jsf?idaa=368181&codart=51204&marart=218&seopth=WIX-INDUSTRIAL-HD-51204-FILTRO-TRASMISSIONE
H40139,51468,FILTRO IDRAULICO,https://e-commerce.michelecaroli.com/wso/pages/user/wso0205.jsf?idaa=368363&codart=51468&marart=218&seopth=WIX-INDUSTRIAL-HD-51468-FILTRO-IDRAULICO
H40137,51468,FILTRO IDRAULICO,https://e-commerce.michelecaroli.com/wso/pages/user/wso0205.jsf?idaa=368363&codart=51468&marart=218&seopth=WIX-INDUSTRIAL-HD-51468-FILTRO-IDRAULICO
H40114,51134,FILTRO IDRAULICO,https://e-commerce.michelecaroli.com/wso/pages/user/wso0205.jsf?idaa=368126&codart=51134&marart=218&seopth=WIX-INDUSTRIAL-HD-51134-FILTRO-IDRAULICO
H401,SH60144,FILTRO HYDR. HIFI,https://e-commerce.michelecaroli.com/wso/pages/user/wso0205.jsf?idaa=294465&codart=SH60144&marart=230&seopth=HIFI-FILTRI-SH60144-FILTRO-HYDR-HIFI
H400P,P206410,COLLARE PER MARMITTA P20-6410,https://e-commerce.michelecaroli.com/wso/pages/user/wso0205.jsf?idaa=155928&codart=P206410&marart=227&seopth=DONALDSON-FILTRI-P206410-COLLARE-PER-MARMITTA-P20-6410
H4003,P173046,FILTRO HYDR.DONALDSON P17-304 6,https://e-commerce.michelecaroli.com/wso/pages/user/wso0205.jsf?idaa=155548&codart=P173046&marart=227&seopth=DONALDSON-FILTRI-P173046-FILTRO-HYDR-DONALDSON-P17-304-6
H40029,SH56760,FILTRO HYDR. P550388 HIFI GILBARCO 140845093,https://e-commerce.michelecaroli.com/wso/pages/user/wso0205.jsf?idaa=294222&codart=SH56760&marart=230&seopth=HIFI-FILTRI-SH56760-FILTRO-HYDR-P550388-HIFI
H40004,51165,FILTRO OLIO,https://e-commerce.michelecaroli.com/wso/pages/user/wso0205.jsf?idaa=368150&codart=51165&marart=218&seopth=WIX-INDUSTRIAL-HD-51165-FILTRO-OLIO
H400,P206525,"PIPE HANGER, 4 IN (102 MM)",https://e-commerce.michelecaroli.com/wso/pages/user/wso0205.jsf?idaa=441220&codart=P206525&marart=227&seopth=DONALDSON-FILTRI-P206525-PIPE-HANGER-4-IN-102-MM-
H400,P206525,"PIPE HANGER, 4 IN (102 MM)",https://e-commerce.michelecaroli.com/wso/pages/user/wso0205.jsf?idaa=441220&codart=P206525&marart=227&seopth=DONALDSON-FILTRI-P206525-PIPE-HANGER-4-IN-102-MM-
H40,P148342,FASCETTA,https://e-commerce.michelecaroli.com/wso/pages/user/wso0205.jsf?idaa=402995&codart=P148342&marart=227&seopth=DONALDSON-FILTRI-P148342-FASCETTA
H371872,51553,FILTRO IDRAULICO,https://e-commerce.michelecaroli.com/wso/pages/user/wso0205.jsf?idaa=368434&codart=51553&marart=218&seopth=WIX-INDUSTRIAL-HD-51553-FILTRO-IDRAULICO
H370625M192,51553,FILTRO IDRAULICO,https://e-commerce.michelecaroli.com/wso/pages/user/wso0205.jsf?idaa=368434&codart=51553&marart=218&seopth=WIX-INDUSTRIAL-HD-51553-FILTRO-IDRAULICO
H370615F19,24006,FILTRO NAFTA,https://e-commerce.michelecaroli.com/wso/pages/user/wso0205.jsf?idaa=365438&codart=24006&marart=218&seopth=WIX-INDUSTRIAL-HD-24006-FILTRO-NAFTA
H370610M22,51663,FILTRO HYDRAULICO P556005,https://e-commerce.michelecaroli.com/wso/pages/user/wso0205.jsf?idaa=368531&codart=51663&marart=218&seopth=WIX-INDUSTRIAL-HD-51663-FILTRO-HYDRAULICO-P556005
H37006,M070008,"MUFFLER, ROUND STYLE 1",https://e-commerce.michelecaroli.com/wso/pages/user/wso0205.jsf?idaa=442866&codart=M070008&marart=227&seopth=DONALDSON-FILTRI-M070008-MUFFLER-ROUND-STYLE-1
H36057,SH66419,FILTRO HYDR.HIFI P163496/P163419,https://e-commerce.michelecaroli.com/wso/pages/user/wso0205.jsf?idaa=296298&codart=SH66419&marart=230&seopth=HIFI-FILTRI-SH66419-FILTRO-HYDR-HIFI-P163496-P163419
H36035,51517,FILTRO IDRAULICO,https://e-commerce.michelecaroli.com/wso/pages/user/wso0205.jsf?idaa=368401&codart=51517&marart=218&seopth=WIX-INDUSTRIAL-HD-51517-FILTRO-IDRAULICO
H360339430,X004536,"SEAL CLAMP, 2 IN (51 MM) STAINLESS",https://e-commerce.michelecaroli.com/wso/pages/user/wso0205.jsf?idaa=443366&codart=X004536&marart=227&seopth=DONALDSON-FILTRI-X004536-SEAL-CLAMP-2-IN-51-MM-STAINLESS
H36013,51404,FILTRO IDRAULICO,https://e-commerce.michelecaroli.com/wso/pages/user/wso0205.jsf?idaa=368309&codart=51404&marart=218&seopth=WIX-INDUSTRIAL-HD-51404-FILTRO-IDRAULICO
H36011,51262,FILTRO IDRAULICO,https://e-commerce.michelecaroli.com/wso/pages/user/wso0205.jsf?idaa=368217&codart=51262&marart=218&seopth=WIX-INDUSTRIAL-HD-51262-FILTRO-IDRAULICO
H35WK,SN532,FILTRO NAFTA P550473 HIFI,https://e-commerce.michelecaroli.com/wso/pages/user/wso0205.jsf?idaa=299387&codart=SN532&marart=230&seopth=HIFI-FILTRI-SN532-FILTRO-NAFTA-P550473-HIFI
H35998,P167829,,https://e-commerce.michelecaroli.com/wso/pages/user/wso0205.jsf?idaa=155024&codart=P167829&marart=227&seopth=DONALDSON-FILTRI-P167829-OBSOLETO
H35963,KH66076V,FILTRO HYDR. P560971 HIFI,https://e-commerce.michelecaroli.com/wso/pages/user/wso0205.jsf?idaa=301580&codart=KH66076V&marart=230&seopth=HIFI-FILTRI-KH66076V-FILTRO-HYDR-P560971-HIFI
H357707,P105168,"FLANGE, SPECIAL RESTRICTION INDICAT",https://e-commerce.michelecaroli.com/wso/pages/user/wso0205.jsf?idaa=442997&codart=P105168&marart=227&seopth=DONALDSON-FILTRI-P105168-FLANGE-SPECIAL-RESTRICTION-INDICAT
H35264Q,P169078,FILTRO HYDR.DONALDSON P16-9078,https://e-commerce.michelecaroli.com/wso/pages/user/wso0205.jsf?idaa=155044&codart=P169078&marart=227&seopth=DONALDSON-FILTRI-P169078-FILTRO-HYDR-DONALDSON-P16-9078
H35264,P169078,FILTRO HYDR.DONALDSON P16-9078,https://e-commerce.michelecaroli.com/wso/pages/user/wso0205.jsf?idaa=155044&codart=P169078&marart=227&seopth=DONALDSON-FILTRI-P169078-FILTRO-HYDR-DONALDSON-P16-9078
H35235,51455,FILTRO IDRAULICO P164375,https://e-commerce.michelecaroli.com/wso/pages/user/wso0205.jsf?idaa=368350&codart=51455&marart=218&seopth=WIX-INDUSTRIAL-HD-51455-FILTRO-IDRAULICO-P164375
H35182,P174675,FILTRO HYDR.DONALDSON P17-4 675,https://e-commerce.michelecaroli.com/wso/pages/user/wso0205.jsf?idaa=155655&codart=P174675&marart=227&seopth=DONALDSON-FILTRI-P174675-FILTRO-HYDR-DONALDSON-P17-4-675
H35146,MD-4115,FILTRO IDRAULICO AD IMEMRSIONE,https://e-commerce.michelecaroli.com/wso/pages/user/wso0205.jsf?idaa=463666&codart=MD-4115&marart=ALCO&seopth=ALCO-MD-4115-FILTRO-IDRAULICO-AD-IMEMRSIONE
H350577,51663,FILTRO HYDRAULICO P556005,https://e-commerce.michelecaroli.com/wso/pages/user/wso0205.jsf?idaa=368531&codart=51663&marart=218&seopth=WIX-INDUSTRIAL-HD-51663-FILTRO-HYDRAULICO-P556005
H3505388,P182045,,https://e-commerce.michelecaroli.com/wso/pages/user/wso0205.jsf?idaa=155911&codart=P182045&marart=227&seopth=DONALDSON-FILTRI-P182045-FILTRO-ARIA-SOSTITUITO-DA-P181045
H350538,P182045,,https://e-commerce.michelecaroli.com/wso/pages/user/wso0205.jsf?idaa=155911&codart=P182045&marart=227&seopth=DONALDSON-FILTRI-P182045-FILTRO-ARIA-SOSTITUITO-DA-P181045
H350537,P182045,,https://e-commerce.michelecaroli.com/wso/pages/user/wso0205.jsf?idaa=155911&codart=P182045&marart=227&seopth=DONALDSON-FILTRI-P182045-FILTRO-ARIA-SOSTITUITO-DA-P181045
H35028,SH66542,FILTRO HYDR. P163542 HIFI,https://e-commerce.michelecaroli.com/wso/pages/user/wso0205.jsf?idaa=296299&codart=SH66542&marart=230&seopth=HIFI-FILTRI-SH66542-FILTRO-HYDR-P163542-HIFI
H350,24019,,https://e-commerce.michelecaroli.com/wso/pages/user/wso0205.jsf?idaa=365445&codart=24019&marart=218&seopth=WIX-INDUSTRIAL-HD-24019-ACCESSORI
H3436943,H000350,MOUNTING BAND,https://e-commerce.michelecaroli.com/wso/pages/user/wso0205.jsf?idaa=442496&codart=H000350&marart=227&seopth=DONALDSON-FILTRI-H000350-MOUNTING-BAND
H339860060100,SH52420,FILTRO HYDR. HIFI,https://e-commerce.michelecaroli.com/wso/pages/user/wso0205.jsf?idaa=294299&codart=SH52420&marart=230&seopth=HIFI-FILTRI-SH52420-FILTRO-HYDR-HIFI
H335620,SH56660,FILTRO HYDR. HIFI,https://e-commerce.michelecaroli.com/wso/pages/user/wso0205.jsf?idaa=294209&codart=SH56660&marart=230&seopth=HIFI-FILTRI-SH56660-FILTRO-HYDR-HIFI
H334540,P550095,FILTRO OLIO DONALDSON P55-0095 OBSO LETO,https://e-commerce.michelecaroli.com/wso/pages/user/wso0205.jsf?idaa=156453&codart=P550095&marart=227&seopth=DONALDSON-FILTRI-P550095-FILTRO-OLIO-DONALDSON-P55-0095-OBSO
H32210,51663,FILTRO HYDRAULICO P556005,https://e-commerce.michelecaroli.com/wso/pages/user/wso0205.jsf?idaa=368531&codart=51663&marart=218&seopth=WIX-INDUSTRIAL-HD-51663-FILTRO-HYDRAULICO-P556005
H322,H322,,https://e-commerce.michelecaroli.com/wso/pages/user/wso0205.jsf?idaa=130933&codart=H322&marart=180&seopth=SKF-CUSCINETTI-H322-BUSSOLA
H322,H322,,https://e-commerce.michelecaroli.com/wso/pages/user/wso0205.jsf?idaa=130933&codart=H322&marart=180&seopth=SKF-CUSCINETTI-H322-BUSSOLA
H322,H322,,https://e-commerce.michelecaroli.com/wso/pages/user/wso0205.jsf?idaa=130933&codart=H322&marart=180&seopth=SKF-CUSCINETTI-H322-BUSSOLA
H322,H322,,https://e-commerce.michelecaroli.com/wso/pages/user/wso0205.jsf?idaa=130933&codart=H322&marart=180&seopth=SKF-CUSCINETTI-H322-BUSSOLA
H32025,51553,FILTRO IDRAULICO,https://e-commerce.michelecaroli.com/wso/pages/user/wso0205.jsf?idaa=368434&codart=51553&marart=218&seopth=WIX-INDUSTRIAL-HD-51553-FILTRO-IDRAULICO
H32010,51551,FILTRO IDRAULICO,https://e-commerce.michelecaroli.com/wso/pages/user/wso0205.jsf?idaa=368432&codart=51551&marart=218&seopth=WIX-INDUSTRIAL-HD-51551-FILTRO-IDRAULICO
H320,H320,,https://e-commerce.michelecaroli.com/wso/pages/user/wso0205.jsf?idaa=130932&codart=H320&marart=180&seopth=SKF-CUSCINETTI-H320-BUSSOLA
H320,H320,,https://e-commerce.michelecaroli.com/wso/pages/user/wso0205.jsf?idaa=130932&codart=H320&marart=180&seopth=SKF-CUSCINETTI-H320-BUSSOLA
H319,H319,,https://e-commerce.michelecaroli.com/wso/pages/user/wso0205.jsf?idaa=130931&codart=H319&marart=180&seopth=SKF-CUSCINETTI-H319-BUSSOLA
H318,H318,,https://e-commerce.michelecaroli.com/wso/pages/user/wso0205.jsf?idaa=130930&codart=H318&marart=180&seopth=SKF-CUSCINETTI-H318-BUSSOLA
H318,H318,,https://e-commerce.michelecaroli.com/wso/pages/user/wso0205.jsf?idaa=130930&codart=H318&marart=180&seopth=SKF-CUSCINETTI-H318-BUSSOLA
H318,H318,,https://e-commerce.michelecaroli.com/wso/pages/user/wso0205.jsf?idaa=130930&codart=H318&marart=180&seopth=SKF-CUSCINETTI-H318-BUSSOLA
H318,H318,,https://e-commerce.michelecaroli.com/wso/pages/user/wso0205.jsf?idaa=130930&codart=H318&marart=180&seopth=SKF-CUSCINETTI-H318-BUSSOLA
H317,H317,,https://e-commerce.michelecaroli.com/wso/pages/user/wso0205.jsf?idaa=130929&codart=H317&marart=180&seopth=SKF-CUSCINETTI-H317-BUSSOLA
H317,H317,,https://e-commerce.michelecaroli.com/wso/pages/user/wso0205.jsf?idaa=130929&codart=H317&marart=180&seopth=SKF-CUSCINETTI-H317-BUSSOLA
H315,H315,,https://e-commerce.michelecaroli.com/wso/pages/user/wso0205.jsf?idaa=130926&codart=H315&marart=180&seopth=SKF-CUSCINETTI-H315-BUSSOLA
H315,H315,,https://e-commerce.michelecaroli.com/wso/pages/user/wso0205.jsf?idaa=130926&codart=H315&marart=180&seopth=SKF-CUSCINETTI-H315-BUSSOLA
H314,H314,,https://e-commerce.michelecaroli.com/wso/pages/user/wso0205.jsf?idaa=130922&codart=H314&marart=180&seopth=SKF-CUSCINETTI-H314-BUSSOLA
H314,H314,,https://e-commerce.michelecaroli.com/wso/pages/user/wso0205.jsf?idaa=130922&codart=H314&marart=180&seopth=SKF-CUSCINETTI-H314-BUSSOLA
H312P,P206409,"CLAMP, U-BOLT 3.5 IN (89 MM)",https://e-commerce.michelecaroli.com/wso/pages/user/wso0205.jsf?idaa=441207&codart=P206409&marart=227&seopth=DONALDSON-FILTRI-P206409-CLAMP-U-BOLT-3-5-IN-89-MM-
H312,H312,,https://e-commerce.michelecaroli.com/wso/pages/user/wso0205.jsf?idaa=130913&codart=H312&marart=180&seopth=SKF-CUSCINETTI-H312-BUSSOLA
H312,H312,,https://e-commerce.michelecaroli.com/wso/pages/user/wso0205.jsf?idaa=130913&codart=H312&marart=180&seopth=SKF-CUSCINETTI-H312-BUSSOLA
H312,H312,,https://e-commerce.michelecaroli.com/wso/pages/user/wso0205.jsf?idaa=130913&codart=H312&marart=180&seopth=SKF-CUSCINETTI-H312-BUSSOLA
H312,H312,,https://e-commerce.michelecaroli.com/wso/pages/user/wso0205.jsf?idaa=130913&codart=H312&marart=180&seopth=SKF-CUSCINETTI-H312-BUSSOLA
H311,H311,,https://e-commerce.michelecaroli.com/wso/pages/user/wso0205.jsf?idaa=130912&codart=H311&marart=180&seopth=SKF-CUSCINETTI-H311-BUSSOLA
H311,H311,,https://e-commerce.michelecaroli.com/wso/pages/user/wso0205.jsf?idaa=130912&codart=H311&marart=180&seopth=SKF-CUSCINETTI-H311-BUSSOLA
H311,H311,,https://e-commerce.michelecaroli.com/wso/pages/user/wso0205.jsf?idaa=130912&codart=H311&marart=180&seopth=SKF-CUSCINETTI-H311-BUSSOLA
H311,H311,,https://e-commerce.michelecaroli.com/wso/pages/user/wso0205.jsf?idaa=130912&codart=H311&marart=180&seopth=SKF-CUSCINETTI-H311-BUSSOLA
H311,H311,,https://e-commerce.michelecaroli.com/wso/pages/user/wso0205.jsf?idaa=130912&codart=H311&marart=180&seopth=SKF-CUSCINETTI-H311-BUSSOLA
H309,H309,,https://e-commerce.michelecaroli.com/wso/pages/user/wso0205.jsf?idaa=130910&codart=H309&marart=180&seopth=SKF-CUSCINETTI-H309-BUSSOLA
H309,H309,,https://e-commerce.michelecaroli.com/wso/pages/user/wso0205.jsf?idaa=130910&codart=H309&marart=180&seopth=SKF-CUSCINETTI-H309-BUSSOLA
H309,H309,,https://e-commerce.michelecaroli.com/wso/pages/user/wso0205.jsf?idaa=130910&codart=H309&marart=180&seopth=SKF-CUSCINETTI-H309-BUSSOLA
H308,H308,,https://e-commerce.michelecaroli.com/wso/pages/user/wso0205.jsf?idaa=130909&codart=H308&marart=180&seopth=SKF-CUSCINETTI-H308-BUSSOLA
H308,H308,,https://e-commerce.michelecaroli.com/wso/pages/user/wso0205.jsf?idaa=130909&codart=H308&marart=180&seopth=SKF-CUSCINETTI-H308-BUSSOLA
H307W,57084,FILTRO OLIO,https://e-commerce.michelecaroli.com/wso/pages/user/wso0205.jsf?idaa=369410&codart=57084&marart=218&seopth=WIX-INDUSTRIAL-HD-57084-FILTRO-OLIO
H307W,57084,FILTRO OLIO,https://e-commerce.michelecaroli.com/wso/pages/user/wso0205.jsf?idaa=369410&codart=57084&marart=218&seopth=WIX-INDUSTRIAL-HD-57084-FILTRO-OLIO
H3074308M1,42920,FILTRO ARIA P119375,https://e-commerce.michelecaroli.com/wso/pages/user/wso0205.jsf?idaa=366896&codart=42920&marart=218&seopth=WIX-INDUSTRIAL-HD-42920-FILTRO-ARIA-P119375
H307,H307,,https://e-commerce.michelecaroli.com/wso/pages/user/wso0205.jsf?idaa=130908&codart=H307&marart=180&seopth=SKF-CUSCINETTI-H307-BUSSOLA
H307,H307,,https://e-commerce.michelecaroli.com/wso/pages/user/wso0205.jsf?idaa=130908&codart=H307&marart=180&seopth=SKF-CUSCINETTI-H307-BUSSOLA
H307,H307,,https://e-commerce.michelecaroli.com/wso/pages/user/wso0205.jsf?idaa=130908&codart=H307&marart=180&seopth=SKF-CUSCINETTI-H307-BUSSOLA
H306,H306,,https://e-commerce.michelecaroli.com/wso/pages/user/wso0205.jsf?idaa=130907&codart=H306&marart=180&seopth=SKF-CUSCINETTI-H306-BUSSOLA
H306,H306,,https://e-commerce.michelecaroli.com/wso/pages/user/wso0205.jsf?idaa=130907&codart=H306&marart=180&seopth=SKF-CUSCINETTI-H306-BUSSOLA
H306,H306,,https://e-commerce.michelecaroli.com/wso/pages/user/wso0205.jsf?idaa=130907&codart=H306&marart=180&seopth=SKF-CUSCINETTI-H306-BUSSOLA
H305,H305,,https://e-commerce.michelecaroli.com/wso/pages/user/wso0205.jsf?idaa=130906&codart=H305&marart=180&seopth=SKF-CUSCINETTI-H305-BUSSOLA
H305,H305,,https://e-commerce.michelecaroli.com/wso/pages/user/wso0205.jsf?idaa=130906&codart=H305&marart=180&seopth=SKF-CUSCINETTI-H305-BUSSOLA
H304,H304,,https://e-commerce.michelecaroli.com/wso/pages/user/wso0205.jsf?idaa=130905&codart=H304&marart=180&seopth=SKF-CUSCINETTI-H304-BUSSOLA
H304,H304,,https://e-commerce.michelecaroli.com/wso/pages/user/wso0205.jsf?idaa=130905&codart=H304&marart=180&seopth=SKF-CUSCINETTI-H304-BUSSOLA
H3036904,P100780,FASCETTA DONALDSON,https://e-commerce.michelecaroli.com/wso/pages/user/wso0205.jsf?idaa=322171&codart=P100780&marart=227&seopth=DONALDSON-FILTRI-P100780-FASCETTA-DONALDSON
H30266,51571,FILTRO IDRAULICO,https://e-commerce.michelecaroli.com/wso/pages/user/wso0205.jsf?idaa=368451&codart=51571&marart=218&seopth=WIX-INDUSTRIAL-HD-51571-FILTRO-IDRAULICO
H30221,51663,FILTRO HYDRAULICO P556005,https://e-commerce.michelecaroli.com/wso/pages/user/wso0205.jsf?idaa=368531&codart=51663&marart=218&seopth=WIX-INDUSTRIAL-HD-51663-FILTRO-HYDRAULICO-P556005
H30220,SH56052,FILTRO HYDR. P164348 HIFI,https://e-commerce.michelecaroli.com/wso/pages/user/wso0205.jsf?idaa=293996&codart=SH56052&marart=230&seopth=HIFI-FILTRI-SH56052-FILTRO-HYDR-P164348-HIFI
H30216,51610,FILTRO IDRAULICO P162766,https://e-commerce.michelecaroli.com/wso/pages/user/wso0205.jsf?idaa=368486&codart=51610&marart=218&seopth=WIX-INDUSTRIAL-HD-51610-FILTRO-IDRAULICO-P162766
H30142,P551296,FILTRO OLIO DONALDSON P55-1296,https://e-commerce.michelecaroli.com/wso/pages/user/wso0205.jsf?idaa=157656&codart=P551296&marart=227&seopth=DONALDSON-FILTRI-P551296-FILTRO-OLIO-DONALDSON-P55-1296
H30140,P558877,FILTRO HYDR.DONALDSON P55-8877,https://e-commerce.michelecaroli.com/wso/pages/user/wso0205.jsf?idaa=157197&codart=P558877&marart=227&seopth=DONALDSON-FILTRI-P558877-FILTRO-HYDR-DONALDSON-P55-8877
H30135,SH56210,,https://e-commerce.michelecaroli.com/wso/pages/user/wso0205.jsf?idaa=294065&codart=SH56210&marart=230&seopth=HIFI-FILTRI-SH56210-FILTRO-HYDR-HIFI
H30114,51253,FILTRO IDRAULICO,https://e-commerce.michelecaroli.com/wso/pages/user/wso0205.jsf?idaa=368210&codart=51253&marart=218&seopth=WIX-INDUSTRIAL-HD-51253-FILTRO-IDRAULICO
H30113,SH59314,FILTRO HYDR. P551323 HIFI,https://e-commerce.michelecaroli.com/wso/pages/user/wso0205.jsf?idaa=295143&codart=SH59314&marart=230&seopth=HIFI-FILTRI-SH59314-FILTRO-HYDR-P551323-HIFI
H30059,P552819,FILTRO OLIO DONALDSON P55-2819,https://e-commerce.michelecaroli.com/wso/pages/user/wso0205.jsf?idaa=157063&codart=P552819&marart=227&seopth=DONALDSON-FILTRI-P552819-FILTRO-OLIO-DONALDSON-P55-2819
H30030,SH56129,FILTRO HYDR. P555603 HIFI,https://e-commerce.michelecaroli.com/wso/pages/user/wso0205.jsf?idaa=294023&codart=SH56129&marart=230&seopth=HIFI-FILTRI-SH56129-FILTRO-HYDR-P555603-HIFI
H30014,51253,FILTRO IDRAULICO,https://e-commerce.michelecaroli.com/wso/pages/user/wso0205.jsf?idaa=368210&codart=51253&marart=218&seopth=WIX-INDUSTRIAL-HD-51253-FILTRO-IDRAULICO
H2X9471Z,SO7001,FILTRO OLIO P550315 HIFI,https://e-commerce.michelecaroli.com/wso/pages/user/wso0205.jsf?idaa=300418&codart=SO7001&marart=230&seopth=HIFI-FILTRI-SO7001-FILTRO-OLIO-P550315-HIFI
H2P2,51849,FILTRO OLIO P165876,https://e-commerce.michelecaroli.com/wso/pages/user/wso0205.jsf?idaa=368669&codart=51849&marart=218&seopth=WIX-INDUSTRIAL-HD-51849-FILTRO-OLIO-P165876
H28938,P182000,"AIR FILTER, PRIMARY FINNED",https://e-commerce.michelecaroli.com/wso/pages/user/wso0205.jsf?idaa=441114&codart=P182000&marart=227&seopth=DONALDSON-FILTRI-P182000-AIR-FILTER-PRIMARY-FINNED
H28937,P182000,"AIR FILTER, PRIMARY FINNED",https://e-commerce.michelecaroli.com/wso/pages/user/wso0205.jsf?idaa=441114&codart=P182000&marart=227&seopth=DONALDSON-FILTRI-P182000-AIR-FILTER-PRIMARY-FINNED
H28896,P182000,"AIR FILTER, PRIMARY FINNED",https://e-commerce.michelecaroli.com/wso/pages/user/wso0205.jsf?idaa=441114&codart=P182000&marart=227&seopth=DONALDSON-FILTRI-P182000-AIR-FILTER-PRIMARY-FINNED
H28895,P182000,"AIR FILTER, PRIMARY FINNED",https://e-commerce.michelecaroli.com/wso/pages/user/wso0205.jsf?idaa=441114&codart=P182000&marart=227&seopth=DONALDSON-FILTRI-P182000-AIR-FILTER-PRIMARY-FINNED
H2871513M2,33358SE,FILTRO GASOLIO P553004,https://e-commerce.michelecaroli.com/wso/pages/user/wso0205.jsf?idaa=348479&codart=33358SE&marart=219&seopth=WIX-AUTO-FILTRI-33358SE-FILTRO-GASOLIO-P553004
H27122,SO595,FILTRO OLIO P550396 HIFI,https://e-commerce.michelecaroli.com/wso/pages/user/wso0205.jsf?idaa=300204&codart=SO595&marart=230&seopth=HIFI-FILTRI-SO595-FILTRO-OLIO-P550396-HIFI
H2650596,51623,FILTRO TRASMISSIONE,https://e-commerce.michelecaroli.com/wso/pages/user/wso0205.jsf?idaa=368497&codart=51623&marart=218&seopth=WIX-INDUSTRIAL-HD-51623-FILTRO-TRASMISSIONE
H2650573,57410,FILTRO OLIO,https://e-commerce.michelecaroli.com/wso/pages/user/wso0205.jsf?idaa=368850&codart=57410&marart=218&seopth=WIX-INDUSTRIAL-HD-57410-FILTRO-OLIO
H2650573,57410,FILTRO OLIO,https://e-commerce.michelecaroli.com/wso/pages/user/wso0205.jsf?idaa=368850&codart=57410&marart=218&seopth=WIX-INDUSTRIAL-HD-57410-FILTRO-OLIO
H26336,33033,PREFILTRO,https://e-commerce.michelecaroli.com/wso/pages/user/wso0205.jsf?idaa=365730&codart=33033&marart=218&seopth=WIX-INDUSTRIAL-HD-33033-PREFILTRO
H260810140200,SC50130CAM3,FILTRO PANNELLO 279/295X192/210X46,https://e-commerce.michelecaroli.com/wso/pages/user/wso0205.jsf?idaa=292722&codart=SC50130CAM3&marart=230&seopth=HIFI-FILTRI-SC50130CAM3-FILTRO-PANNELLO-279-295X192-210X46
H260810140180,SC50130,FILTRO PANNELLO 278/295X214X46/54,https://e-commerce.michelecaroli.com/wso/pages/user/wso0205.jsf?idaa=292721&codart=SC50130&marart=230&seopth=HIFI-FILTRI-SC50130-FILTRO-PANNELLO-278-295X214X46-54
H26025,51637,FILTRO OLIO,https://e-commerce.michelecaroli.com/wso/pages/user/wso0205.jsf?idaa=368510&codart=51637&marart=218&seopth=WIX-INDUSTRIAL-HD-51637-FILTRO-OLIO
H260200090110,SA16449,FILTRO ARIA P600975 SICU HIFI,https://e-commerce.michelecaroli.com/wso/pages/user/wso0205.jsf?idaa=289283&codart=SA16449&marart=230&seopth=HIFI-FILTRI-SA16449-FILTRO-ARIA-P600975-SICU-HIFI
H260200090100,87037984,FILTRO POWERCORE CNH,https://e-commerce.michelecaroli.com/wso/pages/user/wso0205.jsf?idaa=508474&codart=87037984&marart=CNH&seopth=CNH-AGRICOLTURE-87037984-FILTRO-POWERCORE-CNH
H25036,51597,FILTRO IDRAULICO,https://e-commerce.michelecaroli.com/wso/pages/user/wso0205.jsf?idaa=368475&codart=51597&marart=218&seopth=WIX-INDUSTRIAL-HD-51597-FILTRO-IDRAULICO
H250,24019,,https://e-commerce.michelecaroli.com/wso/pages/user/wso0205.jsf?idaa=365445&codart=24019&marart=218&seopth=WIX-INDUSTRIAL-HD-24019-ACCESSORI
H23013,51506,FILTRO IDRAULICO,https://e-commerce.michelecaroli.com/wso/pages/user/wso0205.jsf?idaa=368390&codart=51506&marart=218&seopth=WIX-INDUSTRIAL-HD-51506-FILTRO-IDRAULICO
H2250B,P182001,FILTRO ARIA,https://e-commerce.michelecaroli.com/wso/pages/user/wso0205.jsf?idaa=313753&codart=P182001&marart=227&seopth=DONALDSON-FILTRI-P182001-FILTRO-ARIA
H222,H222,,https://e-commerce.michelecaroli.com/wso/pages/user/wso0205.jsf?idaa=130875&codart=H222&marart=180&seopth=SKF-CUSCINETTI-H222-BUSSOLA
H220,H220,,https://e-commerce.michelecaroli.com/wso/pages/user/wso0205.jsf?idaa=130874&codart=H220&marart=180&seopth=SKF-CUSCINETTI-H220-BUSSOLA
H220,H220,,https://e-commerce.michelecaroli.com/wso/pages/user/wso0205.jsf?idaa=130874&codart=H220&marart=180&seopth=SKF-CUSCINETTI-H220-BUSSOLA
H219,H219,,https://e-commerce.michelecaroli.com/wso/pages/user/wso0205.jsf?idaa=130873&codart=H219&marart=180&seopth=SKF-CUSCINETTI-H219-BUSSOLA
H218,H218,,https://e-commerce.michelecaroli.com/wso/pages/user/wso0205.jsf?idaa=130872&codart=H218&marart=180&seopth=SKF-CUSCINETTI-H218-BUSSOLA
H218,H218,,https://e-commerce.michelecaroli.com/wso/pages/user/wso0205.jsf?idaa=130872&codart=H218&marart=180&seopth=SKF-CUSCINETTI-H218-BUSSOLA
H216,H216,,https://e-commerce.michelecaroli.com/wso/pages/user/wso0205.jsf?idaa=130870&codart=H216&marart=180&seopth=SKF-CUSCINETTI-H216-BUSSOLA
H215,H215,,https://e-commerce.michelecaroli.com/wso/pages/user/wso0205.jsf?idaa=130869&codart=H215&marart=180&seopth=SKF-CUSCINETTI-H215-BUSSOLA
H215,H215,,https://e-commerce.michelecaroli.com/wso/pages/user/wso0205.jsf?idaa=130869&codart=H215&marart=180&seopth=SKF-CUSCINETTI-H215-BUSSOLA
H214,J000222,,https://e-commerce.michelecaroli.com/wso/pages/user/wso0205.jsf?idaa=442571&codart=J000222&marart=227&seopth=DONALDSON-FILTRI-J000222-CLAMP-U-BOLT-2-25-IN-57-MM-
H211,H211,,https://e-commerce.michelecaroli.com/wso/pages/user/wso0205.jsf?idaa=130866&codart=H211&marart=180&seopth=SKF-CUSCINETTI-H211-BUSSOLA
H211,H211,,https://e-commerce.michelecaroli.com/wso/pages/user/wso0205.jsf?idaa=130866&codart=H211&marart=180&seopth=SKF-CUSCINETTI-H211-BUSSOLA
H211,H211,,https://e-commerce.michelecaroli.com/wso/pages/user/wso0205.jsf?idaa=130866&codart=H211&marart=180&seopth=SKF-CUSCINETTI-H211-BUSSOLA
H210812141101,53.081.00,FILTRO MERCEDES BENZ,https://e-commerce.michelecaroli.com/wso/pages/user/wso0205.jsf?idaa=151456&codart=53.081.00&marart=224&seopth=UFI-SOFIMA-FILTRI-53-081-00-FILTRO-MERCEDES-BENZ
H210812141101,53.081.00,FILTRO MERCEDES BENZ,https://e-commerce.michelecaroli.com/wso/pages/user/wso0205.jsf?idaa=151456&codart=53.081.00&marart=224&seopth=UFI-SOFIMA-FILTRI-53-081-00-FILTRO-MERCEDES-BENZ
H210202090100,SA16579,FILTRO ARIA P772579# HIFI,https://e-commerce.michelecaroli.com/wso/pages/user/wso0205.jsf?idaa=289365&codart=SA16579&marart=230&seopth=HIFI-FILTRI-SA16579-FILTRO-ARIA-P772579-HIFI
H210,H210,,https://e-commerce.michelecaroli.com/wso/pages/user/wso0205.jsf?idaa=130865&codart=H210&marart=180&seopth=SKF-CUSCINETTI-H210-BUSSOLA
H210,H210,,https://e-commerce.michelecaroli.com/wso/pages/user/wso0205.jsf?idaa=130865&codart=H210&marart=180&seopth=SKF-CUSCINETTI-H210-BUSSOLA
H210,H210,,https://e-commerce.michelecaroli.com/wso/pages/user/wso0205.jsf?idaa=130865&codart=H210&marart=180&seopth=SKF-CUSCINETTI-H210-BUSSOLA
H20W07,P550173,FILTRO OLIO ATTUALE P550935,https://e-commerce.michelecaroli.com/wso/pages/user/wso0205.jsf?idaa=156489&codart=P550173&marart=227&seopth=DONALDSON-FILTRI-P550173-FILTRO-OLIO-ATTUALE-P550935
H20W07,P550173,FILTRO OLIO ATTUALE P550935,https://e-commerce.michelecaroli.com/wso/pages/user/wso0205.jsf?idaa=156489&codart=P550173&marart=227&seopth=DONALDSON-FILTRI-P550173-FILTRO-OLIO-ATTUALE-P550935
H20W04,T7314,FILTRO OLIO HIFI,https://e-commerce.michelecaroli.com/wso/pages/user/wso0205.jsf?idaa=395351&codart=T7314&marart=230&seopth=HIFI-FILTRI-T7314-FILTRO-OLIO-HIFI
H20W02,P550173,FILTRO OLIO ATTUALE P550935,https://e-commerce.michelecaroli.com/wso/pages/user/wso0205.jsf?idaa=156489&codart=P550173&marart=227&seopth=DONALDSON-FILTRI-P550173-FILTRO-OLIO-ATTUALE-P550935
H20W02,P550173,FILTRO OLIO ATTUALE P550935,https://e-commerce.michelecaroli.com/wso/pages/user/wso0205.jsf?idaa=156489&codart=P550173&marart=227&seopth=DONALDSON-FILTRI-P550173-FILTRO-OLIO-ATTUALE-P550935
H20W01,51340,FILTRO OLIO,https://e-commerce.michelecaroli.com/wso/pages/user/wso0205.jsf?idaa=368268&codart=51340&marart=218&seopth=WIX-INDUSTRIAL-HD-51340-FILTRO-OLIO
H20W,P550095,FILTRO OLIO DONALDSON P55-0095 OBSO LETO,https://e-commerce.michelecaroli.com/wso/pages/user/wso0205.jsf?idaa=156453&codart=P550095&marart=227&seopth=DONALDSON-FILTRI-P550095-FILTRO-OLIO-DONALDSON-P55-0095-OBSO
H20W,P550095,FILTRO OLIO DONALDSON P55-0095 OBSO LETO,https://e-commerce.michelecaroli.com/wso/pages/user/wso0205.jsf?idaa=156453&codart=P550095&marart=227&seopth=DONALDSON-FILTRI-P550095-FILTRO-OLIO-DONALDSON-P55-0095-OBSO
H209,H209,,https://e-commerce.michelecaroli.com/wso/pages/user/wso0205.jsf?idaa=130864&codart=H209&marart=180&seopth=SKF-CUSCINETTI-H209-BUSSOLA
H209,H209,,https://e-commerce.michelecaroli.com/wso/pages/user/wso0205.jsf?idaa=130864&codart=H209&marart=180&seopth=SKF-CUSCINETTI-H209-BUSSOLA
H209,H209,,https://e-commerce.michelecaroli.com/wso/pages/user/wso0205.jsf?idaa=130864&codart=H209&marart=180&seopth=SKF-CUSCINETTI-H209-BUSSOLA
H208,H208,,https://e-commerce.michelecaroli.com/wso/pages/user/wso0205.jsf?idaa=130863&codart=H208&marart=180&seopth=SKF-CUSCINETTI-H208-BUSSOLA
H208,H208,,https://e-commerce.michelecaroli.com/wso/pages/user/wso0205.jsf?idaa=130863&codart=H208&marart=180&seopth=SKF-CUSCINETTI-H208-BUSSOLA
H208,H208,,https://e-commerce.michelecaroli.com/wso/pages/user/wso0205.jsf?idaa=130863&codart=H208&marart=180&seopth=SKF-CUSCINETTI-H208-BUSSOLA
H207,H207,,https://e-commerce.michelecaroli.com/wso/pages/user/wso0205.jsf?idaa=130862&codart=H207&marart=180&seopth=SKF-CUSCINETTI-H207-BUSSOLA
H207,H207,,https://e-commerce.michelecaroli.com/wso/pages/user/wso0205.jsf?idaa=130862&codart=H207&marart=180&seopth=SKF-CUSCINETTI-H207-BUSSOLA
H207,H207,,https://e-commerce.michelecaroli.com/wso/pages/user/wso0205.jsf?idaa=130862&codart=H207&marart=180&seopth=SKF-CUSCINETTI-H207-BUSSOLA
H206,H206,,https://e-commerce.michelecaroli.com/wso/pages/user/wso0205.jsf?idaa=130861&codart=H206&marart=180&seopth=SKF-CUSCINETTI-H206-BUSSOLA
H206,H206,,https://e-commerce.michelecaroli.com/wso/pages/user/wso0205.jsf?idaa=130861&codart=H206&marart=180&seopth=SKF-CUSCINETTI-H206-BUSSOLA
H206,H206,,https://e-commerce.michelecaroli.com/wso/pages/user/wso0205.jsf?idaa=130861&codart=H206&marart=180&seopth=SKF-CUSCINETTI-H206-BUSSOLA
H205,H205,,https://e-commerce.michelecaroli.com/wso/pages/user/wso0205.jsf?idaa=130860&codart=H205&marart=180&seopth=SKF-CUSCINETTI-H205-BUSSOLA-20X42X34-MM-
H205,H205,,https://e-commerce.michelecaroli.com/wso/pages/user/wso0205.jsf?idaa=130860&codart=H205&marart=180&seopth=SKF-CUSCINETTI-H205-BUSSOLA-20X42X34-MM-
H205,H205,,https://e-commerce.michelecaroli.com/wso/pages/user/wso0205.jsf?idaa=130860&codart=H205&marart=180&seopth=SKF-CUSCINETTI-H205-BUSSOLA-20X42X34-MM-
H204,H204,,https://e-commerce.michelecaroli.com/wso/pages/user/wso0205.jsf?idaa=130859&codart=H204&marart=180&seopth=SKF-CUSCINETTI-H204-BUSSOLA
H204,H204,,https://e-commerce.michelecaroli.com/wso/pages/user/wso0205.jsf?idaa=130859&codart=H204&marart=180&seopth=SKF-CUSCINETTI-H204-BUSSOLA
H20294,SH56387,FILTRO HYDR. P551324 HIFI,https://e-commerce.michelecaroli.com/wso/pages/user/wso0205.jsf?idaa=294164&codart=SH56387&marart=230&seopth=HIFI-FILTRI-SH56387-FILTRO-HYDR-P551324-HIFI
H20247,SH56235,FILTRO HYDR. P558467 HIFI,https://e-commerce.michelecaroli.com/wso/pages/user/wso0205.jsf?idaa=294080&codart=SH56235&marart=230&seopth=HIFI-FILTRI-SH56235-FILTRO-HYDR-P558467-HIFI
H202112,92010E,,https://e-commerce.michelecaroli.com/wso/pages/user/wso0205.jsf?idaa=369177&codart=92010E&marart=218&seopth=WIX-INDUSTRIAL-HD-92010E-FILTRO-IDRAULICO
H20120,P550159,FILTRO OLIO DONALDSON P55-0159,https://e-commerce.michelecaroli.com/wso/pages/user/wso0205.jsf?idaa=156482&codart=P550159&marart=227&seopth=DONALDSON-FILTRI-P550159-FILTRO-OLIO-DONALDSON-P55-0159
H200W02,SO3730,FILTRO OLIO P550490 HIFI,https://e-commerce.michelecaroli.com/wso/pages/user/wso0205.jsf?idaa=300117&codart=SO3730&marart=230&seopth=HIFI-FILTRI-SO3730-FILTRO-OLIO-P550490-HIFI
H19W,SO4154,FILTRO OLIO P550362 HIFI,https://e-commerce.michelecaroli.com/wso/pages/user/wso0205.jsf?idaa=300144&codart=SO4154&marart=230&seopth=HIFI-FILTRI-SO4154-FILTRO-OLIO-P550362-HIFI
H19W,SO4154,FILTRO OLIO P550362 HIFI,https://e-commerce.michelecaroli.com/wso/pages/user/wso0205.jsf?idaa=300144&codart=SO4154&marart=230&seopth=HIFI-FILTRI-SO4154-FILTRO-OLIO-P550362-HIFI
H198810904100,SC50020CAG,FILTRO PANNELLO 600X105X45/55,https://e-commerce.michelecaroli.com/wso/pages/user/wso0205.jsf?idaa=291830&codart=SC50020CAG&marart=230&seopth=HIFI-FILTRI-SC50020CAG-FILTRO-PANNELLO-600X105X45-55
H198810904100,SC50020CAG,FILTRO PANNELLO 600X105X45/55,https://e-commerce.michelecaroli.com/wso/pages/user/wso0205.jsf?idaa=291830&codart=SC50020CAG&marart=230&seopth=HIFI-FILTRI-SC50020CAG-FILTRO-PANNELLO-600X105X45-55
H1966553,51858,FILTRO OLIO# P550148,https://e-commerce.michelecaroli.com/wso/pages/user/wso0205.jsf?idaa=368676&codart=51858&marart=218&seopth=WIX-INDUSTRIAL-HD-51858-FILTRO-OLIO-P550148
H1950568,H000887,,https://e-commerce.michelecaroli.com/wso/pages/user/wso0205.jsf?idaa=442504&codart=H000887&marart=227&seopth=DONALDSON-FILTRI-H000887-PRE-CLEANER-BODY-ASSEMBLY
H1932,SH56147,FILTRO HYDR. P559740 HIFI,https://e-commerce.michelecaroli.com/wso/pages/user/wso0205.jsf?idaa=294034&codart=SH56147&marart=230&seopth=HIFI-FILTRI-SH56147-FILTRO-HYDR-P559740-HIFI
H193,SH56147,FILTRO HYDR. P559740 HIFI,https://e-commerce.michelecaroli.com/wso/pages/user/wso0205.jsf?idaa=294034&codart=SH56147&marart=230&seopth=HIFI-FILTRI-SH56147-FILTRO-HYDR-P559740-HIFI
H1903,P105544,GOMITO 45 GRADI DIAM.46 MM.,https://e-commerce.michelecaroli.com/wso/pages/user/wso0205.jsf?idaa=443003&codart=P105544&marart=227&seopth=DONALDSON-FILTRI-P105544-GOMITO-45-GRADI-DIAM-46-MM-
H18WK01,24.309.00,FILTRO NAFTA DAF,https://e-commerce.michelecaroli.com/wso/pages/user/wso0205.jsf?idaa=148897&codart=24.309.00&marart=UFIHD&seopth=UFI-HD-24-309-00-FILTRO-NAFTA-DAF
H18WD02,SP-816,FILTRO OLIO ALCO,https://e-commerce.michelecaroli.com/wso/pages/user/wso0205.jsf?idaa=466316&codart=SP-816&marart=ALCO&seopth=ALCO-SP-816-FILTRO-OLIO-ALCO
H18W03,SO040,FILTRO OLIO P553771# HIFI,https://e-commerce.michelecaroli.com/wso/pages/user/wso0205.jsf?idaa=300659&codart=SO040&marart=230&seopth=HIFI-FILTRI-SO040-FILTRO-OLIO-P553771-HIFI
H18W03,SO040,FILTRO OLIO P553771# HIFI,https://e-commerce.michelecaroli.com/wso/pages/user/wso0205.jsf?idaa=300659&codart=SO040&marart=230&seopth=HIFI-FILTRI-SO040-FILTRO-OLIO-P553771-HIFI
H18W,SH56255,FILTRO HYDR. P763577 HIFI,https://e-commerce.michelecaroli.com/wso/pages/user/wso0205.jsf?idaa=294092&codart=SH56255&marart=230&seopth=HIFI-FILTRI-SH56255-FILTRO-HYDR-P763577-HIFI
H18W,SH56255,FILTRO HYDR. P763577 HIFI,https://e-commerce.michelecaroli.com/wso/pages/user/wso0205.jsf?idaa=294092&codart=SH56255&marart=230&seopth=HIFI-FILTRI-SH56255-FILTRO-HYDR-P763577-HIFI
H187472,MD-7530S,FILTRO ARIA,https://e-commerce.michelecaroli.com/wso/pages/user/wso0205.jsf?idaa=464315&codart=MD-7530S&marart=ALCO&seopth=ALCO-MD-7530S-FILTRO-ARIA
H181W,SO040,FILTRO OLIO P553771# HIFI,https://e-commerce.michelecaroli.com/wso/pages/user/wso0205.jsf?idaa=300659&codart=SO040&marart=230&seopth=HIFI-FILTRI-SO040-FILTRO-OLIO-P553771-HIFI
H18180,SH56133,FILTRO HYDR. P556700 HIFI,https://e-commerce.michelecaroli.com/wso/pages/user/wso0205.jsf?idaa=399778&codart=SH56133&marart=230&seopth=HIFI-FILTRI-SH56133-FILTRO-HYDR-P556700-HIFI
H180H,92010E,,https://e-commerce.michelecaroli.com/wso/pages/user/wso0205.jsf?idaa=369177&codart=92010E&marart=218&seopth=WIX-INDUSTRIAL-HD-92010E-FILTRO-IDRAULICO
H1808896,SO3316,FILTRO OLIO P555616 HIFI,https://e-commerce.michelecaroli.com/wso/pages/user/wso0205.jsf?idaa=300885&codart=SO3316&marart=230&seopth=HIFI-FILTRI-SO3316-FILTRO-OLIO-P555616-HIFI
H17WK01,SO654,FILTRO OLIO P555680 HIFI,https://e-commerce.michelecaroli.com/wso/pages/user/wso0205.jsf?idaa=300363&codart=SO654&marart=230&seopth=HIFI-FILTRI-SO654-FILTRO-OLIO-P555680-HIFI
H17WD04,86.008.00,,https://e-commerce.michelecaroli.com/wso/pages/user/wso0205.jsf?idaa=370140&codart=86.008.00&marart=UFIHD&seopth=UFI-HD-86-008-00-FILTRO
H17W15,SO7152,FILTRO OLIO HIFI,https://e-commerce.michelecaroli.com/wso/pages/user/wso0205.jsf?idaa=301281&codart=SO7152&marart=230&seopth=HIFI-FILTRI-SO7152-FILTRO-OLIO-HIFI
H17W10,SP-856,FILTRO OLIO ALCO,https://e-commerce.michelecaroli.com/wso/pages/user/wso0205.jsf?idaa=466345&codart=SP-856&marart=ALCO&seopth=ALCO-SP-856-FILTRO-OLIO-ALCO
H17W,SO580,FILTRO OLIO P550008# HIFI,https://e-commerce.michelecaroli.com/wso/pages/user/wso0205.jsf?idaa=300199&codart=SO580&marart=230&seopth=HIFI-FILTRI-SO580-FILTRO-OLIO-P550008-HIFI
H17W,SO580,FILTRO OLIO P550008# HIFI,https://e-commerce.michelecaroli.com/wso/pages/user/wso0205.jsf?idaa=300199&codart=SO580&marart=230&seopth=HIFI-FILTRI-SO580-FILTRO-OLIO-P550008-HIFI
