Code searched,Matched code,Part Category on Michele,Link to Michele product
HF807,51628,FILTRO IDRAULICO,https://e-commerce.michelecaroli.com/wso/pages/user/wso0205.jsf?idaa=368501&codart=51628&marart=218&seopth=WIX-INDUSTRIAL-HD-51628-FILTRO-IDRAULICO
HF8069,51686,FILTRO IDRAULICO,https://e-commerce.michelecaroli.com/wso/pages/user/wso0205.jsf?idaa=368552&codart=51686&marart=218&seopth=WIX-INDUSTRIAL-HD-51686-FILTRO-IDRAULICO
HF8068,P167842,,https://e-commerce.michelecaroli.com/wso/pages/user/wso0205.jsf?idaa=313726&codart=P167842&marart=227&seopth=DONALDSON-FILTRI-P167842-SOSTITUITO-P164594
HF8067,51694,FILTRO IDRAULICO,https://e-commerce.michelecaroli.com/wso/pages/user/wso0205.jsf?idaa=368559&codart=51694&marart=218&seopth=WIX-INDUSTRIAL-HD-51694-FILTRO-IDRAULICO
HF8066,P566207,"HYDRAULIC FILTER, CARTRIDGE DT",https://e-commerce.michelecaroli.com/wso/pages/user/wso0205.jsf?idaa=441749&codart=P566207&marart=227&seopth=DONALDSON-FILTRI-P566207-HYDRAULIC-FILTER-CARTRIDGE-DT
HF8065,P164592,FILTRO HYDR.DONALDSON P16-4592,https://e-commerce.michelecaroli.com/wso/pages/user/wso0205.jsf?idaa=154928&codart=P164592&marart=227&seopth=DONALDSON-FILTRI-P164592-FILTRO-HYDR-DONALDSON-P16-4592
HF806,51236,FILTRO IDRAULICO,https://e-commerce.michelecaroli.com/wso/pages/user/wso0205.jsf?idaa=368199&codart=51236&marart=218&seopth=WIX-INDUSTRIAL-HD-51236-FILTRO-IDRAULICO
HF802,51679,FILTRO IDRAULICO,https://e-commerce.michelecaroli.com/wso/pages/user/wso0205.jsf?idaa=368546&codart=51679&marart=218&seopth=WIX-INDUSTRIAL-HD-51679-FILTRO-IDRAULICO
HF800,51865,FILTRO OLIO,https://e-commerce.michelecaroli.com/wso/pages/user/wso0205.jsf?idaa=368683&codart=51865&marart=218&seopth=WIX-INDUSTRIAL-HD-51865-FILTRO-OLIO
HF7995,SH56361,FILTRO HYDR. HIFI,https://e-commerce.michelecaroli.com/wso/pages/user/wso0205.jsf?idaa=294144&codart=SH56361&marart=230&seopth=HIFI-FILTRI-SH56361-FILTRO-HYDR-HIFI
HF7988,51178,,https://e-commerce.michelecaroli.com/wso/pages/user/wso0205.jsf?idaa=368161&codart=51178&marart=218&seopth=WIX-INDUSTRIAL-HD-51178-FILTRO-IDRAULICO
HF798,51605,FILTRO IDRAULICO,https://e-commerce.michelecaroli.com/wso/pages/user/wso0205.jsf?idaa=368481&codart=51605&marart=218&seopth=WIX-INDUSTRIAL-HD-51605-FILTRO-IDRAULICO
HF797,51533,FILTRO IDRAULICO,https://e-commerce.michelecaroli.com/wso/pages/user/wso0205.jsf?idaa=368416&codart=51533&marart=218&seopth=WIX-INDUSTRIAL-HD-51533-FILTRO-IDRAULICO
HF7962,SH56231,FILTRO HYDR. P172460 HIFI,https://e-commerce.michelecaroli.com/wso/pages/user/wso0205.jsf?idaa=294078&codart=SH56231&marart=230&seopth=HIFI-FILTRI-SH56231-FILTRO-HYDR-P172460-HIFI
HF7962,SH56231,FILTRO HYDR. P172460 HIFI,https://e-commerce.michelecaroli.com/wso/pages/user/wso0205.jsf?idaa=294078&codart=SH56231&marart=230&seopth=HIFI-FILTRI-SH56231-FILTRO-HYDR-P172460-HIFI
HF796,P550082,FILTRO HYDR.DONALDSON P55-0082,https://e-commerce.michelecaroli.com/wso/pages/user/wso0205.jsf?idaa=156442&codart=P550082&marart=227&seopth=DONALDSON-FILTRI-P550082-FILTRO-HYDR-DONALDSON-P55-0082
HF7956,P502215,FILTRO HYDR.DONALDSON P50-2215,https://e-commerce.michelecaroli.com/wso/pages/user/wso0205.jsf?idaa=156048&codart=P502215&marart=227&seopth=DONALDSON-FILTRI-P502215-FILTRO-HYDR-DONALDSON-P50-2215
HF7956,P502215,FILTRO HYDR.DONALDSON P50-2215,https://e-commerce.michelecaroli.com/wso/pages/user/wso0205.jsf?idaa=156048&codart=P502215&marart=227&seopth=DONALDSON-FILTRI-P502215-FILTRO-HYDR-DONALDSON-P50-2215
HF795,51534,FILTRO IDRAULICO,https://e-commerce.michelecaroli.com/wso/pages/user/wso0205.jsf?idaa=368417&codart=51534&marart=218&seopth=WIX-INDUSTRIAL-HD-51534-FILTRO-IDRAULICO
HF7949,SH62027,FILTRO HYDR. HIFI,https://e-commerce.michelecaroli.com/wso/pages/user/wso0205.jsf?idaa=294851&codart=SH62027&marart=230&seopth=HIFI-FILTRI-SH62027-FILTRO-HYDR-HIFI
HF794,SH56387,FILTRO HYDR. P551324 HIFI,https://e-commerce.michelecaroli.com/wso/pages/user/wso0205.jsf?idaa=294164&codart=SH56387&marart=230&seopth=HIFI-FILTRI-SH56387-FILTRO-HYDR-P551324-HIFI
HF7936N1,P551019,FILTRO OLIO,https://e-commerce.michelecaroli.com/wso/pages/user/wso0205.jsf?idaa=313777&codart=P551019&marart=227&seopth=DONALDSON-FILTRI-P551019-FILTRO-OLIO
HF793,51204,FILTRO TRASMISSIONE,https://e-commerce.michelecaroli.com/wso/pages/user/wso0205.jsf?idaa=368181&codart=51204&marart=218&seopth=WIX-INDUSTRIAL-HD-51204-FILTRO-TRASMISSIONE
HF7926,SH56387,FILTRO HYDR. P551324 HIFI,https://e-commerce.michelecaroli.com/wso/pages/user/wso0205.jsf?idaa=294164&codart=SH56387&marart=230&seopth=HIFI-FILTRI-SH56387-FILTRO-HYDR-P551324-HIFI
HF792,P550159,FILTRO OLIO DONALDSON P55-0159,https://e-commerce.michelecaroli.com/wso/pages/user/wso0205.jsf?idaa=156482&codart=P550159&marart=227&seopth=DONALDSON-FILTRI-P550159-FILTRO-OLIO-DONALDSON-P55-0159
HF7918,P551245,FILTRO HYDRAULICO DONALDSON P551245,https://e-commerce.michelecaroli.com/wso/pages/user/wso0205.jsf?idaa=156941&codart=P551245&marart=227&seopth=DONALDSON-FILTRI-P551245-FILTRO-HYDRAULICO-DONALDSON-P551245
HF791,SH56251,FILTRO OLIO P550816 HIFI,https://e-commerce.michelecaroli.com/wso/pages/user/wso0205.jsf?idaa=399783&codart=SH56251&marart=230&seopth=HIFI-FILTRI-SH56251-FILTRO-OLIO-P550816-HIFI
HF7908,SH63327,FILTRO HYDR. P173065 HIFI EX CR330 /3,https://e-commerce.michelecaroli.com/wso/pages/user/wso0205.jsf?idaa=295277&codart=SH63327&marart=230&seopth=HIFI-FILTRI-SH63327-FILTRO-HYDR-P173065-HIFI-EX-CR330
HF7907,SH630221,FILTRO HYDR. HIFI EX CR220/3 EQUIVALENTE DONALDSON P171594,https://e-commerce.michelecaroli.com/wso/pages/user/wso0205.jsf?idaa=378535&codart=SH630221&marart=230&seopth=HIFI-FILTRI-SH630221-FILTRO-HYDR-HIFI-EX-CR220-3
HF790,SH56210,,https://e-commerce.michelecaroli.com/wso/pages/user/wso0205.jsf?idaa=294065&codart=SH56210&marart=230&seopth=HIFI-FILTRI-SH56210-FILTRO-HYDR-HIFI
HF789,51858,FILTRO OLIO# P550148,https://e-commerce.michelecaroli.com/wso/pages/user/wso0205.jsf?idaa=368676&codart=51858&marart=218&seopth=WIX-INDUSTRIAL-HD-51858-FILTRO-OLIO-P550148
HF7847,SH60008,FILTRO HYDR. P550083 HIFI SAKURA H-5401,https://e-commerce.michelecaroli.com/wso/pages/user/wso0205.jsf?idaa=295154&codart=SH60008&marart=230&seopth=HIFI-FILTRI-SH60008-FILTRO-HYDR-P550083-HIFI
HF7842,51524,FILTRO OLIO,https://e-commerce.michelecaroli.com/wso/pages/user/wso0205.jsf?idaa=368407&codart=51524&marart=218&seopth=WIX-INDUSTRIAL-HD-51524-FILTRO-OLIO
HF7840,51654,FILTRO IDRAULICO,https://e-commerce.michelecaroli.com/wso/pages/user/wso0205.jsf?idaa=368525&codart=51654&marart=218&seopth=WIX-INDUSTRIAL-HD-51654-FILTRO-IDRAULICO
HF7839,SH60048,FILTRO HYDR. HIFI,https://e-commerce.michelecaroli.com/wso/pages/user/wso0205.jsf?idaa=295191&codart=SH60048&marart=230&seopth=HIFI-FILTRI-SH60048-FILTRO-HYDR-HIFI
HF7838,SH60047,FILTRO HYDR. HIFI,https://e-commerce.michelecaroli.com/wso/pages/user/wso0205.jsf?idaa=295190&codart=SH60047&marart=230&seopth=HIFI-FILTRI-SH60047-FILTRO-HYDR-HIFI
HF7833,57663,,https://e-commerce.michelecaroli.com/wso/pages/user/wso0205.jsf?idaa=368908&codart=57663&marart=218&seopth=WIX-INDUSTRIAL-HD-57663-FILTRO-IDRAULICO
HF783,51653,FILTRO OLIO,https://e-commerce.michelecaroli.com/wso/pages/user/wso0205.jsf?idaa=368524&codart=51653&marart=218&seopth=WIX-INDUSTRIAL-HD-51653-FILTRO-OLIO
HF7827,58917,FILTRO TRASMISSIONE,https://e-commerce.michelecaroli.com/wso/pages/user/wso0205.jsf?idaa=368725&codart=58917&marart=218&seopth=WIX-INDUSTRIAL-HD-58917-FILTRO-TRASMISSIONE
HF7797,51466,FILTRO IDRAULICO,https://e-commerce.michelecaroli.com/wso/pages/user/wso0205.jsf?idaa=368361&codart=51466&marart=218&seopth=WIX-INDUSTRIAL-HD-51466-FILTRO-IDRAULICO
HF7792,SH57093,FILTRO HYDR. P165136 HIFI,https://e-commerce.michelecaroli.com/wso/pages/user/wso0205.jsf?idaa=295029&codart=SH57093&marart=230&seopth=HIFI-FILTRI-SH57093-FILTRO-HYDR-P165136-HIFI
HF7789,57126,FILTRO OLIO,https://e-commerce.michelecaroli.com/wso/pages/user/wso0205.jsf?idaa=369450&codart=57126&marart=218&seopth=WIX-INDUSTRIAL-HD-57126-FILTRO-OLIO
HF7783,P169561,"HYDRAULIC FILTER, CARTRIDGE",https://e-commerce.michelecaroli.com/wso/pages/user/wso0205.jsf?idaa=441011&codart=P169561&marart=227&seopth=DONALDSON-FILTRI-P169561-HYDRAULIC-FILTER-CARTRIDGE
HF778,P167514,FILTRO HYDR.DONALDSON P16-7514,https://e-commerce.michelecaroli.com/wso/pages/user/wso0205.jsf?idaa=155015&codart=P167514&marart=227&seopth=DONALDSON-FILTRI-P167514-FILTRO-HYDR-DONALDSON-P16-7514
HF7779,P169558,"HYDRAULIC FILTER, CARTRIDGE",https://e-commerce.michelecaroli.com/wso/pages/user/wso0205.jsf?idaa=441009&codart=P169558&marart=227&seopth=DONALDSON-FILTRI-P169558-HYDRAULIC-FILTER-CARTRIDGE
HF777,51668,FILTRO IDRAULICO,https://e-commerce.michelecaroli.com/wso/pages/user/wso0205.jsf?idaa=368536&codart=51668&marart=218&seopth=WIX-INDUSTRIAL-HD-51668-FILTRO-IDRAULICO
HF7768,P169553,"HYDRAULIC FILTER, CARTRIDGE",https://e-commerce.michelecaroli.com/wso/pages/user/wso0205.jsf?idaa=441008&codart=P169553&marart=227&seopth=DONALDSON-FILTRI-P169553-HYDRAULIC-FILTER-CARTRIDGE
HF7765,P169553,"HYDRAULIC FILTER, CARTRIDGE",https://e-commerce.michelecaroli.com/wso/pages/user/wso0205.jsf?idaa=441008&codart=P169553&marart=227&seopth=DONALDSON-FILTRI-P169553-HYDRAULIC-FILTER-CARTRIDGE
HF7751,P171244,"HYDRAULIC FILTER, CARTRIDGE",https://e-commerce.michelecaroli.com/wso/pages/user/wso0205.jsf?idaa=441027&codart=P171244&marart=227&seopth=DONALDSON-FILTRI-P171244-HYDRAULIC-FILTER-CARTRIDGE
HF775,SO654,FILTRO OLIO P555680 HIFI,https://e-commerce.michelecaroli.com/wso/pages/user/wso0205.jsf?idaa=300363&codart=SO654&marart=230&seopth=HIFI-FILTRI-SO654-FILTRO-OLIO-P555680-HIFI
HF774,51274,FILTRO IDRAULICO,https://e-commerce.michelecaroli.com/wso/pages/user/wso0205.jsf?idaa=368224&codart=51274&marart=218&seopth=WIX-INDUSTRIAL-HD-51274-FILTRO-IDRAULICO
HF773,P171279,FILTRO HYDR.DONALDSON P17-1279,https://e-commerce.michelecaroli.com/wso/pages/user/wso0205.jsf?idaa=155128&codart=P171279&marart=227&seopth=DONALDSON-FILTRI-P171279-FILTRO-HYDR-DONALDSON-P17-1279
HF7729,P166204,"HYDRAULIC FILTER, CARTRIDGE",https://e-commerce.michelecaroli.com/wso/pages/user/wso0205.jsf?idaa=440978&codart=P166204&marart=227&seopth=DONALDSON-FILTRI-P166204-HYDRAULIC-FILTER-CARTRIDGE
HF7724,P170095,FILTRO IDRAULICO,https://e-commerce.michelecaroli.com/wso/pages/user/wso0205.jsf?idaa=155074&codart=P170095&marart=227&seopth=DONALDSON-FILTRI-P170095-FILTRO-IDRAULICO
HF772,51529,FILTRO IDRAULICO,https://e-commerce.michelecaroli.com/wso/pages/user/wso0205.jsf?idaa=368412&codart=51529&marart=218&seopth=WIX-INDUSTRIAL-HD-51529-FILTRO-IDRAULICO
HF771,P161010,FILTRO IDRAULICO,https://e-commerce.michelecaroli.com/wso/pages/user/wso0205.jsf?idaa=311846&codart=P161010&marart=227&seopth=DONALDSON-FILTRI-P161010-FILTRO-IDRAULICO
HF7705,SH51017,FILTRO HYDR. HIFI,https://e-commerce.michelecaroli.com/wso/pages/user/wso0205.jsf?idaa=293045&codart=SH51017&marart=230&seopth=HIFI-FILTRI-SH51017-FILTRO-HYDR-HIFI
HF770,SH56760,FILTRO HYDR. P550388 HIFI GILBARCO 140845093,https://e-commerce.michelecaroli.com/wso/pages/user/wso0205.jsf?idaa=294222&codart=SH56760&marart=230&seopth=HIFI-FILTRI-SH56760-FILTRO-HYDR-P550388-HIFI
HF769,51861,FILTRO OLIO,https://e-commerce.michelecaroli.com/wso/pages/user/wso0205.jsf?idaa=368679&codart=51861&marart=218&seopth=WIX-INDUSTRIAL-HD-51861-FILTRO-OLIO
HF767,51408,FILTRO IDRAULICO,https://e-commerce.michelecaroli.com/wso/pages/user/wso0205.jsf?idaa=368312&codart=51408&marart=218&seopth=WIX-INDUSTRIAL-HD-51408-FILTRO-IDRAULICO
HF766,51639,FILTRO IDRAULICO,https://e-commerce.michelecaroli.com/wso/pages/user/wso0205.jsf?idaa=368512&codart=51639&marart=218&seopth=WIX-INDUSTRIAL-HD-51639-FILTRO-IDRAULICO
HF763,51679,FILTRO IDRAULICO,https://e-commerce.michelecaroli.com/wso/pages/user/wso0205.jsf?idaa=368546&codart=51679&marart=218&seopth=WIX-INDUSTRIAL-HD-51679-FILTRO-IDRAULICO
HF761,51134,FILTRO IDRAULICO,https://e-commerce.michelecaroli.com/wso/pages/user/wso0205.jsf?idaa=368126&codart=51134&marart=218&seopth=WIX-INDUSTRIAL-HD-51134-FILTRO-IDRAULICO
HF758,51407XE,FILTRO IDRAULICO,https://e-commerce.michelecaroli.com/wso/pages/user/wso0205.jsf?idaa=369116&codart=51407XE&marart=218&seopth=WIX-INDUSTRIAL-HD-51407XE-FILTRO-IDRAULICO
HF757,51407XE,FILTRO IDRAULICO,https://e-commerce.michelecaroli.com/wso/pages/user/wso0205.jsf?idaa=369116&codart=51407XE&marart=218&seopth=WIX-INDUSTRIAL-HD-51407XE-FILTRO-IDRAULICO
HF756,51407XE,FILTRO IDRAULICO,https://e-commerce.michelecaroli.com/wso/pages/user/wso0205.jsf?idaa=369116&codart=51407XE&marart=218&seopth=WIX-INDUSTRIAL-HD-51407XE-FILTRO-IDRAULICO
HF755,51194,FILTRO IDRAULICO,https://e-commerce.michelecaroli.com/wso/pages/user/wso0205.jsf?idaa=368171&codart=51194&marart=218&seopth=WIX-INDUSTRIAL-HD-51194-FILTRO-IDRAULICO
HF7544,51566,FILTRO IDRAULICO,https://e-commerce.michelecaroli.com/wso/pages/user/wso0205.jsf?idaa=368446&codart=51566&marart=218&seopth=WIX-INDUSTRIAL-HD-51566-FILTRO-IDRAULICO
HF7544,51566,FILTRO IDRAULICO,https://e-commerce.michelecaroli.com/wso/pages/user/wso0205.jsf?idaa=368446&codart=51566&marart=218&seopth=WIX-INDUSTRIAL-HD-51566-FILTRO-IDRAULICO
HF7543,SH61000,FILTRO HYDR. HIFI,https://e-commerce.michelecaroli.com/wso/pages/user/wso0205.jsf?idaa=294805&codart=SH61000&marart=230&seopth=HIFI-FILTRI-SH61000-FILTRO-HYDR-HIFI
HF752,51529,FILTRO IDRAULICO,https://e-commerce.michelecaroli.com/wso/pages/user/wso0205.jsf?idaa=368412&codart=51529&marart=218&seopth=WIX-INDUSTRIAL-HD-51529-FILTRO-IDRAULICO
HF7519,P166136,FILTRO HYDR.DONALDSON P16-6136,https://e-commerce.michelecaroli.com/wso/pages/user/wso0205.jsf?idaa=154987&codart=P166136&marart=227&seopth=DONALDSON-FILTRI-P166136-FILTRO-HYDR-DONALDSON-P16-6136
HF7519,P166136,FILTRO HYDR.DONALDSON P16-6136,https://e-commerce.michelecaroli.com/wso/pages/user/wso0205.jsf?idaa=154987&codart=P166136&marart=227&seopth=DONALDSON-FILTRI-P166136-FILTRO-HYDR-DONALDSON-P16-6136
HF7518,SH87099,FILTRO IDRAULICO HIFI,https://e-commerce.michelecaroli.com/wso/pages/user/wso0205.jsf?idaa=471640&codart=SH87099&marart=230&seopth=HIFI-FILTRI-SH87099-FILTRO-IDRAULICO-HIFI
HF750,51529,FILTRO IDRAULICO,https://e-commerce.michelecaroli.com/wso/pages/user/wso0205.jsf?idaa=368412&codart=51529&marart=218&seopth=WIX-INDUSTRIAL-HD-51529-FILTRO-IDRAULICO
HF7483,57863,FILTRO OLIO,https://e-commerce.michelecaroli.com/wso/pages/user/wso0205.jsf?idaa=367737&codart=57863&marart=218&seopth=WIX-INDUSTRIAL-HD-57863-FILTRO-OLIO
HF748,51508,FILTRO IDRAULICO,https://e-commerce.michelecaroli.com/wso/pages/user/wso0205.jsf?idaa=368392&codart=51508&marart=218&seopth=WIX-INDUSTRIAL-HD-51508-FILTRO-IDRAULICO
HF7476,P164598,FILTRO HYDR.DONALDSON P16-4598,https://e-commerce.michelecaroli.com/wso/pages/user/wso0205.jsf?idaa=154931&codart=P164598&marart=227&seopth=DONALDSON-FILTRI-P164598-FILTRO-HYDR-DONALDSON-P16-4598
HF7474,P166255,FILTRO HYDR.DONALDSON P16-6255,https://e-commerce.michelecaroli.com/wso/pages/user/wso0205.jsf?idaa=154990&codart=P166255&marart=227&seopth=DONALDSON-FILTRI-P166255-FILTRO-HYDR-DONALDSON-P16-6255
HF7472,51692,FILTRO IDRAULICO,https://e-commerce.michelecaroli.com/wso/pages/user/wso0205.jsf?idaa=368557&codart=51692&marart=218&seopth=WIX-INDUSTRIAL-HD-51692-FILTRO-IDRAULICO
HF7471,P164369,FILTRO HYDRAULICO ATTUALE P164174,https://e-commerce.michelecaroli.com/wso/pages/user/wso0205.jsf?idaa=154916&codart=P164369&marart=227&seopth=DONALDSON-FILTRI-P164369-FILTRO-HYDRAULICO-ATTUALE-P164174
HF7470,P164365,FILTRO HYDRA. ATTUALE P566212,https://e-commerce.michelecaroli.com/wso/pages/user/wso0205.jsf?idaa=154915&codart=P164365&marart=227&seopth=DONALDSON-FILTRI-P164365-FILTRO-HYDRA-ATTUALE-P566212
HF747,P558877,FILTRO HYDR.DONALDSON P55-8877,https://e-commerce.michelecaroli.com/wso/pages/user/wso0205.jsf?idaa=157197&codart=P558877&marart=227&seopth=DONALDSON-FILTRI-P558877-FILTRO-HYDR-DONALDSON-P55-8877
HF7466,P164364,FILTRO IDRAULICO,https://e-commerce.michelecaroli.com/wso/pages/user/wso0205.jsf?idaa=154914&codart=P164364&marart=227&seopth=DONALDSON-FILTRI-P164364-FILTRO-IDRAULICO
HF7451,SH87130V,,https://e-commerce.michelecaroli.com/wso/pages/user/wso0205.jsf?idaa=438645&codart=SH87130V&marart=230&seopth=HIFI-FILTRI-SH87130V-FILTRO
HF7450,57858,FILTRO OLIO,https://e-commerce.michelecaroli.com/wso/pages/user/wso0205.jsf?idaa=367732&codart=57858&marart=218&seopth=WIX-INDUSTRIAL-HD-57858-FILTRO-OLIO
HF7449,P167181,FILTRO HYDR.DONALDSON PI6-7181,https://e-commerce.michelecaroli.com/wso/pages/user/wso0205.jsf?idaa=154997&codart=P167181&marart=227&seopth=DONALDSON-FILTRI-P167181-FILTRO-HYDR-DONALDSON-PI6-7181
HF7448,SH87123V,,https://e-commerce.michelecaroli.com/wso/pages/user/wso0205.jsf?idaa=395231&codart=SH87123V&marart=230&seopth=HIFI-FILTRI-SH87123V-FILRTO-HYDR-P167180-HIFI
HF7442,SH76021,FILTRO HYDR. HIFI,https://e-commerce.michelecaroli.com/wso/pages/user/wso0205.jsf?idaa=298182&codart=SH76021&marart=230&seopth=HIFI-FILTRI-SH76021-FILTRO-HYDR-HIFI
HF744,51559,FILTRO IDRAULICO,https://e-commerce.michelecaroli.com/wso/pages/user/wso0205.jsf?idaa=368439&codart=51559&marart=218&seopth=WIX-INDUSTRIAL-HD-51559-FILTRO-IDRAULICO
HF743,51133,FILTRO OLIO# P550132,https://e-commerce.michelecaroli.com/wso/pages/user/wso0205.jsf?idaa=368125&codart=51133&marart=218&seopth=WIX-INDUSTRIAL-HD-51133-FILTRO-OLIO-P550132
HF742,51866,FILTRO OLIO,https://e-commerce.michelecaroli.com/wso/pages/user/wso0205.jsf?idaa=368684&codart=51866&marart=218&seopth=WIX-INDUSTRIAL-HD-51866-FILTRO-OLIO
HF741,51637,FILTRO OLIO,https://e-commerce.michelecaroli.com/wso/pages/user/wso0205.jsf?idaa=368510&codart=51637&marart=218&seopth=WIX-INDUSTRIAL-HD-51637-FILTRO-OLIO
HF740,SH56757,FILTRO HYDR. P165762 HIFI,https://e-commerce.michelecaroli.com/wso/pages/user/wso0205.jsf?idaa=294221&codart=SH56757&marart=230&seopth=HIFI-FILTRI-SH56757-FILTRO-HYDR-P165762-HIFI
HF739,51253,FILTRO IDRAULICO,https://e-commerce.michelecaroli.com/wso/pages/user/wso0205.jsf?idaa=368210&codart=51253&marart=218&seopth=WIX-INDUSTRIAL-HD-51253-FILTRO-IDRAULICO
HF738,SH56760,FILTRO HYDR. P550388 HIFI GILBARCO 140845093,https://e-commerce.michelecaroli.com/wso/pages/user/wso0205.jsf?idaa=294222&codart=SH56760&marart=230&seopth=HIFI-FILTRI-SH56760-FILTRO-HYDR-P550388-HIFI
HF7351,SH57401,FILTRO HYDR. HIFI,https://e-commerce.michelecaroli.com/wso/pages/user/wso0205.jsf?idaa=295088&codart=SH57401&marart=230&seopth=HIFI-FILTRI-SH57401-FILTRO-HYDR-HIFI
HF734,51663,FILTRO HYDRAULICO P556005,https://e-commerce.michelecaroli.com/wso/pages/user/wso0205.jsf?idaa=368531&codart=51663&marart=218&seopth=WIX-INDUSTRIAL-HD-51663-FILTRO-HYDRAULICO-P556005
HF7339,51434,FILTRO IDRAULICO,https://e-commerce.michelecaroli.com/wso/pages/user/wso0205.jsf?idaa=368332&codart=51434&marart=218&seopth=WIX-INDUSTRIAL-HD-51434-FILTRO-IDRAULICO
HF7331,P566270,"HYDRAULIC FILTER, CARTRIDGE DT",https://e-commerce.michelecaroli.com/wso/pages/user/wso0205.jsf?idaa=441801&codart=P566270&marart=227&seopth=DONALDSON-FILTRI-P566270-HYDRAULIC-FILTER-CARTRIDGE-DT
HF733,51663,FILTRO HYDRAULICO P556005,https://e-commerce.michelecaroli.com/wso/pages/user/wso0205.jsf?idaa=368531&codart=51663&marart=218&seopth=WIX-INDUSTRIAL-HD-51663-FILTRO-HYDRAULICO-P556005
HF732,51553,FILTRO IDRAULICO,https://e-commerce.michelecaroli.com/wso/pages/user/wso0205.jsf?idaa=368434&codart=51553&marart=218&seopth=WIX-INDUSTRIAL-HD-51553-FILTRO-IDRAULICO
HF7318,57316,FILTRO OLIO,https://e-commerce.michelecaroli.com/wso/pages/user/wso0205.jsf?idaa=368817&codart=57316&marart=218&seopth=WIX-INDUSTRIAL-HD-57316-FILTRO-OLIO
HF7317,SH57367,,https://e-commerce.michelecaroli.com/wso/pages/user/wso0205.jsf?idaa=438576&codart=SH57367&marart=230&seopth=HIFI-FILTRI-SH57367-FILTRO
HF7313,SH57367,,https://e-commerce.michelecaroli.com/wso/pages/user/wso0205.jsf?idaa=438576&codart=SH57367&marart=230&seopth=HIFI-FILTRI-SH57367-FILTRO
HF7308,P171311,FILTRO IDRAULICO,https://e-commerce.michelecaroli.com/wso/pages/user/wso0205.jsf?idaa=155130&codart=P171311&marart=227&seopth=DONALDSON-FILTRI-P171311-FILTRO-IDRAULICO
HF730,SH56052,FILTRO HYDR. P164348 HIFI,https://e-commerce.michelecaroli.com/wso/pages/user/wso0205.jsf?idaa=293996&codart=SH56052&marart=230&seopth=HIFI-FILTRI-SH56052-FILTRO-HYDR-P164348-HIFI
HF729,51610,FILTRO IDRAULICO P162766,https://e-commerce.michelecaroli.com/wso/pages/user/wso0205.jsf?idaa=368486&codart=51610&marart=218&seopth=WIX-INDUSTRIAL-HD-51610-FILTRO-IDRAULICO-P162766
HF728,51826,FILTRO OLIO,https://e-commerce.michelecaroli.com/wso/pages/user/wso0205.jsf?idaa=368656&codart=51826&marart=218&seopth=WIX-INDUSTRIAL-HD-51826-FILTRO-OLIO
HF727,P550133,FILTRO HYDR.DONALDSON P55-0133,https://e-commerce.michelecaroli.com/wso/pages/user/wso0205.jsf?idaa=156471&codart=P550133&marart=227&seopth=DONALDSON-FILTRI-P550133-FILTRO-HYDR-DONALDSON-P55-0133
HF726,51517,FILTRO IDRAULICO,https://e-commerce.michelecaroli.com/wso/pages/user/wso0205.jsf?idaa=368401&codart=51517&marart=218&seopth=WIX-INDUSTRIAL-HD-51517-FILTRO-IDRAULICO
HF725,SO654,FILTRO OLIO P555680 HIFI,https://e-commerce.michelecaroli.com/wso/pages/user/wso0205.jsf?idaa=300363&codart=SO654&marart=230&seopth=HIFI-FILTRI-SO654-FILTRO-OLIO-P555680-HIFI
HF723,51506,FILTRO IDRAULICO,https://e-commerce.michelecaroli.com/wso/pages/user/wso0205.jsf?idaa=368390&codart=51506&marart=218&seopth=WIX-INDUSTRIAL-HD-51506-FILTRO-IDRAULICO
HF722,SH56217,FILTRO,https://e-commerce.michelecaroli.com/wso/pages/user/wso0205.jsf?idaa=438537&codart=SH56217&marart=230&seopth=HIFI-FILTRI-SH56217-FILTRO
HF721,51536,FILTRO IDRAULICO,https://e-commerce.michelecaroli.com/wso/pages/user/wso0205.jsf?idaa=368419&codart=51536&marart=218&seopth=WIX-INDUSTRIAL-HD-51536-FILTRO-IDRAULICO
HF720,SH56605,FILTRO HYDR. P164384 HIFI,https://e-commerce.michelecaroli.com/wso/pages/user/wso0205.jsf?idaa=294201&codart=SH56605&marart=230&seopth=HIFI-FILTRI-SH56605-FILTRO-HYDR-P164384-HIFI
HF719,SH56613,FILTRO HYDR. P177047/P163323 HIFI,https://e-commerce.michelecaroli.com/wso/pages/user/wso0205.jsf?idaa=294202&codart=SH56613&marart=230&seopth=HIFI-FILTRI-SH56613-FILTRO-HYDR-P177047-P163323-HIFI
HF718,SH56613,FILTRO HYDR. P177047/P163323 HIFI,https://e-commerce.michelecaroli.com/wso/pages/user/wso0205.jsf?idaa=294202&codart=SH56613&marart=230&seopth=HIFI-FILTRI-SH56613-FILTRO-HYDR-P177047-P163323-HIFI
HF717,51455,FILTRO IDRAULICO P164375,https://e-commerce.michelecaroli.com/wso/pages/user/wso0205.jsf?idaa=368350&codart=51455&marart=218&seopth=WIX-INDUSTRIAL-HD-51455-FILTRO-IDRAULICO-P164375
HF716,51140,FILTRO IDRAULICO,https://e-commerce.michelecaroli.com/wso/pages/user/wso0205.jsf?idaa=368131&codart=51140&marart=218&seopth=WIX-INDUSTRIAL-HD-51140-FILTRO-IDRAULICO
HF715,SH66419,FILTRO HYDR.HIFI P163496/P163419,https://e-commerce.michelecaroli.com/wso/pages/user/wso0205.jsf?idaa=296298&codart=SH66419&marart=230&seopth=HIFI-FILTRI-SH66419-FILTRO-HYDR-HIFI-P163496-P163419
HF714,51468,FILTRO IDRAULICO,https://e-commerce.michelecaroli.com/wso/pages/user/wso0205.jsf?idaa=368363&codart=51468&marart=218&seopth=WIX-INDUSTRIAL-HD-51468-FILTRO-IDRAULICO
HF713,SH66419,FILTRO HYDR.HIFI P163496/P163419,https://e-commerce.michelecaroli.com/wso/pages/user/wso0205.jsf?idaa=296298&codart=SH66419&marart=230&seopth=HIFI-FILTRI-SH66419-FILTRO-HYDR-HIFI-P163496-P163419
HF7119,P166136,FILTRO HYDR.DONALDSON P16-6136,https://e-commerce.michelecaroli.com/wso/pages/user/wso0205.jsf?idaa=154987&codart=P166136&marart=227&seopth=DONALDSON-FILTRI-P166136-FILTRO-HYDR-DONALDSON-P16-6136
HF711,51181,FILTRO IDRAULICO,https://e-commerce.michelecaroli.com/wso/pages/user/wso0205.jsf?idaa=368163&codart=51181&marart=218&seopth=WIX-INDUSTRIAL-HD-51181-FILTRO-IDRAULICO
HF7100,P169445,FILTRO IDRAULICO,https://e-commerce.michelecaroli.com/wso/pages/user/wso0205.jsf?idaa=155056&codart=P169445&marart=227&seopth=DONALDSON-FILTRI-P169445-FILTRO-IDRAULICO
HF7100,P169445,FILTRO IDRAULICO,https://e-commerce.michelecaroli.com/wso/pages/user/wso0205.jsf?idaa=155056&codart=P169445&marart=227&seopth=DONALDSON-FILTRI-P169445-FILTRO-IDRAULICO
HF710,SH56235,FILTRO HYDR. P558467 HIFI,https://e-commerce.michelecaroli.com/wso/pages/user/wso0205.jsf?idaa=294080&codart=SH56235&marart=230&seopth=HIFI-FILTRI-SH56235-FILTRO-HYDR-P558467-HIFI
HF7093,P165587,FILTRO HYDR.DONALDSON P16-5587,https://e-commerce.michelecaroli.com/wso/pages/user/wso0205.jsf?idaa=154975&codart=P165587&marart=227&seopth=DONALDSON-FILTRI-P165587-FILTRO-HYDR-DONALDSON-P16-5587
HF709,P552459,FILTRO IDRAULICO,https://e-commerce.michelecaroli.com/wso/pages/user/wso0205.jsf?idaa=311986&codart=P552459&marart=227&seopth=DONALDSON-FILTRI-P552459-FILTRO-IDRAULICO
HF7086,P566370,"HYDRAULIC FILTER, CARTRIDGE DT",https://e-commerce.michelecaroli.com/wso/pages/user/wso0205.jsf?idaa=441826&codart=P566370&marart=227&seopth=DONALDSON-FILTRI-P566370-HYDRAULIC-FILTER-CARTRIDGE-DT
HF7083,57863,FILTRO OLIO,https://e-commerce.michelecaroli.com/wso/pages/user/wso0205.jsf?idaa=367737&codart=57863&marart=218&seopth=WIX-INDUSTRIAL-HD-57863-FILTRO-OLIO
HF7082,57847,FILTRO OLIO P167185,https://e-commerce.michelecaroli.com/wso/pages/user/wso0205.jsf?idaa=367724&codart=57847&marart=218&seopth=WIX-INDUSTRIAL-HD-57847-FILTRO-OLIO-P167185
HF708,51373,FILTRO IDRAULICO,https://e-commerce.michelecaroli.com/wso/pages/user/wso0205.jsf?idaa=368291&codart=51373&marart=218&seopth=WIX-INDUSTRIAL-HD-51373-FILTRO-IDRAULICO
HF7079,P164178,FILTRO HYDR.DONALDSON PI6-4178,https://e-commerce.michelecaroli.com/wso/pages/user/wso0205.jsf?idaa=154904&codart=P164178&marart=227&seopth=DONALDSON-FILTRI-P164178-FILTRO-HYDR-DONALDSON-PI6-4178
HF7058,P164227,"HYDRAULIC FILTER, CARTRIDGE",https://e-commerce.michelecaroli.com/wso/pages/user/wso0205.jsf?idaa=440963&codart=P164227&marart=227&seopth=DONALDSON-FILTRI-P164227-HYDRAULIC-FILTER-CARTRIDGE
HF7057,P164585,"HYDRAULIC FILTER, CARTRIDGE",https://e-commerce.michelecaroli.com/wso/pages/user/wso0205.jsf?idaa=440968&codart=P164585&marart=227&seopth=DONALDSON-FILTRI-P164585-HYDRAULIC-FILTER-CARTRIDGE
HF7053,P164583,FILTRO HYDR.DONALDSON P16-4583,https://e-commerce.michelecaroli.com/wso/pages/user/wso0205.jsf?idaa=154927&codart=P164583&marart=227&seopth=DONALDSON-FILTRI-P164583-FILTRO-HYDR-DONALDSON-P16-4583
HF7046,P566202,"HYDRAULIC FILTER, CARTRIDGE DT",https://e-commerce.michelecaroli.com/wso/pages/user/wso0205.jsf?idaa=441746&codart=P566202&marart=227&seopth=DONALDSON-FILTRI-P566202-HYDRAULIC-FILTER-CARTRIDGE-DT
HF7044,P566200,"HYDRAULIC FILTER, CARTRIDGE DT",https://e-commerce.michelecaroli.com/wso/pages/user/wso0205.jsf?idaa=441745&codart=P566200&marart=227&seopth=DONALDSON-FILTRI-P566200-HYDRAULIC-FILTER-CARTRIDGE-DT
HF7042,SH57092,FILTRO HYDR. HIFI EX SH63928,https://e-commerce.michelecaroli.com/wso/pages/user/wso0205.jsf?idaa=295027&codart=SH57092&marart=230&seopth=HIFI-FILTRI-SH57092-FILTRO-HYDR-HIFI-EX-SH63928
HF7041,SH57091,,https://e-commerce.michelecaroli.com/wso/pages/user/wso0205.jsf?idaa=295026&codart=SH57091&marart=230&seopth=HIFI-FILTRI-SH57091-FILTRO-HYDR-HIFI
HF7040,SH87114,FILTRO HYDR. P169429 HIFI,https://e-commerce.michelecaroli.com/wso/pages/user/wso0205.jsf?idaa=298058&codart=SH87114&marart=230&seopth=HIFI-FILTRI-SH87114-FILTRO-HYDR-P169429-HIFI
HF7039,P165168,FILTRO HYDR.DONALDSON P16-5168,https://e-commerce.michelecaroli.com/wso/pages/user/wso0205.jsf?idaa=154958&codart=P165168&marart=227&seopth=DONALDSON-FILTRI-P165168-FILTRO-HYDR-DONALDSON-P16-5168
HF7038,P164921,FILTRO IDRAULICO,https://e-commerce.michelecaroli.com/wso/pages/user/wso0205.jsf?idaa=311856&codart=P164921&marart=227&seopth=DONALDSON-FILTRI-P164921-FILTRO-IDRAULICO
HF7037,P165162,FILTRO HYDR.DONALDSON P16-5162,https://e-commerce.michelecaroli.com/wso/pages/user/wso0205.jsf?idaa=154957&codart=P165162&marart=227&seopth=DONALDSON-FILTRI-P165162-FILTRO-HYDR-DONALDSON-P16-5162
HF7022,P164853,FILTRO HYDR.DONALDSON P16-4853,https://e-commerce.michelecaroli.com/wso/pages/user/wso0205.jsf?idaa=154939&codart=P164853&marart=227&seopth=DONALDSON-FILTRI-P164853-FILTRO-HYDR-DONALDSON-P16-4853
HF7021,P165144,FILTRO IDRAULICO,https://e-commerce.michelecaroli.com/wso/pages/user/wso0205.jsf?idaa=311857&codart=P165144&marart=227&seopth=DONALDSON-FILTRI-P165144-FILTRO-IDRAULICO
HF7018,P164852,FILTRO HYDRAULICO DONALDSON P16-485 2,https://e-commerce.michelecaroli.com/wso/pages/user/wso0205.jsf?idaa=154938&codart=P164852&marart=227&seopth=DONALDSON-FILTRI-P164852-FILTRO-HYDRAULICO-DONALDSON-P16-485
HF7017,P165142,FILTRO HYDR.DONALDSON P16-5142,https://e-commerce.michelecaroli.com/wso/pages/user/wso0205.jsf?idaa=154953&codart=P165142&marart=227&seopth=DONALDSON-FILTRI-P165142-FILTRO-HYDR-DONALDSON-P16-5142
HF7015,P165149,"HYDRAULIC FILTER, CARTRIDGE",https://e-commerce.michelecaroli.com/wso/pages/user/wso0205.jsf?idaa=440970&codart=P165149&marart=227&seopth=DONALDSON-FILTRI-P165149-HYDRAULIC-FILTER-CARTRIDGE
HF7010,P171045,,https://e-commerce.michelecaroli.com/wso/pages/user/wso0205.jsf?idaa=155118&codart=P171045&marart=227&seopth=DONALDSON-FILTRI-P171045-FILTRO-HYDR-DONALDSON-P17-1045
HF701,P174675,FILTRO HYDR.DONALDSON P17-4 675,https://e-commerce.michelecaroli.com/wso/pages/user/wso0205.jsf?idaa=155655&codart=P174675&marart=227&seopth=DONALDSON-FILTRI-P174675-FILTRO-HYDR-DONALDSON-P17-4-675
HF7009,P171047,,https://e-commerce.michelecaroli.com/wso/pages/user/wso0205.jsf?idaa=155120&codart=P171047&marart=227&seopth=DONALDSON-FILTRI-P171047-FILTRO-HYDR-DONALDSON-P17-1047
HF7008,P171048,,https://e-commerce.michelecaroli.com/wso/pages/user/wso0205.jsf?idaa=155121&codart=P171048&marart=227&seopth=DONALDSON-FILTRI-P171048-SOSTITUITO
HF7007,P566253,"HYDRAULIC FILTER, CARTRIDGE DT",https://e-commerce.michelecaroli.com/wso/pages/user/wso0205.jsf?idaa=441786&codart=P566253&marart=227&seopth=DONALDSON-FILTRI-P566253-HYDRAULIC-FILTER-CARTRIDGE-DT
HF7005,P566251,"HYDRAULIC FILTER, CARTRIDGE DT",https://e-commerce.michelecaroli.com/wso/pages/user/wso0205.jsf?idaa=441784&codart=P566251&marart=227&seopth=DONALDSON-FILTRI-P566251-HYDRAULIC-FILTER-CARTRIDGE-DT
HF7004,P566251,"HYDRAULIC FILTER, CARTRIDGE DT",https://e-commerce.michelecaroli.com/wso/pages/user/wso0205.jsf?idaa=441784&codart=P566251&marart=227&seopth=DONALDSON-FILTRI-P566251-HYDRAULIC-FILTER-CARTRIDGE-DT
HF7002,P164215,FILTRO HYDR.ATTUALE P566237,https://e-commerce.michelecaroli.com/wso/pages/user/wso0205.jsf?idaa=154907&codart=P164215&marart=227&seopth=DONALDSON-FILTRI-P164215-FILTRO-HYDR-ATTUALE-P566237
HF7000,P164574,FILTRO IDRAULICO DONALDSON P16-4574,https://e-commerce.michelecaroli.com/wso/pages/user/wso0205.jsf?idaa=154925&codart=P164574&marart=227&seopth=DONALDSON-FILTRI-P164574-FILTRO-IDRAULICO-DONALDSON-P16-4574
HF700,SH56133,FILTRO HYDR. P556700 HIFI,https://e-commerce.michelecaroli.com/wso/pages/user/wso0205.jsf?idaa=399778&codart=SH56133&marart=230&seopth=HIFI-FILTRI-SH56133-FILTRO-HYDR-P556700-HIFI
HF6881,SH75060,FILTRO HYDR. HIFI,https://e-commerce.michelecaroli.com/wso/pages/user/wso0205.jsf?idaa=297229&codart=SH75060&marart=230&seopth=HIFI-FILTRI-SH75060-FILTRO-HYDR-HIFI
HF6860,P173186,FILTRO IDRAULICO,https://e-commerce.michelecaroli.com/wso/pages/user/wso0205.jsf?idaa=156300&codart=P173186&marart=227&seopth=DONALDSON-FILTRI-P173186-FILTRO-IDRAULICO
HF6836,51615,FILTRO IDRAULICO,https://e-commerce.michelecaroli.com/wso/pages/user/wso0205.jsf?idaa=368491&codart=51615&marart=218&seopth=WIX-INDUSTRIAL-HD-51615-FILTRO-IDRAULICO
HF6833,57606,FILTRO OLIO,https://e-commerce.michelecaroli.com/wso/pages/user/wso0205.jsf?idaa=368900&codart=57606&marart=218&seopth=WIX-INDUSTRIAL-HD-57606-FILTRO-OLIO
HF6832,51566,FILTRO IDRAULICO,https://e-commerce.michelecaroli.com/wso/pages/user/wso0205.jsf?idaa=368446&codart=51566&marart=218&seopth=WIX-INDUSTRIAL-HD-51566-FILTRO-IDRAULICO
HF6831,51616,FILTRO IDRAULICO,https://e-commerce.michelecaroli.com/wso/pages/user/wso0205.jsf?idaa=368492&codart=51616&marart=218&seopth=WIX-INDUSTRIAL-HD-51616-FILTRO-IDRAULICO
HF6828,57091,FILTRO OLIO,https://e-commerce.michelecaroli.com/wso/pages/user/wso0205.jsf?idaa=369416&codart=57091&marart=218&seopth=WIX-INDUSTRIAL-HD-57091-FILTRO-OLIO
HF6824,51566,FILTRO IDRAULICO,https://e-commerce.michelecaroli.com/wso/pages/user/wso0205.jsf?idaa=368446&codart=51566&marart=218&seopth=WIX-INDUSTRIAL-HD-51566-FILTRO-IDRAULICO
HF6824,51566,FILTRO IDRAULICO,https://e-commerce.michelecaroli.com/wso/pages/user/wso0205.jsf?idaa=368446&codart=51566&marart=218&seopth=WIX-INDUSTRIAL-HD-51566-FILTRO-IDRAULICO
HF6813,51648,FILTRO IDRAULICO,https://e-commerce.michelecaroli.com/wso/pages/user/wso0205.jsf?idaa=368519&codart=51648&marart=218&seopth=WIX-INDUSTRIAL-HD-51648-FILTRO-IDRAULICO
HF6808,51616,FILTRO IDRAULICO,https://e-commerce.michelecaroli.com/wso/pages/user/wso0205.jsf?idaa=368492&codart=51616&marart=218&seopth=WIX-INDUSTRIAL-HD-51616-FILTRO-IDRAULICO
HF6805,51615,FILTRO IDRAULICO,https://e-commerce.michelecaroli.com/wso/pages/user/wso0205.jsf?idaa=368491&codart=51615&marart=218&seopth=WIX-INDUSTRIAL-HD-51615-FILTRO-IDRAULICO
HF6804,51615,FILTRO IDRAULICO,https://e-commerce.michelecaroli.com/wso/pages/user/wso0205.jsf?idaa=368491&codart=51615&marart=218&seopth=WIX-INDUSTRIAL-HD-51615-FILTRO-IDRAULICO
HF6804,51615,FILTRO IDRAULICO,https://e-commerce.michelecaroli.com/wso/pages/user/wso0205.jsf?idaa=368491&codart=51615&marart=218&seopth=WIX-INDUSTRIAL-HD-51615-FILTRO-IDRAULICO
HF6803,51566,FILTRO IDRAULICO,https://e-commerce.michelecaroli.com/wso/pages/user/wso0205.jsf?idaa=368446&codart=51566&marart=218&seopth=WIX-INDUSTRIAL-HD-51566-FILTRO-IDRAULICO
HF6778,SH56757,FILTRO HYDR. P165762 HIFI,https://e-commerce.michelecaroli.com/wso/pages/user/wso0205.jsf?idaa=294221&codart=SH56757&marart=230&seopth=HIFI-FILTRI-SH56757-FILTRO-HYDR-P165762-HIFI
HF6737,SH56762,FILTRO HYDR. P165875 HIFI,https://e-commerce.michelecaroli.com/wso/pages/user/wso0205.jsf?idaa=294224&codart=SH56762&marart=230&seopth=HIFI-FILTRI-SH56762-FILTRO-HYDR-P165875-HIFI
HF6736,SH56760,FILTRO HYDR. P550388 HIFI GILBARCO 140845093,https://e-commerce.michelecaroli.com/wso/pages/user/wso0205.jsf?idaa=294222&codart=SH56760&marart=230&seopth=HIFI-FILTRI-SH56760-FILTRO-HYDR-P550388-HIFI
HF6735,SH56756,,https://e-commerce.michelecaroli.com/wso/pages/user/wso0205.jsf?idaa=438534&codart=SH56756&marart=230&seopth=HIFI-FILTRI-SH56756-FILTRO-HYDR-HIFI-P167162
HF6734,SH56756,,https://e-commerce.michelecaroli.com/wso/pages/user/wso0205.jsf?idaa=438534&codart=SH56756&marart=230&seopth=HIFI-FILTRI-SH56756-FILTRO-HYDR-HIFI-P167162
HF6733,51846,FILTRO OLIO,https://e-commerce.michelecaroli.com/wso/pages/user/wso0205.jsf?idaa=368667&codart=51846&marart=218&seopth=WIX-INDUSTRIAL-HD-51846-FILTRO-OLIO
HF6732,51746,FILTRO IDRAULICO,https://e-commerce.michelecaroli.com/wso/pages/user/wso0205.jsf?idaa=368598&codart=51746&marart=218&seopth=WIX-INDUSTRIAL-HD-51746-FILTRO-IDRAULICO
HF6732,51746,FILTRO IDRAULICO,https://e-commerce.michelecaroli.com/wso/pages/user/wso0205.jsf?idaa=368598&codart=51746&marart=218&seopth=WIX-INDUSTRIAL-HD-51746-FILTRO-IDRAULICO
HF6731,51849,FILTRO OLIO P165876,https://e-commerce.michelecaroli.com/wso/pages/user/wso0205.jsf?idaa=368669&codart=51849&marart=218&seopth=WIX-INDUSTRIAL-HD-51849-FILTRO-OLIO-P165876
HF6731,51849,FILTRO OLIO P165876,https://e-commerce.michelecaroli.com/wso/pages/user/wso0205.jsf?idaa=368669&codart=51849&marart=218&seopth=WIX-INDUSTRIAL-HD-51849-FILTRO-OLIO-P165876
HF6728,51746,FILTRO IDRAULICO,https://e-commerce.michelecaroli.com/wso/pages/user/wso0205.jsf?idaa=368598&codart=51746&marart=218&seopth=WIX-INDUSTRIAL-HD-51746-FILTRO-IDRAULICO
HF6728,51746,FILTRO IDRAULICO,https://e-commerce.michelecaroli.com/wso/pages/user/wso0205.jsf?idaa=368598&codart=51746&marart=218&seopth=WIX-INDUSTRIAL-HD-51746-FILTRO-IDRAULICO
HF6718,SH56217,FILTRO,https://e-commerce.michelecaroli.com/wso/pages/user/wso0205.jsf?idaa=438537&codart=SH56217&marart=230&seopth=HIFI-FILTRI-SH56217-FILTRO
HF6682,SH87257,FILTRO HYDR. HIFI,https://e-commerce.michelecaroli.com/wso/pages/user/wso0205.jsf?idaa=298933&codart=SH87257&marart=230&seopth=HIFI-FILTRI-SH87257-FILTRO-HYDR-HIFI
HF6679,SH87001,FILTRO HYDR. P566921 HIFI,https://e-commerce.michelecaroli.com/wso/pages/user/wso0205.jsf?idaa=298003&codart=SH87001&marart=230&seopth=HIFI-FILTRI-SH87001-FILTRO-HYDR-P566921-HIFI
HF6678,P569381,FILTRO IDRAULICO,https://e-commerce.michelecaroli.com/wso/pages/user/wso0205.jsf?idaa=157291&codart=P569381&marart=227&seopth=DONALDSON-FILTRI-P569381-FILTRO-IDRAULICO
HF6677,P167829,,https://e-commerce.michelecaroli.com/wso/pages/user/wso0205.jsf?idaa=155024&codart=P167829&marart=227&seopth=DONALDSON-FILTRI-P167829-OBSOLETO
HF6675,P167829,,https://e-commerce.michelecaroli.com/wso/pages/user/wso0205.jsf?idaa=155024&codart=P167829&marart=227&seopth=DONALDSON-FILTRI-P167829-OBSOLETO
HF6636,SH56681,FILTRO HYDR. HIFI,https://e-commerce.michelecaroli.com/wso/pages/user/wso0205.jsf?idaa=294217&codart=SH56681&marart=230&seopth=HIFI-FILTRI-SH56681-FILTRO-HYDR-HIFI
HF6635,51120,FILTRO IDRAULICO,https://e-commerce.michelecaroli.com/wso/pages/user/wso0205.jsf?idaa=368119&codart=51120&marart=218&seopth=WIX-INDUSTRIAL-HD-51120-FILTRO-IDRAULICO
HF6633,P551238,FILTRO HYDR.ATTUALE P569383,https://e-commerce.michelecaroli.com/wso/pages/user/wso0205.jsf?idaa=156938&codart=P551238&marart=227&seopth=DONALDSON-FILTRI-P551238-FILTRO-HYDR-ATTUALE-P569383
HF6589,P573996,FILTRO IDRAULICO,https://e-commerce.michelecaroli.com/wso/pages/user/wso0205.jsf?idaa=312718&codart=P573996&marart=227&seopth=DONALDSON-FILTRI-P573996-FILTRO-IDRAULICO
HF6580,SH66014,FILTRO HYDR. HIFI,https://e-commerce.michelecaroli.com/wso/pages/user/wso0205.jsf?idaa=296157&codart=SH66014&marart=230&seopth=HIFI-FILTRI-SH66014-FILTRO-HYDR-HIFI
HF6577,P163558,FILTRO HYDR.DONALDSON P16-3558,https://e-commerce.michelecaroli.com/wso/pages/user/wso0205.jsf?idaa=154892&codart=P163558&marart=227&seopth=DONALDSON-FILTRI-P163558-FILTRO-HYDR-DONALDSON-P16-3558
HF6575,P163567,FILTRO HYDR.DONALDSON P16-3567,https://e-commerce.michelecaroli.com/wso/pages/user/wso0205.jsf?idaa=154893&codart=P163567&marart=227&seopth=DONALDSON-FILTRI-P163567-FILTRO-HYDR-DONALDSON-P16-3567
