Code searched,Matched code,Part Category on Michele,Link to Michele product
G76,51036,FILTRO OLIO P550051,https://e-commerce.michelecaroli.com/wso/pages/user/wso0205.jsf?idaa=368073&codart=51036&marart=218&seopth=WIX-INDUSTRIAL-HD-51036-FILTRO-OLIO-P550051
G76,51036,FILTRO OLIO P550051,https://e-commerce.michelecaroli.com/wso/pages/user/wso0205.jsf?idaa=368073&codart=51036&marart=218&seopth=WIX-INDUSTRIAL-HD-51036-FILTRO-OLIO-P550051
G76,51036,FILTRO OLIO P550051,https://e-commerce.michelecaroli.com/wso/pages/user/wso0205.jsf?idaa=368073&codart=51036&marart=218&seopth=WIX-INDUSTRIAL-HD-51036-FILTRO-OLIO-P550051
G758,SO4032,FILTRO OLIO HIFI,https://e-commerce.michelecaroli.com/wso/pages/user/wso0205.jsf?idaa=300132&codart=SO4032&marart=230&seopth=HIFI-FILTRI-SO4032-FILTRO-OLIO-HIFI
G756,SH56163,FILTRO HYDR. P173038 HIFI,https://e-commerce.michelecaroli.com/wso/pages/user/wso0205.jsf?idaa=294045&codart=SH56163&marart=230&seopth=HIFI-FILTRI-SH56163-FILTRO-HYDR-P173038-HIFI
G7507,G7507,,https://e-commerce.michelecaroli.com/wso/pages/user/wso0205.jsf?idaa=260603&codart=G7507&marart=MONR&seopth=MONROE-AMMORTIZZATORI-G7507-AMM-ORIGINAL-ST30042275
G750,SO750B,FILTRO OLIO P550750 HIFI,https://e-commerce.michelecaroli.com/wso/pages/user/wso0205.jsf?idaa=301369&codart=SO750B&marart=230&seopth=HIFI-FILTRI-SO750B-FILTRO-OLIO-P550750-HIFI
G75,SO780,FILTRO OLIO P550047 HIFI,https://e-commerce.michelecaroli.com/wso/pages/user/wso0205.jsf?idaa=301372&codart=SO780&marart=230&seopth=HIFI-FILTRI-SO780-FILTRO-OLIO-P550047-HIFI
G742,P551200,FILTRO HYDR.DONALDSON P55-1200,https://e-commerce.michelecaroli.com/wso/pages/user/wso0205.jsf?idaa=156929&codart=P551200&marart=227&seopth=DONALDSON-FILTRI-P551200-FILTRO-HYDR-DONALDSON-P55-1200
G7404,G7404,AMM.ORIGIN.ANT. SXHYUNDAI ELANTRA 2 011 -> FRONT LEFT,https://e-commerce.michelecaroli.com/wso/pages/user/wso0205.jsf?idaa=362318&codart=G7404&marart=MONR&seopth=MONROE-AMMORTIZZATORI-G7404-AMM-ORIGIN-ANT-SXHYUNDAI-ELANTRA-2
G735,SN5099,FILTRO NAFTA P550567 HIFI,https://e-commerce.michelecaroli.com/wso/pages/user/wso0205.jsf?idaa=299374&codart=SN5099&marart=230&seopth=HIFI-FILTRI-SN5099-FILTRO-NAFTA-P550567-HIFI
G735,SN5099,FILTRO NAFTA P550567 HIFI,https://e-commerce.michelecaroli.com/wso/pages/user/wso0205.jsf?idaa=299374&codart=SN5099&marart=230&seopth=HIFI-FILTRI-SN5099-FILTRO-NAFTA-P550567-HIFI
G7296,G7296,,https://e-commerce.michelecaroli.com/wso/pages/user/wso0205.jsf?idaa=260563&codart=G7296&marart=MONR&seopth=MONROE-AMMORTIZZATORI-G7296-OBSOLETO
G717214,M100464,"MUFFLER, ROUND STYLE 1 WRAPPED",https://e-commerce.michelecaroli.com/wso/pages/user/wso0205.jsf?idaa=442922&codart=M100464&marart=227&seopth=DONALDSON-FILTRI-M100464-MUFFLER-ROUND-STYLE-1-WRAPPED
G7150,G7150,AMM.ORIGINAL.ST30042257,https://e-commerce.michelecaroli.com/wso/pages/user/wso0205.jsf?idaa=260536&codart=G7150&marart=MONR&seopth=MONROE-AMMORTIZZATORI-G7150-AMM-ORIGINAL-ST30042257
G7144,33031,FILTRO NAFTA,https://e-commerce.michelecaroli.com/wso/pages/user/wso0205.jsf?idaa=365728&codart=33031&marart=218&seopth=WIX-INDUSTRIAL-HD-33031-FILTRO-NAFTA
G713382,46850,FILTRO ARIA WIX P154927,https://e-commerce.michelecaroli.com/wso/pages/user/wso0205.jsf?idaa=367565&codart=46850&marart=218&seopth=WIX-INDUSTRIAL-HD-46850-FILTRO-ARIA-WIX-P154927
G71,SP4464,,https://e-commerce.michelecaroli.com/wso/pages/user/wso0205.jsf?idaa=414708&codart=SP4464&marart=233&seopth=SF-FILTER-SP4464-FILTRO-OLIO
G709,51717,FILTRO OLIO,https://e-commerce.michelecaroli.com/wso/pages/user/wso0205.jsf?idaa=368572&codart=51717&marart=218&seopth=WIX-INDUSTRIAL-HD-51717-FILTRO-OLIO
G706,51302E,FILTRO OLIO P550052,https://e-commerce.michelecaroli.com/wso/pages/user/wso0205.jsf?idaa=369112&codart=51302E&marart=218&seopth=WIX-INDUSTRIAL-HD-51302E-FILTRO-OLIO-P550052
G70,51061,FILTRO OLIO,https://e-commerce.michelecaroli.com/wso/pages/user/wso0205.jsf?idaa=368085&codart=51061&marart=218&seopth=WIX-INDUSTRIAL-HD-51061-FILTRO-OLIO
G7,33943,FILTRO NAFTA P550007,https://e-commerce.michelecaroli.com/wso/pages/user/wso0205.jsf?idaa=366188&codart=33943&marart=218&seopth=WIX-INDUSTRIAL-HD-33943-FILTRO-NAFTA-P550007
G7,33943,FILTRO NAFTA P550007,https://e-commerce.michelecaroli.com/wso/pages/user/wso0205.jsf?idaa=366188&codart=33943&marart=218&seopth=WIX-INDUSTRIAL-HD-33943-FILTRO-NAFTA-P550007
G6Y014302A,23.265.00,FILTRO OLIO UFI 23.265.00,https://e-commerce.michelecaroli.com/wso/pages/user/wso0205.jsf?idaa=149484&codart=23.265.00&marart=224&seopth=UFI-SOFIMA-FILTRI-23-265-00-FILTRO-OLIO-UFI-23-265-00
G695424,M100048,"MUFFLER, ROUND STYLE 2",https://e-commerce.michelecaroli.com/wso/pages/user/wso0205.jsf?idaa=442918&codart=M100048&marart=227&seopth=DONALDSON-FILTRI-M100048-MUFFLER-ROUND-STYLE-2
G695,51197,FILTRO IDRAULICO,https://e-commerce.michelecaroli.com/wso/pages/user/wso0205.jsf?idaa=368174&codart=51197&marart=218&seopth=WIX-INDUSTRIAL-HD-51197-FILTRO-IDRAULICO
G688,SO1594,FILTRO OLIO P550183 HIFI,https://e-commerce.michelecaroli.com/wso/pages/user/wso0205.jsf?idaa=300845&codart=SO1594&marart=230&seopth=HIFI-FILTRI-SO1594-FILTRO-OLIO-P550183-HIFI
G687268,46733,FILTRO ARIA,https://e-commerce.michelecaroli.com/wso/pages/user/wso0205.jsf?idaa=367468&codart=46733&marart=218&seopth=WIX-INDUSTRIAL-HD-46733-FILTRO-ARIA
G686,51605,FILTRO IDRAULICO,https://e-commerce.michelecaroli.com/wso/pages/user/wso0205.jsf?idaa=368481&codart=51605&marart=218&seopth=WIX-INDUSTRIAL-HD-51605-FILTRO-IDRAULICO
G686,51605,FILTRO IDRAULICO,https://e-commerce.michelecaroli.com/wso/pages/user/wso0205.jsf?idaa=368481&codart=51605&marart=218&seopth=WIX-INDUSTRIAL-HD-51605-FILTRO-IDRAULICO
G68,SP4464,,https://e-commerce.michelecaroli.com/wso/pages/user/wso0205.jsf?idaa=414708&codart=SP4464&marart=233&seopth=SF-FILTER-SP4464-FILTRO-OLIO
G68,SP4464,,https://e-commerce.michelecaroli.com/wso/pages/user/wso0205.jsf?idaa=414708&codart=SP4464&marart=233&seopth=SF-FILTER-SP4464-FILTRO-OLIO
G677,26540153,FILTRO OLIO/OIL FILTER,https://e-commerce.michelecaroli.com/wso/pages/user/wso0205.jsf?idaa=46765&codart=26540153&marart=155&seopth=PERKINS-26540153-FILTRO-OLIO-OIL-FILTER
G673,SO7106,FILTRO OLIO P550170 HIFI,https://e-commerce.michelecaroli.com/wso/pages/user/wso0205.jsf?idaa=301239&codart=SO7106&marart=230&seopth=HIFI-FILTRI-SO7106-FILTRO-OLIO-P550170-HIFI
G672,51302E,FILTRO OLIO P550052,https://e-commerce.michelecaroli.com/wso/pages/user/wso0205.jsf?idaa=369112&codart=51302E&marart=218&seopth=WIX-INDUSTRIAL-HD-51302E-FILTRO-OLIO-P550052
G669,51138,FILTRO OLIO,https://e-commerce.michelecaroli.com/wso/pages/user/wso0205.jsf?idaa=368129&codart=51138&marart=218&seopth=WIX-INDUSTRIAL-HD-51138-FILTRO-OLIO
G668,26540153,FILTRO OLIO/OIL FILTER,https://e-commerce.michelecaroli.com/wso/pages/user/wso0205.jsf?idaa=46765&codart=26540153&marart=155&seopth=PERKINS-26540153-FILTRO-OLIO-OIL-FILTER
G666,51242,FILTRO OLIO,https://e-commerce.michelecaroli.com/wso/pages/user/wso0205.jsf?idaa=368202&codart=51242&marart=218&seopth=WIX-INDUSTRIAL-HD-51242-FILTRO-OLIO
G6650525,SH53415,FILTRO HYDR. HIFI,https://e-commerce.michelecaroli.com/wso/pages/user/wso0205.jsf?idaa=293815&codart=SH53415&marart=230&seopth=HIFI-FILTRI-SH53415-FILTRO-HYDR-HIFI
G664,33271,FILTRO NAFTA,https://e-commerce.michelecaroli.com/wso/pages/user/wso0205.jsf?idaa=365372&codart=33271&marart=218&seopth=WIX-INDUSTRIAL-HD-33271-FILTRO-NAFTA
G663,33943,FILTRO NAFTA P550007,https://e-commerce.michelecaroli.com/wso/pages/user/wso0205.jsf?idaa=366188&codart=33943&marart=218&seopth=WIX-INDUSTRIAL-HD-33943-FILTRO-NAFTA-P550007
G66,SO1594,FILTRO OLIO P550183 HIFI,https://e-commerce.michelecaroli.com/wso/pages/user/wso0205.jsf?idaa=300845&codart=SO1594&marart=230&seopth=HIFI-FILTRI-SO1594-FILTRO-OLIO-P550183-HIFI
G6573DP,P552398,"FUEL FILTER, IN-LINE",https://e-commerce.michelecaroli.com/wso/pages/user/wso0205.jsf?idaa=441614&codart=P552398&marart=227&seopth=DONALDSON-FILTRI-P552398-FUEL-FILTER-IN-LINE
G657,SH56147,FILTRO HYDR. P559740 HIFI,https://e-commerce.michelecaroli.com/wso/pages/user/wso0205.jsf?idaa=294034&codart=SH56147&marart=230&seopth=HIFI-FILTRI-SH56147-FILTRO-HYDR-P559740-HIFI
G656,SN111,FILTRO NAFTA P550552 HIFI,https://e-commerce.michelecaroli.com/wso/pages/user/wso0205.jsf?idaa=298875&codart=SN111&marart=230&seopth=HIFI-FILTRI-SN111-FILTRO-NAFTA-P550552-HIFI
G6553DP,P552398,"FUEL FILTER, IN-LINE",https://e-commerce.michelecaroli.com/wso/pages/user/wso0205.jsf?idaa=441614&codart=P552398&marart=227&seopth=DONALDSON-FILTRI-P552398-FUEL-FILTER-IN-LINE
G6541,P552398,"FUEL FILTER, IN-LINE",https://e-commerce.michelecaroli.com/wso/pages/user/wso0205.jsf?idaa=441614&codart=P552398&marart=227&seopth=DONALDSON-FILTRI-P552398-FUEL-FILTER-IN-LINE
G6536,P552398,"FUEL FILTER, IN-LINE",https://e-commerce.michelecaroli.com/wso/pages/user/wso0205.jsf?idaa=441614&codart=P552398&marart=227&seopth=DONALDSON-FILTRI-P552398-FUEL-FILTER-IN-LINE
G6535,P552398,"FUEL FILTER, IN-LINE",https://e-commerce.michelecaroli.com/wso/pages/user/wso0205.jsf?idaa=441614&codart=P552398&marart=227&seopth=DONALDSON-FILTRI-P552398-FUEL-FILTER-IN-LINE
G6465DP,P552398,"FUEL FILTER, IN-LINE",https://e-commerce.michelecaroli.com/wso/pages/user/wso0205.jsf?idaa=441614&codart=P552398&marart=227&seopth=DONALDSON-FILTRI-P552398-FUEL-FILTER-IN-LINE
G6462DP,P552398,"FUEL FILTER, IN-LINE",https://e-commerce.michelecaroli.com/wso/pages/user/wso0205.jsf?idaa=441614&codart=P552398&marart=227&seopth=DONALDSON-FILTRI-P552398-FUEL-FILTER-IN-LINE
G645,33579,FILTRO NAFTA,https://e-commerce.michelecaroli.com/wso/pages/user/wso0205.jsf?idaa=365977&codart=33579&marart=218&seopth=WIX-INDUSTRIAL-HD-33579-FILTRO-NAFTA
G6442,J190059,,https://e-commerce.michelecaroli.com/wso/pages/user/wso0205.jsf?idaa=442747&codart=J190059&marart=227&seopth=DONALDSON-FILTRI-J190059-CLAMP-TORCTITE-2-75-IN-70-MM-STA
G6424,SN149,FILTRO NAFTA P550012 HIFI,https://e-commerce.michelecaroli.com/wso/pages/user/wso0205.jsf?idaa=298903&codart=SN149&marart=230&seopth=HIFI-FILTRI-SN149-FILTRO-NAFTA-P550012-HIFI
G6411,SN149,FILTRO NAFTA P550012 HIFI,https://e-commerce.michelecaroli.com/wso/pages/user/wso0205.jsf?idaa=298903&codart=SN149&marart=230&seopth=HIFI-FILTRI-SN149-FILTRO-NAFTA-P550012-HIFI
G6399,P552398,"FUEL FILTER, IN-LINE",https://e-commerce.michelecaroli.com/wso/pages/user/wso0205.jsf?idaa=441614&codart=P552398&marart=227&seopth=DONALDSON-FILTRI-P552398-FUEL-FILTER-IN-LINE
G6371,P552398,"FUEL FILTER, IN-LINE",https://e-commerce.michelecaroli.com/wso/pages/user/wso0205.jsf?idaa=441614&codart=P552398&marart=227&seopth=DONALDSON-FILTRI-P552398-FUEL-FILTER-IN-LINE
G6369,P552398,"FUEL FILTER, IN-LINE",https://e-commerce.michelecaroli.com/wso/pages/user/wso0205.jsf?idaa=441614&codart=P552398&marart=227&seopth=DONALDSON-FILTRI-P552398-FUEL-FILTER-IN-LINE
G6368,P552398,"FUEL FILTER, IN-LINE",https://e-commerce.michelecaroli.com/wso/pages/user/wso0205.jsf?idaa=441614&codart=P552398&marart=227&seopth=DONALDSON-FILTRI-P552398-FUEL-FILTER-IN-LINE
G6367,33296,FILTRO NAFTA,https://e-commerce.michelecaroli.com/wso/pages/user/wso0205.jsf?idaa=365385&codart=33296&marart=218&seopth=WIX-INDUSTRIAL-HD-33296-FILTRO-NAFTA
G6359,P552398,"FUEL FILTER, IN-LINE",https://e-commerce.michelecaroli.com/wso/pages/user/wso0205.jsf?idaa=441614&codart=P552398&marart=227&seopth=DONALDSON-FILTRI-P552398-FUEL-FILTER-IN-LINE
G6350513,SN234,FILTRO NAFTA P552341 HIFI,https://e-commerce.michelecaroli.com/wso/pages/user/wso0205.jsf?idaa=299782&codart=SN234&marart=230&seopth=HIFI-FILTRI-SN234-FILTRO-NAFTA-P552341-HIFI
G6323,P552398,"FUEL FILTER, IN-LINE",https://e-commerce.michelecaroli.com/wso/pages/user/wso0205.jsf?idaa=441614&codart=P552398&marart=227&seopth=DONALDSON-FILTRI-P552398-FUEL-FILTER-IN-LINE
G6317,P552398,"FUEL FILTER, IN-LINE",https://e-commerce.michelecaroli.com/wso/pages/user/wso0205.jsf?idaa=441614&codart=P552398&marart=227&seopth=DONALDSON-FILTRI-P552398-FUEL-FILTER-IN-LINE
G631421,P526499,FILTRO ARIA,https://e-commerce.michelecaroli.com/wso/pages/user/wso0205.jsf?idaa=156201&codart=P526499&marart=227&seopth=DONALDSON-FILTRI-P526499-FILTRO-ARIA
G6308,P552398,"FUEL FILTER, IN-LINE",https://e-commerce.michelecaroli.com/wso/pages/user/wso0205.jsf?idaa=441614&codart=P552398&marart=227&seopth=DONALDSON-FILTRI-P552398-FUEL-FILTER-IN-LINE
G630,51271,FILTRO OLIO,https://e-commerce.michelecaroli.com/wso/pages/user/wso0205.jsf?idaa=368221&codart=51271&marart=218&seopth=WIX-INDUSTRIAL-HD-51271-FILTRO-OLIO
G63,33049,FILTRO NAFTA,https://e-commerce.michelecaroli.com/wso/pages/user/wso0205.jsf?idaa=365744&codart=33049&marart=218&seopth=WIX-INDUSTRIAL-HD-33049-FILTRO-NAFTA
G626,51010,FILTRO OLIO,https://e-commerce.michelecaroli.com/wso/pages/user/wso0205.jsf?idaa=368066&codart=51010&marart=218&seopth=WIX-INDUSTRIAL-HD-51010-FILTRO-OLIO
G625,33073,FILTRO NAFTA,https://e-commerce.michelecaroli.com/wso/pages/user/wso0205.jsf?idaa=365761&codart=33073&marart=218&seopth=WIX-INDUSTRIAL-HD-33073-FILTRO-NAFTA
G6150597,P552075,FILTRO ACQUA DONALDSON conf.12,https://e-commerce.michelecaroli.com/wso/pages/user/wso0205.jsf?idaa=157029&codart=P552075&marart=227&seopth=DONALDSON-FILTRI-P552075-FILTRO-ACQUA-DONALDSON-conf-12
G6150551,G160048,"AIR CLEANER, FHG CYCLOPAC",https://e-commerce.michelecaroli.com/wso/pages/user/wso0205.jsf?idaa=442469&codart=G160048&marart=227&seopth=DONALDSON-FILTRI-G160048-AIR-CLEANER-FHG-CYCLOPAC
G613,51613,FILTRO OLIO,https://e-commerce.michelecaroli.com/wso/pages/user/wso0205.jsf?idaa=368489&codart=51613&marart=218&seopth=WIX-INDUSTRIAL-HD-51613-FILTRO-OLIO
G612,51653,FILTRO OLIO,https://e-commerce.michelecaroli.com/wso/pages/user/wso0205.jsf?idaa=368524&codart=51653&marart=218&seopth=WIX-INDUSTRIAL-HD-51653-FILTRO-OLIO
G610,33055,FILTRO NAFTA,https://e-commerce.michelecaroli.com/wso/pages/user/wso0205.jsf?idaa=365750&codart=33055&marart=218&seopth=WIX-INDUSTRIAL-HD-33055-FILTRO-NAFTA
G61,SO3316,FILTRO OLIO P555616 HIFI,https://e-commerce.michelecaroli.com/wso/pages/user/wso0205.jsf?idaa=300885&codart=SO3316&marart=230&seopth=HIFI-FILTRI-SO3316-FILTRO-OLIO-P555616-HIFI
G606,26540153,FILTRO OLIO/OIL FILTER,https://e-commerce.michelecaroli.com/wso/pages/user/wso0205.jsf?idaa=46765&codart=26540153&marart=155&seopth=PERKINS-26540153-FILTRO-OLIO-OIL-FILTER
G605,51468,FILTRO IDRAULICO,https://e-commerce.michelecaroli.com/wso/pages/user/wso0205.jsf?idaa=368363&codart=51468&marart=218&seopth=WIX-INDUSTRIAL-HD-51468-FILTRO-IDRAULICO
G604,33080,FILTRO NAFTA esaurito wix,https://e-commerce.michelecaroli.com/wso/pages/user/wso0205.jsf?idaa=365765&codart=33080&marart=218&seopth=WIX-INDUSTRIAL-HD-33080-FILTRO-NAFTA-esaurito-wix
G603,51151,FILTRO OLIO,https://e-commerce.michelecaroli.com/wso/pages/user/wso0205.jsf?idaa=368138&codart=51151&marart=218&seopth=WIX-INDUSTRIAL-HD-51151-FILTRO-OLIO
G5S4282,42746,FILTRO ARIA,https://e-commerce.michelecaroli.com/wso/pages/user/wso0205.jsf?idaa=366782&codart=42746&marart=218&seopth=WIX-INDUSTRIAL-HD-42746-FILTRO-ARIA
G5L1203,42203,FILTRO ARIA,https://e-commerce.michelecaroli.com/wso/pages/user/wso0205.jsf?idaa=366376&codart=42203&marart=218&seopth=WIX-INDUSTRIAL-HD-42203-FILTRO-ARIA
G594,SO1594,FILTRO OLIO P550183 HIFI,https://e-commerce.michelecaroli.com/wso/pages/user/wso0205.jsf?idaa=300845&codart=SO1594&marart=230&seopth=HIFI-FILTRI-SO1594-FILTRO-OLIO-P550183-HIFI
G589,P550354,FILTRO OLIO DONALDSON P55-0354,https://e-commerce.michelecaroli.com/wso/pages/user/wso0205.jsf?idaa=156560&codart=P550354&marart=227&seopth=DONALDSON-FILTRI-P550354-FILTRO-OLIO-DONALDSON-P55-0354
G589,P550354,FILTRO OLIO DONALDSON P55-0354,https://e-commerce.michelecaroli.com/wso/pages/user/wso0205.jsf?idaa=156560&codart=P550354&marart=227&seopth=DONALDSON-FILTRI-P550354-FILTRO-OLIO-DONALDSON-P55-0354
G588,51404,FILTRO IDRAULICO,https://e-commerce.michelecaroli.com/wso/pages/user/wso0205.jsf?idaa=368309&codart=51404&marart=218&seopth=WIX-INDUSTRIAL-HD-51404-FILTRO-IDRAULICO
G587,SO4032,FILTRO OLIO HIFI,https://e-commerce.michelecaroli.com/wso/pages/user/wso0205.jsf?idaa=300132&codart=SO4032&marart=230&seopth=HIFI-FILTRI-SO4032-FILTRO-OLIO-HIFI
G573,33104,FILTRO NAFTA,https://e-commerce.michelecaroli.com/wso/pages/user/wso0205.jsf?idaa=365782&codart=33104&marart=218&seopth=WIX-INDUSTRIAL-HD-33104-FILTRO-NAFTA
G569,SH56129,FILTRO HYDR. P555603 HIFI,https://e-commerce.michelecaroli.com/wso/pages/user/wso0205.jsf?idaa=294023&codart=SH56129&marart=230&seopth=HIFI-FILTRI-SH56129-FILTRO-HYDR-P555603-HIFI
G568,33143,FILTRO NAFTA,https://e-commerce.michelecaroli.com/wso/pages/user/wso0205.jsf?idaa=365851&codart=33143&marart=218&seopth=WIX-INDUSTRIAL-HD-33143-FILTRO-NAFTA
G567,33429,FILTRO NAFTA,https://e-commerce.michelecaroli.com/wso/pages/user/wso0205.jsf?idaa=365805&codart=33429&marart=218&seopth=WIX-INDUSTRIAL-HD-33429-FILTRO-NAFTA
G566,51954,FILTRO OLIO,https://e-commerce.michelecaroli.com/wso/pages/user/wso0205.jsf?idaa=368689&codart=51954&marart=218&seopth=WIX-INDUSTRIAL-HD-51954-FILTRO-OLIO
G552,51168,FILTRO OLIO,https://e-commerce.michelecaroli.com/wso/pages/user/wso0205.jsf?idaa=368153&codart=51168&marart=218&seopth=WIX-INDUSTRIAL-HD-51168-FILTRO-OLIO
G551,51168,FILTRO OLIO,https://e-commerce.michelecaroli.com/wso/pages/user/wso0205.jsf?idaa=368153&codart=51168&marart=218&seopth=WIX-INDUSTRIAL-HD-51168-FILTRO-OLIO
G548,51302E,FILTRO OLIO P550052,https://e-commerce.michelecaroli.com/wso/pages/user/wso0205.jsf?idaa=369112&codart=51302E&marart=218&seopth=WIX-INDUSTRIAL-HD-51302E-FILTRO-OLIO-P550052
G544,51302E,FILTRO OLIO P550052,https://e-commerce.michelecaroli.com/wso/pages/user/wso0205.jsf?idaa=369112&codart=51302E&marart=218&seopth=WIX-INDUSTRIAL-HD-51302E-FILTRO-OLIO-P550052
G543F,33167E,FILTRO NAFTA# P550060,https://e-commerce.michelecaroli.com/wso/pages/user/wso0205.jsf?idaa=368995&codart=33167E&marart=218&seopth=WIX-INDUSTRIAL-HD-33167E-FILTRO-NAFTA-P550060
G543F,33167E,FILTRO NAFTA# P550060,https://e-commerce.michelecaroli.com/wso/pages/user/wso0205.jsf?idaa=368995&codart=33167E&marart=218&seopth=WIX-INDUSTRIAL-HD-33167E-FILTRO-NAFTA-P550060
G54307,33080,FILTRO NAFTA esaurito wix,https://e-commerce.michelecaroli.com/wso/pages/user/wso0205.jsf?idaa=365765&codart=33080&marart=218&seopth=WIX-INDUSTRIAL-HD-33080-FILTRO-NAFTA-esaurito-wix
G54008,SO7106,FILTRO OLIO P550170 HIFI,https://e-commerce.michelecaroli.com/wso/pages/user/wso0205.jsf?idaa=301239&codart=SO7106&marart=230&seopth=HIFI-FILTRI-SO7106-FILTRO-OLIO-P550170-HIFI
G538,51092,FILTRO OLIO,https://e-commerce.michelecaroli.com/wso/pages/user/wso0205.jsf?idaa=368106&codart=51092&marart=218&seopth=WIX-INDUSTRIAL-HD-51092-FILTRO-OLIO
G537,51076,FILTRO OLIO,https://e-commerce.michelecaroli.com/wso/pages/user/wso0205.jsf?idaa=368095&codart=51076&marart=218&seopth=WIX-INDUSTRIAL-HD-51076-FILTRO-OLIO
G536,33112E,FILTRO NAFTA# P550861,https://e-commerce.michelecaroli.com/wso/pages/user/wso0205.jsf?idaa=368986&codart=33112E&marart=218&seopth=WIX-INDUSTRIAL-HD-33112E-FILTRO-NAFTA-P550861
G5355,P552398,"FUEL FILTER, IN-LINE",https://e-commerce.michelecaroli.com/wso/pages/user/wso0205.jsf?idaa=441614&codart=P552398&marart=227&seopth=DONALDSON-FILTRI-P552398-FUEL-FILTER-IN-LINE
G530,SO595,FILTRO OLIO P550396 HIFI,https://e-commerce.michelecaroli.com/wso/pages/user/wso0205.jsf?idaa=300204&codart=SO595&marart=230&seopth=HIFI-FILTRI-SO595-FILTRO-OLIO-P550396-HIFI
G530,SO595,FILTRO OLIO P550396 HIFI,https://e-commerce.michelecaroli.com/wso/pages/user/wso0205.jsf?idaa=300204&codart=SO595&marart=230&seopth=HIFI-FILTRI-SO595-FILTRO-OLIO-P550396-HIFI
G529FT,51133,FILTRO OLIO# P550132,https://e-commerce.michelecaroli.com/wso/pages/user/wso0205.jsf?idaa=368125&codart=51133&marart=218&seopth=WIX-INDUSTRIAL-HD-51133-FILTRO-OLIO-P550132
G529,P550951,FILTRRO TRASMISSIONE AD IMMERSIONE,https://e-commerce.michelecaroli.com/wso/pages/user/wso0205.jsf?idaa=156868&codart=P550951&marart=227&seopth=DONALDSON-FILTRI-P550951-FILTRRO-TRASMISSIONE-AD-IMMERSIONE
G529,P550951,FILTRRO TRASMISSIONE AD IMMERSIONE,https://e-commerce.michelecaroli.com/wso/pages/user/wso0205.jsf?idaa=156868&codart=P550951&marart=227&seopth=DONALDSON-FILTRI-P550951-FILTRRO-TRASMISSIONE-AD-IMMERSIONE
G528X4,MD-067,FILTRO CARB.,https://e-commerce.michelecaroli.com/wso/pages/user/wso0205.jsf?idaa=463455&codart=MD-067&marart=ALCO&seopth=ALCO-MD-067-FILTRO-CARB-
G528X3,MD-067,FILTRO CARB.,https://e-commerce.michelecaroli.com/wso/pages/user/wso0205.jsf?idaa=463455&codart=MD-067&marart=ALCO&seopth=ALCO-MD-067-FILTRO-CARB-
G528D,P142813,FILTRO ARIA DONALDSON A PANNELLO,https://e-commerce.michelecaroli.com/wso/pages/user/wso0205.jsf?idaa=154809&codart=P142813&marart=227&seopth=DONALDSON-FILTRI-P142813-FILTRO-ARIA-DONALDSON-A-PANNELLO
G5258,51302E,FILTRO OLIO P550052,https://e-commerce.michelecaroli.com/wso/pages/user/wso0205.jsf?idaa=369112&codart=51302E&marart=218&seopth=WIX-INDUSTRIAL-HD-51302E-FILTRO-OLIO-P550052
G522126,51010,FILTRO OLIO,https://e-commerce.michelecaroli.com/wso/pages/user/wso0205.jsf?idaa=368066&codart=51010&marart=218&seopth=WIX-INDUSTRIAL-HD-51010-FILTRO-OLIO
G521,33073,FILTRO NAFTA,https://e-commerce.michelecaroli.com/wso/pages/user/wso0205.jsf?idaa=365761&codart=33073&marart=218&seopth=WIX-INDUSTRIAL-HD-33073-FILTRO-NAFTA
G52040022,42119,FILTRO ARIA P181034/P182034,https://e-commerce.michelecaroli.com/wso/pages/user/wso0205.jsf?idaa=366333&codart=42119&marart=218&seopth=WIX-INDUSTRIAL-HD-42119-FILTRO-ARIA-P181034-P182034
G52040012,SA10440,FILTRO ARIA SICUREZZ P119374 HIFI ACCOPPIATO CON SA10368,https://e-commerce.michelecaroli.com/wso/pages/user/wso0205.jsf?idaa=336026&codart=SA10440&marart=230&seopth=HIFI-FILTRI-SA10440-FILTRO-ARIA-SICUREZZ-P119374-HIFI
G519D,42783,FILTRO ARIA,https://e-commerce.michelecaroli.com/wso/pages/user/wso0205.jsf?idaa=366813&codart=42783&marart=218&seopth=WIX-INDUSTRIAL-HD-42783-FILTRO-ARIA
G517,SO1594,FILTRO OLIO P550183 HIFI,https://e-commerce.michelecaroli.com/wso/pages/user/wso0205.jsf?idaa=300845&codart=SO1594&marart=230&seopth=HIFI-FILTRI-SO1594-FILTRO-OLIO-P550183-HIFI
G514,P550311,FILTRO OLIO AD IMMERSIONE,https://e-commerce.michelecaroli.com/wso/pages/user/wso0205.jsf?idaa=156542&codart=P550311&marart=227&seopth=DONALDSON-FILTRI-P550311-FILTRO-OLIO-AD-IMMERSIONE
G513,P552398,"FUEL FILTER, IN-LINE",https://e-commerce.michelecaroli.com/wso/pages/user/wso0205.jsf?idaa=441614&codart=P552398&marart=227&seopth=DONALDSON-FILTRI-P552398-FUEL-FILTER-IN-LINE
G501,33073,FILTRO NAFTA,https://e-commerce.michelecaroli.com/wso/pages/user/wso0205.jsf?idaa=365761&codart=33073&marart=218&seopth=WIX-INDUSTRIAL-HD-33073-FILTRO-NAFTA
G5009771,46876,FILTRO ARIA,https://e-commerce.michelecaroli.com/wso/pages/user/wso0205.jsf?idaa=367591&codart=46876&marart=218&seopth=WIX-INDUSTRIAL-HD-46876-FILTRO-ARIA
G5000,P551014,FILTRO OLIO DONALDSON P55-1014,https://e-commerce.michelecaroli.com/wso/pages/user/wso0205.jsf?idaa=156890&codart=P551014&marart=227&seopth=DONALDSON-FILTRI-P551014-FILTRO-OLIO-DONALDSON-P55-1014
G500,G500,,https://e-commerce.michelecaroli.com/wso/pages/user/wso0205.jsf?idaa=379105&codart=G500&marart=100&seopth=CATENE-G500-GIUNTO-PER-CATENA-C500-P50-R-31
G500,G500,,https://e-commerce.michelecaroli.com/wso/pages/user/wso0205.jsf?idaa=379105&codart=G500&marart=100&seopth=CATENE-G500-GIUNTO-PER-CATENA-C500-P50-R-31
G4S8833,42633,FILTRO ARIA,https://e-commerce.michelecaroli.com/wso/pages/user/wso0205.jsf?idaa=366684&codart=42633&marart=218&seopth=WIX-INDUSTRIAL-HD-42633-FILTRO-ARIA
G4S8340,42340,FILTRO ARIA,https://e-commerce.michelecaroli.com/wso/pages/user/wso0205.jsf?idaa=366464&codart=42340&marart=218&seopth=WIX-INDUSTRIAL-HD-42340-FILTRO-ARIA
G4S8337,42337,FILTRO ARIA,https://e-commerce.michelecaroli.com/wso/pages/user/wso0205.jsf?idaa=366462&codart=42337&marart=218&seopth=WIX-INDUSTRIAL-HD-42337-FILTRO-ARIA
G4S5348,42565,FILTRO ARIA,https://e-commerce.michelecaroli.com/wso/pages/user/wso0205.jsf?idaa=366627&codart=42565&marart=218&seopth=WIX-INDUSTRIAL-HD-42565-FILTRO-ARIA
G4N0015,SA11819,PANNELLO P150135 HIFI,https://e-commerce.michelecaroli.com/wso/pages/user/wso0205.jsf?idaa=336285&codart=SA11819&marart=230&seopth=HIFI-FILTRI-SA11819-PANNELLO-P150135-HIFI
G4M9334,SA10285,FILTRO ARIA P181104 HIFI SCIUREZZA ABBINATO CON SA10288/SA10909,https://e-commerce.michelecaroli.com/wso/pages/user/wso0205.jsf?idaa=335974&codart=SA10285&marart=230&seopth=HIFI-FILTRI-SA10285-FILTRO-ARIA-P181104-HIFI-SCIUREZZA
G4M8047,42047,FILTRO ARIA,https://e-commerce.michelecaroli.com/wso/pages/user/wso0205.jsf?idaa=366273&codart=42047&marart=218&seopth=WIX-INDUSTRIAL-HD-42047-FILTRO-ARIA
G4L9853,42853,FILTRO ARIA,https://e-commerce.michelecaroli.com/wso/pages/user/wso0205.jsf?idaa=366853&codart=42853&marart=218&seopth=WIX-INDUSTRIAL-HD-42853-FILTRO-ARIA
G4L9851,42851,FILTRO ARIA,https://e-commerce.michelecaroli.com/wso/pages/user/wso0205.jsf?idaa=366851&codart=42851&marart=218&seopth=WIX-INDUSTRIAL-HD-42851-FILTRO-ARIA
G498400,SA10913,FILTRO ARIA SICUREZZA P141319 HIFI ACCOPPIATO CON SA10897,https://e-commerce.michelecaroli.com/wso/pages/user/wso0205.jsf?idaa=336101&codart=SA10913&marart=230&seopth=HIFI-FILTRI-SA10913-FILTRO-ARIA-SICUREZZA-P141319-HIFI
G495,33097,FILTRO NAFTA,https://e-commerce.michelecaroli.com/wso/pages/user/wso0205.jsf?idaa=365777&codart=33097&marart=218&seopth=WIX-INDUSTRIAL-HD-33097-FILTRO-NAFTA
G492,SN149,FILTRO NAFTA P550012 HIFI,https://e-commerce.michelecaroli.com/wso/pages/user/wso0205.jsf?idaa=298903&codart=SN149&marart=230&seopth=HIFI-FILTRI-SN149-FILTRO-NAFTA-P550012-HIFI
G4862,SP-812,FILTRO OLIO,https://e-commerce.michelecaroli.com/wso/pages/user/wso0205.jsf?idaa=466312&codart=SP-812&marart=ALCO&seopth=ALCO-SP-812-FILTRO-OLIO
G4841,P552398,"FUEL FILTER, IN-LINE",https://e-commerce.michelecaroli.com/wso/pages/user/wso0205.jsf?idaa=441614&codart=P552398&marart=227&seopth=DONALDSON-FILTRI-P552398-FUEL-FILTER-IN-LINE
G484,P552398,"FUEL FILTER, IN-LINE",https://e-commerce.michelecaroli.com/wso/pages/user/wso0205.jsf?idaa=441614&codart=P552398&marart=227&seopth=DONALDSON-FILTRI-P552398-FUEL-FILTER-IN-LINE
G481,P550209,FILTRO NAFTA DONALDSON P55-0209,https://e-commerce.michelecaroli.com/wso/pages/user/wso0205.jsf?idaa=156504&codart=P550209&marart=227&seopth=DONALDSON-FILTRI-P550209-FILTRO-NAFTA-DONALDSON-P55-0209
G478,SN149,FILTRO NAFTA P550012 HIFI,https://e-commerce.michelecaroli.com/wso/pages/user/wso0205.jsf?idaa=298903&codart=SN149&marart=230&seopth=HIFI-FILTRI-SN149-FILTRO-NAFTA-P550012-HIFI
G473,33049,FILTRO NAFTA,https://e-commerce.michelecaroli.com/wso/pages/user/wso0205.jsf?idaa=365744&codart=33049&marart=218&seopth=WIX-INDUSTRIAL-HD-33049-FILTRO-NAFTA
G472,P550111,,https://e-commerce.michelecaroli.com/wso/pages/user/wso0205.jsf?idaa=156461&codart=P550111&marart=227&seopth=DONALDSON-FILTRI-P550111-FILTRO-NAFTA-DONALDSON-P55-0111
G4711,33296,FILTRO NAFTA,https://e-commerce.michelecaroli.com/wso/pages/user/wso0205.jsf?idaa=365385&codart=33296&marart=218&seopth=WIX-INDUSTRIAL-HD-33296-FILTRO-NAFTA
G471,P550471,,https://e-commerce.michelecaroli.com/wso/pages/user/wso0205.jsf?idaa=156629&codart=P550471&marart=227&seopth=DONALDSON-FILTRI-P550471-FILTRO-NAFTA-DONALDSON-P55-0471
G470,P550470,,https://e-commerce.michelecaroli.com/wso/pages/user/wso0205.jsf?idaa=156628&codart=P550470&marart=227&seopth=DONALDSON-FILTRI-P550470-FILTRO-NAFTA-DONALDSON-P55-0470
G454,P550454,FILTRO NAFTA DONALDSON P55-0454,https://e-commerce.michelecaroli.com/wso/pages/user/wso0205.jsf?idaa=156623&codart=P550454&marart=227&seopth=DONALDSON-FILTRI-P550454-FILTRO-NAFTA-DONALDSON-P55-0454
G45008,SO7106,FILTRO OLIO P550170 HIFI,https://e-commerce.michelecaroli.com/wso/pages/user/wso0205.jsf?idaa=301239&codart=SO7106&marart=230&seopth=HIFI-FILTRI-SO7106-FILTRO-OLIO-P550170-HIFI
G44,S7111NC,FILTRO CAV296 SOFIMA,https://e-commerce.michelecaroli.com/wso/pages/user/wso0205.jsf?idaa=446634&codart=S7111NC&marart=SOFI&seopth=SOFIMA-S7111NC-FILTRO-CAV296-SOFIMA
G438390,SA10897,FILTRO ARIA ESTERNO P136255 HIFI ACCOPPIATO CON SA10913,https://e-commerce.michelecaroli.com/wso/pages/user/wso0205.jsf?idaa=336093&codart=SA10897&marart=230&seopth=HIFI-FILTRI-SA10897-FILTRO-ARIA-ESTERNO-P136255-HIFI
G437707,46599,FILTRO ARIA,https://e-commerce.michelecaroli.com/wso/pages/user/wso0205.jsf?idaa=367352&codart=46599&marart=218&seopth=WIX-INDUSTRIAL-HD-46599-FILTRO-ARIA
G437700,46598,FILTRO ARIA,https://e-commerce.michelecaroli.com/wso/pages/user/wso0205.jsf?idaa=367351&codart=46598&marart=218&seopth=WIX-INDUSTRIAL-HD-46598-FILTRO-ARIA
G437506,P181205,FILTRO ARIA DONALDSON P18-1205,https://e-commerce.michelecaroli.com/wso/pages/user/wso0205.jsf?idaa=155899&codart=P181205&marart=227&seopth=DONALDSON-FILTRI-P181205-FILTRO-ARIA-DONALDSON-P18-1205
G436155,SA11805,FILTRO ARIA ESTERNO P526505 HIFI ACCOPPIATO CON SA11785,https://e-commerce.michelecaroli.com/wso/pages/user/wso0205.jsf?idaa=336275&codart=SA11805&marart=230&seopth=HIFI-FILTRI-SA11805-FILTRO-ARIA-ESTERNO-P526505-HIFI
G436125,SA11694,FILTRO ARIA ESTERNO P526500 HIFI ACCOPPIATO CON SA11716,https://e-commerce.michelecaroli.com/wso/pages/user/wso0205.jsf?idaa=336225&codart=SA11694&marart=230&seopth=HIFI-FILTRI-SA11694-FILTRO-ARIA-ESTERNO-P526500-HIFI
G435908,P132448,PANNELLO DONALDSON P13-2448,https://e-commerce.michelecaroli.com/wso/pages/user/wso0205.jsf?idaa=154732&codart=P132448&marart=227&seopth=DONALDSON-FILTRI-P132448-PANNELLO-DONALDSON-P13-2448
G432814,42495,FILTRO ARIA,https://e-commerce.michelecaroli.com/wso/pages/user/wso0205.jsf?idaa=366562&codart=42495&marart=218&seopth=WIX-INDUSTRIAL-HD-42495-FILTRO-ARIA
G432570,P524831,FILTRO ARIA DONALDSON P52-4831,https://e-commerce.michelecaroli.com/wso/pages/user/wso0205.jsf?idaa=156160&codart=P524831&marart=227&seopth=DONALDSON-FILTRI-P524831-FILTRO-ARIA-DONALDSON-P52-4831
G432550,P151028,FILTRO ARIA OBSOLETO,https://e-commerce.michelecaroli.com/wso/pages/user/wso0205.jsf?idaa=154838&codart=P151028&marart=227&seopth=DONALDSON-FILTRI-P151028-FILTRO-ARIA
G432400,46400,FILTRO ARIA,https://e-commerce.michelecaroli.com/wso/pages/user/wso0205.jsf?idaa=367182&codart=46400&marart=218&seopth=WIX-INDUSTRIAL-HD-46400-FILTRO-ARIA
G431803,P771505,FILTRO ARIA DONALDSON P77-1505,https://e-commerce.michelecaroli.com/wso/pages/user/wso0205.jsf?idaa=158347&codart=P771505&marart=227&seopth=DONALDSON-FILTRI-P771505-FILTRO-ARIA-DONALDSON-P77-1505
G431602,42114,,https://e-commerce.michelecaroli.com/wso/pages/user/wso0205.jsf?idaa=366329&codart=42114&marart=218&seopth=WIX-INDUSTRIAL-HD-42114-FILTRO-ARIA
G431599,P137641,FILTRO ARIA SICUREZZA DONALDSON ABBINATO CON P181015,https://e-commerce.michelecaroli.com/wso/pages/user/wso0205.jsf?idaa=440939&codart=P137641&marart=227&seopth=DONALDSON-FILTRI-P137641-FILTRO-ARIA-SICUREZZA-DONALDSON
G431597,42254,FILTRO ARIA,https://e-commerce.michelecaroli.com/wso/pages/user/wso0205.jsf?idaa=366412&codart=42254&marart=218&seopth=WIX-INDUSTRIAL-HD-42254-FILTRO-ARIA
G431591,42700,FILTRO ARIA,https://e-commerce.michelecaroli.com/wso/pages/user/wso0205.jsf?idaa=366741&codart=42700&marart=218&seopth=WIX-INDUSTRIAL-HD-42700-FILTRO-ARIA
G431580,42759,FILTRO ARIA,https://e-commerce.michelecaroli.com/wso/pages/user/wso0205.jsf?idaa=366793&codart=42759&marart=218&seopth=WIX-INDUSTRIAL-HD-42759-FILTRO-ARIA
G431229,42695,FILTRO ARIA,https://e-commerce.michelecaroli.com/wso/pages/user/wso0205.jsf?idaa=366737&codart=42695&marart=218&seopth=WIX-INDUSTRIAL-HD-42695-FILTRO-ARIA
G431221,P607371,"AIR FILTER, PRIMARY ROUND",https://e-commerce.michelecaroli.com/wso/pages/user/wso0205.jsf?idaa=442329&codart=P607371&marart=227&seopth=DONALDSON-FILTRI-P607371-AIR-FILTER-PRIMARY-ROUND
G431200,42741,FILTRO ARIA,https://e-commerce.michelecaroli.com/wso/pages/user/wso0205.jsf?idaa=366777&codart=42741&marart=218&seopth=WIX-INDUSTRIAL-HD-42741-FILTRO-ARIA
G431137,42672,FILTRO ARIA,https://e-commerce.michelecaroli.com/wso/pages/user/wso0205.jsf?idaa=366716&codart=42672&marart=218&seopth=WIX-INDUSTRIAL-HD-42672-FILTRO-ARIA
G431111,46850,FILTRO ARIA WIX P154927,https://e-commerce.michelecaroli.com/wso/pages/user/wso0205.jsf?idaa=367565&codart=46850&marart=218&seopth=WIX-INDUSTRIAL-HD-46850-FILTRO-ARIA-WIX-P154927
G431040,SA11593,FILTRO ARIA ESTERNO P181091 HIFI ACCOPPIATO CON SA11594,https://e-commerce.michelecaroli.com/wso/pages/user/wso0205.jsf?idaa=336187&codart=SA11593&marart=230&seopth=HIFI-FILTRI-SA11593-FILTRO-ARIA-ESTERNO-P181091-HIFI
G431021,P526492,FILTRO ARIA DONALDSON P52-6492,https://e-commerce.michelecaroli.com/wso/pages/user/wso0205.jsf?idaa=156196&codart=P526492&marart=227&seopth=DONALDSON-FILTRI-P526492-FILTRO-ARIA-DONALDSON-P52-6492
G431012,P181133,FILTRO ARIA DONALDSON P18-1133,https://e-commerce.michelecaroli.com/wso/pages/user/wso0205.jsf?idaa=155877&codart=P181133&marart=227&seopth=DONALDSON-FILTRI-P181133-FILTRO-ARIA-DONALDSON-P18-1133
G430936,42757,FILTRO ARIA,https://e-commerce.michelecaroli.com/wso/pages/user/wso0205.jsf?idaa=366791&codart=42757&marart=218&seopth=WIX-INDUSTRIAL-HD-42757-FILTRO-ARIA
G430926,SA10897,FILTRO ARIA ESTERNO P136255 HIFI ACCOPPIATO CON SA10913,https://e-commerce.michelecaroli.com/wso/pages/user/wso0205.jsf?idaa=336093&codart=SA10897&marart=230&seopth=HIFI-FILTRI-SA10897-FILTRO-ARIA-ESTERNO-P136255-HIFI
G430725,42654,FILTRO ARIA,https://e-commerce.michelecaroli.com/wso/pages/user/wso0205.jsf?idaa=366700&codart=42654&marart=218&seopth=WIX-INDUSTRIAL-HD-42654-FILTRO-ARIA
G430539,P526493,FILTRO ARIA DONALDSON P52-64 93,https://e-commerce.michelecaroli.com/wso/pages/user/wso0205.jsf?idaa=156197&codart=P526493&marart=227&seopth=DONALDSON-FILTRI-P526493-FILTRO-ARIA-DONALDSON-P52-64-93
G430532,42139,FILTRO ARIA,https://e-commerce.michelecaroli.com/wso/pages/user/wso0205.jsf?idaa=366351&codart=42139&marart=218&seopth=WIX-INDUSTRIAL-HD-42139-FILTRO-ARIA
G430522,P526491,FILTRO ARIA SICUREZZA DONALDSON,https://e-commerce.michelecaroli.com/wso/pages/user/wso0205.jsf?idaa=156195&codart=P526491&marart=227&seopth=DONALDSON-FILTRI-P526491-FILTRO-ARIA-SICUREZZA-DONALDSON
G430512,SA10411,FILTRO ARIA P133706 HIFI,https://e-commerce.michelecaroli.com/wso/pages/user/wso0205.jsf?idaa=336014&codart=SA10411&marart=230&seopth=HIFI-FILTRI-SA10411-FILTRO-ARIA-P133706-HIFI
G430414,SA10913,FILTRO ARIA SICUREZZA P141319 HIFI ACCOPPIATO CON SA10897,https://e-commerce.michelecaroli.com/wso/pages/user/wso0205.jsf?idaa=336101&codart=SA10913&marart=230&seopth=HIFI-FILTRI-SA10913-FILTRO-ARIA-SICUREZZA-P141319-HIFI
G430344,P182062,FILTRO ARIA DONALDSON P18-2062 ABBINATO C/FILTRO INTERNO P119359,https://e-commerce.michelecaroli.com/wso/pages/user/wso0205.jsf?idaa=155917&codart=P182062&marart=227&seopth=DONALDSON-FILTRI-P182062-FILTRO-ARIA-DONALDSON-P18-2062
G430313,42655,FILTRO ARIA,https://e-commerce.michelecaroli.com/wso/pages/user/wso0205.jsf?idaa=366701&codart=42655&marart=218&seopth=WIX-INDUSTRIAL-HD-42655-FILTRO-ARIA
G430071,42274,FILTRO ARIA,https://e-commerce.michelecaroli.com/wso/pages/user/wso0205.jsf?idaa=366426&codart=42274&marart=218&seopth=WIX-INDUSTRIAL-HD-42274-FILTRO-ARIA
G430028,P607357,FILTRO ARIA DONALDSON P60-7357,https://e-commerce.michelecaroli.com/wso/pages/user/wso0205.jsf?idaa=157370&codart=P607357&marart=227&seopth=DONALDSON-FILTRI-P607357-FILTRO-ARIA-DONALDSON-P60-7357
G42040012,SA11854,FILTRO ARIA P119373 HIFI,https://e-commerce.michelecaroli.com/wso/pages/user/wso0205.jsf?idaa=336297&codart=SA11854&marart=230&seopth=HIFI-FILTRI-SA11854-FILTRO-ARIA-P119373-HIFI
G418,SO045,FILTRO OLIO P551604# HIFI,https://e-commerce.michelecaroli.com/wso/pages/user/wso0205.jsf?idaa=300661&codart=SO045&marart=230&seopth=HIFI-FILTRI-SO045-FILTRO-OLIO-P551604-HIFI
G416,SO580,FILTRO OLIO P550008# HIFI,https://e-commerce.michelecaroli.com/wso/pages/user/wso0205.jsf?idaa=300199&codart=SO580&marart=230&seopth=HIFI-FILTRI-SO580-FILTRO-OLIO-P550008-HIFI
G410598,OV6079,SEPAR. ARIA/OLIO HIFI,https://e-commerce.michelecaroli.com/wso/pages/user/wso0205.jsf?idaa=398724&codart=OV6079&marart=230&seopth=HIFI-FILTRI-OV6079-SEPAR-ARIA-OLIO-HIFI
G4085701,P105609,MANICOTTO S/RIDUZIONE 102X102X133,https://e-commerce.michelecaroli.com/wso/pages/user/wso0205.jsf?idaa=154539&codart=P105609&marart=227&seopth=DONALDSON-FILTRI-P105609-MANICOTTO-S-RIDUZIONE-102X102X133
G4026701,P105168,"FLANGE, SPECIAL RESTRICTION INDICAT",https://e-commerce.michelecaroli.com/wso/pages/user/wso0205.jsf?idaa=442997&codart=P105168&marart=227&seopth=DONALDSON-FILTRI-P105168-FLANGE-SPECIAL-RESTRICTION-INDICAT
G4,42577,,https://e-commerce.michelecaroli.com/wso/pages/user/wso0205.jsf?idaa=366637&codart=42577&marart=218&seopth=WIX-INDUSTRIAL-HD-42577-FILTRO-ARIA
G3S4745,42745,FILTRO ARIA,https://e-commerce.michelecaroli.com/wso/pages/user/wso0205.jsf?idaa=366781&codart=42745&marart=218&seopth=WIX-INDUSTRIAL-HD-42745-FILTRO-ARIA
G3DP,33033,PREFILTRO,https://e-commerce.michelecaroli.com/wso/pages/user/wso0205.jsf?idaa=365730&codart=33033&marart=218&seopth=WIX-INDUSTRIAL-HD-33033-PREFILTRO
G38S,SN149,FILTRO NAFTA P550012 HIFI,https://e-commerce.michelecaroli.com/wso/pages/user/wso0205.jsf?idaa=298903&codart=SN149&marart=230&seopth=HIFI-FILTRI-SN149-FILTRO-NAFTA-P550012-HIFI
G3850DP,33296,FILTRO NAFTA,https://e-commerce.michelecaroli.com/wso/pages/user/wso0205.jsf?idaa=365385&codart=33296&marart=218&seopth=WIX-INDUSTRIAL-HD-33296-FILTRO-NAFTA
G3836981,P004076,FASCIA MONTAGGIO P00-4076,https://e-commerce.michelecaroli.com/wso/pages/user/wso0205.jsf?idaa=154484&codart=P004076&marart=227&seopth=DONALDSON-FILTRI-P004076-FASCIA-MONTAGGIO-P00-4076
G38,33033,PREFILTRO,https://e-commerce.michelecaroli.com/wso/pages/user/wso0205.jsf?idaa=365730&codart=33033&marart=218&seopth=WIX-INDUSTRIAL-HD-33033-PREFILTRO
