Code searched,Matched code,Part Category on Michele,Link to Michele product
K1008,WP6816,"FILTRO ABIT. FO.COUGAR, MONDEO I (9 3-96), MONDEO II (96-00)",https://e-commerce.michelecaroli.com/wso/pages/user/wso0205.jsf?idaa=144500&codart=WP6816&marart=219&seopth=WIX-AUTO-FILTRI-WP6816-FILTRO-ABIT-FO-COUGAR-MONDEO-I-9
K1007,WP6814,"FILTRO ABIT. CI.BERLINGO I, XANTIA, XSARAPEUG. PARTNER I",https://e-commerce.michelecaroli.com/wso/pages/user/wso0205.jsf?idaa=144499&codart=WP6814&marart=219&seopth=WIX-AUTO-FILTRI-WP6814-FILTRO-ABIT-CI-BERLINGO-I-XANTIA-
K1006A,WP6813,"FILTRO ABIT. AUDI A3, TTSEAT AROSA, CORDOBA, IBIZA II/III, INCA, LEON",https://e-commerce.michelecaroli.com/wso/pages/user/wso0205.jsf?idaa=144498&codart=WP6813&marart=219&seopth=WIX-AUTO-FILTRI-WP6813-FILTRO-ABIT-AUDI-A3-TTSEAT-AROSA-
K1006,WP6812,"FILTRO ABIT. AUDI A3, TTSEAT AROSA, CORDOBA, IBIZA II/III, INCA, LEON",https://e-commerce.michelecaroli.com/wso/pages/user/wso0205.jsf?idaa=144497&codart=WP6812&marart=219&seopth=WIX-AUTO-FILTRI-WP6812-FILTRO-ABIT-AUDI-A3-TTSEAT-AROSA-
K1005,WP6810,"FILTRO ABIT. VW. GOLF III ->7/93, V ENTO ->7/93, SE",https://e-commerce.michelecaroli.com/wso/pages/user/wso0205.jsf?idaa=144496&codart=WP6810&marart=219&seopth=WIX-AUTO-FILTRI-WP6810-FILTRO-ABIT-VW-GOLF-III-7-93-V
K1005,WP6810,"FILTRO ABIT. VW. GOLF III ->7/93, V ENTO ->7/93, SE",https://e-commerce.michelecaroli.com/wso/pages/user/wso0205.jsf?idaa=144496&codart=WP6810&marart=219&seopth=WIX-AUTO-FILTRI-WP6810-FILTRO-ABIT-VW-GOLF-III-7-93-V
K1004A,WP6809,"FILTRO ABIT. AUDI A4 (B5/8D), CABRI OLET, COUPE, COUPE QUATTROVW. PASSA",https://e-commerce.michelecaroli.com/wso/pages/user/wso0205.jsf?idaa=144495&codart=WP6809&marart=219&seopth=WIX-AUTO-FILTRI-WP6809-FILTRO-ABIT-AUDI-A4-B5-8D-CABRI
K1004082H,H001053,RAIN CAP DONALDSON GAH00-1053,https://e-commerce.michelecaroli.com/wso/pages/user/wso0205.jsf?idaa=154184&codart=H001053&marart=227&seopth=DONALDSON-FILTRI-H001053-RAIN-CAP-DONALDSON-GAH00-1053
K1004,WP6808,"FILTRO ABIT. AUDI 80, 80 QUATTRO, A 4 (B5/8D), CABRIOLET, COUPE, COUPE",https://e-commerce.michelecaroli.com/wso/pages/user/wso0205.jsf?idaa=144494&codart=WP6808&marart=219&seopth=WIX-AUTO-FILTRI-WP6808-FILTRO-ABIT-AUDI-80-80-QUATTRO-A
K1003,WP6806,"FILTRO ABIT. AUDI 80, 80 QUATTRO, 9 0, CABRIOLET, COUPE, COUPE QUATTRO",https://e-commerce.michelecaroli.com/wso/pages/user/wso0205.jsf?idaa=144493&codart=WP6806&marart=219&seopth=WIX-AUTO-FILTRI-WP6806-FILTRO-ABIT-AUDI-80-80-QUATTRO-9
K1001111H,P105612,MANICOTTO S/ RIDUZIONE 152X152X165,https://e-commerce.michelecaroli.com/wso/pages/user/wso0205.jsf?idaa=154542&codart=P105612&marart=227&seopth=DONALDSON-FILTRI-P105612-MANICOTTO-S-RIDUZIONE-152X152X165
K0H235116,SA10793,FILTRO ARIA P528231 HIFI 152X108X50 MM.,https://e-commerce.michelecaroli.com/wso/pages/user/wso0205.jsf?idaa=336055&codart=SA10793&marart=230&seopth=HIFI-FILTRI-SA10793-FILTRO-ARIA-P528231-HIFI
K0950553,SO553,FILTRO OLIO P550141 HIFI,https://e-commerce.michelecaroli.com/wso/pages/user/wso0205.jsf?idaa=300187&codart=SO553&marart=230&seopth=HIFI-FILTRI-SO553-FILTRO-OLIO-P550141-HIFI
K0850888,SO040,FILTRO OLIO P553771# HIFI,https://e-commerce.michelecaroli.com/wso/pages/user/wso0205.jsf?idaa=300659&codart=SO040&marart=230&seopth=HIFI-FILTRI-SO040-FILTRO-OLIO-P553771-HIFI
K0850588,SO040,FILTRO OLIO P553771# HIFI,https://e-commerce.michelecaroli.com/wso/pages/user/wso0205.jsf?idaa=300659&codart=SO040&marart=230&seopth=HIFI-FILTRI-SO040-FILTRO-OLIO-P553771-HIFI
K0850561,SA10440,FILTRO ARIA SICUREZZ P119374 HIFI ACCOPPIATO CON SA10368,https://e-commerce.michelecaroli.com/wso/pages/user/wso0205.jsf?idaa=336026&codart=SA10440&marart=230&seopth=HIFI-FILTRI-SA10440-FILTRO-ARIA-SICUREZZ-P119374-HIFI
K0773451,X007824,"SEAL CLAMP, 4 IN (102 MM)",https://e-commerce.michelecaroli.com/wso/pages/user/wso0205.jsf?idaa=443387&codart=X007824&marart=227&seopth=DONALDSON-FILTRI-X007824-SEAL-CLAMP-4-IN-102-MM-
K0773421,X007805,"SEAL CLAMP, 5 IN (127 MM)",https://e-commerce.michelecaroli.com/wso/pages/user/wso0205.jsf?idaa=443386&codart=X007805&marart=227&seopth=DONALDSON-FILTRI-X007805-SEAL-CLAMP-5-IN-127-MM-
K05174056AA,SP-2138,FILTRO CARB. ALCO,https://e-commerce.michelecaroli.com/wso/pages/user/wso0205.jsf?idaa=466250&codart=SP-2138&marart=ALCO&seopth=ALCO-SP-2138-FILTRO-CARB-ALCO
K040512,k040512,FILTRO SCARICO,https://e-commerce.michelecaroli.com/wso/pages/user/wso0205.jsf?idaa=154303&codart=k040512&marart=227&seopth=DONALDSON-FILTRI-k040512-FILTRO-SCARICO
K031010,K031010,,https://e-commerce.michelecaroli.com/wso/pages/user/wso0205.jsf?idaa=154295&codart=K031010&marart=227&seopth=DONALDSON-FILTRI-K031010-FILTRO-SEPARATORE-COMPLETO
K031005,K031005,,https://e-commerce.michelecaroli.com/wso/pages/user/wso0205.jsf?idaa=154292&codart=K031005&marart=227&seopth=DONALDSON-FILTRI-K031005-FILTRO-SEPARATORE-COMPLETO
K030042,P102820,RIDUTTORE DONALDSON 64X76X114,https://e-commerce.michelecaroli.com/wso/pages/user/wso0205.jsf?idaa=154516&codart=P102820&marart=227&seopth=DONALDSON-FILTRI-P102820-RIDUTTORE-DONALDSON-64X76X114
K0300042,P102820,RIDUTTORE DONALDSON 64X76X114,https://e-commerce.michelecaroli.com/wso/pages/user/wso0205.jsf?idaa=154516&codart=P102820&marart=227&seopth=DONALDSON-FILTRI-P102820-RIDUTTORE-DONALDSON-64X76X114
K0262926,P162696,INDICATORE@ DONALDSON PI6-2696,https://e-commerce.michelecaroli.com/wso/pages/user/wso0205.jsf?idaa=155578&codart=P162696&marart=227&seopth=DONALDSON-FILTRI-P162696-INDICATORE-DONALDSON-PI6-2696
K0262854,DBA5067,"AIR FILTER, PRIMARY DONALDSON BLUE",https://e-commerce.michelecaroli.com/wso/pages/user/wso0205.jsf?idaa=442382&codart=DBA5067&marart=227&seopth=DONALDSON-FILTRI-DBA5067-AIR-FILTER-PRIMARY-DONALDSON-BLUE
K0262853,DBA5067,"AIR FILTER, PRIMARY DONALDSON BLUE",https://e-commerce.michelecaroli.com/wso/pages/user/wso0205.jsf?idaa=442382&codart=DBA5067&marart=227&seopth=DONALDSON-FILTRI-DBA5067-AIR-FILTER-PRIMARY-DONALDSON-BLUE
K0262794,P527682,FILTRO ARIA DONALDSON P52-7682,https://e-commerce.michelecaroli.com/wso/pages/user/wso0205.jsf?idaa=156225&codart=P527682&marart=227&seopth=DONALDSON-FILTRI-P527682-FILTRO-ARIA-DONALDSON-P52-7682
K0262078,SH66659,FILTRO HYDR. P165659 HIFI,https://e-commerce.michelecaroli.com/wso/pages/user/wso0205.jsf?idaa=296301&codart=SH66659&marart=230&seopth=HIFI-FILTRI-SH66659-FILTRO-HYDR-P165659-HIFI
K0261931,P143895,RIDUTTORE A GOMITO P14-3895,https://e-commerce.michelecaroli.com/wso/pages/user/wso0205.jsf?idaa=154811&codart=P143895&marart=227&seopth=DONALDSON-FILTRI-P143895-RIDUTTORE-A-GOMITO-P14-3895
K0261617,P114318,GOMITO M11L-4318,https://e-commerce.michelecaroli.com/wso/pages/user/wso0205.jsf?idaa=154586&codart=P114318&marart=227&seopth=DONALDSON-FILTRI-P114318-GOMITO-M11L-4318
K0259705,SAT01SAB127001,,https://e-commerce.michelecaroli.com/wso/pages/user/wso0205.jsf?idaa=438642&codart=SAT01SAB127001&marart=230&seopth=HIFI-FILTRI-SAT01SAB127001-FILTRO
K0236909,P004307,FASCIA MONTAGGIO P00-4307,https://e-commerce.michelecaroli.com/wso/pages/user/wso0205.jsf?idaa=154486&codart=P004307&marart=227&seopth=DONALDSON-FILTRI-P004307-FASCIA-MONTAGGIO-P00-4307
K01741A,51010,FILTRO OLIO,https://e-commerce.michelecaroli.com/wso/pages/user/wso0205.jsf?idaa=368066&codart=51010&marart=218&seopth=WIX-INDUSTRIAL-HD-51010-FILTRO-OLIO
K013D,SO941,FILTRO OLIO P550361 HIFI,https://e-commerce.michelecaroli.com/wso/pages/user/wso0205.jsf?idaa=301517&codart=SO941&marart=230&seopth=HIFI-FILTRI-SO941-FILTRO-OLIO-P550361-HIFI
K013,SO941,FILTRO OLIO P550361 HIFI,https://e-commerce.michelecaroli.com/wso/pages/user/wso0205.jsf?idaa=301517&codart=SO941&marart=230&seopth=HIFI-FILTRI-SO941-FILTRO-OLIO-P550361-HIFI
K012D,P552471,FILTRO OLIO,https://e-commerce.michelecaroli.com/wso/pages/user/wso0205.jsf?idaa=311988&codart=P552471&marart=227&seopth=DONALDSON-FILTRI-P552471-FILTRO-OLIO
K01227,42689,FILTRO ARIA,https://e-commerce.michelecaroli.com/wso/pages/user/wso0205.jsf?idaa=366732&codart=42689&marart=218&seopth=WIX-INDUSTRIAL-HD-42689-FILTRO-ARIA
K012,P552471,FILTRO OLIO,https://e-commerce.michelecaroli.com/wso/pages/user/wso0205.jsf?idaa=311988&codart=P552471&marart=227&seopth=DONALDSON-FILTRI-P552471-FILTRO-OLIO
K011,P552471,FILTRO OLIO,https://e-commerce.michelecaroli.com/wso/pages/user/wso0205.jsf?idaa=311988&codart=P552471&marart=227&seopth=DONALDSON-FILTRI-P552471-FILTRO-OLIO
K0103D,SO941,FILTRO OLIO P550361 HIFI,https://e-commerce.michelecaroli.com/wso/pages/user/wso0205.jsf?idaa=301517&codart=SO941&marart=230&seopth=HIFI-FILTRI-SO941-FILTRO-OLIO-P550361-HIFI
K0053064,X002350,"RESTRICTION INDICATOR KIT, SERVISIG",https://e-commerce.michelecaroli.com/wso/pages/user/wso0205.jsf?idaa=443358&codart=X002350&marart=227&seopth=DONALDSON-FILTRI-X002350-RESTRICTION-INDICATOR-KIT-SERVISIG
K0033,H000607,RAIN CAP DONALDSON GAHOO-0607,https://e-commerce.michelecaroli.com/wso/pages/user/wso0205.jsf?idaa=154171&codart=H000607&marart=227&seopth=DONALDSON-FILTRI-H000607-RAIN-CAP-DONALDSON-GAHOO-0607
K0032,H000606,RAIN CAP DONALDSON GAH00-0606,https://e-commerce.michelecaroli.com/wso/pages/user/wso0205.jsf?idaa=154170&codart=H000606&marart=227&seopth=DONALDSON-FILTRI-H000606-RAIN-CAP-DONALDSON-GAH00-0606
K00030052,SO599,FILTRO OLIO HIFI,https://e-commerce.michelecaroli.com/wso/pages/user/wso0205.jsf?idaa=300207&codart=SO599&marart=230&seopth=HIFI-FILTRI-SO599-FILTRO-OLIO-HIFI
JZ25,P164812,FILTRO IDRAULICO,https://e-commerce.michelecaroli.com/wso/pages/user/wso0205.jsf?idaa=311855&codart=P164812&marart=227&seopth=DONALDSON-FILTRI-P164812-FILTRO-IDRAULICO
JY9,P207667,"CLAMP, U-BOLT 6 IN (152 MM)",https://e-commerce.michelecaroli.com/wso/pages/user/wso0205.jsf?idaa=441322&codart=P207667&marart=227&seopth=DONALDSON-FILTRI-P207667-CLAMP-U-BOLT-6-IN-152-MM-
JW13501,X002015,RAIN CAP DONALDSON X00-2015,https://e-commerce.michelecaroli.com/wso/pages/user/wso0205.jsf?idaa=158292&codart=X002015&marart=227&seopth=DONALDSON-FILTRI-X002015-RAIN-CAP-DONALDSON-X00-2015
JVM5,42890,FILTRO ARIA,https://e-commerce.michelecaroli.com/wso/pages/user/wso0205.jsf?idaa=366876&codart=42890&marart=218&seopth=WIX-INDUSTRIAL-HD-42890-FILTRO-ARIA
JVM3,42890,FILTRO ARIA,https://e-commerce.michelecaroli.com/wso/pages/user/wso0205.jsf?idaa=366876&codart=42890&marart=218&seopth=WIX-INDUSTRIAL-HD-42890-FILTRO-ARIA
JVM10,42890,FILTRO ARIA,https://e-commerce.michelecaroli.com/wso/pages/user/wso0205.jsf?idaa=366876&codart=42890&marart=218&seopth=WIX-INDUSTRIAL-HD-42890-FILTRO-ARIA
JVM024,42665,FILTRO ARIA,https://e-commerce.michelecaroli.com/wso/pages/user/wso0205.jsf?idaa=366709&codart=42665&marart=218&seopth=WIX-INDUSTRIAL-HD-42665-FILTRO-ARIA
JVA3,42890,FILTRO ARIA,https://e-commerce.michelecaroli.com/wso/pages/user/wso0205.jsf?idaa=366876&codart=42890&marart=218&seopth=WIX-INDUSTRIAL-HD-42890-FILTRO-ARIA
JVA25,P004076,FASCIA MONTAGGIO P00-4076,https://e-commerce.michelecaroli.com/wso/pages/user/wso0205.jsf?idaa=154484&codart=P004076&marart=227&seopth=DONALDSON-FILTRI-P004076-FASCIA-MONTAGGIO-P00-4076
JVA16,SAT01SCB102001,,https://e-commerce.michelecaroli.com/wso/pages/user/wso0205.jsf?idaa=438560&codart=SAT01SCB102001&marart=230&seopth=HIFI-FILTRI-SAT01SCB102001-FILTRO
JVA003,42890,FILTRO ARIA,https://e-commerce.michelecaroli.com/wso/pages/user/wso0205.jsf?idaa=366876&codart=42890&marart=218&seopth=WIX-INDUSTRIAL-HD-42890-FILTRO-ARIA
JT3589,P558717,FILTRO OLIO,https://e-commerce.michelecaroli.com/wso/pages/user/wso0205.jsf?idaa=157195&codart=P558717&marart=227&seopth=DONALDSON-FILTRI-P558717-FILTRO-OLIO
JSH0039,SABP010004,,https://e-commerce.michelecaroli.com/wso/pages/user/wso0205.jsf?idaa=438637&codart=SABP010004&marart=230&seopth=HIFI-FILTRI-SABP010004-FILTRO
JSH0023,SA10926,FILTRO ARIA SICUREZZA P124047 HIFI ABBINATO CON SA10925,https://e-commerce.michelecaroli.com/wso/pages/user/wso0205.jsf?idaa=336108&codart=SA10926&marart=230&seopth=HIFI-FILTRI-SA10926-FILTRO-ARIA-SICUREZZA-P124047-HIFI
JS85130,P105534,"ELBOW, 90 DEGREE RUBBER",https://e-commerce.michelecaroli.com/wso/pages/user/wso0205.jsf?idaa=442999&codart=P105534&marart=227&seopth=DONALDSON-FILTRI-P105534-ELBOW-90-DEGREE-RUBBER
JS660,20445401BN,MOT.AVV. COMPAT.NISS.,https://e-commerce.michelecaroli.com/wso/pages/user/wso0205.jsf?idaa=385595&codart=20445401BN&marart=REAL&seopth=REAL-MOTORINI-E-ALTERNATORI-20445401BN-MOT-AVV-COMPAT-NISS-
JS660,20445401BN,MOT.AVV. COMPAT.NISS.,https://e-commerce.michelecaroli.com/wso/pages/user/wso0205.jsf?idaa=385595&codart=20445401BN&marart=REAL&seopth=REAL-MOTORINI-E-ALTERNATORI-20445401BN-MOT-AVV-COMPAT-NISS-
JS54530,JS54530,,https://e-commerce.michelecaroli.com/wso/pages/user/wso0205.jsf?idaa=397516&codart=JS54530&marart=230&seopth=HIFI-FILTRI-JS54530-GUARNIZIONE-HIFI
JS508420,M090158,MUFFLER,https://e-commerce.michelecaroli.com/wso/pages/user/wso0205.jsf?idaa=154472&codart=M090158&marart=227&seopth=DONALDSON-FILTRI-M090158-MUFFLER
JS34045TA,JS34045TA,,https://e-commerce.michelecaroli.com/wso/pages/user/wso0205.jsf?idaa=397515&codart=JS34045TA&marart=230&seopth=HIFI-FILTRI-JS34045TA-GUARNIZIONE-HIFI
JS30030TA,JS30030TA,,https://e-commerce.michelecaroli.com/wso/pages/user/wso0205.jsf?idaa=397514&codart=JS30030TA&marart=230&seopth=HIFI-FILTRI-JS30030TA-GUARNIZIONE-HIFI
JS25040TA,JS25040TA,,https://e-commerce.michelecaroli.com/wso/pages/user/wso0205.jsf?idaa=397513&codart=JS25040TA&marart=230&seopth=HIFI-FILTRI-JS25040TA-GUARNIZIONE-HIFI
JS225038TA,JS225038TA,,https://e-commerce.michelecaroli.com/wso/pages/user/wso0205.jsf?idaa=397512&codart=JS225038TA&marart=230&seopth=HIFI-FILTRI-JS225038TA-GUARNIZIONE-HIFI
JS22025TA,JS22025TA,,https://e-commerce.michelecaroli.com/wso/pages/user/wso0205.jsf?idaa=397511&codart=JS22025TA&marart=230&seopth=HIFI-FILTRI-JS22025TA-GUARNIZIONE-HIFI
JS219802,M065034,"MUFFLER, ROUND STYLE 2",https://e-commerce.michelecaroli.com/wso/pages/user/wso0205.jsf?idaa=442858&codart=M065034&marart=227&seopth=DONALDSON-FILTRI-M065034-MUFFLER-ROUND-STYLE-2
JS21570TA,JS21570TA,GUARNIZIONE HIFI,https://e-commerce.michelecaroli.com/wso/pages/user/wso0205.jsf?idaa=397510&codart=JS21570TA&marart=230&seopth=HIFI-FILTRI-JS21570TA-GUARNIZIONE-HIFI
JS20014A,JS20014A,,https://e-commerce.michelecaroli.com/wso/pages/user/wso0205.jsf?idaa=397509&codart=JS20014A&marart=230&seopth=HIFI-FILTRI-JS20014A-GUARNIZIONE-HIFI
JS172038TA,JS172038TA,,https://e-commerce.michelecaroli.com/wso/pages/user/wso0205.jsf?idaa=397508&codart=JS172038TA&marart=230&seopth=HIFI-FILTRI-JS172038TA-GUARNIZIONE-HIFI
JS17017A,JS17017A,,https://e-commerce.michelecaroli.com/wso/pages/user/wso0205.jsf?idaa=397507&codart=JS17017A&marart=230&seopth=HIFI-FILTRI-JS17017A-GUARNIZIONE-HIFI
JS16023TA,JS16023TA,,https://e-commerce.michelecaroli.com/wso/pages/user/wso0205.jsf?idaa=397506&codart=JS16023TA&marart=230&seopth=HIFI-FILTRI-JS16023TA-GUARNIZIONE-HIFI
JS15,P164812,FILTRO IDRAULICO,https://e-commerce.michelecaroli.com/wso/pages/user/wso0205.jsf?idaa=311855&codart=P164812&marart=227&seopth=DONALDSON-FILTRI-P164812-FILTRO-IDRAULICO
JS108971,51499,FILTRO IDRAULICO,https://e-commerce.michelecaroli.com/wso/pages/user/wso0205.jsf?idaa=368385&codart=51499&marart=218&seopth=WIX-INDUSTRIAL-HD-51499-FILTRO-IDRAULICO
JS02P000013B,46723,FILTRO ARIA P124046,https://e-commerce.michelecaroli.com/wso/pages/user/wso0205.jsf?idaa=367458&codart=46723&marart=218&seopth=WIX-INDUSTRIAL-HD-46723-FILTRO-ARIA-P124046
JRH0028,P776008,VALVOLA D'EVACUAZIONE DIAM.51,https://e-commerce.michelecaroli.com/wso/pages/user/wso0205.jsf?idaa=157745&codart=P776008&marart=227&seopth=DONALDSON-FILTRI-P776008-VALVOLA-D-EVACUAZIONE-DIAM-51
JRH0027,MD-7582S,FILTRO ARIA,https://e-commerce.michelecaroli.com/wso/pages/user/wso0205.jsf?idaa=464353&codart=MD-7582S&marart=ALCO&seopth=ALCO-MD-7582S-FILTRO-ARIA
JRH0026,MD-7582,,https://e-commerce.michelecaroli.com/wso/pages/user/wso0205.jsf?idaa=464352&codart=MD-7582&marart=ALCO&seopth=ALCO-MD-7582-FILTRO-ARIA
JRH0026,MD-7582,,https://e-commerce.michelecaroli.com/wso/pages/user/wso0205.jsf?idaa=464352&codart=MD-7582&marart=ALCO&seopth=ALCO-MD-7582-FILTRO-ARIA
JR1780050B,JR1780050B,,https://e-commerce.michelecaroli.com/wso/pages/user/wso0205.jsf?idaa=397505&codart=JR1780050B&marart=230&seopth=HIFI-FILTRI-JR1780050B-GUARNIZIONE-HIFI
JR1550030B,JR1550030B,,https://e-commerce.michelecaroli.com/wso/pages/user/wso0205.jsf?idaa=397503&codart=JR1550030B&marart=230&seopth=HIFI-FILTRI-JR1550030B-GUARNIZIONE-HIFI
JR13035,JR13035,,https://e-commerce.michelecaroli.com/wso/pages/user/wso0205.jsf?idaa=397501&codart=JR13035&marart=230&seopth=HIFI-FILTRI-JR13035-GUARNIZIONE-HIFI
JR125000350B,JR125000350B,GUARNIZIONE PER FILTRO SN5055 HIFI,https://e-commerce.michelecaroli.com/wso/pages/user/wso0205.jsf?idaa=416692&codart=JR125000350B&marart=230&seopth=HIFI-FILTRI-JR125000350B-GUARNIZIONE-PER-FILTRO-SN5055-HIFI
JR1030030B,JR1030030B,,https://e-commerce.michelecaroli.com/wso/pages/user/wso0205.jsf?idaa=397498&codart=JR1030030B&marart=230&seopth=HIFI-FILTRI-JR1030030B-GUARNIZIONE-HIFI
JR0260034B,JR0260034B,,https://e-commerce.michelecaroli.com/wso/pages/user/wso0205.jsf?idaa=397491&codart=JR0260034B&marart=230&seopth=HIFI-FILTRI-JR0260034B-GUARNIZIONE-HIFI
JP9119220,SA10385K,FILTRO ARIA P181050# HIFI ABBINATO CON SA14762,https://e-commerce.michelecaroli.com/wso/pages/user/wso0205.jsf?idaa=336011&codart=SA10385K&marart=230&seopth=HIFI-FILTRI-SA10385K-FILTRO-ARIA-P181050-HIFI
JO1280068083B,JO1280068083B,,https://e-commerce.michelecaroli.com/wso/pages/user/wso0205.jsf?idaa=397490&codart=JO1280068083B&marart=230&seopth=HIFI-FILTRI-JO1280068083B-GUARNIZIONE-HIFI
JO08133,JO08133,,https://e-commerce.michelecaroli.com/wso/pages/user/wso0205.jsf?idaa=397487&codart=JO08133&marart=230&seopth=HIFI-FILTRI-JO08133-GUARNIZIONE-HIFI
JNH0005,P004307,FASCIA MONTAGGIO P00-4307,https://e-commerce.michelecaroli.com/wso/pages/user/wso0205.jsf?idaa=154486&codart=P004307&marart=227&seopth=DONALDSON-FILTRI-P004307-FASCIA-MONTAGGIO-P00-4307
JN9086,SH66659,FILTRO HYDR. P165659 HIFI,https://e-commerce.michelecaroli.com/wso/pages/user/wso0205.jsf?idaa=296301&codart=SH66659&marart=230&seopth=HIFI-FILTRI-SH66659-FILTRO-HYDR-P165659-HIFI
JMDR3519,P528234,FILTRO ARIA DONALDSON P52-8234,https://e-commerce.michelecaroli.com/wso/pages/user/wso0205.jsf?idaa=156239&codart=P528234&marart=227&seopth=DONALDSON-FILTRI-P528234-FILTRO-ARIA-DONALDSON-P52-8234
JM60427,51010,FILTRO OLIO,https://e-commerce.michelecaroli.com/wso/pages/user/wso0205.jsf?idaa=368066&codart=51010&marart=218&seopth=WIX-INDUSTRIAL-HD-51010-FILTRO-OLIO
JLR7158,53.226.00,FILTRO ARIA ABITACOLO UFI 53.226.00,https://e-commerce.michelecaroli.com/wso/pages/user/wso0205.jsf?idaa=370039&codart=53.226.00&marart=224&seopth=UFI-SOFIMA-FILTRI-53-226-00-FILTRO-ARIA-ABITACOLO-UFI-53-226-00
JLM9544,SO1594,FILTRO OLIO P550183 HIFI,https://e-commerce.michelecaroli.com/wso/pages/user/wso0205.jsf?idaa=300845&codart=SO1594&marart=230&seopth=HIFI-FILTRI-SO1594-FILTRO-OLIO-P550183-HIFI
JLH100,SA14698K,FILTRO ARIA P772550# HIFI,https://e-commerce.michelecaroli.com/wso/pages/user/wso0205.jsf?idaa=288965&codart=SA14698K&marart=230&seopth=HIFI-FILTRI-SA14698K-FILTRO-ARIA-P772550-HIFI
JLH0103,SAEP011003,,https://e-commerce.michelecaroli.com/wso/pages/user/wso0205.jsf?idaa=438563&codart=SAEP011003&marart=230&seopth=HIFI-FILTRI-SAEP011003-FILTRO
JLG701266,SA16239,FILTRO ARIA P136258 HIFI,https://e-commerce.michelecaroli.com/wso/pages/user/wso0205.jsf?idaa=289152&codart=SA16239&marart=230&seopth=HIFI-FILTRI-SA16239-FILTRO-ARIA-P136258-HIFI
JLG212014,SH56762,FILTRO HYDR. P165875 HIFI,https://e-commerce.michelecaroli.com/wso/pages/user/wso0205.jsf?idaa=294224&codart=SH56762&marart=230&seopth=HIFI-FILTRI-SH56762-FILTRO-HYDR-P165875-HIFI
JL17181,SAT01SCB076001,,https://e-commerce.michelecaroli.com/wso/pages/user/wso0205.jsf?idaa=438641&codart=SAT01SCB076001&marart=230&seopth=HIFI-FILTRI-SAT01SCB076001-FILTRO
JK816,51302E,FILTRO OLIO P550052,https://e-commerce.michelecaroli.com/wso/pages/user/wso0205.jsf?idaa=369112&codart=51302E&marart=218&seopth=WIX-INDUSTRIAL-HD-51302E-FILTRO-OLIO-P550052
JK41445000,SA12085,FILTRO ARIA HIFI,https://e-commerce.michelecaroli.com/wso/pages/user/wso0205.jsf?idaa=336375&codart=SA12085&marart=230&seopth=HIFI-FILTRI-SA12085-FILTRO-ARIA-HIFI
JH357707,P105168,"FLANGE, SPECIAL RESTRICTION INDICAT",https://e-commerce.michelecaroli.com/wso/pages/user/wso0205.jsf?idaa=442997&codart=P105168&marart=227&seopth=DONALDSON-FILTRI-P105168-FLANGE-SPECIAL-RESTRICTION-INDICAT
JG3136,42760,FILTRO ARIA,https://e-commerce.michelecaroli.com/wso/pages/user/wso0205.jsf?idaa=366794&codart=42760&marart=218&seopth=WIX-INDUSTRIAL-HD-42760-FILTRO-ARIA
JG3135,42890,FILTRO ARIA,https://e-commerce.michelecaroli.com/wso/pages/user/wso0205.jsf?idaa=366876&codart=42890&marart=218&seopth=WIX-INDUSTRIAL-HD-42890-FILTRO-ARIA
JG3133,42689,FILTRO ARIA,https://e-commerce.michelecaroli.com/wso/pages/user/wso0205.jsf?idaa=366732&codart=42689&marart=218&seopth=WIX-INDUSTRIAL-HD-42689-FILTRO-ARIA
JG135,42890,FILTRO ARIA,https://e-commerce.michelecaroli.com/wso/pages/user/wso0205.jsf?idaa=366876&codart=42890&marart=218&seopth=WIX-INDUSTRIAL-HD-42890-FILTRO-ARIA
JEY014302A,23.265.00,FILTRO OLIO UFI 23.265.00,https://e-commerce.michelecaroli.com/wso/pages/user/wso0205.jsf?idaa=149484&codart=23.265.00&marart=224&seopth=UFI-SOFIMA-FILTRI-23-265-00-FILTRO-OLIO-UFI-23-265-00
JE81344000,T59,FILTRO OLIO HIFI,https://e-commerce.michelecaroli.com/wso/pages/user/wso0205.jsf?idaa=364765&codart=T59&marart=230&seopth=HIFI-FILTRI-T59-FILTRO-OLIO-HIFI
JE646B,33348,FILTRO NAFTA,https://e-commerce.michelecaroli.com/wso/pages/user/wso0205.jsf?idaa=365340&codart=33348&marart=218&seopth=WIX-INDUSTRIAL-HD-33348-FILTRO-NAFTA
JE646A,33348,FILTRO NAFTA,https://e-commerce.michelecaroli.com/wso/pages/user/wso0205.jsf?idaa=365340&codart=33348&marart=218&seopth=WIX-INDUSTRIAL-HD-33348-FILTRO-NAFTA
JE6463,33348,FILTRO NAFTA,https://e-commerce.michelecaroli.com/wso/pages/user/wso0205.jsf?idaa=365340&codart=33348&marart=218&seopth=WIX-INDUSTRIAL-HD-33348-FILTRO-NAFTA
JE6462,33348,FILTRO NAFTA,https://e-commerce.michelecaroli.com/wso/pages/user/wso0205.jsf?idaa=365340&codart=33348&marart=218&seopth=WIX-INDUSTRIAL-HD-33348-FILTRO-NAFTA
JE646,33348,FILTRO NAFTA,https://e-commerce.michelecaroli.com/wso/pages/user/wso0205.jsf?idaa=365340&codart=33348&marart=218&seopth=WIX-INDUSTRIAL-HD-33348-FILTRO-NAFTA
JE0206012,P004079,FASCIA MONTAGGIO P00-4079,https://e-commerce.michelecaroli.com/wso/pages/user/wso0205.jsf?idaa=154485&codart=P004079&marart=227&seopth=DONALDSON-FILTRI-P004079-FASCIA-MONTAGGIO-P00-4079
JE0203001900,P151097,FILTRO ARIA DONALDSON CONICO,https://e-commerce.michelecaroli.com/wso/pages/user/wso0205.jsf?idaa=154839&codart=P151097&marart=227&seopth=DONALDSON-FILTRI-P151097-FILTRO-ARIA-DONALDSON-CONICO
JDT46317,P131334,FILTRO ARIA SICUREZZA DONALDSON,https://e-commerce.michelecaroli.com/wso/pages/user/wso0205.jsf?idaa=154717&codart=P131334&marart=227&seopth=DONALDSON-FILTRI-P131334-FILTRO-ARIA-SICUREZZA-DONALDSON
JDT19044,JDT19044,FILTRO OLIO HIFI,https://e-commerce.michelecaroli.com/wso/pages/user/wso0205.jsf?idaa=348440&codart=JDT19044&marart=230&seopth=HIFI-FILTRI-JDT19044-FILTRO-OLIO-HIFI
JDRE62419,P550397,FILTRO GASOLIO CANCELLATO VEDI P551 424,https://e-commerce.michelecaroli.com/wso/pages/user/wso0205.jsf?idaa=156590&codart=P550397&marart=227&seopth=DONALDSON-FILTRI-P550397-FILTRO-GASOLIO-CANCELLATO-VEDI-P551
JDPMFS19530,SN70117,FILTRO NAFTA HIFI,https://e-commerce.michelecaroli.com/wso/pages/user/wso0205.jsf?idaa=299454&codart=SN70117&marart=230&seopth=HIFI-FILTRI-SN70117-FILTRO-NAFTA-HIFI
JD7O1P,51242,FILTRO OLIO,https://e-commerce.michelecaroli.com/wso/pages/user/wso0205.jsf?idaa=368202&codart=51242&marart=218&seopth=WIX-INDUSTRIAL-HD-51242-FILTRO-OLIO
JD701P,51242,FILTRO OLIO,https://e-commerce.michelecaroli.com/wso/pages/user/wso0205.jsf?idaa=368202&codart=51242&marart=218&seopth=WIX-INDUSTRIAL-HD-51242-FILTRO-OLIO
JD701,51242,FILTRO OLIO,https://e-commerce.michelecaroli.com/wso/pages/user/wso0205.jsf?idaa=368202&codart=51242&marart=218&seopth=WIX-INDUSTRIAL-HD-51242-FILTRO-OLIO
JD50919,P105544,GOMITO 45 GRADI DIAM.46 MM.,https://e-commerce.michelecaroli.com/wso/pages/user/wso0205.jsf?idaa=443003&codart=P105544&marart=227&seopth=DONALDSON-FILTRI-P105544-GOMITO-45-GRADI-DIAM-46-MM-
JD501P,51148,,https://e-commerce.michelecaroli.com/wso/pages/user/wso0205.jsf?idaa=368136&codart=51148&marart=218&seopth=WIX-INDUSTRIAL-HD-51148-FILTRO-OLIO
JD501,51148,,https://e-commerce.michelecaroli.com/wso/pages/user/wso0205.jsf?idaa=368136&codart=51148&marart=218&seopth=WIX-INDUSTRIAL-HD-51148-FILTRO-OLIO
JD50,51148,,https://e-commerce.michelecaroli.com/wso/pages/user/wso0205.jsf?idaa=368136&codart=51148&marart=218&seopth=WIX-INDUSTRIAL-HD-51148-FILTRO-OLIO
JD382L2160,51133,FILTRO OLIO# P550132,https://e-commerce.michelecaroli.com/wso/pages/user/wso0205.jsf?idaa=368125&codart=51133&marart=218&seopth=WIX-INDUSTRIAL-HD-51133-FILTRO-OLIO-P550132
JC19001900060B,JC19001900060B,,https://e-commerce.michelecaroli.com/wso/pages/user/wso0205.jsf?idaa=397484&codart=JC19001900060B&marart=230&seopth=HIFI-FILTRI-JC19001900060B-GUARNIZIONE-DEL-COPERCHIO-HIFI
JC16001600060B,JC16001600060B,,https://e-commerce.michelecaroli.com/wso/pages/user/wso0205.jsf?idaa=397483&codart=JC16001600060B&marart=230&seopth=HIFI-FILTRI-JC16001600060B-GUARNIZIONE-HIFI
JC10001000060B,JC10001000060B,,https://e-commerce.michelecaroli.com/wso/pages/user/wso0205.jsf?idaa=397482&codart=JC10001000060B&marart=230&seopth=HIFI-FILTRI-JC10001000060B-GUARNIZIONE-HIFI
JC0990050080B,JC0990050080B,,https://e-commerce.michelecaroli.com/wso/pages/user/wso0205.jsf?idaa=397481&codart=JC0990050080B&marart=230&seopth=HIFI-FILTRI-JC0990050080B-GUARNIZIONE-HIFI
JC0810030030B,JC0810030030B,,https://e-commerce.michelecaroli.com/wso/pages/user/wso0205.jsf?idaa=397479&codart=JC0810030030B&marart=230&seopth=HIFI-FILTRI-JC0810030030B-GUARNIZIONE-HIFI
JC0750090026B,JC0750090026B,,https://e-commerce.michelecaroli.com/wso/pages/user/wso0205.jsf?idaa=397478&codart=JC0750090026B&marart=230&seopth=HIFI-FILTRI-JC0750090026B-GUARNIZIONE-HIFI
JC0410070025B,JC0410070025B,,https://e-commerce.michelecaroli.com/wso/pages/user/wso0205.jsf?idaa=397477&codart=JC0410070025B&marart=230&seopth=HIFI-FILTRI-JC0410070025B-GUARNIZIONE-HIFI
JC0170055025B,JC0170055025B,,https://e-commerce.michelecaroli.com/wso/pages/user/wso0205.jsf?idaa=397475&codart=JC0170055025B&marart=230&seopth=HIFI-FILTRI-JC0170055025B-GUARNIZIONE-HIFI
JC0080030040B,JC0080030040B,,https://e-commerce.michelecaroli.com/wso/pages/user/wso0205.jsf?idaa=397474&codart=JC0080030040B&marart=230&seopth=HIFI-FILTRI-JC0080030040B-GUARNIZIONE-HIFI
JA59569,SAIN01AF016201,,https://e-commerce.michelecaroli.com/wso/pages/user/wso0205.jsf?idaa=438695&codart=SAIN01AF016201&marart=230&seopth=HIFI-FILTRI-SAIN01AF016201-FILTRO
JA2092,51242,FILTRO OLIO,https://e-commerce.michelecaroli.com/wso/pages/user/wso0205.jsf?idaa=368202&codart=51242&marart=218&seopth=WIX-INDUSTRIAL-HD-51242-FILTRO-OLIO
JA16574,P004076,FASCIA MONTAGGIO P00-4076,https://e-commerce.michelecaroli.com/wso/pages/user/wso0205.jsf?idaa=154484&codart=P004076&marart=227&seopth=DONALDSON-FILTRI-P004076-FASCIA-MONTAGGIO-P00-4076
JA059569,SAIN01AF016201,,https://e-commerce.michelecaroli.com/wso/pages/user/wso0205.jsf?idaa=438695&codart=SAIN01AF016201&marart=230&seopth=HIFI-FILTRI-SAIN01AF016201-FILTRO
JA016574,P004076,FASCIA MONTAGGIO P00-4076,https://e-commerce.michelecaroli.com/wso/pages/user/wso0205.jsf?idaa=154484&codart=P004076&marart=227&seopth=DONALDSON-FILTRI-P004076-FASCIA-MONTAGGIO-P00-4076
J9A0478,M090362,"RESONATOR, 4 IN (102 MM)",https://e-commerce.michelecaroli.com/wso/pages/user/wso0205.jsf?idaa=442901&codart=M090362&marart=227&seopth=DONALDSON-FILTRI-M090362-RESONATOR-4-IN-102-MM-
J9A0337,M002121,"MOUNTING BAND, EXHAUST 10.8 IN (274",https://e-commerce.michelecaroli.com/wso/pages/user/wso0205.jsf?idaa=442836&codart=M002121&marart=227&seopth=DONALDSON-FILTRI-M002121-MOUNTING-BAND-EXHAUST-10-8-IN-274
J9A0331,M101171,"MUFFLER, ROUND STYLE 6",https://e-commerce.michelecaroli.com/wso/pages/user/wso0205.jsf?idaa=442933&codart=M101171&marart=227&seopth=DONALDSON-FILTRI-M101171-MUFFLER-ROUND-STYLE-6
J976003,P148347,"CLAMP, T-BOLT",https://e-commerce.michelecaroli.com/wso/pages/user/wso0205.jsf?idaa=440952&codart=P148347&marart=227&seopth=DONALDSON-FILTRI-P148347-CLAMP-T-BOLT
J976001,P148343,"CLAMP, T-BOLT",https://e-commerce.michelecaroli.com/wso/pages/user/wso0205.jsf?idaa=440948&codart=P148343&marart=227&seopth=DONALDSON-FILTRI-P148343-CLAMP-T-BOLT
J973743,P551018,FILTRO OLIO,https://e-commerce.michelecaroli.com/wso/pages/user/wso0205.jsf?idaa=313776&codart=P551018&marart=227&seopth=DONALDSON-FILTRI-P551018-FILTRO-OLIO
J942365,P551019,FILTRO OLIO,https://e-commerce.michelecaroli.com/wso/pages/user/wso0205.jsf?idaa=313777&codart=P551019&marart=227&seopth=DONALDSON-FILTRI-P551019-FILTRO-OLIO
J937736,P551019,FILTRO OLIO,https://e-commerce.michelecaroli.com/wso/pages/user/wso0205.jsf?idaa=313777&codart=P551019&marart=227&seopth=DONALDSON-FILTRI-P551019-FILTRO-OLIO
J9334430,P551018,FILTRO OLIO,https://e-commerce.michelecaroli.com/wso/pages/user/wso0205.jsf?idaa=313776&codart=P551018&marart=227&seopth=DONALDSON-FILTRI-P551018-FILTRO-OLIO
J908618,DBL7345,"LUBE FILTER, SPIN-ON FULL FLOW DONA",https://e-commerce.michelecaroli.com/wso/pages/user/wso0205.jsf?idaa=442419&codart=DBL7345&marart=227&seopth=DONALDSON-FILTRI-DBL7345-LUBE-FILTER-SPIN-ON-FULL-FLOW-DONA
J903410,SN5038,FILTRO NAFTA P551329 HIFI,https://e-commerce.michelecaroli.com/wso/pages/user/wso0205.jsf?idaa=299361&codart=SN5038&marart=230&seopth=HIFI-FILTRI-SN5038-FILTRO-NAFTA-P551329-HIFI
J903410,SN5038,FILTRO NAFTA P551329 HIFI,https://e-commerce.michelecaroli.com/wso/pages/user/wso0205.jsf?idaa=299361&codart=SN5038&marart=230&seopth=HIFI-FILTRI-SN5038-FILTRO-NAFTA-P551329-HIFI
J903324,DBL7345,"LUBE FILTER, SPIN-ON FULL FLOW DONA",https://e-commerce.michelecaroli.com/wso/pages/user/wso0205.jsf?idaa=442419&codart=DBL7345&marart=227&seopth=DONALDSON-FILTRI-DBL7345-LUBE-FILTER-SPIN-ON-FULL-FLOW-DONA
J903224,DBL7345,"LUBE FILTER, SPIN-ON FULL FLOW DONA",https://e-commerce.michelecaroli.com/wso/pages/user/wso0205.jsf?idaa=442419&codart=DBL7345&marart=227&seopth=DONALDSON-FILTRI-DBL7345-LUBE-FILTER-SPIN-ON-FULL-FLOW-DONA
J903202,SN1251,FILTRO NAFTA P550248 HIFI,https://e-commerce.michelecaroli.com/wso/pages/user/wso0205.jsf?idaa=298896&codart=SN1251&marart=230&seopth=HIFI-FILTRI-SN1251-FILTRO-NAFTA-P550248-HIFI
J8A0583,P151097,FILTRO ARIA DONALDSON CONICO,https://e-commerce.michelecaroli.com/wso/pages/user/wso0205.jsf?idaa=154839&codart=P151097&marart=227&seopth=DONALDSON-FILTRI-P151097-FILTRO-ARIA-DONALDSON-CONICO
J8A0313,P159820,RIDUTTORE A GOMITO P15-9820,https://e-commerce.michelecaroli.com/wso/pages/user/wso0205.jsf?idaa=154872&codart=P159820&marart=227&seopth=DONALDSON-FILTRI-P159820-RIDUTTORE-A-GOMITO-P15-9820
J8992661,42020,FILTRO ARIA,https://e-commerce.michelecaroli.com/wso/pages/user/wso0205.jsf?idaa=366254&codart=42020&marart=218&seopth=WIX-INDUSTRIAL-HD-42020-FILTRO-ARIA
J8992638,SN149,FILTRO NAFTA P550012 HIFI,https://e-commerce.michelecaroli.com/wso/pages/user/wso0205.jsf?idaa=298903&codart=SN149&marart=230&seopth=HIFI-FILTRI-SN149-FILTRO-NAFTA-P550012-HIFI
J8991450,33514,FILTRO NAFTA,https://e-commerce.michelecaroli.com/wso/pages/user/wso0205.jsf?idaa=365934&codart=33514&marart=218&seopth=WIX-INDUSTRIAL-HD-33514-FILTRO-NAFTA
J8991386,P524347,,https://e-commerce.michelecaroli.com/wso/pages/user/wso0205.jsf?idaa=156137&codart=P524347&marart=227&seopth=DONALDSON-FILTRI-P524347-FILTRO-ARIA-DONALDSON-P52-4347
J8991072,51049,FILTRO OLIO,https://e-commerce.michelecaroli.com/wso/pages/user/wso0205.jsf?idaa=368078&codart=51049&marart=218&seopth=WIX-INDUSTRIAL-HD-51049-FILTRO-OLIO
J8991013,42050,FILTRO ARIA,https://e-commerce.michelecaroli.com/wso/pages/user/wso0205.jsf?idaa=366276&codart=42050&marart=218&seopth=WIX-INDUSTRIAL-HD-42050-FILTRO-ARIA
J8990953,33943,FILTRO NAFTA P550007,https://e-commerce.michelecaroli.com/wso/pages/user/wso0205.jsf?idaa=366188&codart=33943&marart=218&seopth=WIX-INDUSTRIAL-HD-33943-FILTRO-NAFTA-P550007
J8990953,33943,FILTRO NAFTA P550007,https://e-commerce.michelecaroli.com/wso/pages/user/wso0205.jsf?idaa=366188&codart=33943&marart=218&seopth=WIX-INDUSTRIAL-HD-33943-FILTRO-NAFTA-P550007
J8990873,51049,FILTRO OLIO,https://e-commerce.michelecaroli.com/wso/pages/user/wso0205.jsf?idaa=368078&codart=51049&marart=218&seopth=WIX-INDUSTRIAL-HD-51049-FILTRO-OLIO
J8990837,51049,FILTRO OLIO,https://e-commerce.michelecaroli.com/wso/pages/user/wso0205.jsf?idaa=368078&codart=51049&marart=218&seopth=WIX-INDUSTRIAL-HD-51049-FILTRO-OLIO
J8990688,51049,FILTRO OLIO,https://e-commerce.michelecaroli.com/wso/pages/user/wso0205.jsf?idaa=368078&codart=51049&marart=218&seopth=WIX-INDUSTRIAL-HD-51049-FILTRO-OLIO
J8990499,SO580,FILTRO OLIO P550008# HIFI,https://e-commerce.michelecaroli.com/wso/pages/user/wso0205.jsf?idaa=300199&codart=SO580&marart=230&seopth=HIFI-FILTRI-SO580-FILTRO-OLIO-P550008-HIFI
J8990457,42050,FILTRO ARIA,https://e-commerce.michelecaroli.com/wso/pages/user/wso0205.jsf?idaa=366276&codart=42050&marart=218&seopth=WIX-INDUSTRIAL-HD-42050-FILTRO-ARIA
J8990068,51010,FILTRO OLIO,https://e-commerce.michelecaroli.com/wso/pages/user/wso0205.jsf?idaa=368066&codart=51010&marart=218&seopth=WIX-INDUSTRIAL-HD-51010-FILTRO-OLIO
J8990050,SO7106,FILTRO OLIO P550170 HIFI,https://e-commerce.michelecaroli.com/wso/pages/user/wso0205.jsf?idaa=301239&codart=SO7106&marart=230&seopth=HIFI-FILTRI-SO7106-FILTRO-OLIO-P550170-HIFI
J8990041,51010,FILTRO OLIO,https://e-commerce.michelecaroli.com/wso/pages/user/wso0205.jsf?idaa=368066&codart=51010&marart=218&seopth=WIX-INDUSTRIAL-HD-51010-FILTRO-OLIO
J8630740,SH56147,FILTRO HYDR. P559740 HIFI,https://e-commerce.michelecaroli.com/wso/pages/user/wso0205.jsf?idaa=294034&codart=SH56147&marart=230&seopth=HIFI-FILTRI-SH56147-FILTRO-HYDR-P559740-HIFI
J8630403,P502245,FILTRO OLIO DONALDSON AD IMMERSIONE,https://e-commerce.michelecaroli.com/wso/pages/user/wso0205.jsf?idaa=156055&codart=P502245&marart=227&seopth=DONALDSON-FILTRI-P502245-FILTRO-OLIO-DONALDSON-AD-IMMERSIONE
J8630223,51623,FILTRO TRASMISSIONE,https://e-commerce.michelecaroli.com/wso/pages/user/wso0205.jsf?idaa=368497&codart=51623&marart=218&seopth=WIX-INDUSTRIAL-HD-51623-FILTRO-TRASMISSIONE
J8623520,33948,FILTRO NAFTA,https://e-commerce.michelecaroli.com/wso/pages/user/wso0205.jsf?idaa=366193&codart=33948&marart=218&seopth=WIX-INDUSTRIAL-HD-33948-FILTRO-NAFTA
J8621631,P502233,FILTRO GASOLIO,https://e-commerce.michelecaroli.com/wso/pages/user/wso0205.jsf?idaa=156054&codart=P502233&marart=227&seopth=DONALDSON-FILTRI-P502233-FILTRO-GASOLIO
J8621201,SN1201,FILTRO NAFTA P550316 HIFI,https://e-commerce.michelecaroli.com/wso/pages/user/wso0205.jsf?idaa=298886&codart=SN1201&marart=230&seopth=HIFI-FILTRI-SN1201-FILTRO-NAFTA-P550316-HIFI
J8621001,FT3228,FILTRO NAFTA P551351 HIFI,https://e-commerce.michelecaroli.com/wso/pages/user/wso0205.jsf?idaa=394786&codart=FT3228&marart=230&seopth=HIFI-FILTRI-FT3228-FILTRO-NAFTA-P551351-HIFI
J8620799,24.336.00,FILTRO NAFTA UFI 24.336.00,https://e-commerce.michelecaroli.com/wso/pages/user/wso0205.jsf?idaa=148914&codart=24.336.00&marart=UFIHD&seopth=UFI-HD-24-336-00-FILTRO-NAFTA-UFI-24-336-00
J8620560,P502166,FILTRO NAFTA P50-2166 16 MICRON,https://e-commerce.michelecaroli.com/wso/pages/user/wso0205.jsf?idaa=156030&codart=P502166&marart=227&seopth=DONALDSON-FILTRI-P502166-FILTRO-NAFTA-P50-2166-16-MICRON
J8620341,SN234,FILTRO NAFTA P552341 HIFI,https://e-commerce.michelecaroli.com/wso/pages/user/wso0205.jsf?idaa=299782&codart=SN234&marart=230&seopth=HIFI-FILTRI-SN234-FILTRO-NAFTA-P552341-HIFI
J8620210,33210,FILTRO NAFTA#,https://e-commerce.michelecaroli.com/wso/pages/user/wso0205.jsf?idaa=365888&codart=33210&marart=218&seopth=WIX-INDUSTRIAL-HD-33210-FILTRO-NAFTA-
J8620100,SN183,FILTRO NAFTA P559100 HIFI,https://e-commerce.michelecaroli.com/wso/pages/user/wso0205.jsf?idaa=298906&codart=SN183&marart=230&seopth=HIFI-FILTRI-SN183-FILTRO-NAFTA-P559100-HIFI
J8620080,FT6245,FILTRO NAFTA P552564 HIFI,https://e-commerce.michelecaroli.com/wso/pages/user/wso0205.jsf?idaa=394790&codart=FT6245&marart=230&seopth=HIFI-FILTRI-FT6245-FILTRO-NAFTA-P552564-HIFI
J8612950,57034,FILTRO OLIO,https://e-commerce.michelecaroli.com/wso/pages/user/wso0205.jsf?idaa=369385&codart=57034&marart=218&seopth=WIX-INDUSTRIAL-HD-57034-FILTRO-OLIO
J8612670,SO3333,FILTRO OLIO P551670# HIFI,https://e-commerce.michelecaroli.com/wso/pages/user/wso0205.jsf?idaa=300892&codart=SO3333&marart=230&seopth=HIFI-FILTRI-SO3333-FILTRO-OLIO-P551670-HIFI
J8610782,T7317,FILTRO OLIO P551343 HIFI,https://e-commerce.michelecaroli.com/wso/pages/user/wso0205.jsf?idaa=395353&codart=T7317&marart=230&seopth=HIFI-FILTRI-T7317-FILTRO-OLIO-P551343-HIFI
J8610556,23.446.00,FILTRO OLIO UFI 23.446.00,https://e-commerce.michelecaroli.com/wso/pages/user/wso0205.jsf?idaa=148823&codart=23.446.00&marart=UFIHD&seopth=UFI-HD-23-446-00-FILTRO-OLIO-UFI-23-446-00
J8610486,P765704,FILTRO HYD DONALDSON P76-5704,https://e-commerce.michelecaroli.com/wso/pages/user/wso0205.jsf?idaa=157604&codart=P765704&marart=227&seopth=DONALDSON-FILTRI-P765704-FILTRO-HYD-DONALDSON-P76-5704
J8610234,P502352,FILTRO OLIO DONALDSON AD IMMERSIONE,https://e-commerce.michelecaroli.com/wso/pages/user/wso0205.jsf?idaa=156059&codart=P502352&marart=227&seopth=DONALDSON-FILTRI-P502352-FILTRO-OLIO-DONALDSON-AD-IMMERSIONE
J8610208,SO307,FILTRO OLIO P502222 HIFI,https://e-commerce.michelecaroli.com/wso/pages/user/wso0205.jsf?idaa=300879&codart=SO307&marart=230&seopth=HIFI-FILTRI-SO307-FILTRO-OLIO-P502222-HIFI
J8610163,P550777,FILTRO@OLIO DONALDSON conf.6,https://e-commerce.michelecaroli.com/wso/pages/user/wso0205.jsf?idaa=156797&codart=P550777&marart=227&seopth=DONALDSON-FILTRI-P550777-FILTRO-OLIO-DONALDSON-conf-6
J8610160,23.292.00,FILTRO OLIO MAN,https://e-commerce.michelecaroli.com/wso/pages/user/wso0205.jsf?idaa=148788&codart=23.292.00&marart=UFIHD&seopth=UFI-HD-23-292-00-FILTRO-OLIO-MAN
J8610007,P556007,ATTUALE P559128,https://e-commerce.michelecaroli.com/wso/pages/user/wso0205.jsf?idaa=157148&codart=P556007&marart=227&seopth=DONALDSON-FILTRI-P556007-ATTUALE-P559128
J850277,49183,FILTRO ARIA,https://e-commerce.michelecaroli.com/wso/pages/user/wso0205.jsf?idaa=367832&codart=49183&marart=218&seopth=WIX-INDUSTRIAL-HD-49183-FILTRO-ARIA
