Code searched,Matched code,Part Category on Michele,Link to Michele product
HCF11053,42890,FILTRO ARIA,https://e-commerce.michelecaroli.com/wso/pages/user/wso0205.jsf?idaa=366876&codart=42890&marart=218&seopth=WIX-INDUSTRIAL-HD-42890-FILTRO-ARIA
HCF11005,42890,FILTRO ARIA,https://e-commerce.michelecaroli.com/wso/pages/user/wso0205.jsf?idaa=366876&codart=42890&marart=218&seopth=WIX-INDUSTRIAL-HD-42890-FILTRO-ARIA
HCF08460,P118342,FILTRO ARIA DONALDSON M11L-8342,https://e-commerce.michelecaroli.com/wso/pages/user/wso0205.jsf?idaa=154613&codart=P118342&marart=227&seopth=DONALDSON-FILTRI-P118342-FILTRO-ARIA-DONALDSON-M11L-8342
HCAK253,MD-192K,FILTRO ARIA ALCO,https://e-commerce.michelecaroli.com/wso/pages/user/wso0205.jsf?idaa=463524&codart=MD-192K&marart=ALCO&seopth=ALCO-MD-192K-FILTRO-ARIA-ALCO
HCAK1532,P182062,FILTRO ARIA DONALDSON P18-2062 ABBINATO C/FILTRO INTERNO P119359,https://e-commerce.michelecaroli.com/wso/pages/user/wso0205.jsf?idaa=155917&codart=P182062&marart=227&seopth=DONALDSON-FILTRI-P182062-FILTRO-ARIA-DONALDSON-P18-2062
HC9803FU11,MD-4115,FILTRO IDRAULICO AD IMEMRSIONE,https://e-commerce.michelecaroli.com/wso/pages/user/wso0205.jsf?idaa=463666&codart=MD-4115&marart=ALCO&seopth=ALCO-MD-4115-FILTRO-IDRAULICO-AD-IMEMRSIONE
HC9735FKT9H,P164812,FILTRO IDRAULICO,https://e-commerce.michelecaroli.com/wso/pages/user/wso0205.jsf?idaa=311855&codart=P164812&marart=227&seopth=DONALDSON-FILTRI-P164812-FILTRO-IDRAULICO
HC9700FUT9H,51407XE,FILTRO IDRAULICO,https://e-commerce.michelecaroli.com/wso/pages/user/wso0205.jsf?idaa=369116&codart=51407XE&marart=218&seopth=WIX-INDUSTRIAL-HD-51407XE-FILTRO-IDRAULICO
HC9700FUS9H,51419,FILTRO IDRAULICO,https://e-commerce.michelecaroli.com/wso/pages/user/wso0205.jsf?idaa=368322&codart=51419&marart=218&seopth=WIX-INDUSTRIAL-HD-51419-FILTRO-IDRAULICO
HC9700FUN9H,P169344,FILTRO IDRAULICO,https://e-commerce.michelecaroli.com/wso/pages/user/wso0205.jsf?idaa=311864&codart=P169344&marart=227&seopth=DONALDSON-FILTRI-P169344-FILTRO-IDRAULICO
HC9500SUT8H,51846,FILTRO OLIO,https://e-commerce.michelecaroli.com/wso/pages/user/wso0205.jsf?idaa=368667&codart=51846&marart=218&seopth=WIX-INDUSTRIAL-HD-51846-FILTRO-OLIO
HC9500SUP8H,SH56757,FILTRO HYDR. P165762 HIFI,https://e-commerce.michelecaroli.com/wso/pages/user/wso0205.jsf?idaa=294221&codart=SH56757&marart=230&seopth=HIFI-FILTRI-SH56757-FILTRO-HYDR-P165762-HIFI
HC9500SUJ8H,51861,FILTRO OLIO,https://e-commerce.michelecaroli.com/wso/pages/user/wso0205.jsf?idaa=368679&codart=51861&marart=218&seopth=WIX-INDUSTRIAL-HD-51861-FILTRO-OLIO
HC9500SUJ4H,SH56760,FILTRO HYDR. P550388 HIFI GILBARCO 140845093,https://e-commerce.michelecaroli.com/wso/pages/user/wso0205.jsf?idaa=294222&codart=SH56760&marart=230&seopth=HIFI-FILTRI-SH56760-FILTRO-HYDR-P550388-HIFI
HC9500SUH8H,51746,FILTRO IDRAULICO,https://e-commerce.michelecaroli.com/wso/pages/user/wso0205.jsf?idaa=368598&codart=51746&marart=218&seopth=WIX-INDUSTRIAL-HD-51746-FILTRO-IDRAULICO
HC9500FSUJH,SH56760,FILTRO HYDR. P550388 HIFI GILBARCO 140845093,https://e-commerce.michelecaroli.com/wso/pages/user/wso0205.jsf?idaa=294222&codart=SH56760&marart=230&seopth=HIFI-FILTRI-SH56760-FILTRO-HYDR-P550388-HIFI
HC8900FDS162,P166136,FILTRO HYDR.DONALDSON P16-6136,https://e-commerce.michelecaroli.com/wso/pages/user/wso0205.jsf?idaa=154987&codart=P166136&marart=227&seopth=DONALDSON-FILTRI-P166136-FILTRO-HYDR-DONALDSON-P16-6136
HC8300FUS16H,SH87025,FILTRO HYDR. HIFI,https://e-commerce.michelecaroli.com/wso/pages/user/wso0205.jsf?idaa=298011&codart=SH87025&marart=230&seopth=HIFI-FILTRI-SH87025-FILTRO-HYDR-HIFI
HC7933,SH56761,FILTRO HYDR. P165880 HIFI,https://e-commerce.michelecaroli.com/wso/pages/user/wso0205.jsf?idaa=294223&codart=SH56761&marart=230&seopth=HIFI-FILTRI-SH56761-FILTRO-HYDR-P165880-HIFI
HC7906,51858,FILTRO OLIO# P550148,https://e-commerce.michelecaroli.com/wso/pages/user/wso0205.jsf?idaa=368676&codart=51858&marart=218&seopth=WIX-INDUSTRIAL-HD-51858-FILTRO-OLIO-P550148
HC7500SUS8H,51849,FILTRO OLIO P165876,https://e-commerce.michelecaroli.com/wso/pages/user/wso0205.jsf?idaa=368669&codart=51849&marart=218&seopth=WIX-INDUSTRIAL-HD-51849-FILTRO-OLIO-P165876
HC7500SUP8Z,P167796,FILTRO IDRAULICO,https://e-commerce.michelecaroli.com/wso/pages/user/wso0205.jsf?idaa=311862&codart=P167796&marart=227&seopth=DONALDSON-FILTRI-P167796-FILTRO-IDRAULICO
HC7500SUP4H,P169430,,https://e-commerce.michelecaroli.com/wso/pages/user/wso0205.jsf?idaa=155051&codart=P169430&marart=227&seopth=DONALDSON-FILTRI-P169430-VEDI-CODICE-P167162
HC7500SUN8H,SH56757,FILTRO HYDR. P165762 HIFI,https://e-commerce.michelecaroli.com/wso/pages/user/wso0205.jsf?idaa=294221&codart=SH56757&marart=230&seopth=HIFI-FILTRI-SH56757-FILTRO-HYDR-P165762-HIFI
HC7500SUN4H,SH56756,,https://e-commerce.michelecaroli.com/wso/pages/user/wso0205.jsf?idaa=438534&codart=SH56756&marart=230&seopth=HIFI-FILTRI-SH56756-FILTRO-HYDR-HIFI-P167162
HC7500SUK4H,SH56756,,https://e-commerce.michelecaroli.com/wso/pages/user/wso0205.jsf?idaa=438534&codart=SH56756&marart=230&seopth=HIFI-FILTRI-SH56756-FILTRO-HYDR-HIFI-P167162
HC7500SUJ8H,SH56761,FILTRO HYDR. P165880 HIFI,https://e-commerce.michelecaroli.com/wso/pages/user/wso0205.jsf?idaa=294223&codart=SH56761&marart=230&seopth=HIFI-FILTRI-SH56761-FILTRO-HYDR-P165880-HIFI
HC7500SUH8H,51861,FILTRO OLIO,https://e-commerce.michelecaroli.com/wso/pages/user/wso0205.jsf?idaa=368679&codart=51861&marart=218&seopth=WIX-INDUSTRIAL-HD-51861-FILTRO-OLIO
HC7500SKZ8H,P167796,FILTRO IDRAULICO,https://e-commerce.michelecaroli.com/wso/pages/user/wso0205.jsf?idaa=311862&codart=P167796&marart=227&seopth=DONALDSON-FILTRI-P167796-FILTRO-IDRAULICO
HC7500SKT8H,51846,FILTRO OLIO,https://e-commerce.michelecaroli.com/wso/pages/user/wso0205.jsf?idaa=368667&codart=51846&marart=218&seopth=WIX-INDUSTRIAL-HD-51846-FILTRO-OLIO
HC7500SKP8Z,P167796,FILTRO IDRAULICO,https://e-commerce.michelecaroli.com/wso/pages/user/wso0205.jsf?idaa=311862&codart=P167796&marart=227&seopth=DONALDSON-FILTRI-P167796-FILTRO-IDRAULICO
HC7500SKN4H,SH56756,,https://e-commerce.michelecaroli.com/wso/pages/user/wso0205.jsf?idaa=438534&codart=SH56756&marart=230&seopth=HIFI-FILTRI-SH56756-FILTRO-HYDR-HIFI-P167162
HC7500SKK8H,51849,FILTRO OLIO P165876,https://e-commerce.michelecaroli.com/wso/pages/user/wso0205.jsf?idaa=368669&codart=51849&marart=218&seopth=WIX-INDUSTRIAL-HD-51849-FILTRO-OLIO-P165876
HC7500SKK4H,SH56762,FILTRO HYDR. P165875 HIFI,https://e-commerce.michelecaroli.com/wso/pages/user/wso0205.jsf?idaa=294224&codart=SH56762&marart=230&seopth=HIFI-FILTRI-SH56762-FILTRO-HYDR-P165875-HIFI
HC7500SKJ8H,51846,FILTRO OLIO,https://e-commerce.michelecaroli.com/wso/pages/user/wso0205.jsf?idaa=368667&codart=51846&marart=218&seopth=WIX-INDUSTRIAL-HD-51846-FILTRO-OLIO
HC7500SKJ4H,51746,FILTRO IDRAULICO,https://e-commerce.michelecaroli.com/wso/pages/user/wso0205.jsf?idaa=368598&codart=51746&marart=218&seopth=WIX-INDUSTRIAL-HD-51746-FILTRO-IDRAULICO
HC7500SDT8H,51846,FILTRO OLIO,https://e-commerce.michelecaroli.com/wso/pages/user/wso0205.jsf?idaa=368667&codart=51846&marart=218&seopth=WIX-INDUSTRIAL-HD-51846-FILTRO-OLIO
HC7500SDT4H,51746,FILTRO IDRAULICO,https://e-commerce.michelecaroli.com/wso/pages/user/wso0205.jsf?idaa=368598&codart=51746&marart=218&seopth=WIX-INDUSTRIAL-HD-51746-FILTRO-IDRAULICO
HC7500SDSDT4H,51746,FILTRO IDRAULICO,https://e-commerce.michelecaroli.com/wso/pages/user/wso0205.jsf?idaa=368598&codart=51746&marart=218&seopth=WIX-INDUSTRIAL-HD-51746-FILTRO-IDRAULICO
HC7500SDS8H,51849,FILTRO OLIO P165876,https://e-commerce.michelecaroli.com/wso/pages/user/wso0205.jsf?idaa=368669&codart=51849&marart=218&seopth=WIX-INDUSTRIAL-HD-51849-FILTRO-OLIO-P165876
HC7500SDS4H,SH56762,FILTRO HYDR. P165875 HIFI,https://e-commerce.michelecaroli.com/wso/pages/user/wso0205.jsf?idaa=294224&codart=SH56762&marart=230&seopth=HIFI-FILTRI-SH56762-FILTRO-HYDR-P165875-HIFI
HC7500SDP8Z,P167796,FILTRO IDRAULICO,https://e-commerce.michelecaroli.com/wso/pages/user/wso0205.jsf?idaa=311862&codart=P167796&marart=227&seopth=DONALDSON-FILTRI-P167796-FILTRO-IDRAULICO
HC7500SDP8H,P167832,FILTRO HYDR.DONALDSON PI6-7832,https://e-commerce.michelecaroli.com/wso/pages/user/wso0205.jsf?idaa=155026&codart=P167832&marart=227&seopth=DONALDSON-FILTRI-P167832-FILTRO-HYDR-DONALDSON-PI6-7832
HC7500SDP4H,P169430,,https://e-commerce.michelecaroli.com/wso/pages/user/wso0205.jsf?idaa=155051&codart=P169430&marart=227&seopth=DONALDSON-FILTRI-P169430-VEDI-CODICE-P167162
HC7500SDN8H,SH56757,FILTRO HYDR. P165762 HIFI,https://e-commerce.michelecaroli.com/wso/pages/user/wso0205.jsf?idaa=294221&codart=SH56757&marart=230&seopth=HIFI-FILTRI-SH56757-FILTRO-HYDR-P165762-HIFI
HC7500SDN4H,SH56756,,https://e-commerce.michelecaroli.com/wso/pages/user/wso0205.jsf?idaa=438534&codart=SH56756&marart=230&seopth=HIFI-FILTRI-SH56756-FILTRO-HYDR-HIFI-P167162
HC7500SDK8H,51849,FILTRO OLIO P165876,https://e-commerce.michelecaroli.com/wso/pages/user/wso0205.jsf?idaa=368669&codart=51849&marart=218&seopth=WIX-INDUSTRIAL-HD-51849-FILTRO-OLIO-P165876
HC7500SDK4H,SH56762,FILTRO HYDR. P165875 HIFI,https://e-commerce.michelecaroli.com/wso/pages/user/wso0205.jsf?idaa=294224&codart=SH56762&marart=230&seopth=HIFI-FILTRI-SH56762-FILTRO-HYDR-P165875-HIFI
HC7500SDJ8H,51846,FILTRO OLIO,https://e-commerce.michelecaroli.com/wso/pages/user/wso0205.jsf?idaa=368667&codart=51846&marart=218&seopth=WIX-INDUSTRIAL-HD-51846-FILTRO-OLIO
HC7500SDJ4H,51746,FILTRO IDRAULICO,https://e-commerce.michelecaroli.com/wso/pages/user/wso0205.jsf?idaa=368598&codart=51746&marart=218&seopth=WIX-INDUSTRIAL-HD-51746-FILTRO-IDRAULICO
HC7500FKP8H,P167832,FILTRO HYDR.DONALDSON PI6-7832,https://e-commerce.michelecaroli.com/wso/pages/user/wso0205.jsf?idaa=155026&codart=P167832&marart=227&seopth=DONALDSON-FILTRI-P167832-FILTRO-HYDR-DONALDSON-PI6-7832
HC7500FDJ4H,SH56760,FILTRO HYDR. P550388 HIFI GILBARCO 140845093,https://e-commerce.michelecaroli.com/wso/pages/user/wso0205.jsf?idaa=294222&codart=SH56760&marart=230&seopth=HIFI-FILTRI-SH56760-FILTRO-HYDR-P550388-HIFI
HC7400SUP4H,P167829,,https://e-commerce.michelecaroli.com/wso/pages/user/wso0205.jsf?idaa=155024&codart=P167829&marart=227&seopth=DONALDSON-FILTRI-P167829-OBSOLETO
HC7400SUN4H,P167829,,https://e-commerce.michelecaroli.com/wso/pages/user/wso0205.jsf?idaa=155024&codart=P167829&marart=227&seopth=DONALDSON-FILTRI-P167829-OBSOLETO
HC7400SKS8H,51116,FILTRO IDRAULICO,https://e-commerce.michelecaroli.com/wso/pages/user/wso0205.jsf?idaa=368116&codart=51116&marart=218&seopth=WIX-INDUSTRIAL-HD-51116-FILTRO-IDRAULICO
HC7400SKP4H,P167829,,https://e-commerce.michelecaroli.com/wso/pages/user/wso0205.jsf?idaa=155024&codart=P167829&marart=227&seopth=DONALDSON-FILTRI-P167829-OBSOLETO
HC7400SDP8H,P169392,FILTRO HYDR.DONALDSON P16-9392,https://e-commerce.michelecaroli.com/wso/pages/user/wso0205.jsf?idaa=155048&codart=P169392&marart=227&seopth=DONALDSON-FILTRI-P169392-FILTRO-HYDR-DONALDSON-P16-9392
HC7400SDP4H,P167829,,https://e-commerce.michelecaroli.com/wso/pages/user/wso0205.jsf?idaa=155024&codart=P167829&marart=227&seopth=DONALDSON-FILTRI-P167829-OBSOLETO
HC7400SDN4Z,P167829,,https://e-commerce.michelecaroli.com/wso/pages/user/wso0205.jsf?idaa=155024&codart=P167829&marart=227&seopth=DONALDSON-FILTRI-P167829-OBSOLETO
HC7400SDN4H,P167829,,https://e-commerce.michelecaroli.com/wso/pages/user/wso0205.jsf?idaa=155024&codart=P167829&marart=227&seopth=DONALDSON-FILTRI-P167829-OBSOLETO
HC7,51049,FILTRO OLIO,https://e-commerce.michelecaroli.com/wso/pages/user/wso0205.jsf?idaa=368078&codart=51049&marart=218&seopth=WIX-INDUSTRIAL-HD-51049-FILTRO-OLIO
HC7,51049,FILTRO OLIO,https://e-commerce.michelecaroli.com/wso/pages/user/wso0205.jsf?idaa=368078&codart=51049&marart=218&seopth=WIX-INDUSTRIAL-HD-51049-FILTRO-OLIO
HC7,51049,FILTRO OLIO,https://e-commerce.michelecaroli.com/wso/pages/user/wso0205.jsf?idaa=368078&codart=51049&marart=218&seopth=WIX-INDUSTRIAL-HD-51049-FILTRO-OLIO
HC6901,51826,FILTRO OLIO,https://e-commerce.michelecaroli.com/wso/pages/user/wso0205.jsf?idaa=368656&codart=51826&marart=218&seopth=WIX-INDUSTRIAL-HD-51826-FILTRO-OLIO
HC6502,51623,FILTRO TRASMISSIONE,https://e-commerce.michelecaroli.com/wso/pages/user/wso0205.jsf?idaa=368497&codart=51623&marart=218&seopth=WIX-INDUSTRIAL-HD-51623-FILTRO-TRASMISSIONE
HC5710,SH56760,FILTRO HYDR. P550388 HIFI GILBARCO 140845093,https://e-commerce.michelecaroli.com/wso/pages/user/wso0205.jsf?idaa=294222&codart=SH56760&marart=230&seopth=HIFI-FILTRI-SH56760-FILTRO-HYDR-P550388-HIFI
HC54,SH56570,FILTRO HYDR. P565060 HIFI,https://e-commerce.michelecaroli.com/wso/pages/user/wso0205.jsf?idaa=294197&codart=SH56570&marart=230&seopth=HIFI-FILTRI-SH56570-FILTRO-HYDR-P565060-HIFI
HC51,SH56570,FILTRO HYDR. P565060 HIFI,https://e-commerce.michelecaroli.com/wso/pages/user/wso0205.jsf?idaa=294197&codart=SH56570&marart=230&seopth=HIFI-FILTRI-SH56570-FILTRO-HYDR-P565060-HIFI
HC3525,51553,FILTRO IDRAULICO,https://e-commerce.michelecaroli.com/wso/pages/user/wso0205.jsf?idaa=368434&codart=51553&marart=218&seopth=WIX-INDUSTRIAL-HD-51553-FILTRO-IDRAULICO
HC3510,51551,FILTRO IDRAULICO,https://e-commerce.michelecaroli.com/wso/pages/user/wso0205.jsf?idaa=368432&codart=51551&marart=218&seopth=WIX-INDUSTRIAL-HD-51551-FILTRO-IDRAULICO
HC33,SH64001,,https://e-commerce.michelecaroli.com/wso/pages/user/wso0205.jsf?idaa=295709&codart=SH64001&marart=230&seopth=HIFI-FILTRI-SH64001-FILTRO-HYDR-HIFI
HC2738,M070069,SPARK ARRESTOR,https://e-commerce.michelecaroli.com/wso/pages/user/wso0205.jsf?idaa=442870&codart=M070069&marart=227&seopth=DONALDSON-FILTRI-M070069-SPARK-ARRESTOR
HC2738,M070069,SPARK ARRESTOR,https://e-commerce.michelecaroli.com/wso/pages/user/wso0205.jsf?idaa=442870&codart=M070069&marart=227&seopth=DONALDSON-FILTRI-M070069-SPARK-ARRESTOR
HC2702,SH60010,FILTRO HYDRAULICO P502382 HIFI,https://e-commerce.michelecaroli.com/wso/pages/user/wso0205.jsf?idaa=295156&codart=SH60010&marart=230&seopth=HIFI-FILTRI-SH60010-FILTRO-HYDRAULICO-P502382-HIFI
HC2285FKS12H,P170619,,https://e-commerce.michelecaroli.com/wso/pages/user/wso0205.jsf?idaa=155109&codart=P170619&marart=227&seopth=DONALDSON-FILTRI-P170619-SOSTITUITO
HC2216FKS4H,D37B10GV,FILTRO IDRAULICO,https://e-commerce.michelecaroli.com/wso/pages/user/wso0205.jsf?idaa=369714&codart=D37B10GV&marart=218&seopth=WIX-INDUSTRIAL-HD-D37B10GV-FILTRO-IDRAULICO
HC,20179705OE,"ALTERNATORE ORIG.GM,OPEL",https://e-commerce.michelecaroli.com/wso/pages/user/wso0205.jsf?idaa=387016&codart=20179705OE&marart=REAL&seopth=REAL-MOTORINI-E-ALTERNATORI-20179705OE-ALTERNATORE-ORIG-GM-OPEL
HA674,SA17248,FILTRO ARIA HIFI,https://e-commerce.michelecaroli.com/wso/pages/user/wso0205.jsf?idaa=289595&codart=SA17248&marart=230&seopth=HIFI-FILTRI-SA17248-FILTRO-ARIA-HIFI
HA669A,P182000,"AIR FILTER, PRIMARY FINNED",https://e-commerce.michelecaroli.com/wso/pages/user/wso0205.jsf?idaa=441114&codart=P182000&marart=227&seopth=DONALDSON-FILTRI-P182000-AIR-FILTER-PRIMARY-FINNED
HA669,P182000,"AIR FILTER, PRIMARY FINNED",https://e-commerce.michelecaroli.com/wso/pages/user/wso0205.jsf?idaa=441114&codart=P182000&marart=227&seopth=DONALDSON-FILTRI-P182000-AIR-FILTER-PRIMARY-FINNED
HA668,93349E,FILTRO ARIA P181041,https://e-commerce.michelecaroli.com/wso/pages/user/wso0205.jsf?idaa=369573&codart=93349E&marart=218&seopth=WIX-INDUSTRIAL-HD-93349E-FILTRO-ARIA-P181041
HA544,SA10285,FILTRO ARIA P181104 HIFI SCIUREZZA ABBINATO CON SA10288/SA10909,https://e-commerce.michelecaroli.com/wso/pages/user/wso0205.jsf?idaa=335974&codart=SA10285&marart=230&seopth=HIFI-FILTRI-SA10285-FILTRO-ARIA-P181104-HIFI-SCIUREZZA
HA540,42941,FILTRO ARIA,https://e-commerce.michelecaroli.com/wso/pages/user/wso0205.jsf?idaa=366913&codart=42941&marart=218&seopth=WIX-INDUSTRIAL-HD-42941-FILTRO-ARIA
HA539,42759,FILTRO ARIA,https://e-commerce.michelecaroli.com/wso/pages/user/wso0205.jsf?idaa=366793&codart=42759&marart=218&seopth=WIX-INDUSTRIAL-HD-42759-FILTRO-ARIA
HA537,42613,FILTRO ARIA,https://e-commerce.michelecaroli.com/wso/pages/user/wso0205.jsf?idaa=366670&codart=42613&marart=218&seopth=WIX-INDUSTRIAL-HD-42613-FILTRO-ARIA
HA536,42598,FILTRO ARIA P524835,https://e-commerce.michelecaroli.com/wso/pages/user/wso0205.jsf?idaa=366658&codart=42598&marart=218&seopth=WIX-INDUSTRIAL-HD-42598-FILTRO-ARIA-P524835
HA532,46280,FILTRO ARIA,https://e-commerce.michelecaroli.com/wso/pages/user/wso0205.jsf?idaa=367097&codart=46280&marart=218&seopth=WIX-INDUSTRIAL-HD-46280-FILTRO-ARIA
HA531,46280,FILTRO ARIA,https://e-commerce.michelecaroli.com/wso/pages/user/wso0205.jsf?idaa=367097&codart=46280&marart=218&seopth=WIX-INDUSTRIAL-HD-46280-FILTRO-ARIA
HA512,P181056,FILTRO ARIA DONALDSON P18-1056,https://e-commerce.michelecaroli.com/wso/pages/user/wso0205.jsf?idaa=155820&codart=P181056&marart=227&seopth=DONALDSON-FILTRI-P181056-FILTRO-ARIA-DONALDSON-P18-1056
HA505,42943,FILTRO ARIA NON FORNIBILE WIX,https://e-commerce.michelecaroli.com/wso/pages/user/wso0205.jsf?idaa=366915&codart=42943&marart=218&seopth=WIX-INDUSTRIAL-HD-42943-FILTRO-ARIA-NON-FORNIBILE-WIX
HA504,P181023,FILTRO ARIA DONALDSON P18-1023,https://e-commerce.michelecaroli.com/wso/pages/user/wso0205.jsf?idaa=155791&codart=P181023&marart=227&seopth=DONALDSON-FILTRI-P181023-FILTRO-ARIA-DONALDSON-P18-1023
HA503,42914,FILTRO ARIA,https://e-commerce.michelecaroli.com/wso/pages/user/wso0205.jsf?idaa=366890&codart=42914&marart=218&seopth=WIX-INDUSTRIAL-HD-42914-FILTRO-ARIA
HA502,P182001,FILTRO ARIA,https://e-commerce.michelecaroli.com/wso/pages/user/wso0205.jsf?idaa=313753&codart=P182001&marart=227&seopth=DONALDSON-FILTRI-P182001-FILTRO-ARIA
HA501,SA10215,,https://e-commerce.michelecaroli.com/wso/pages/user/wso0205.jsf?idaa=335957&codart=SA10215&marart=230&seopth=HIFI-FILTRI-SA10215-FILTRO-ARIA-HIFI
HA350,24019,,https://e-commerce.michelecaroli.com/wso/pages/user/wso0205.jsf?idaa=365445&codart=24019&marart=218&seopth=WIX-INDUSTRIAL-HD-24019-ACCESSORI
HA332,51165,FILTRO OLIO,https://e-commerce.michelecaroli.com/wso/pages/user/wso0205.jsf?idaa=368150&codart=51165&marart=218&seopth=WIX-INDUSTRIAL-HD-51165-FILTRO-OLIO
HA310893,42110,FILTRO ARIA,https://e-commerce.michelecaroli.com/wso/pages/user/wso0205.jsf?idaa=366325&codart=42110&marart=218&seopth=WIX-INDUSTRIAL-HD-42110-FILTRO-ARIA
HA302496,51010,FILTRO OLIO,https://e-commerce.michelecaroli.com/wso/pages/user/wso0205.jsf?idaa=368066&codart=51010&marart=218&seopth=WIX-INDUSTRIAL-HD-51010-FILTRO-OLIO
HA302495,51010,FILTRO OLIO,https://e-commerce.michelecaroli.com/wso/pages/user/wso0205.jsf?idaa=368066&codart=51010&marart=218&seopth=WIX-INDUSTRIAL-HD-51010-FILTRO-OLIO
HA302494,51010,FILTRO OLIO,https://e-commerce.michelecaroli.com/wso/pages/user/wso0205.jsf?idaa=368066&codart=51010&marart=218&seopth=WIX-INDUSTRIAL-HD-51010-FILTRO-OLIO
HA250,24019,,https://e-commerce.michelecaroli.com/wso/pages/user/wso0205.jsf?idaa=365445&codart=24019&marart=218&seopth=WIX-INDUSTRIAL-HD-24019-ACCESSORI
HA1961,R800103,FILTRO ARIA DONALDSON R800103 ABBINATO CON FILTRO INTERNO P119374,https://e-commerce.michelecaroli.com/wso/pages/user/wso0205.jsf?idaa=158288&codart=R800103&marart=227&seopth=DONALDSON-FILTRI-R800103-FILTRO-ARIA-DONALDSON-R800103
HA1535,P004076,FASCIA MONTAGGIO P00-4076,https://e-commerce.michelecaroli.com/wso/pages/user/wso0205.jsf?idaa=154484&codart=P004076&marart=227&seopth=DONALDSON-FILTRI-P004076-FASCIA-MONTAGGIO-P00-4076
H99737,42119,FILTRO ARIA P181034/P182034,https://e-commerce.michelecaroli.com/wso/pages/user/wso0205.jsf?idaa=366333&codart=42119&marart=218&seopth=WIX-INDUSTRIAL-HD-42119-FILTRO-ARIA-P181034-P182034
H9948,SA10385K,FILTRO ARIA P181050# HIFI ABBINATO CON SA14762,https://e-commerce.michelecaroli.com/wso/pages/user/wso0205.jsf?idaa=336011&codart=SA10385K&marart=230&seopth=HIFI-FILTRI-SA10385K-FILTRO-ARIA-P181050-HIFI
H980106,MD-120K,FILTRO ARIA ALCO P181054,https://e-commerce.michelecaroli.com/wso/pages/user/wso0205.jsf?idaa=463489&codart=MD-120K&marart=ALCO&seopth=ALCO-MD-120K-FILTRO-ARIA-ALCO-P181054
H980008006BN,SH57155,FILTRO HYDR. P169798 HIFI,https://e-commerce.michelecaroli.com/wso/pages/user/wso0205.jsf?idaa=295064&codart=SH57155&marart=230&seopth=HIFI-FILTRI-SH57155-FILTRO-HYDR-P169798-HIFI
H96W,51839,,https://e-commerce.michelecaroli.com/wso/pages/user/wso0205.jsf?idaa=368663&codart=51839&marart=218&seopth=WIX-INDUSTRIAL-HD-51839-FILTRO-OLIO
H96008020BN,51688,FILTRO IDRAULICO,https://e-commerce.michelecaroli.com/wso/pages/user/wso0205.jsf?idaa=368553&codart=51688&marart=218&seopth=WIX-INDUSTRIAL-HD-51688-FILTRO-IDRAULICO
H960008012BN,SH57119,FILTRO HYDR. P164166 HIFI DONALDSON,https://e-commerce.michelecaroli.com/wso/pages/user/wso0205.jsf?idaa=295046&codart=SH57119&marart=230&seopth=HIFI-FILTRI-SH57119-FILTRO-HYDR-P164166-HIFI
H951H,SO7035,FILTRO OLIO P550563 HIFI,https://e-commerce.michelecaroli.com/wso/pages/user/wso0205.jsf?idaa=300450&codart=SO7035&marart=230&seopth=HIFI-FILTRI-SO7035-FILTRO-OLIO-P550563-HIFI
H9472X,25.005.00,FILTRO OLIO IMM. UFI 25.005.00,https://e-commerce.michelecaroli.com/wso/pages/user/wso0205.jsf?idaa=149735&codart=25.005.00&marart=UFIHD&seopth=UFI-HD-25-005-00-FILTRO-OLIO-IMM-UFI-25-005-00
H9471Z,SO7001,FILTRO OLIO P550315 HIFI,https://e-commerce.michelecaroli.com/wso/pages/user/wso0205.jsf?idaa=300418&codart=SO7001&marart=230&seopth=HIFI-FILTRI-SO7001-FILTRO-OLIO-P550315-HIFI
H9471X,SO7001,FILTRO OLIO P550315 HIFI,https://e-commerce.michelecaroli.com/wso/pages/user/wso0205.jsf?idaa=300418&codart=SO7001&marart=230&seopth=HIFI-FILTRI-SO7001-FILTRO-OLIO-P550315-HIFI
H9471N,SO7034,FILTRO OLIO P550764 HIFI,https://e-commerce.michelecaroli.com/wso/pages/user/wso0205.jsf?idaa=300449&codart=SO7034&marart=230&seopth=HIFI-FILTRI-SO7034-FILTRO-OLIO-P550764-HIFI
H9471,SO7001,FILTRO OLIO P550315 HIFI,https://e-commerce.michelecaroli.com/wso/pages/user/wso0205.jsf?idaa=300418&codart=SO7001&marart=230&seopth=HIFI-FILTRI-SO7001-FILTRO-OLIO-P550315-HIFI
H9437,SO7020,FILTRO OLIO HIFI,https://e-commerce.michelecaroli.com/wso/pages/user/wso0205.jsf?idaa=300435&codart=SO7020&marart=230&seopth=HIFI-FILTRI-SO7020-FILTRO-OLIO-HIFI
H9435,SO4032,FILTRO OLIO HIFI,https://e-commerce.michelecaroli.com/wso/pages/user/wso0205.jsf?idaa=300132&codart=SO4032&marart=230&seopth=HIFI-FILTRI-SO4032-FILTRO-OLIO-HIFI
H9435,SO4032,FILTRO OLIO HIFI,https://e-commerce.michelecaroli.com/wso/pages/user/wso0205.jsf?idaa=300132&codart=SO4032&marart=230&seopth=HIFI-FILTRI-SO4032-FILTRO-OLIO-HIFI
H9432X,1901599,,https://e-commerce.michelecaroli.com/wso/pages/user/wso0205.jsf?idaa=529088&codart=1901599&marart=IVECO&seopth=IVECO-1901599-FILTRO-OLIO-IMM-UFI-25-401-00
H942X,SO7001,FILTRO OLIO P550315 HIFI,https://e-commerce.michelecaroli.com/wso/pages/user/wso0205.jsf?idaa=300418&codart=SO7001&marart=230&seopth=HIFI-FILTRI-SO7001-FILTRO-OLIO-P550315-HIFI
H941,SO553,FILTRO OLIO P550141 HIFI,https://e-commerce.michelecaroli.com/wso/pages/user/wso0205.jsf?idaa=300187&codart=SO553&marart=230&seopth=HIFI-FILTRI-SO553-FILTRO-OLIO-P550141-HIFI
H9361X,SO553,FILTRO OLIO P550141 HIFI,https://e-commerce.michelecaroli.com/wso/pages/user/wso0205.jsf?idaa=300187&codart=SO553&marart=230&seopth=HIFI-FILTRI-SO553-FILTRO-OLIO-P550141-HIFI
H935,51242,FILTRO OLIO,https://e-commerce.michelecaroli.com/wso/pages/user/wso0205.jsf?idaa=368202&codart=51242&marart=218&seopth=WIX-INDUSTRIAL-HD-51242-FILTRO-OLIO
H9324X,P550354,FILTRO OLIO DONALDSON P55-0354,https://e-commerce.michelecaroli.com/wso/pages/user/wso0205.jsf?idaa=156560&codart=P550354&marart=227&seopth=DONALDSON-FILTRI-P550354-FILTRO-OLIO-DONALDSON-P55-0354
H9324X,P550354,FILTRO OLIO DONALDSON P55-0354,https://e-commerce.michelecaroli.com/wso/pages/user/wso0205.jsf?idaa=156560&codart=P550354&marart=227&seopth=DONALDSON-FILTRI-P550354-FILTRO-OLIO-DONALDSON-P55-0354
H9324N,P550354,FILTRO OLIO DONALDSON P55-0354,https://e-commerce.michelecaroli.com/wso/pages/user/wso0205.jsf?idaa=156560&codart=P550354&marart=227&seopth=DONALDSON-FILTRI-P550354-FILTRO-OLIO-DONALDSON-P55-0354
H9324N,P550354,FILTRO OLIO DONALDSON P55-0354,https://e-commerce.michelecaroli.com/wso/pages/user/wso0205.jsf?idaa=156560&codart=P550354&marart=227&seopth=DONALDSON-FILTRI-P550354-FILTRO-OLIO-DONALDSON-P55-0354
H9324,P550354,FILTRO OLIO DONALDSON P55-0354,https://e-commerce.michelecaroli.com/wso/pages/user/wso0205.jsf?idaa=156560&codart=P550354&marart=227&seopth=DONALDSON-FILTRI-P550354-FILTRO-OLIO-DONALDSON-P55-0354
H9324,P550354,FILTRO OLIO DONALDSON P55-0354,https://e-commerce.michelecaroli.com/wso/pages/user/wso0205.jsf?idaa=156560&codart=P550354&marart=227&seopth=DONALDSON-FILTRI-P550354-FILTRO-OLIO-DONALDSON-P55-0354
H9323X,P550354,FILTRO OLIO DONALDSON P55-0354,https://e-commerce.michelecaroli.com/wso/pages/user/wso0205.jsf?idaa=156560&codart=P550354&marart=227&seopth=DONALDSON-FILTRI-P550354-FILTRO-OLIO-DONALDSON-P55-0354
H9323X,P550354,FILTRO OLIO DONALDSON P55-0354,https://e-commerce.michelecaroli.com/wso/pages/user/wso0205.jsf?idaa=156560&codart=P550354&marart=227&seopth=DONALDSON-FILTRI-P550354-FILTRO-OLIO-DONALDSON-P55-0354
H9321,P550354,FILTRO OLIO DONALDSON P55-0354,https://e-commerce.michelecaroli.com/wso/pages/user/wso0205.jsf?idaa=156560&codart=P550354&marart=227&seopth=DONALDSON-FILTRI-P550354-FILTRO-OLIO-DONALDSON-P55-0354
H9321,P550354,FILTRO OLIO DONALDSON P55-0354,https://e-commerce.michelecaroli.com/wso/pages/user/wso0205.jsf?idaa=156560&codart=P550354&marart=227&seopth=DONALDSON-FILTRI-P550354-FILTRO-OLIO-DONALDSON-P55-0354
H931,02931092,ELEM.FILTR.OLIO/OIL FILTER ELEMENT,https://e-commerce.michelecaroli.com/wso/pages/user/wso0205.jsf?idaa=95150&codart=02931092&marart=159&seopth=DEUTZ-02931092-ELEM-FILTR-OLIO-OIL-FILTER-ELEMENT
H928T,51271,FILTRO OLIO,https://e-commerce.michelecaroli.com/wso/pages/user/wso0205.jsf?idaa=368221&codart=51271&marart=218&seopth=WIX-INDUSTRIAL-HD-51271-FILTRO-OLIO
H9281T,51271,FILTRO OLIO,https://e-commerce.michelecaroli.com/wso/pages/user/wso0205.jsf?idaa=368221&codart=51271&marart=218&seopth=WIX-INDUSTRIAL-HD-51271-FILTRO-OLIO
H926T,P550354,FILTRO OLIO DONALDSON P55-0354,https://e-commerce.michelecaroli.com/wso/pages/user/wso0205.jsf?idaa=156560&codart=P550354&marart=227&seopth=DONALDSON-FILTRI-P550354-FILTRO-OLIO-DONALDSON-P55-0354
H926697,P167842,,https://e-commerce.michelecaroli.com/wso/pages/user/wso0205.jsf?idaa=313726&codart=P167842&marart=227&seopth=DONALDSON-FILTRI-P167842-SOSTITUITO-P164594
H92659,M080018,"MUFFLER, ROUND STYLE 1",https://e-commerce.michelecaroli.com/wso/pages/user/wso0205.jsf?idaa=442871&codart=M080018&marart=227&seopth=DONALDSON-FILTRI-M080018-MUFFLER-ROUND-STYLE-1
H925600,SH57095,FILTRO HYDR. P165043 HIFI,https://e-commerce.michelecaroli.com/wso/pages/user/wso0205.jsf?idaa=295032&codart=SH57095&marart=230&seopth=HIFI-FILTRI-SH57095-FILTRO-HYDR-P165043-HIFI
H9251X,51076,FILTRO OLIO,https://e-commerce.michelecaroli.com/wso/pages/user/wso0205.jsf?idaa=368095&codart=51076&marart=218&seopth=WIX-INDUSTRIAL-HD-51076-FILTRO-OLIO
H9221X,51080,FILTRO OLIO,https://e-commerce.michelecaroli.com/wso/pages/user/wso0205.jsf?idaa=368097&codart=51080&marart=218&seopth=WIX-INDUSTRIAL-HD-51080-FILTRO-OLIO
H916201090210,SA16375,FILTRO ARIA P783401 HIFI SICUREZZA ABBINATO CON SA16493,https://e-commerce.michelecaroli.com/wso/pages/user/wso0205.jsf?idaa=289243&codart=SA16375&marart=230&seopth=HIFI-FILTRI-SA16375-FILTRO-ARIA-P783401-HIFI-SICUREZZA
H9161X,S7111NC,FILTRO CAV296 SOFIMA,https://e-commerce.michelecaroli.com/wso/pages/user/wso0205.jsf?idaa=446634&codart=S7111NC&marart=SOFI&seopth=SOFIMA-S7111NC-FILTRO-CAV296-SOFIMA
H9131,51253,FILTRO IDRAULICO,https://e-commerce.michelecaroli.com/wso/pages/user/wso0205.jsf?idaa=368210&codart=51253&marart=218&seopth=WIX-INDUSTRIAL-HD-51253-FILTRO-IDRAULICO
H90WK,SN324,FILTRO NAFTA P554620 HIFI,https://e-commerce.michelecaroli.com/wso/pages/user/wso0205.jsf?idaa=299957&codart=SN324&marart=230&seopth=HIFI-FILTRI-SN324-FILTRO-NAFTA-P554620-HIFI
H90W,WL7074,FILTRO OLIO FORDKA-FIESTA-FOCUS,https://e-commerce.michelecaroli.com/wso/pages/user/wso0205.jsf?idaa=143482&codart=WL7074&marart=219&seopth=WIX-AUTO-FILTRI-WL7074-FILTRO-OLIO-FORDKA-FIESTA-FOCUS
H90W,WL7074,FILTRO OLIO FORDKA-FIESTA-FOCUS,https://e-commerce.michelecaroli.com/wso/pages/user/wso0205.jsf?idaa=143482&codart=WL7074&marart=219&seopth=WIX-AUTO-FILTRI-WL7074-FILTRO-OLIO-FORDKA-FIESTA-FOCUS
H9086,P164178,FILTRO HYDR.DONALDSON PI6-4178,https://e-commerce.michelecaroli.com/wso/pages/user/wso0205.jsf?idaa=154904&codart=P164178&marart=227&seopth=DONALDSON-FILTRI-P164178-FILTRO-HYDR-DONALDSON-PI6-4178
H9082,P166255,FILTRO HYDR.DONALDSON P16-6255,https://e-commerce.michelecaroli.com/wso/pages/user/wso0205.jsf?idaa=154990&codart=P166255&marart=227&seopth=DONALDSON-FILTRI-P166255-FILTRO-HYDR-DONALDSON-P16-6255
H9081,51692,FILTRO IDRAULICO,https://e-commerce.michelecaroli.com/wso/pages/user/wso0205.jsf?idaa=368557&codart=51692&marart=218&seopth=WIX-INDUSTRIAL-HD-51692-FILTRO-IDRAULICO
H9078V,SH87158V,FILTRO HYDR. HIFI,https://e-commerce.michelecaroli.com/wso/pages/user/wso0205.jsf?idaa=298089&codart=SH87158V&marart=230&seopth=HIFI-FILTRI-SH87158V-FILTRO-HYDR-HIFI
H9062,P164585,"HYDRAULIC FILTER, CARTRIDGE",https://e-commerce.michelecaroli.com/wso/pages/user/wso0205.jsf?idaa=440968&codart=P164585&marart=227&seopth=DONALDSON-FILTRI-P164585-HYDRAULIC-FILTER-CARTRIDGE
H9055,SH87130V,,https://e-commerce.michelecaroli.com/wso/pages/user/wso0205.jsf?idaa=438645&codart=SH87130V&marart=230&seopth=HIFI-FILTRI-SH87130V-FILTRO
H9053,P167181,FILTRO HYDR.DONALDSON PI6-7181,https://e-commerce.michelecaroli.com/wso/pages/user/wso0205.jsf?idaa=154997&codart=P167181&marart=227&seopth=DONALDSON-FILTRI-P167181-FILTRO-HYDR-DONALDSON-PI6-7181
H9046,SH57095,FILTRO HYDR. P165043 HIFI,https://e-commerce.michelecaroli.com/wso/pages/user/wso0205.jsf?idaa=295032&codart=SH57095&marart=230&seopth=HIFI-FILTRI-SH57095-FILTRO-HYDR-P165043-HIFI
H9040,P165168,FILTRO HYDR.DONALDSON P16-5168,https://e-commerce.michelecaroli.com/wso/pages/user/wso0205.jsf?idaa=154958&codart=P165168&marart=227&seopth=DONALDSON-FILTRI-P165168-FILTRO-HYDR-DONALDSON-P16-5168
H9039,P164921,FILTRO IDRAULICO,https://e-commerce.michelecaroli.com/wso/pages/user/wso0205.jsf?idaa=311856&codart=P164921&marart=227&seopth=DONALDSON-FILTRI-P164921-FILTRO-IDRAULICO
H9024,P165144,FILTRO IDRAULICO,https://e-commerce.michelecaroli.com/wso/pages/user/wso0205.jsf?idaa=311857&codart=P165144&marart=227&seopth=DONALDSON-FILTRI-P165144-FILTRO-IDRAULICO
H9020,P165142,FILTRO HYDR.DONALDSON P16-5142,https://e-commerce.michelecaroli.com/wso/pages/user/wso0205.jsf?idaa=154953&codart=P165142&marart=227&seopth=DONALDSON-FILTRI-P165142-FILTRO-HYDR-DONALDSON-P16-5142
H901W,51348,FILTRO OLIO# P550335,https://e-commerce.michelecaroli.com/wso/pages/user/wso0205.jsf?idaa=368274&codart=51348&marart=218&seopth=WIX-INDUSTRIAL-HD-51348-FILTRO-OLIO-P550335
H9014,P171045,,https://e-commerce.michelecaroli.com/wso/pages/user/wso0205.jsf?idaa=155118&codart=P171045&marart=227&seopth=DONALDSON-FILTRI-P171045-FILTRO-HYDR-DONALDSON-P17-1045
H884,51168,FILTRO OLIO,https://e-commerce.michelecaroli.com/wso/pages/user/wso0205.jsf?idaa=368153&codart=51168&marart=218&seopth=WIX-INDUSTRIAL-HD-51168-FILTRO-OLIO
H8550501,P182063,FILTRO ARIA DONALDSON P18-2063 ABBINATO CON P119778,https://e-commerce.michelecaroli.com/wso/pages/user/wso0205.jsf?idaa=155918&codart=P182063&marart=227&seopth=DONALDSON-FILTRI-P182063-FILTRO-ARIA-DONALDSON-P18-2063
H846,SH64691,FILTRO HYDR. HIFI,https://e-commerce.michelecaroli.com/wso/pages/user/wso0205.jsf?idaa=296672&codart=SH64691&marart=230&seopth=HIFI-FILTRI-SH64691-FILTRO-HYDR-HIFI
H839,SO7042,FILTRO OLIO HIFI,https://e-commerce.michelecaroli.com/wso/pages/user/wso0205.jsf?idaa=300456&codart=SO7042&marart=230&seopth=HIFI-FILTRI-SO7042-FILTRO-OLIO-HIFI
H835200090400,P608666,FILTRO ARIA POWERCORE PRIMARIO ABBINATO CON P601560,https://e-commerce.michelecaroli.com/wso/pages/user/wso0205.jsf?idaa=157381&codart=P608666&marart=227&seopth=DONALDSON-FILTRI-P608666-FILTRO-ARIA-POWERCORE-PRIMARIO
H832X,33512,FILTRO NAFTA,https://e-commerce.michelecaroli.com/wso/pages/user/wso0205.jsf?idaa=365932&codart=33512&marart=218&seopth=WIX-INDUSTRIAL-HD-33512-FILTRO-NAFTA
H828x,SO6721,FILTRO OLIO HIFI,https://e-commerce.michelecaroli.com/wso/pages/user/wso0205.jsf?idaa=300366&codart=SO6721&marart=230&seopth=HIFI-FILTRI-SO6721-FILTRO-OLIO-HIFI
H8271,SO1594,FILTRO OLIO P550183 HIFI,https://e-commerce.michelecaroli.com/wso/pages/user/wso0205.jsf?idaa=300845&codart=SO1594&marart=230&seopth=HIFI-FILTRI-SO1594-FILTRO-OLIO-P550183-HIFI
H8251V,33512,FILTRO NAFTA,https://e-commerce.michelecaroli.com/wso/pages/user/wso0205.jsf?idaa=365932&codart=33512&marart=218&seopth=WIX-INDUSTRIAL-HD-33512-FILTRO-NAFTA
H8222,51514,FILTRO IDRAULICO,https://e-commerce.michelecaroli.com/wso/pages/user/wso0205.jsf?idaa=368398&codart=51514&marart=218&seopth=WIX-INDUSTRIAL-HD-51514-FILTRO-IDRAULICO
H8207X,P551305,FILTRO OLIO DONALDSON P55-1305 NON ESISTE SU DATABASE DONALDSON,https://e-commerce.michelecaroli.com/wso/pages/user/wso0205.jsf?idaa=439231&codart=P551305&marart=227&seopth=DONALDSON-FILTRI-P551305-FILTRO-OLIO-DONALDSON-P55-1305
H820,MD-013,FILTRO OLIO,https://e-commerce.michelecaroli.com/wso/pages/user/wso0205.jsf?idaa=463424&codart=MD-013&marart=ALCO&seopth=ALCO-MD-013-FILTRO-OLIO
H819N,SO1594,FILTRO OLIO P550183 HIFI,https://e-commerce.michelecaroli.com/wso/pages/user/wso0205.jsf?idaa=300845&codart=SO1594&marart=230&seopth=HIFI-FILTRI-SO1594-FILTRO-OLIO-P550183-HIFI
H816V,SO4000,FILTRO OLIO HIFI,https://e-commerce.michelecaroli.com/wso/pages/user/wso0205.jsf?idaa=300123&codart=SO4000&marart=230&seopth=HIFI-FILTRI-SO4000-FILTRO-OLIO-HIFI
H816T,SO4000,FILTRO OLIO HIFI,https://e-commerce.michelecaroli.com/wso/pages/user/wso0205.jsf?idaa=300123&codart=SO4000&marart=230&seopth=HIFI-FILTRI-SO4000-FILTRO-OLIO-HIFI
H816,SO4000,FILTRO OLIO HIFI,https://e-commerce.michelecaroli.com/wso/pages/user/wso0205.jsf?idaa=300123&codart=SO4000&marart=230&seopth=HIFI-FILTRI-SO4000-FILTRO-OLIO-HIFI
H81399,SO633,FILTRO OLIO HIFI,https://e-commerce.michelecaroli.com/wso/pages/user/wso0205.jsf?idaa=300350&codart=SO633&marart=230&seopth=HIFI-FILTRI-SO633-FILTRO-OLIO-HIFI
H81398,SO633,FILTRO OLIO HIFI,https://e-commerce.michelecaroli.com/wso/pages/user/wso0205.jsf?idaa=300350&codart=SO633&marart=230&seopth=HIFI-FILTRI-SO633-FILTRO-OLIO-HIFI
H8131,SO633,FILTRO OLIO HIFI,https://e-commerce.michelecaroli.com/wso/pages/user/wso0205.jsf?idaa=300350&codart=SO633&marart=230&seopth=HIFI-FILTRI-SO633-FILTRO-OLIO-HIFI
H8121T,SN109,FILTRO NAFTA P553261 HIFI,https://e-commerce.michelecaroli.com/wso/pages/user/wso0205.jsf?idaa=298873&codart=SN109&marart=230&seopth=HIFI-FILTRI-SN109-FILTRO-NAFTA-P553261-HIFI
H8121,SH57161,FILTRO HYDR. HIFI,https://e-commerce.michelecaroli.com/wso/pages/user/wso0205.jsf?idaa=295069&codart=SH57161&marart=230&seopth=HIFI-FILTRI-SH57161-FILTRO-HYDR-HIFI
H8113,SH61002,FILTRO HYDR. P169449 HIFI,https://e-commerce.michelecaroli.com/wso/pages/user/wso0205.jsf?idaa=294807&codart=SH61002&marart=230&seopth=HIFI-FILTRI-SH61002-FILTRO-HYDR-P169449-HIFI
H8111,P169448,,https://e-commerce.michelecaroli.com/wso/pages/user/wso0205.jsf?idaa=423601&codart=P169448&marart=227&seopth=DONALDSON-FILTRI-P169448-SOSTITUITO-DAL-P566397
H8110,SH61153,FILTRO HYDR. P169797 HIFI,https://e-commerce.michelecaroli.com/wso/pages/user/wso0205.jsf?idaa=294822&codart=SH61153&marart=230&seopth=HIFI-FILTRI-SH61153-FILTRO-HYDR-P169797-HIFI
H811,P206520,"MUFFLER HANGER, 8.2 X 11.5 IN (208",https://e-commerce.michelecaroli.com/wso/pages/user/wso0205.jsf?idaa=441217&codart=P206520&marart=227&seopth=DONALDSON-FILTRI-P206520-MUFFLER-HANGER-8-2-X-11-5-IN-208
H8108,SH57151,FILTRO HYDR. P169446 HIFI,https://e-commerce.michelecaroli.com/wso/pages/user/wso0205.jsf?idaa=295060&codart=SH57151&marart=230&seopth=HIFI-FILTRI-SH57151-FILTRO-HYDR-P169446-HIFI
H8107,P169445,FILTRO IDRAULICO,https://e-commerce.michelecaroli.com/wso/pages/user/wso0205.jsf?idaa=155056&codart=P169445&marart=227&seopth=DONALDSON-FILTRI-P169445-FILTRO-IDRAULICO
H8092,57863,FILTRO OLIO,https://e-commerce.michelecaroli.com/wso/pages/user/wso0205.jsf?idaa=367737&codart=57863&marart=218&seopth=WIX-INDUSTRIAL-HD-57863-FILTRO-OLIO
H8085,P164170,FILTRO@ HYDR.DONALDSON P16-4170,https://e-commerce.michelecaroli.com/wso/pages/user/wso0205.jsf?idaa=154900&codart=P164170&marart=227&seopth=DONALDSON-FILTRI-P164170-FILTRO-HYDR-DONALDSON-P16-4170
H8084,P164598,FILTRO HYDR.DONALDSON P16-4598,https://e-commerce.michelecaroli.com/wso/pages/user/wso0205.jsf?idaa=154931&codart=P164598&marart=227&seopth=DONALDSON-FILTRI-P164598-FILTRO-HYDR-DONALDSON-P16-4598
H8084,P164598,FILTRO HYDR.DONALDSON P16-4598,https://e-commerce.michelecaroli.com/wso/pages/user/wso0205.jsf?idaa=154931&codart=P164598&marart=227&seopth=DONALDSON-FILTRI-P164598-FILTRO-HYDR-DONALDSON-P16-4598
H8083,P164598,FILTRO HYDR.DONALDSON P16-4598,https://e-commerce.michelecaroli.com/wso/pages/user/wso0205.jsf?idaa=154931&codart=P164598&marart=227&seopth=DONALDSON-FILTRI-P164598-FILTRO-HYDR-DONALDSON-P16-4598
H8082,SH57124,FILTRO HYDR. P164168 HIFI,https://e-commerce.michelecaroli.com/wso/pages/user/wso0205.jsf?idaa=295052&codart=SH57124&marart=230&seopth=HIFI-FILTRI-SH57124-FILTRO-HYDR-P164168-HIFI
H8080,P164176,FILTRO HYDR.DONALDSON 23 MICRON,https://e-commerce.michelecaroli.com/wso/pages/user/wso0205.jsf?idaa=154903&codart=P164176&marart=227&seopth=DONALDSON-FILTRI-P164176-FILTRO-HYDR-DONALDSON-23-MICRON
H8079,P166255,FILTRO HYDR.DONALDSON P16-6255,https://e-commerce.michelecaroli.com/wso/pages/user/wso0205.jsf?idaa=154990&codart=P166255&marart=227&seopth=DONALDSON-FILTRI-P166255-FILTRO-HYDR-DONALDSON-P16-6255
H8078,SH57122,FILTRO HYDR. P164596 HIFI,https://e-commerce.michelecaroli.com/wso/pages/user/wso0205.jsf?idaa=295050&codart=SH57122&marart=230&seopth=HIFI-FILTRI-SH57122-FILTRO-HYDR-P164596-HIFI
H8077,SH57122,FILTRO HYDR. P164596 HIFI,https://e-commerce.michelecaroli.com/wso/pages/user/wso0205.jsf?idaa=295050&codart=SH57122&marart=230&seopth=HIFI-FILTRI-SH57122-FILTRO-HYDR-P164596-HIFI
H8076,51688,FILTRO IDRAULICO,https://e-commerce.michelecaroli.com/wso/pages/user/wso0205.jsf?idaa=368553&codart=51688&marart=218&seopth=WIX-INDUSTRIAL-HD-51688-FILTRO-IDRAULICO
