Code searched,Matched code,Part Category on Michele,Link to Michele product
G38,33033,PREFILTRO,https://e-commerce.michelecaroli.com/wso/pages/user/wso0205.jsf?idaa=365730&codart=33033&marart=218&seopth=WIX-INDUSTRIAL-HD-33033-PREFILTRO
G3727FP,P550209,FILTRO NAFTA DONALDSON P55-0209,https://e-commerce.michelecaroli.com/wso/pages/user/wso0205.jsf?idaa=156504&codart=P550209&marart=227&seopth=DONALDSON-FILTRI-P550209-FILTRO-NAFTA-DONALDSON-P55-0209
G3727DP,P550209,FILTRO NAFTA DONALDSON P55-0209,https://e-commerce.michelecaroli.com/wso/pages/user/wso0205.jsf?idaa=156504&codart=P550209&marart=227&seopth=DONALDSON-FILTRI-P550209-FILTRO-NAFTA-DONALDSON-P55-0209
G3639,P552398,"FUEL FILTER, IN-LINE",https://e-commerce.michelecaroli.com/wso/pages/user/wso0205.jsf?idaa=441614&codart=P552398&marart=227&seopth=DONALDSON-FILTRI-P552398-FUEL-FILTER-IN-LINE
G3606DP,SN149,FILTRO NAFTA P550012 HIFI,https://e-commerce.michelecaroli.com/wso/pages/user/wso0205.jsf?idaa=298903&codart=SN149&marart=230&seopth=HIFI-FILTRI-SN149-FILTRO-NAFTA-P550012-HIFI
G3606,SN149,FILTRO NAFTA P550012 HIFI,https://e-commerce.michelecaroli.com/wso/pages/user/wso0205.jsf?idaa=298903&codart=SN149&marart=230&seopth=HIFI-FILTRI-SN149-FILTRO-NAFTA-P550012-HIFI
G36,P142804,FILTRO ARIA DONALDSON P14-2804,https://e-commerce.michelecaroli.com/wso/pages/user/wso0205.jsf?idaa=154801&codart=P142804&marart=227&seopth=DONALDSON-FILTRI-P142804-FILTRO-ARIA-DONALDSON-P14-2804
G358,23.108.01,FILTRO OLIO UFI P553411 ex.codice 23.108.00,https://e-commerce.michelecaroli.com/wso/pages/user/wso0205.jsf?idaa=149348&codart=23.108.01&marart=UFIHD&seopth=UFI-HD-23-108-01-FILTRO-OLIO-UFI-P553411
G35446,51092,FILTRO OLIO,https://e-commerce.michelecaroli.com/wso/pages/user/wso0205.jsf?idaa=368106&codart=51092&marart=218&seopth=WIX-INDUSTRIAL-HD-51092-FILTRO-OLIO
G35446,51092,FILTRO OLIO,https://e-commerce.michelecaroli.com/wso/pages/user/wso0205.jsf?idaa=368106&codart=51092&marart=218&seopth=WIX-INDUSTRIAL-HD-51092-FILTRO-OLIO
G35,P142804,FILTRO ARIA DONALDSON P14-2804,https://e-commerce.michelecaroli.com/wso/pages/user/wso0205.jsf?idaa=154801&codart=P142804&marart=227&seopth=DONALDSON-FILTRI-P142804-FILTRO-ARIA-DONALDSON-P14-2804
G34D,SO633,FILTRO OLIO HIFI,https://e-commerce.michelecaroli.com/wso/pages/user/wso0205.jsf?idaa=300350&codart=SO633&marart=230&seopth=HIFI-FILTRI-SO633-FILTRO-OLIO-HIFI
G34C,SO633,FILTRO OLIO HIFI,https://e-commerce.michelecaroli.com/wso/pages/user/wso0205.jsf?idaa=300350&codart=SO633&marart=230&seopth=HIFI-FILTRI-SO633-FILTRO-OLIO-HIFI
G34B,SO633,FILTRO OLIO HIFI,https://e-commerce.michelecaroli.com/wso/pages/user/wso0205.jsf?idaa=300350&codart=SO633&marart=230&seopth=HIFI-FILTRI-SO633-FILTRO-OLIO-HIFI
G34A,SO633,FILTRO OLIO HIFI,https://e-commerce.michelecaroli.com/wso/pages/user/wso0205.jsf?idaa=300350&codart=SO633&marart=230&seopth=HIFI-FILTRI-SO633-FILTRO-OLIO-HIFI
G3428A,33049,FILTRO NAFTA,https://e-commerce.michelecaroli.com/wso/pages/user/wso0205.jsf?idaa=365744&codart=33049&marart=218&seopth=WIX-INDUSTRIAL-HD-33049-FILTRO-NAFTA
G3428,33049,FILTRO NAFTA,https://e-commerce.michelecaroli.com/wso/pages/user/wso0205.jsf?idaa=365744&codart=33049&marart=218&seopth=WIX-INDUSTRIAL-HD-33049-FILTRO-NAFTA
G34,SO633,FILTRO OLIO HIFI,https://e-commerce.michelecaroli.com/wso/pages/user/wso0205.jsf?idaa=300350&codart=SO633&marart=230&seopth=HIFI-FILTRI-SO633-FILTRO-OLIO-HIFI
G338,51253,FILTRO IDRAULICO,https://e-commerce.michelecaroli.com/wso/pages/user/wso0205.jsf?idaa=368210&codart=51253&marart=218&seopth=WIX-INDUSTRIAL-HD-51253-FILTRO-IDRAULICO
G337M,P558462,FILTRO OLIO DONALDSON P55-84 62,https://e-commerce.michelecaroli.com/wso/pages/user/wso0205.jsf?idaa=157189&codart=P558462&marart=227&seopth=DONALDSON-FILTRI-P558462-FILTRO-OLIO-DONALDSON-P55-84-62
G33505,X004478,"SEAL CLAMP, 3 IN (76 MM) STAINLESS",https://e-commerce.michelecaroli.com/wso/pages/user/wso0205.jsf?idaa=443362&codart=X004478&marart=227&seopth=DONALDSON-FILTRI-X004478-SEAL-CLAMP-3-IN-76-MM-STAINLESS
G335,51151,FILTRO OLIO,https://e-commerce.michelecaroli.com/wso/pages/user/wso0205.jsf?idaa=368138&codart=51151&marart=218&seopth=WIX-INDUSTRIAL-HD-51151-FILTRO-OLIO
G333,51404,FILTRO IDRAULICO,https://e-commerce.michelecaroli.com/wso/pages/user/wso0205.jsf?idaa=368309&codart=51404&marart=218&seopth=WIX-INDUSTRIAL-HD-51404-FILTRO-IDRAULICO
G331,SH56129,FILTRO HYDR. P555603 HIFI,https://e-commerce.michelecaroli.com/wso/pages/user/wso0205.jsf?idaa=294023&codart=SH56129&marart=230&seopth=HIFI-FILTRI-SH56129-FILTRO-HYDR-P555603-HIFI
G330M,51271,FILTRO OLIO,https://e-commerce.michelecaroli.com/wso/pages/user/wso0205.jsf?idaa=368221&codart=51271&marart=218&seopth=WIX-INDUSTRIAL-HD-51271-FILTRO-OLIO
G330,51271,FILTRO OLIO,https://e-commerce.michelecaroli.com/wso/pages/user/wso0205.jsf?idaa=368221&codart=51271&marart=218&seopth=WIX-INDUSTRIAL-HD-51271-FILTRO-OLIO
G33,51133,FILTRO OLIO# P550132,https://e-commerce.michelecaroli.com/wso/pages/user/wso0205.jsf?idaa=368125&codart=51133&marart=218&seopth=WIX-INDUSTRIAL-HD-51133-FILTRO-OLIO-P550132
G33,51133,FILTRO OLIO# P550132,https://e-commerce.michelecaroli.com/wso/pages/user/wso0205.jsf?idaa=368125&codart=51133&marart=218&seopth=WIX-INDUSTRIAL-HD-51133-FILTRO-OLIO-P550132
G32019,X001988,"INLET HOOD, METAL",https://e-commerce.michelecaroli.com/wso/pages/user/wso0205.jsf?idaa=443355&codart=X001988&marart=227&seopth=DONALDSON-FILTRI-X001988-INLET-HOOD-METAL
G32018,P004076,FASCIA MONTAGGIO P00-4076,https://e-commerce.michelecaroli.com/wso/pages/user/wso0205.jsf?idaa=154484&codart=P004076&marart=227&seopth=DONALDSON-FILTRI-P004076-FASCIA-MONTAGGIO-P00-4076
G32001512,SA11854,FILTRO ARIA P119373 HIFI,https://e-commerce.michelecaroli.com/wso/pages/user/wso0205.jsf?idaa=336297&codart=SA11854&marart=230&seopth=HIFI-FILTRI-SA11854-FILTRO-ARIA-P119373-HIFI
G311200060050,01182224,,https://e-commerce.michelecaroli.com/wso/pages/user/wso0205.jsf?idaa=85239&codart=01182224&marart=159&seopth=DEUTZ-01182224-FILT-C-R-P-CARBUR-SPIN-ON-FUEL-FIL
G311200060010,01182224,,https://e-commerce.michelecaroli.com/wso/pages/user/wso0205.jsf?idaa=85239&codart=01182224&marart=159&seopth=DEUTZ-01182224-FILT-C-R-P-CARBUR-SPIN-ON-FUEL-FIL
G31,51021E,FILTRO OLIO#,https://e-commerce.michelecaroli.com/wso/pages/user/wso0205.jsf?idaa=369090&codart=51021E&marart=218&seopth=WIX-INDUSTRIAL-HD-51021E-FILTRO-OLIO-
G2S1287,42046,FILTRO ARIA,https://e-commerce.michelecaroli.com/wso/pages/user/wso0205.jsf?idaa=366272&codart=42046&marart=218&seopth=WIX-INDUSTRIAL-HD-42046-FILTRO-ARIA
G2S1286,42335,FILTRO ARIA,https://e-commerce.michelecaroli.com/wso/pages/user/wso0205.jsf?idaa=366460&codart=42335&marart=218&seopth=WIX-INDUSTRIAL-HD-42335-FILTRO-ARIA
G2S1285,SA10293,FILTRO ARIA P158661 HIFI,https://e-commerce.michelecaroli.com/wso/pages/user/wso0205.jsf?idaa=335980&codart=SA10293&marart=230&seopth=HIFI-FILTRI-SA10293-FILTRO-ARIA-P158661-HIFI
G2S1284,42379,FILTRO ARIA,https://e-commerce.michelecaroli.com/wso/pages/user/wso0205.jsf?idaa=366487&codart=42379&marart=218&seopth=WIX-INDUSTRIAL-HD-42379-FILTRO-ARIA
G2S,SN149,FILTRO NAFTA P550012 HIFI,https://e-commerce.michelecaroli.com/wso/pages/user/wso0205.jsf?idaa=298903&codart=SN149&marart=230&seopth=HIFI-FILTRI-SN149-FILTRO-NAFTA-P550012-HIFI
G29T18689,SO7106,FILTRO OLIO P550170 HIFI,https://e-commerce.michelecaroli.com/wso/pages/user/wso0205.jsf?idaa=301239&codart=SO7106&marart=230&seopth=HIFI-FILTRI-SO7106-FILTRO-OLIO-P550170-HIFI
G2981,SN149,FILTRO NAFTA P550012 HIFI,https://e-commerce.michelecaroli.com/wso/pages/user/wso0205.jsf?idaa=298903&codart=SN149&marart=230&seopth=HIFI-FILTRI-SN149-FILTRO-NAFTA-P550012-HIFI
G297M,MD-195,FILTRO CARB. ALCO,https://e-commerce.michelecaroli.com/wso/pages/user/wso0205.jsf?idaa=463526&codart=MD-195&marart=ALCO&seopth=ALCO-MD-195-FILTRO-CARB-ALCO
G297B,MD-195,FILTRO CARB. ALCO,https://e-commerce.michelecaroli.com/wso/pages/user/wso0205.jsf?idaa=463526&codart=MD-195&marart=ALCO&seopth=ALCO-MD-195-FILTRO-CARB-ALCO
G2974,P552398,"FUEL FILTER, IN-LINE",https://e-commerce.michelecaroli.com/wso/pages/user/wso0205.jsf?idaa=441614&codart=P552398&marart=227&seopth=DONALDSON-FILTRI-P552398-FUEL-FILTER-IN-LINE
G2970,P552398,"FUEL FILTER, IN-LINE",https://e-commerce.michelecaroli.com/wso/pages/user/wso0205.jsf?idaa=441614&codart=P552398&marart=227&seopth=DONALDSON-FILTRI-P552398-FUEL-FILTER-IN-LINE
G297,MD-195,FILTRO CARB. ALCO,https://e-commerce.michelecaroli.com/wso/pages/user/wso0205.jsf?idaa=463526&codart=MD-195&marart=ALCO&seopth=ALCO-MD-195-FILTRO-CARB-ALCO
G296,MD-195,FILTRO CARB. ALCO,https://e-commerce.michelecaroli.com/wso/pages/user/wso0205.jsf?idaa=463526&codart=MD-195&marart=ALCO&seopth=ALCO-MD-195-FILTRO-CARB-ALCO
G295M,SN203,FILTRO NAFTA P551130 HIFI A SCATO LA,https://e-commerce.michelecaroli.com/wso/pages/user/wso0205.jsf?idaa=299716&codart=SN203&marart=230&seopth=HIFI-FILTRI-SN203-FILTRO-NAFTA-P551130-HIFI-A-SCATO
G2957,J190059,,https://e-commerce.michelecaroli.com/wso/pages/user/wso0205.jsf?idaa=442747&codart=J190059&marart=227&seopth=DONALDSON-FILTRI-J190059-CLAMP-TORCTITE-2-75-IN-70-MM-STA
G295,SN203,FILTRO NAFTA P551130 HIFI A SCATO LA,https://e-commerce.michelecaroli.com/wso/pages/user/wso0205.jsf?idaa=299716&codart=SN203&marart=230&seopth=HIFI-FILTRI-SN203-FILTRO-NAFTA-P551130-HIFI-A-SCATO
G2931,33167E,FILTRO NAFTA# P550060,https://e-commerce.michelecaroli.com/wso/pages/user/wso0205.jsf?idaa=368995&codart=33167E&marart=218&seopth=WIX-INDUSTRIAL-HD-33167E-FILTRO-NAFTA-P550060
G2929,SP-970,FILTRO CARB. ALCO,https://e-commerce.michelecaroli.com/wso/pages/user/wso0205.jsf?idaa=466431&codart=SP-970&marart=ALCO&seopth=ALCO-SP-970-FILTRO-CARB-ALCO
G2920,FT1182,FILTRO NAFTA P550385 HIFI,https://e-commerce.michelecaroli.com/wso/pages/user/wso0205.jsf?idaa=394780&codart=FT1182&marart=230&seopth=HIFI-FILTRI-FT1182-FILTRO-NAFTA-P550385-HIFI
G2863702,46569E,FILTRO ARIA# P775302,https://e-commerce.michelecaroli.com/wso/pages/user/wso0205.jsf?idaa=369066&codart=46569E&marart=218&seopth=WIX-INDUSTRIAL-HD-46569E-FILTRO-ARIA-P775302
G282,SO633,FILTRO OLIO HIFI,https://e-commerce.michelecaroli.com/wso/pages/user/wso0205.jsf?idaa=300350&codart=SO633&marart=230&seopth=HIFI-FILTRI-SO633-FILTRO-OLIO-HIFI
G27510135,MD-7102,FILTRO ARIA,https://e-commerce.michelecaroli.com/wso/pages/user/wso0205.jsf?idaa=464129&codart=MD-7102&marart=ALCO&seopth=ALCO-MD-7102-FILTRO-ARIA
G27510131,SAH01B08ADM002,,https://e-commerce.michelecaroli.com/wso/pages/user/wso0205.jsf?idaa=416565&codart=SAH01B08ADM002&marart=230&seopth=HIFI-FILTRI-SAH01B08ADM002-FILTRO-ARIA-COMPL-HIFI
G2731946,SAT01SCB102001,,https://e-commerce.michelecaroli.com/wso/pages/user/wso0205.jsf?idaa=438560&codart=SAT01SCB102001&marart=230&seopth=HIFI-FILTRI-SAT01SCB102001-FILTRO
G272,SO633,FILTRO OLIO HIFI,https://e-commerce.michelecaroli.com/wso/pages/user/wso0205.jsf?idaa=300350&codart=SO633&marart=230&seopth=HIFI-FILTRI-SO633-FILTRO-OLIO-HIFI
G270336,42493,FILTRO ARIA,https://e-commerce.michelecaroli.com/wso/pages/user/wso0205.jsf?idaa=366560&codart=42493&marart=218&seopth=WIX-INDUSTRIAL-HD-42493-FILTRO-ARIA
G269,33269,FILTRO NAFTA,https://e-commerce.michelecaroli.com/wso/pages/user/wso0205.jsf?idaa=365370&codart=33269&marart=218&seopth=WIX-INDUSTRIAL-HD-33269-FILTRO-NAFTA
G2615401,SA16348,FILTRO ARIA P532966 HIFI ESTERNO ABBINATO CON SA16349,https://e-commerce.michelecaroli.com/wso/pages/user/wso0205.jsf?idaa=289225&codart=SA16348&marart=230&seopth=HIFI-FILTRI-SA16348-FILTRO-ARIA-P532966-HIFI-ESTERNO
G259,33579,FILTRO NAFTA,https://e-commerce.michelecaroli.com/wso/pages/user/wso0205.jsf?idaa=365977&codart=33579&marart=218&seopth=WIX-INDUSTRIAL-HD-33579-FILTRO-NAFTA
G2584801,M002121,"MOUNTING BAND, EXHAUST 10.8 IN (274",https://e-commerce.michelecaroli.com/wso/pages/user/wso0205.jsf?idaa=442836&codart=M002121&marart=227&seopth=DONALDSON-FILTRI-M002121-MOUNTING-BAND-EXHAUST-10-8-IN-274
G253200,51663,FILTRO HYDRAULICO P556005,https://e-commerce.michelecaroli.com/wso/pages/user/wso0205.jsf?idaa=368531&codart=51663&marart=218&seopth=WIX-INDUSTRIAL-HD-51663-FILTRO-HYDRAULICO-P556005
G253100,42819,FILTRO ARIA,https://e-commerce.michelecaroli.com/wso/pages/user/wso0205.jsf?idaa=366835&codart=42819&marart=218&seopth=WIX-INDUSTRIAL-HD-42819-FILTRO-ARIA
G252,33031,FILTRO NAFTA,https://e-commerce.michelecaroli.com/wso/pages/user/wso0205.jsf?idaa=365728&codart=33031&marart=218&seopth=WIX-INDUSTRIAL-HD-33031-FILTRO-NAFTA
G252,33031,FILTRO NAFTA,https://e-commerce.michelecaroli.com/wso/pages/user/wso0205.jsf?idaa=365728&codart=33031&marart=218&seopth=WIX-INDUSTRIAL-HD-33031-FILTRO-NAFTA
G251,P552398,"FUEL FILTER, IN-LINE",https://e-commerce.michelecaroli.com/wso/pages/user/wso0205.jsf?idaa=441614&codart=P552398&marart=227&seopth=DONALDSON-FILTRI-P552398-FUEL-FILTER-IN-LINE
G250128,42528,FILTRO ARIA,https://e-commerce.michelecaroli.com/wso/pages/user/wso0205.jsf?idaa=366592&codart=42528&marart=218&seopth=WIX-INDUSTRIAL-HD-42528-FILTRO-ARIA
G250124,P520510,FILTRO ARIA DONALDSON P52-0510,https://e-commerce.michelecaroli.com/wso/pages/user/wso0205.jsf?idaa=156115&codart=P520510&marart=227&seopth=DONALDSON-FILTRI-P520510-FILTRO-ARIA-DONALDSON-P52-0510
G25,P552404,"LUBE FILTER, SPIN-ON BYPASS",https://e-commerce.michelecaroli.com/wso/pages/user/wso0205.jsf?idaa=441615&codart=P552404&marart=227&seopth=DONALDSON-FILTRI-P552404-LUBE-FILTER-SPIN-ON-BYPASS
G2493817,P100089,NIPM11ES DONALDSON P10-0089,https://e-commerce.michelecaroli.com/wso/pages/user/wso0205.jsf?idaa=154502&codart=P100089&marart=227&seopth=DONALDSON-FILTRI-P100089-NIPM11ES-DONALDSON-P10-0089
G247001,93154E,,https://e-commerce.michelecaroli.com/wso/pages/user/wso0205.jsf?idaa=369458&codart=93154E&marart=218&seopth=WIX-INDUSTRIAL-HD-93154E-FILTRO-ARIA
G247,P552440,FILTRO GASOLIO,https://e-commerce.michelecaroli.com/wso/pages/user/wso0205.jsf?idaa=157049&codart=P552440&marart=227&seopth=DONALDSON-FILTRI-P552440-FILTRO-GASOLIO
G238M,51168,FILTRO OLIO,https://e-commerce.michelecaroli.com/wso/pages/user/wso0205.jsf?idaa=368153&codart=51168&marart=218&seopth=WIX-INDUSTRIAL-HD-51168-FILTRO-OLIO
G238E,51168,FILTRO OLIO,https://e-commerce.michelecaroli.com/wso/pages/user/wso0205.jsf?idaa=368153&codart=51168&marart=218&seopth=WIX-INDUSTRIAL-HD-51168-FILTRO-OLIO
G238,51168,FILTRO OLIO,https://e-commerce.michelecaroli.com/wso/pages/user/wso0205.jsf?idaa=368153&codart=51168&marart=218&seopth=WIX-INDUSTRIAL-HD-51168-FILTRO-OLIO
G237C,SO633,FILTRO OLIO HIFI,https://e-commerce.michelecaroli.com/wso/pages/user/wso0205.jsf?idaa=300350&codart=SO633&marart=230&seopth=HIFI-FILTRI-SO633-FILTRO-OLIO-HIFI
G236M,51076,FILTRO OLIO,https://e-commerce.michelecaroli.com/wso/pages/user/wso0205.jsf?idaa=368095&codart=51076&marart=218&seopth=WIX-INDUSTRIAL-HD-51076-FILTRO-OLIO
G236,51076,FILTRO OLIO,https://e-commerce.michelecaroli.com/wso/pages/user/wso0205.jsf?idaa=368095&codart=51076&marart=218&seopth=WIX-INDUSTRIAL-HD-51076-FILTRO-OLIO
G235000,46594E,FILTRO ARIA,https://e-commerce.michelecaroli.com/wso/pages/user/wso0205.jsf?idaa=369067&codart=46594E&marart=218&seopth=WIX-INDUSTRIAL-HD-46594E-FILTRO-ARIA
G234402,MD-520,FILTRO ARIA,https://e-commerce.michelecaroli.com/wso/pages/user/wso0205.jsf?idaa=463881&codart=MD-520&marart=ALCO&seopth=ALCO-MD-520-FILTRO-ARIA
G234400,SA11552,FILTRO ARIA P181087 HIFI,https://e-commerce.michelecaroli.com/wso/pages/user/wso0205.jsf?idaa=336173&codart=SA11552&marart=230&seopth=HIFI-FILTRI-SA11552-FILTRO-ARIA-P181087-HIFI
G23,51169,FILTRO TRASMISSIONE,https://e-commerce.michelecaroli.com/wso/pages/user/wso0205.jsf?idaa=368154&codart=51169&marart=218&seopth=WIX-INDUSTRIAL-HD-51169-FILTRO-TRASMISSIONE
G229,P551339,FILTRO GASOLIO,https://e-commerce.michelecaroli.com/wso/pages/user/wso0205.jsf?idaa=157681&codart=P551339&marart=227&seopth=DONALDSON-FILTRI-P551339-FILTRO-GASOLIO
G225,SO595,FILTRO OLIO P550396 HIFI,https://e-commerce.michelecaroli.com/wso/pages/user/wso0205.jsf?idaa=300204&codart=SO595&marart=230&seopth=HIFI-FILTRI-SO595-FILTRO-OLIO-P550396-HIFI
G223,51194,FILTRO IDRAULICO,https://e-commerce.michelecaroli.com/wso/pages/user/wso0205.jsf?idaa=368171&codart=51194&marart=218&seopth=WIX-INDUSTRIAL-HD-51194-FILTRO-IDRAULICO
G222M,51197,FILTRO IDRAULICO,https://e-commerce.michelecaroli.com/wso/pages/user/wso0205.jsf?idaa=368174&codart=51197&marart=218&seopth=WIX-INDUSTRIAL-HD-51197-FILTRO-IDRAULICO
G222E,51197,FILTRO IDRAULICO,https://e-commerce.michelecaroli.com/wso/pages/user/wso0205.jsf?idaa=368174&codart=51197&marart=218&seopth=WIX-INDUSTRIAL-HD-51197-FILTRO-IDRAULICO
G2229,G2229,AMM.ORIGIN.POST.HYUNDAI ELANTRA 201 1 -> REAR,https://e-commerce.michelecaroli.com/wso/pages/user/wso0205.jsf?idaa=362298&codart=G2229&marart=MONR&seopth=MONROE-AMMORTIZZATORI-G2229-AMM-ORIGIN-POST-HYUNDAI-ELANTRA-201
G222,51197,FILTRO IDRAULICO,https://e-commerce.michelecaroli.com/wso/pages/user/wso0205.jsf?idaa=368174&codart=51197&marart=218&seopth=WIX-INDUSTRIAL-HD-51197-FILTRO-IDRAULICO
G22040032,MD-372,FILTRO ARIA,https://e-commerce.michelecaroli.com/wso/pages/user/wso0205.jsf?idaa=463642&codart=MD-372&marart=ALCO&seopth=ALCO-MD-372-FILTRO-ARIA
G22,33046,FILTRO NAFTA,https://e-commerce.michelecaroli.com/wso/pages/user/wso0205.jsf?idaa=365741&codart=33046&marart=218&seopth=WIX-INDUSTRIAL-HD-33046-FILTRO-NAFTA
G219,P552398,"FUEL FILTER, IN-LINE",https://e-commerce.michelecaroli.com/wso/pages/user/wso0205.jsf?idaa=441614&codart=P552398&marart=227&seopth=DONALDSON-FILTRI-P552398-FUEL-FILTER-IN-LINE
G2175,G2175,AMM.ORIGIN.ANT.NISSAN JUKE 4WD 2010 -> RE,https://e-commerce.michelecaroli.com/wso/pages/user/wso0205.jsf?idaa=362289&codart=G2175&marart=MONR&seopth=MONROE-AMMORTIZZATORI-G2175-AMM-ORIGIN-ANT-NISSAN-JUKE-4WD-2010
G217,SO1594,FILTRO OLIO P550183 HIFI,https://e-commerce.michelecaroli.com/wso/pages/user/wso0205.jsf?idaa=300845&codart=SO1594&marart=230&seopth=HIFI-FILTRI-SO1594-FILTRO-OLIO-P550183-HIFI
G214,51302E,FILTRO OLIO P550052,https://e-commerce.michelecaroli.com/wso/pages/user/wso0205.jsf?idaa=369112&codart=51302E&marart=218&seopth=WIX-INDUSTRIAL-HD-51302E-FILTRO-OLIO-P550052
G2131,G2131,AMM.ORIGINAL.ST30042270,https://e-commerce.michelecaroli.com/wso/pages/user/wso0205.jsf?idaa=261158&codart=G2131&marart=MONR&seopth=MONROE-AMMORTIZZATORI-G2131-AMM-ORIGINAL-ST30042270
G213,33296,FILTRO NAFTA,https://e-commerce.michelecaroli.com/wso/pages/user/wso0205.jsf?idaa=365385&codart=33296&marart=218&seopth=WIX-INDUSTRIAL-HD-33296-FILTRO-NAFTA
G210200090100,G070059,FILTRO ARIA DONALDSON G07-0059,https://e-commerce.michelecaroli.com/wso/pages/user/wso0205.jsf?idaa=154136&codart=G070059&marart=227&seopth=DONALDSON-FILTRI-G070059-FILTRO-ARIA-DONALDSON-G07-0059
G210200090010,SAHB0107P001,,https://e-commerce.michelecaroli.com/wso/pages/user/wso0205.jsf?idaa=438714&codart=SAHB0107P001&marart=230&seopth=HIFI-FILTRI-SAHB0107P001-FILTRO
G210010,G210010,FILTRO COMPLETO FTG,https://e-commerce.michelecaroli.com/wso/pages/user/wso0205.jsf?idaa=442486&codart=G210010&marart=227&seopth=DONALDSON-FILTRI-G210010-FILTRO-COMPLETO-FTG
G210007,G210007,FILTRO ARIA COMPLETO FTG,https://e-commerce.michelecaroli.com/wso/pages/user/wso0205.jsf?idaa=153423&codart=G210007&marart=227&seopth=DONALDSON-FILTRI-G210007-FILTRO-ARIA-COMPLETO-FTG
G21,SN149,FILTRO NAFTA P550012 HIFI,https://e-commerce.michelecaroli.com/wso/pages/user/wso0205.jsf?idaa=298903&codart=SN149&marart=230&seopth=HIFI-FILTRI-SN149-FILTRO-NAFTA-P550012-HIFI
G206,P552398,"FUEL FILTER, IN-LINE",https://e-commerce.michelecaroli.com/wso/pages/user/wso0205.jsf?idaa=441614&codart=P552398&marart=227&seopth=DONALDSON-FILTRI-P552398-FUEL-FILTER-IN-LINE
G206,P552398,"FUEL FILTER, IN-LINE",https://e-commerce.michelecaroli.com/wso/pages/user/wso0205.jsf?idaa=441614&codart=P552398&marart=227&seopth=DONALDSON-FILTRI-P552398-FUEL-FILTER-IN-LINE
G205C,51302E,FILTRO OLIO P550052,https://e-commerce.michelecaroli.com/wso/pages/user/wso0205.jsf?idaa=369112&codart=51302E&marart=218&seopth=WIX-INDUSTRIAL-HD-51302E-FILTRO-OLIO-P550052
G205,SO1594,FILTRO OLIO P550183 HIFI,https://e-commerce.michelecaroli.com/wso/pages/user/wso0205.jsf?idaa=300845&codart=SO1594&marart=230&seopth=HIFI-FILTRI-SO1594-FILTRO-OLIO-P550183-HIFI
G205,SO1594,FILTRO OLIO P550183 HIFI,https://e-commerce.michelecaroli.com/wso/pages/user/wso0205.jsf?idaa=300845&codart=SO1594&marart=230&seopth=HIFI-FILTRI-SO1594-FILTRO-OLIO-P550183-HIFI
G204,SO633,FILTRO OLIO HIFI,https://e-commerce.michelecaroli.com/wso/pages/user/wso0205.jsf?idaa=300350&codart=SO633&marart=230&seopth=HIFI-FILTRI-SO633-FILTRO-OLIO-HIFI
G204,SO633,FILTRO OLIO HIFI,https://e-commerce.michelecaroli.com/wso/pages/user/wso0205.jsf?idaa=300350&codart=SO633&marart=230&seopth=HIFI-FILTRI-SO633-FILTRO-OLIO-HIFI
G203T,SO1594,FILTRO OLIO P550183 HIFI,https://e-commerce.michelecaroli.com/wso/pages/user/wso0205.jsf?idaa=300845&codart=SO1594&marart=230&seopth=HIFI-FILTRI-SO1594-FILTRO-OLIO-P550183-HIFI
G203252,46554E,,https://e-commerce.michelecaroli.com/wso/pages/user/wso0205.jsf?idaa=369064&codart=46554E&marart=218&seopth=WIX-INDUSTRIAL-HD-46554E-FILTRO-ARIA-P771561
G203,SO1594,FILTRO OLIO P550183 HIFI,https://e-commerce.michelecaroli.com/wso/pages/user/wso0205.jsf?idaa=300845&codart=SO1594&marart=230&seopth=HIFI-FILTRI-SO1594-FILTRO-OLIO-P550183-HIFI
G2029202,P117724,RIDUTTORE A GOMITO M11L-7724,https://e-commerce.michelecaroli.com/wso/pages/user/wso0205.jsf?idaa=154608&codart=P117724&marart=227&seopth=DONALDSON-FILTRI-P117724-RIDUTTORE-A-GOMITO-M11L-7724
G2014558,P148043,FILTRO ARIA DONALDSON CONICO,https://e-commerce.michelecaroli.com/wso/pages/user/wso0205.jsf?idaa=154824&codart=P148043&marart=227&seopth=DONALDSON-FILTRI-P148043-FILTRO-ARIA-DONALDSON-CONICO
G2013323,M100213,"MUFFLER, ROUND STYLE 3",https://e-commerce.michelecaroli.com/wso/pages/user/wso0205.jsf?idaa=442920&codart=M100213&marart=227&seopth=DONALDSON-FILTRI-M100213-MUFFLER-ROUND-STYLE-3
G200746,42923,FILTRO ARIA,https://e-commerce.michelecaroli.com/wso/pages/user/wso0205.jsf?idaa=366899&codart=42923&marart=218&seopth=WIX-INDUSTRIAL-HD-42923-FILTRO-ARIA
G200,SO553,FILTRO OLIO P550141 HIFI,https://e-commerce.michelecaroli.com/wso/pages/user/wso0205.jsf?idaa=300187&codart=SO553&marart=230&seopth=HIFI-FILTRI-SO553-FILTRO-OLIO-P550141-HIFI
G1W2516,SA11755,FILTRO ARIA P181124 HIFI,https://e-commerce.michelecaroli.com/wso/pages/user/wso0205.jsf?idaa=336250&codart=SA11755&marart=230&seopth=HIFI-FILTRI-SA11755-FILTRO-ARIA-P181124-HIFI
G1P8483,SA10823,FILTRO ARIA HIFI,https://e-commerce.michelecaroli.com/wso/pages/user/wso0205.jsf?idaa=336064&codart=SA10823&marart=230&seopth=HIFI-FILTRI-SA10823-FILTRO-ARIA-HIFI
G1P8482,SA10824,FILTRO ARIA P158675 HIFI,https://e-commerce.michelecaroli.com/wso/pages/user/wso0205.jsf?idaa=336065&codart=SA10824&marart=230&seopth=HIFI-FILTRI-SA10824-FILTRO-ARIA-P158675-HIFI
G1P7360,42981,FILTRO ARIA,https://e-commerce.michelecaroli.com/wso/pages/user/wso0205.jsf?idaa=366941&codart=42981&marart=218&seopth=WIX-INDUSTRIAL-HD-42981-FILTRO-ARIA
G1MDP,33031,FILTRO NAFTA,https://e-commerce.michelecaroli.com/wso/pages/user/wso0205.jsf?idaa=365728&codart=33031&marart=218&seopth=WIX-INDUSTRIAL-HD-33031-FILTRO-NAFTA
G1M,33031,FILTRO NAFTA,https://e-commerce.michelecaroli.com/wso/pages/user/wso0205.jsf?idaa=365728&codart=33031&marart=218&seopth=WIX-INDUSTRIAL-HD-33031-FILTRO-NAFTA
G1DP,SN149,FILTRO NAFTA P550012 HIFI,https://e-commerce.michelecaroli.com/wso/pages/user/wso0205.jsf?idaa=298903&codart=SN149&marart=230&seopth=HIFI-FILTRI-SN149-FILTRO-NAFTA-P550012-HIFI
G196,51165,FILTRO OLIO,https://e-commerce.michelecaroli.com/wso/pages/user/wso0205.jsf?idaa=368150&codart=51165&marart=218&seopth=WIX-INDUSTRIAL-HD-51165-FILTRO-OLIO
G193F500,P118342,FILTRO ARIA DONALDSON M11L-8342,https://e-commerce.michelecaroli.com/wso/pages/user/wso0205.jsf?idaa=154613&codart=P118342&marart=227&seopth=DONALDSON-FILTRI-P118342-FILTRO-ARIA-DONALDSON-M11L-8342
G193F207,P118342,FILTRO ARIA DONALDSON M11L-8342,https://e-commerce.michelecaroli.com/wso/pages/user/wso0205.jsf?idaa=154613&codart=P118342&marart=227&seopth=DONALDSON-FILTRI-P118342-FILTRO-ARIA-DONALDSON-M11L-8342
G191M,1R0659,,https://e-commerce.michelecaroli.com/wso/pages/user/wso0205.jsf?idaa=146663&codart=1R0659&marart=222&seopth=FILTRI-VARI-1R0659-FILTRO-OLIO-CAT
G191E,1R0659,,https://e-commerce.michelecaroli.com/wso/pages/user/wso0205.jsf?idaa=146663&codart=1R0659&marart=222&seopth=FILTRI-VARI-1R0659-FILTRO-OLIO-CAT
G191,1R0659,,https://e-commerce.michelecaroli.com/wso/pages/user/wso0205.jsf?idaa=146663&codart=1R0659&marart=222&seopth=FILTRI-VARI-1R0659-FILTRO-OLIO-CAT
G186,33512,FILTRO NAFTA,https://e-commerce.michelecaroli.com/wso/pages/user/wso0205.jsf?idaa=365932&codart=33512&marart=218&seopth=WIX-INDUSTRIAL-HD-33512-FILTRO-NAFTA
G183,P552398,"FUEL FILTER, IN-LINE",https://e-commerce.michelecaroli.com/wso/pages/user/wso0205.jsf?idaa=441614&codart=P552398&marart=227&seopth=DONALDSON-FILTRI-P552398-FUEL-FILTER-IN-LINE
G1829195,SO580,FILTRO OLIO P550008# HIFI,https://e-commerce.michelecaroli.com/wso/pages/user/wso0205.jsf?idaa=300199&codart=SO580&marart=230&seopth=HIFI-FILTRI-SO580-FILTRO-OLIO-P550008-HIFI
G181147,P181147,FILTRO ARIA DONALDSON PI8-1147,https://e-commerce.michelecaroli.com/wso/pages/user/wso0205.jsf?idaa=155884&codart=P181147&marart=227&seopth=DONALDSON-FILTRI-P181147-FILTRO-ARIA-DONALDSON-PI8-1147
G181096,46596,FILTRO ARIA,https://e-commerce.michelecaroli.com/wso/pages/user/wso0205.jsf?idaa=367349&codart=46596&marart=218&seopth=WIX-INDUSTRIAL-HD-46596-FILTRO-ARIA
G181,33031,FILTRO NAFTA,https://e-commerce.michelecaroli.com/wso/pages/user/wso0205.jsf?idaa=365728&codart=33031&marart=218&seopth=WIX-INDUSTRIAL-HD-33031-FILTRO-NAFTA
G180031387140,G180031,"AIR CLEANER, FRG RADIALSEAL",https://e-commerce.michelecaroli.com/wso/pages/user/wso0205.jsf?idaa=442476&codart=G180031&marart=227&seopth=DONALDSON-FILTRI-G180031-AIR-CLEANER-FRG-RADIALSEAL
G180031,G180031,"AIR CLEANER, FRG RADIALSEAL",https://e-commerce.michelecaroli.com/wso/pages/user/wso0205.jsf?idaa=442476&codart=G180031&marart=227&seopth=DONALDSON-FILTRI-G180031-AIR-CLEANER-FRG-RADIALSEAL
G175,33512,FILTRO NAFTA,https://e-commerce.michelecaroli.com/wso/pages/user/wso0205.jsf?idaa=365932&codart=33512&marart=218&seopth=WIX-INDUSTRIAL-HD-33512-FILTRO-NAFTA
G172253,SA14008,FILTRO ARIA P181088 HIFI,https://e-commerce.michelecaroli.com/wso/pages/user/wso0205.jsf?idaa=288853&codart=SA14008&marart=230&seopth=HIFI-FILTRI-SA14008-FILTRO-ARIA-P181088-HIFI
G172250,93023E,FILTRO ARIA P778462,https://e-commerce.michelecaroli.com/wso/pages/user/wso0205.jsf?idaa=369300&codart=93023E&marart=218&seopth=WIX-INDUSTRIAL-HD-93023E-FILTRO-ARIA-P778462
G171340,P539466,FILTRO ARIA DONALDSON OBSOLETO SOST OBSOLETO,https://e-commerce.michelecaroli.com/wso/pages/user/wso0205.jsf?idaa=156349&codart=P539466&marart=227&seopth=DONALDSON-FILTRI-P539466-FILTRO-ARIA-DONALDSON-OBSOLETO-SOST
G171,51679,FILTRO IDRAULICO,https://e-commerce.michelecaroli.com/wso/pages/user/wso0205.jsf?idaa=368546&codart=51679&marart=218&seopth=WIX-INDUSTRIAL-HD-51679-FILTRO-IDRAULICO
G171,51679,FILTRO IDRAULICO,https://e-commerce.michelecaroli.com/wso/pages/user/wso0205.jsf?idaa=368546&codart=51679&marart=218&seopth=WIX-INDUSTRIAL-HD-51679-FILTRO-IDRAULICO
G170,51407,FILTRO IDRAULICO,https://e-commerce.michelecaroli.com/wso/pages/user/wso0205.jsf?idaa=368311&codart=51407&marart=218&seopth=WIX-INDUSTRIAL-HD-51407-FILTRO-IDRAULICO
G169,51487,FILTRO OLIO,https://e-commerce.michelecaroli.com/wso/pages/user/wso0205.jsf?idaa=368377&codart=51487&marart=218&seopth=WIX-INDUSTRIAL-HD-51487-FILTRO-OLIO
G169,51487,FILTRO OLIO,https://e-commerce.michelecaroli.com/wso/pages/user/wso0205.jsf?idaa=368377&codart=51487&marart=218&seopth=WIX-INDUSTRIAL-HD-51487-FILTRO-OLIO
G168,51408,FILTRO IDRAULICO,https://e-commerce.michelecaroli.com/wso/pages/user/wso0205.jsf?idaa=368312&codart=51408&marart=218&seopth=WIX-INDUSTRIAL-HD-51408-FILTRO-IDRAULICO
G166,51506,FILTRO IDRAULICO,https://e-commerce.michelecaroli.com/wso/pages/user/wso0205.jsf?idaa=368390&codart=51506&marart=218&seopth=WIX-INDUSTRIAL-HD-51506-FILTRO-IDRAULICO
G1628,42583,FILTRO ARIA,https://e-commerce.michelecaroli.com/wso/pages/user/wso0205.jsf?idaa=366643&codart=42583&marart=218&seopth=WIX-INDUSTRIAL-HD-42583-FILTRO-ARIA
G161950,SC16134,FILTRO PANNELLO,https://e-commerce.michelecaroli.com/wso/pages/user/wso0205.jsf?idaa=446187&codart=SC16134&marart=230&seopth=HIFI-FILTRI-SC16134-FILTRO-PANNELLO
G160587,G160587,"AIR CLEANER, FVG CYCLOFLOW",https://e-commerce.michelecaroli.com/wso/pages/user/wso0205.jsf?idaa=442473&codart=G160587&marart=227&seopth=DONALDSON-FILTRI-G160587-AIR-CLEANER-FVG-CYCLOFLOW
G160078,G160078,FILTRO COMPLETO FHG,https://e-commerce.michelecaroli.com/wso/pages/user/wso0205.jsf?idaa=442471&codart=G160078&marart=227&seopth=DONALDSON-FILTRI-G160078-FILTRO-COMPLETO-FHG
G160,51468,FILTRO IDRAULICO,https://e-commerce.michelecaroli.com/wso/pages/user/wso0205.jsf?idaa=368363&codart=51468&marart=218&seopth=WIX-INDUSTRIAL-HD-51468-FILTRO-IDRAULICO
G15DP,33033,PREFILTRO,https://e-commerce.michelecaroli.com/wso/pages/user/wso0205.jsf?idaa=365730&codart=33033&marart=218&seopth=WIX-INDUSTRIAL-HD-33033-PREFILTRO
G159,51637,FILTRO OLIO,https://e-commerce.michelecaroli.com/wso/pages/user/wso0205.jsf?idaa=368510&codart=51637&marart=218&seopth=WIX-INDUSTRIAL-HD-51637-FILTRO-OLIO
G159,51637,FILTRO OLIO,https://e-commerce.michelecaroli.com/wso/pages/user/wso0205.jsf?idaa=368510&codart=51637&marart=218&seopth=WIX-INDUSTRIAL-HD-51637-FILTRO-OLIO
G15696245,DBA5067,"AIR FILTER, PRIMARY DONALDSON BLUE",https://e-commerce.michelecaroli.com/wso/pages/user/wso0205.jsf?idaa=442382&codart=DBA5067&marart=227&seopth=DONALDSON-FILTRI-DBA5067-AIR-FILTER-PRIMARY-DONALDSON-BLUE
G15557293,P112611,RIDUTTORE DONALDSON 127X152X152,https://e-commerce.michelecaroli.com/wso/pages/user/wso0205.jsf?idaa=154569&codart=P112611&marart=227&seopth=DONALDSON-FILTRI-P112611-RIDUTTORE-DONALDSON-127X152X152
G15554321,H001654,"AIR RAM, LOUVERED",https://e-commerce.michelecaroli.com/wso/pages/user/wso0205.jsf?idaa=442518&codart=H001654&marart=227&seopth=DONALDSON-FILTRI-H001654-AIR-RAM-LOUVERED
G15525955,P149099,VALVOLA D'EVACUAZIONE DIAM.25,https://e-commerce.michelecaroli.com/wso/pages/user/wso0205.jsf?idaa=440902&codart=P149099&marart=227&seopth=DONALDSON-FILTRI-P149099-VALVOLA-D-EVACUAZIONE-DIAM-25
G15518997,P004076,FASCIA MONTAGGIO P00-4076,https://e-commerce.michelecaroli.com/wso/pages/user/wso0205.jsf?idaa=154484&codart=P004076&marart=227&seopth=DONALDSON-FILTRI-P004076-FASCIA-MONTAGGIO-P00-4076
G154516,P607352,"AIR FILTER, PRIMARY ROUND",https://e-commerce.michelecaroli.com/wso/pages/user/wso0205.jsf?idaa=442328&codart=P607352&marart=227&seopth=DONALDSON-FILTRI-P607352-AIR-FILTER-PRIMARY-ROUND
G154300,P226155,"FLEX TUBE, 4 IN (102 MM) ID X 25 FT",https://e-commerce.michelecaroli.com/wso/pages/user/wso0205.jsf?idaa=441392&codart=P226155&marart=227&seopth=DONALDSON-FILTRI-P226155-FLEX-TUBE-4-IN-102-MM-ID-X-25-FT
G153E,SH56133,FILTRO HYDR. P556700 HIFI,https://e-commerce.michelecaroli.com/wso/pages/user/wso0205.jsf?idaa=399778&codart=SH56133&marart=230&seopth=HIFI-FILTRI-SH56133-FILTRO-HYDR-P556700-HIFI
G1535300,P226154,"FLEX TUBE, 3.5 IN (89 MM) ID X 25 F",https://e-commerce.michelecaroli.com/wso/pages/user/wso0205.jsf?idaa=441391&codart=P226154&marart=227&seopth=DONALDSON-FILTRI-P226154-FLEX-TUBE-3-5-IN-89-MM-ID-X-25-F
G153,SH56133,FILTRO HYDR. P556700 HIFI,https://e-commerce.michelecaroli.com/wso/pages/user/wso0205.jsf?idaa=399778&codart=SH56133&marart=230&seopth=HIFI-FILTRI-SH56133-FILTRO-HYDR-P556700-HIFI
G152M,SH56147,FILTRO HYDR. P559740 HIFI,https://e-commerce.michelecaroli.com/wso/pages/user/wso0205.jsf?idaa=294034&codart=SH56147&marart=230&seopth=HIFI-FILTRI-SH56147-FILTRO-HYDR-P559740-HIFI
G152E,SH56147,FILTRO HYDR. P559740 HIFI,https://e-commerce.michelecaroli.com/wso/pages/user/wso0205.jsf?idaa=294034&codart=SH56147&marart=230&seopth=HIFI-FILTRI-SH56147-FILTRO-HYDR-P559740-HIFI
G152,SH56147,FILTRO HYDR. P559740 HIFI,https://e-commerce.michelecaroli.com/wso/pages/user/wso0205.jsf?idaa=294034&codart=SH56147&marart=230&seopth=HIFI-FILTRI-SH56147-FILTRO-HYDR-P559740-HIFI
G151276,27.055.00,FILTRO ARIA DIV.,https://e-commerce.michelecaroli.com/wso/pages/user/wso0205.jsf?idaa=150114&codart=27.055.00&marart=UFIHD&seopth=UFI-HD-27-055-00-FILTRO-ARIA-DIV-
G150564,33358SE,FILTRO GASOLIO P553004,https://e-commerce.michelecaroli.com/wso/pages/user/wso0205.jsf?idaa=348479&codart=33358SE&marart=219&seopth=WIX-AUTO-FILTRI-33358SE-FILTRO-GASOLIO-P553004
G150256,G150256,,https://e-commerce.michelecaroli.com/wso/pages/user/wso0205.jsf?idaa=442467&codart=G150256&marart=227&seopth=DONALDSON-FILTRI-G150256-AIR-CLEANER-FRG-RADIALSEAL
G150255,G150255,AIR FILTER@ COMPLETE G15-0255,https://e-commerce.michelecaroli.com/wso/pages/user/wso0205.jsf?idaa=312091&codart=G150255&marart=227&seopth=DONALDSON-FILTRI-G150255-AIR-FILTER-COMPLETE-G15-0255
G150112,G150112,FILTRO ARIA COMM11ETO FRG15-0112,https://e-commerce.michelecaroli.com/wso/pages/user/wso0205.jsf?idaa=153418&codart=G150112&marart=227&seopth=DONALDSON-FILTRI-G150112-FILTRO-ARIA-COMM11ETO-FRG15-0112
G150043,G150043,FILTRO ARIA COMM11ETO FTG15-0043,https://e-commerce.michelecaroli.com/wso/pages/user/wso0205.jsf?idaa=153415&codart=G150043&marart=227&seopth=DONALDSON-FILTRI-G150043-FILTRO-ARIA-COMM11ETO-FTG15-0043
G150037,G150037,FILTRO ARIA COMM11ETO FTG15-0037,https://e-commerce.michelecaroli.com/wso/pages/user/wso0205.jsf?idaa=153414&codart=G150037&marart=227&seopth=DONALDSON-FILTRI-G150037-FILTRO-ARIA-COMM11ETO-FTG15-0037
G150035,G150035,,https://e-commerce.michelecaroli.com/wso/pages/user/wso0205.jsf?idaa=153413&codart=G150035&marart=227&seopth=DONALDSON-FILTRI-G150035-FILTRO-ARIA-COMM11ETO-FTG15-0035
G150033,G150033,,https://e-commerce.michelecaroli.com/wso/pages/user/wso0205.jsf?idaa=153412&codart=G150033&marart=227&seopth=DONALDSON-FILTRI-G150033-FILTRO-ARIA-COMM11ETO-G15-0033
G150029,G150029,FILTRO ARIA DONALDSON G15-0029 FTG,https://e-commerce.michelecaroli.com/wso/pages/user/wso0205.jsf?idaa=153411&codart=G150029&marart=227&seopth=DONALDSON-FILTRI-G150029-FILTRO-ARIA-DONALDSON-G15-0029-FTG
G15,33033,PREFILTRO,https://e-commerce.michelecaroli.com/wso/pages/user/wso0205.jsf?idaa=365730&codart=33033&marart=218&seopth=WIX-INDUSTRIAL-HD-33033-PREFILTRO
G15,33033,PREFILTRO,https://e-commerce.michelecaroli.com/wso/pages/user/wso0205.jsf?idaa=365730&codart=33033&marart=218&seopth=WIX-INDUSTRIAL-HD-33033-PREFILTRO
G15,33033,PREFILTRO,https://e-commerce.michelecaroli.com/wso/pages/user/wso0205.jsf?idaa=365730&codart=33033&marart=218&seopth=WIX-INDUSTRIAL-HD-33033-PREFILTRO
G148813,46695,FILTRO ARIA,https://e-commerce.michelecaroli.com/wso/pages/user/wso0205.jsf?idaa=367435&codart=46695&marart=218&seopth=WIX-INDUSTRIAL-HD-46695-FILTRO-ARIA
G148732,MD-192K,FILTRO ARIA ALCO,https://e-commerce.michelecaroli.com/wso/pages/user/wso0205.jsf?idaa=463524&codart=MD-192K&marart=ALCO&seopth=ALCO-MD-192K-FILTRO-ARIA-ALCO
G147,SN149,FILTRO NAFTA P550012 HIFI,https://e-commerce.michelecaroli.com/wso/pages/user/wso0205.jsf?idaa=298903&codart=SN149&marart=230&seopth=HIFI-FILTRI-SN149-FILTRO-NAFTA-P550012-HIFI
G145756,SA11572,FILTRO ARIA P145756 HIFI,https://e-commerce.michelecaroli.com/wso/pages/user/wso0205.jsf?idaa=336182&codart=SA11572&marart=230&seopth=HIFI-FILTRI-SA11572-FILTRO-ARIA-P145756-HIFI
G145755,SA11572,FILTRO ARIA P145756 HIFI,https://e-commerce.michelecaroli.com/wso/pages/user/wso0205.jsf?idaa=336182&codart=SA11572&marart=230&seopth=HIFI-FILTRI-SA11572-FILTRO-ARIA-P145756-HIFI
G145709,46597,FILTRO ARIA,https://e-commerce.michelecaroli.com/wso/pages/user/wso0205.jsf?idaa=367350&codart=46597&marart=218&seopth=WIX-INDUSTRIAL-HD-46597-FILTRO-ARIA
G145466,46566,FILTRO ARIA,https://e-commerce.michelecaroli.com/wso/pages/user/wso0205.jsf?idaa=367323&codart=46566&marart=218&seopth=WIX-INDUSTRIAL-HD-46566-FILTRO-ARIA
G145,33114,FILTRO NAFTA,https://e-commerce.michelecaroli.com/wso/pages/user/wso0205.jsf?idaa=365831&codart=33114&marart=218&seopth=WIX-INDUSTRIAL-HD-33114-FILTRO-NAFTA
G143,SO3327,FILTRO OLIO P550041 HIFI,https://e-commerce.michelecaroli.com/wso/pages/user/wso0205.jsf?idaa=300888&codart=SO3327&marart=230&seopth=HIFI-FILTRI-SO3327-FILTRO-OLIO-P550041-HIFI
G142100,46860,FILTRO ARIA,https://e-commerce.michelecaroli.com/wso/pages/user/wso0205.jsf?idaa=367575&codart=46860&marart=218&seopth=WIX-INDUSTRIAL-HD-46860-FILTRO-ARIA
G141E11,42689,FILTRO ARIA,https://e-commerce.michelecaroli.com/wso/pages/user/wso0205.jsf?idaa=366732&codart=42689&marart=218&seopth=WIX-INDUSTRIAL-HD-42689-FILTRO-ARIA
G141339,46833,FILTRO ARIA,https://e-commerce.michelecaroli.com/wso/pages/user/wso0205.jsf?idaa=367552&codart=46833&marart=218&seopth=WIX-INDUSTRIAL-HD-46833-FILTRO-ARIA
G141317,46833,FILTRO ARIA,https://e-commerce.michelecaroli.com/wso/pages/user/wso0205.jsf?idaa=367552&codart=46833&marart=218&seopth=WIX-INDUSTRIAL-HD-46833-FILTRO-ARIA
G141285,46280,FILTRO ARIA,https://e-commerce.michelecaroli.com/wso/pages/user/wso0205.jsf?idaa=367097&codart=46280&marart=218&seopth=WIX-INDUSTRIAL-HD-46280-FILTRO-ARIA
G141228,46885,FILTRO ARIA,https://e-commerce.michelecaroli.com/wso/pages/user/wso0205.jsf?idaa=367598&codart=46885&marart=218&seopth=WIX-INDUSTRIAL-HD-46885-FILTRO-ARIA
