Code searched,Matched code,Part Category on Michele,Link to Michele product
HY10035,HY10035,,https://e-commerce.michelecaroli.com/wso/pages/user/wso0205.jsf?idaa=403785&codart=HY10035&marart=233&seopth=SF-FILTER-HY10035-FILTRO-IDRAULICO
HY10035,HY10035,,https://e-commerce.michelecaroli.com/wso/pages/user/wso0205.jsf?idaa=403785&codart=HY10035&marart=233&seopth=SF-FILTER-HY10035-FILTRO-IDRAULICO
HY10034,HY10034,,https://e-commerce.michelecaroli.com/wso/pages/user/wso0205.jsf?idaa=403784&codart=HY10034&marart=233&seopth=SF-FILTER-HY10034-FILTRO-IDRAULICO
HY10034,HY10034,,https://e-commerce.michelecaroli.com/wso/pages/user/wso0205.jsf?idaa=403784&codart=HY10034&marart=233&seopth=SF-FILTER-HY10034-FILTRO-IDRAULICO
HY10032,HY10032,,https://e-commerce.michelecaroli.com/wso/pages/user/wso0205.jsf?idaa=403783&codart=HY10032&marart=233&seopth=SF-FILTER-HY10032-FILTRO-IDRAULICO
HY10032,HY10032,,https://e-commerce.michelecaroli.com/wso/pages/user/wso0205.jsf?idaa=403783&codart=HY10032&marart=233&seopth=SF-FILTER-HY10032-FILTRO-IDRAULICO
HY10031,HY10031,,https://e-commerce.michelecaroli.com/wso/pages/user/wso0205.jsf?idaa=403782&codart=HY10031&marart=233&seopth=SF-FILTER-HY10031-FILTRO-IDRAULICO
HY10031,HY10031,,https://e-commerce.michelecaroli.com/wso/pages/user/wso0205.jsf?idaa=403782&codart=HY10031&marart=233&seopth=SF-FILTER-HY10031-FILTRO-IDRAULICO
HY10029,HY10029,,https://e-commerce.michelecaroli.com/wso/pages/user/wso0205.jsf?idaa=403780&codart=HY10029&marart=233&seopth=SF-FILTER-HY10029-FILTRO-IDRAULICO
HY10028,HY10028,,https://e-commerce.michelecaroli.com/wso/pages/user/wso0205.jsf?idaa=403779&codart=HY10028&marart=233&seopth=SF-FILTER-HY10028-FILTRO-IDRAULICO
HY10026,HY10026,,https://e-commerce.michelecaroli.com/wso/pages/user/wso0205.jsf?idaa=403778&codart=HY10026&marart=233&seopth=SF-FILTER-HY10026-FILTRO-IDRAULICO
HY10026,HY10026,,https://e-commerce.michelecaroli.com/wso/pages/user/wso0205.jsf?idaa=403778&codart=HY10026&marart=233&seopth=SF-FILTER-HY10026-FILTRO-IDRAULICO
HY10025,HY10025,,https://e-commerce.michelecaroli.com/wso/pages/user/wso0205.jsf?idaa=403777&codart=HY10025&marart=233&seopth=SF-FILTER-HY10025-FILTRO-IDRAULICO
HY10025,HY10025,,https://e-commerce.michelecaroli.com/wso/pages/user/wso0205.jsf?idaa=403777&codart=HY10025&marart=233&seopth=SF-FILTER-HY10025-FILTRO-IDRAULICO
HY10024,HY10024,,https://e-commerce.michelecaroli.com/wso/pages/user/wso0205.jsf?idaa=403776&codart=HY10024&marart=233&seopth=SF-FILTER-HY10024-FILTRO-IDRAULICO
HY10022,HY10022,,https://e-commerce.michelecaroli.com/wso/pages/user/wso0205.jsf?idaa=403775&codart=HY10022&marart=233&seopth=SF-FILTER-HY10022-FILTRO-IDRAULICO
HY10018,HY10018,,https://e-commerce.michelecaroli.com/wso/pages/user/wso0205.jsf?idaa=403772&codart=HY10018&marart=233&seopth=SF-FILTER-HY10018-FILTRO-IDRAULICO
HY10018,HY10018,,https://e-commerce.michelecaroli.com/wso/pages/user/wso0205.jsf?idaa=403772&codart=HY10018&marart=233&seopth=SF-FILTER-HY10018-FILTRO-IDRAULICO
HY10017,HY10017,,https://e-commerce.michelecaroli.com/wso/pages/user/wso0205.jsf?idaa=403771&codart=HY10017&marart=233&seopth=SF-FILTER-HY10017-FILTRO-IDRAULICO
HY10013529,51491,FILTRO IDRAULICO,https://e-commerce.michelecaroli.com/wso/pages/user/wso0205.jsf?idaa=368378&codart=51491&marart=218&seopth=WIX-INDUSTRIAL-HD-51491-FILTRO-IDRAULICO
HY10013,HY10013,,https://e-commerce.michelecaroli.com/wso/pages/user/wso0205.jsf?idaa=147066&codart=HY10013&marart=222&seopth=FILTRI-VARI-HY10013-FILTER-HYDRAULIC-SF-FILTER
HY10013,HY10013,,https://e-commerce.michelecaroli.com/wso/pages/user/wso0205.jsf?idaa=147066&codart=HY10013&marart=222&seopth=FILTRI-VARI-HY10013-FILTER-HYDRAULIC-SF-FILTER
HY10013,HY10013,,https://e-commerce.michelecaroli.com/wso/pages/user/wso0205.jsf?idaa=147066&codart=HY10013&marart=222&seopth=FILTRI-VARI-HY10013-FILTER-HYDRAULIC-SF-FILTER
HY10011,HY10011,,https://e-commerce.michelecaroli.com/wso/pages/user/wso0205.jsf?idaa=403768&codart=HY10011&marart=233&seopth=SF-FILTER-HY10011-FILTRO-IDRAULICO
HY10011,HY10011,,https://e-commerce.michelecaroli.com/wso/pages/user/wso0205.jsf?idaa=403768&codart=HY10011&marart=233&seopth=SF-FILTER-HY10011-FILTRO-IDRAULICO
HY10008,HY10008,,https://e-commerce.michelecaroli.com/wso/pages/user/wso0205.jsf?idaa=403765&codart=HY10008&marart=233&seopth=SF-FILTER-HY10008-FILTRO-IDRAULICO
HY10008,HY10008,,https://e-commerce.michelecaroli.com/wso/pages/user/wso0205.jsf?idaa=403765&codart=HY10008&marart=233&seopth=SF-FILTER-HY10008-FILTRO-IDRAULICO
HY10007,HY10007,,https://e-commerce.michelecaroli.com/wso/pages/user/wso0205.jsf?idaa=403764&codart=HY10007&marart=233&seopth=SF-FILTER-HY10007-FILTRO-IDRAULICO
HY10007,HY10007,,https://e-commerce.michelecaroli.com/wso/pages/user/wso0205.jsf?idaa=403764&codart=HY10007&marart=233&seopth=SF-FILTER-HY10007-FILTRO-IDRAULICO
HY10006,HY10006,,https://e-commerce.michelecaroli.com/wso/pages/user/wso0205.jsf?idaa=403763&codart=HY10006&marart=233&seopth=SF-FILTER-HY10006-FILTRO-IDRAULICO
HY10006,HY10006,,https://e-commerce.michelecaroli.com/wso/pages/user/wso0205.jsf?idaa=403763&codart=HY10006&marart=233&seopth=SF-FILTER-HY10006-FILTRO-IDRAULICO
HY10005,SH52255,FILTRO HYDR. HIFI,https://e-commerce.michelecaroli.com/wso/pages/user/wso0205.jsf?idaa=293439&codart=SH52255&marart=230&seopth=HIFI-FILTRI-SH52255-FILTRO-HYDR-HIFI
HY10004,HY10004,,https://e-commerce.michelecaroli.com/wso/pages/user/wso0205.jsf?idaa=403761&codart=HY10004&marart=233&seopth=SF-FILTER-HY10004-FILTRO-IDRAULICO
HY10004,HY10004,,https://e-commerce.michelecaroli.com/wso/pages/user/wso0205.jsf?idaa=403761&codart=HY10004&marart=233&seopth=SF-FILTER-HY10004-FILTRO-IDRAULICO
HY10003,SH52052,FILTRO HYDR. HIFI,https://e-commerce.michelecaroli.com/wso/pages/user/wso0205.jsf?idaa=293284&codart=SH52052&marart=230&seopth=HIFI-FILTRI-SH52052-FILTRO-HYDR-HIFI
HXV3970949604,SA11854,FILTRO ARIA P119373 HIFI,https://e-commerce.michelecaroli.com/wso/pages/user/wso0205.jsf?idaa=336297&codart=SA11854&marart=230&seopth=HIFI-FILTRI-SA11854-FILTRO-ARIA-P119373-HIFI
HXV3050949804,42928,FILTRO ARIA,https://e-commerce.michelecaroli.com/wso/pages/user/wso0205.jsf?idaa=366904&codart=42928&marart=218&seopth=WIX-INDUSTRIAL-HD-42928-FILTRO-ARIA
HX29,SH64691,FILTRO HYDR. HIFI,https://e-commerce.michelecaroli.com/wso/pages/user/wso0205.jsf?idaa=296672&codart=SH64691&marart=230&seopth=HIFI-FILTRI-SH64691-FILTRO-HYDR-HIFI
HX23,51168,FILTRO OLIO,https://e-commerce.michelecaroli.com/wso/pages/user/wso0205.jsf?idaa=368153&codart=51168&marart=218&seopth=WIX-INDUSTRIAL-HD-51168-FILTRO-OLIO
HX22,1R0659,,https://e-commerce.michelecaroli.com/wso/pages/user/wso0205.jsf?idaa=146663&codart=1R0659&marart=222&seopth=FILTRI-VARI-1R0659-FILTRO-OLIO-CAT
HX22,1R0659,,https://e-commerce.michelecaroli.com/wso/pages/user/wso0205.jsf?idaa=146663&codart=1R0659&marart=222&seopth=FILTRI-VARI-1R0659-FILTRO-OLIO-CAT
HX2,51506,FILTRO IDRAULICO,https://e-commerce.michelecaroli.com/wso/pages/user/wso0205.jsf?idaa=368390&codart=51506&marart=218&seopth=WIX-INDUSTRIAL-HD-51506-FILTRO-IDRAULICO
HX19,SH62755,FILTRO HYDR. HIFI,https://e-commerce.michelecaroli.com/wso/pages/user/wso0205.jsf?idaa=295842&codart=SH62755&marart=230&seopth=HIFI-FILTRI-SH62755-FILTRO-HYDR-HIFI
HX16,SH52617,FILTRO HYDR. HIFI,https://e-commerce.michelecaroli.com/wso/pages/user/wso0205.jsf?idaa=294331&codart=SH52617&marart=230&seopth=HIFI-FILTRI-SH52617-FILTRO-HYDR-HIFI
HX14,SH52772,FILTRO HYDR. HIFI,https://e-commerce.michelecaroli.com/wso/pages/user/wso0205.jsf?idaa=294359&codart=SH52772&marart=230&seopth=HIFI-FILTRI-SH52772-FILTRO-HYDR-HIFI
HX11,SH52301,FILTRO HYDR. P173489 HIFI,https://e-commerce.michelecaroli.com/wso/pages/user/wso0205.jsf?idaa=294257&codart=SH52301&marart=230&seopth=HIFI-FILTRI-SH52301-FILTRO-HYDR-P173489-HIFI
HX10,SH62057,FILTRO HYDR. HIFI,https://e-commerce.michelecaroli.com/wso/pages/user/wso0205.jsf?idaa=294877&codart=SH62057&marart=230&seopth=HIFI-FILTRI-SH62057-FILTRO-HYDR-HIFI
HU951,SO7035,FILTRO OLIO P550563 HIFI,https://e-commerce.michelecaroli.com/wso/pages/user/wso0205.jsf?idaa=300450&codart=SO7035&marart=230&seopth=HIFI-FILTRI-SO7035-FILTRO-OLIO-P550563-HIFI
HU9324,92124E,FILTRO OLIO,https://e-commerce.michelecaroli.com/wso/pages/user/wso0205.jsf?idaa=369250&codart=92124E&marart=218&seopth=WIX-INDUSTRIAL-HD-92124E-FILTRO-OLIO
HU7185,MD-337C,FILTRO OLIO ALCO,https://e-commerce.michelecaroli.com/wso/pages/user/wso0205.jsf?idaa=463617&codart=MD-337C&marart=ALCO&seopth=ALCO-MD-337C-FILTRO-OLIO-ALCO
HU7184,MD-337C,FILTRO OLIO ALCO,https://e-commerce.michelecaroli.com/wso/pages/user/wso0205.jsf?idaa=463617&codart=MD-337C&marart=ALCO&seopth=ALCO-MD-337C-FILTRO-OLIO-ALCO
HU7181,MD-337C,FILTRO OLIO ALCO,https://e-commerce.michelecaroli.com/wso/pages/user/wso0205.jsf?idaa=463617&codart=MD-337C&marart=ALCO&seopth=ALCO-MD-337C-FILTRO-OLIO-ALCO
HU1381,25.016.00,FILTRO OLIO IMM.MAN,https://e-commerce.michelecaroli.com/wso/pages/user/wso0205.jsf?idaa=149746&codart=25.016.00&marart=UFIHD&seopth=UFI-HD-25-016-00-FILTRO-OLIO-IMM-MAN
HU1270,92091E,FILTRO OLIO P550630,https://e-commerce.michelecaroli.com/wso/pages/user/wso0205.jsf?idaa=369225&codart=92091E&marart=218&seopth=WIX-INDUSTRIAL-HD-92091E-FILTRO-OLIO-P550630
HTM700L,P115206,"CLAMP, HOSE-TYPE LINED HIGH TORQUE",https://e-commerce.michelecaroli.com/wso/pages/user/wso0205.jsf?idaa=440923&codart=P115206&marart=227&seopth=DONALDSON-FILTRI-P115206-CLAMP-HOSE-TYPE-LINED-HIGH-TORQUE
HTM500L,P115204,"CLAMP, HOSE-TYPE LINED HIGH TORQUE",https://e-commerce.michelecaroli.com/wso/pages/user/wso0205.jsf?idaa=440921&codart=P115204&marart=227&seopth=DONALDSON-FILTRI-P115204-CLAMP-HOSE-TYPE-LINED-HIGH-TORQUE
HTF7,P557146,,https://e-commerce.michelecaroli.com/wso/pages/user/wso0205.jsf?idaa=157169&codart=P557146&marart=227&seopth=DONALDSON-FILTRI-P557146-SOSTITUITO
HTF17,P557104,FILTRO HYDR.DONALDSON P55-7104,https://e-commerce.michelecaroli.com/wso/pages/user/wso0205.jsf?idaa=157163&codart=P557104&marart=227&seopth=DONALDSON-FILTRI-P557104-FILTRO-HYDR-DONALDSON-P55-7104
HTC4326841,MD-7560S,FILTRO ARIA,https://e-commerce.michelecaroli.com/wso/pages/user/wso0205.jsf?idaa=464335&codart=MD-7560S&marart=ALCO&seopth=ALCO-MD-7560S-FILTRO-ARIA
HT97008Z5,P164351,FILTRO HYDR.DONALDSON P16-4351,https://e-commerce.michelecaroli.com/wso/pages/user/wso0205.jsf?idaa=154912&codart=P164351&marart=227&seopth=DONALDSON-FILTRI-P164351-FILTRO-HYDR-DONALDSON-P16-4351
HT739,M090009,"MUFFLER, ROUND STYLE 1",https://e-commerce.michelecaroli.com/wso/pages/user/wso0205.jsf?idaa=442891&codart=M090009&marart=227&seopth=DONALDSON-FILTRI-M090009-MUFFLER-ROUND-STYLE-1
HT70734,H000469,"CAPPUCCIO PER INGRESSO, PLASTICA",https://e-commerce.michelecaroli.com/wso/pages/user/wso0205.jsf?idaa=402802&codart=H000469&marart=227&seopth=DONALDSON-FILTRI-H000469-CAPPUCCIO-PER-INGRESSO-PLASTICA
HT0739,M090009,"MUFFLER, ROUND STYLE 1",https://e-commerce.michelecaroli.com/wso/pages/user/wso0205.jsf?idaa=442891&codart=M090009&marart=227&seopth=DONALDSON-FILTRI-M090009-MUFFLER-ROUND-STYLE-1
HT0734,H000469,"CAPPUCCIO PER INGRESSO, PLASTICA",https://e-commerce.michelecaroli.com/wso/pages/user/wso0205.jsf?idaa=402802&codart=H000469&marart=227&seopth=DONALDSON-FILTRI-H000469-CAPPUCCIO-PER-INGRESSO-PLASTICA
HSO138,P551018,FILTRO OLIO,https://e-commerce.michelecaroli.com/wso/pages/user/wso0205.jsf?idaa=313776&codart=P551018&marart=227&seopth=DONALDSON-FILTRI-P551018-FILTRO-OLIO
HSO135,T7317,FILTRO OLIO P551343 HIFI,https://e-commerce.michelecaroli.com/wso/pages/user/wso0205.jsf?idaa=395353&codart=T7317&marart=230&seopth=HIFI-FILTRI-T7317-FILTRO-OLIO-P551343-HIFI
HSO134,SP-1002,FILTRO OLIO,https://e-commerce.michelecaroli.com/wso/pages/user/wso0205.jsf?idaa=465814&codart=SP-1002&marart=ALCO&seopth=ALCO-SP-1002-FILTRO-OLIO
HSO132,23.265.00,FILTRO OLIO UFI 23.265.00,https://e-commerce.michelecaroli.com/wso/pages/user/wso0205.jsf?idaa=149484&codart=23.265.00&marart=224&seopth=UFI-SOFIMA-FILTRI-23-265-00-FILTRO-OLIO-UFI-23-265-00
HSO131,SP-907,FILTRO OLIO,https://e-commerce.michelecaroli.com/wso/pages/user/wso0205.jsf?idaa=466379&codart=SP-907&marart=ALCO&seopth=ALCO-SP-907-FILTRO-OLIO
HSO129,51042,FILTRO OLIO,https://e-commerce.michelecaroli.com/wso/pages/user/wso0205.jsf?idaa=368076&codart=51042&marart=218&seopth=WIX-INDUSTRIAL-HD-51042-FILTRO-OLIO
HSO128,SO553,FILTRO OLIO P550141 HIFI,https://e-commerce.michelecaroli.com/wso/pages/user/wso0205.jsf?idaa=300187&codart=SO553&marart=230&seopth=HIFI-FILTRI-SO553-FILTRO-OLIO-P550141-HIFI
HSO127,51049,FILTRO OLIO,https://e-commerce.michelecaroli.com/wso/pages/user/wso0205.jsf?idaa=368078&codart=51049&marart=218&seopth=WIX-INDUSTRIAL-HD-51049-FILTRO-OLIO
HSO121,SO941,FILTRO OLIO P550361 HIFI,https://e-commerce.michelecaroli.com/wso/pages/user/wso0205.jsf?idaa=301517&codart=SO941&marart=230&seopth=HIFI-FILTRI-SO941-FILTRO-OLIO-P550361-HIFI
HSO116,P552471,FILTRO OLIO,https://e-commerce.michelecaroli.com/wso/pages/user/wso0205.jsf?idaa=311988&codart=P552471&marart=227&seopth=DONALDSON-FILTRI-P552471-FILTRO-OLIO
HSO115,T6730,FILTRO OLIO P550067 HIFI,https://e-commerce.michelecaroli.com/wso/pages/user/wso0205.jsf?idaa=395343&codart=T6730&marart=230&seopth=HIFI-FILTRI-T6730-FILTRO-OLIO-P550067-HIFI
HSO114,26540153,FILTRO OLIO/OIL FILTER,https://e-commerce.michelecaroli.com/wso/pages/user/wso0205.jsf?idaa=46765&codart=26540153&marart=155&seopth=PERKINS-26540153-FILTRO-OLIO-OIL-FILTER
HSO110,51839,,https://e-commerce.michelecaroli.com/wso/pages/user/wso0205.jsf?idaa=368663&codart=51839&marart=218&seopth=WIX-INDUSTRIAL-HD-51839-FILTRO-OLIO
HSO108,P550784,,https://e-commerce.michelecaroli.com/wso/pages/user/wso0205.jsf?idaa=156801&codart=P550784&marart=227&seopth=DONALDSON-FILTRI-P550784-SOSTITUITO-DAL-P551864
HSO107,51794,FILTRO OLIO,https://e-commerce.michelecaroli.com/wso/pages/user/wso0205.jsf?idaa=368633&codart=51794&marart=218&seopth=WIX-INDUSTRIAL-HD-51794-FILTRO-OLIO
HSO105,51076,FILTRO OLIO,https://e-commerce.michelecaroli.com/wso/pages/user/wso0205.jsf?idaa=368095&codart=51076&marart=218&seopth=WIX-INDUSTRIAL-HD-51076-FILTRO-OLIO
HSO100,51010,FILTRO OLIO,https://e-commerce.michelecaroli.com/wso/pages/user/wso0205.jsf?idaa=368066&codart=51010&marart=218&seopth=WIX-INDUSTRIAL-HD-51010-FILTRO-OLIO
HSM6183,57201,FILTRO OLIO,https://e-commerce.michelecaroli.com/wso/pages/user/wso0205.jsf?idaa=368772&codart=57201&marart=218&seopth=WIX-INDUSTRIAL-HD-57201-FILTRO-OLIO
HSM6177,SO654,FILTRO OLIO P555680 HIFI,https://e-commerce.michelecaroli.com/wso/pages/user/wso0205.jsf?idaa=300363&codart=SO654&marart=230&seopth=HIFI-FILTRI-SO654-FILTRO-OLIO-P555680-HIFI
HSM6101,SH59314,FILTRO HYDR. P551323 HIFI,https://e-commerce.michelecaroli.com/wso/pages/user/wso0205.jsf?idaa=295143&codart=SH59314&marart=230&seopth=HIFI-FILTRI-SH59314-FILTRO-HYDR-P551323-HIFI
HSM6083,SO654,FILTRO OLIO P555680 HIFI,https://e-commerce.michelecaroli.com/wso/pages/user/wso0205.jsf?idaa=300363&codart=SO654&marart=230&seopth=HIFI-FILTRI-SO654-FILTRO-OLIO-P555680-HIFI
HSM6066,51158,FILTRO OLIO P551297,https://e-commerce.michelecaroli.com/wso/pages/user/wso0205.jsf?idaa=368144&codart=51158&marart=218&seopth=WIX-INDUSTRIAL-HD-51158-FILTRO-OLIO-P551297
HSM6064,51826,FILTRO OLIO,https://e-commerce.michelecaroli.com/wso/pages/user/wso0205.jsf?idaa=368656&codart=51826&marart=218&seopth=WIX-INDUSTRIAL-HD-51826-FILTRO-OLIO
HSM6008,57201,FILTRO OLIO,https://e-commerce.michelecaroli.com/wso/pages/user/wso0205.jsf?idaa=368772&codart=57201&marart=218&seopth=WIX-INDUSTRIAL-HD-57201-FILTRO-OLIO
HSA746,SA6063,FILTRO ARIA HIFI,https://e-commerce.michelecaroli.com/wso/pages/user/wso0205.jsf?idaa=290925&codart=SA6063&marart=230&seopth=HIFI-FILTRI-SA6063-FILTRO-ARIA-HIFI
HSA716,46117,FILTRO ARIA,https://e-commerce.michelecaroli.com/wso/pages/user/wso0205.jsf?idaa=367015&codart=46117&marart=218&seopth=WIX-INDUSTRIAL-HD-46117-FILTRO-ARIA
HSA711,P606060,"FILTRO ABITACOLO 169X249,17X50,55 DONALDSON",https://e-commerce.michelecaroli.com/wso/pages/user/wso0205.jsf?idaa=442308&codart=P606060&marart=227&seopth=DONALDSON-FILTRI-P606060-FILTRO-ABITACOLO-169X249-17X50-55
HSA695,P500056,FILTRO ARIA,https://e-commerce.michelecaroli.com/wso/pages/user/wso0205.jsf?idaa=155958&codart=P500056&marart=227&seopth=DONALDSON-FILTRI-P500056-FILTRO-ARIA
HSA655,SA1304,,https://e-commerce.michelecaroli.com/wso/pages/user/wso0205.jsf?idaa=288799&codart=SA1304&marart=230&seopth=HIFI-FILTRI-SA1304-FILTRO-ARIA-P526756-HIFI
HSA642,P500020,FILTRO ARIA,https://e-commerce.michelecaroli.com/wso/pages/user/wso0205.jsf?idaa=155952&codart=P500020&marart=227&seopth=DONALDSON-FILTRI-P500020-FILTRO-ARIA
HSA625,SA14550,FILTRO ARIA HIFI,https://e-commerce.michelecaroli.com/wso/pages/user/wso0205.jsf?idaa=399011&codart=SA14550&marart=230&seopth=HIFI-FILTRI-SA14550-FILTRO-ARIA-HIFI
HSA609,20224,FILTRO ARIA JAPKO,https://e-commerce.michelecaroli.com/wso/pages/user/wso0205.jsf?idaa=509307&codart=20224&marart=JAPKO&seopth=JAPKO-20224-FILTRO-ARIA-JAPKO
HSA605,SA1216,,https://e-commerce.michelecaroli.com/wso/pages/user/wso0205.jsf?idaa=336443&codart=SA1216&marart=230&seopth=HIFI-FILTRI-SA1216-FILTRO-ARIA-HIFI
HS979,SO7106,FILTRO OLIO P550170 HIFI,https://e-commerce.michelecaroli.com/wso/pages/user/wso0205.jsf?idaa=301239&codart=SO7106&marart=230&seopth=HIFI-FILTRI-SO7106-FILTRO-OLIO-P550170-HIFI
HS7699,SO734,FILTRO OLIO P551381 HIFI,https://e-commerce.michelecaroli.com/wso/pages/user/wso0205.jsf?idaa=301367&codart=SO734&marart=230&seopth=HIFI-FILTRI-SO734-FILTRO-OLIO-P551381-HIFI
HS7697,SP-1445,FILTRO IDRAULICO,https://e-commerce.michelecaroli.com/wso/pages/user/wso0205.jsf?idaa=466131&codart=SP-1445&marart=ALCO&seopth=ALCO-SP-1445-FILTRO-IDRAULICO
HS7694,51729,FILTRO IDRAULICO,https://e-commerce.michelecaroli.com/wso/pages/user/wso0205.jsf?idaa=368583&codart=51729&marart=218&seopth=WIX-INDUSTRIAL-HD-51729-FILTRO-IDRAULICO
HS7693,p574000,,https://e-commerce.michelecaroli.com/wso/pages/user/wso0205.jsf?idaa=157302&codart=p574000&marart=227&seopth=DONALDSON-FILTRI-p574000-FILTRO-IDRAULICO-OBSOLETO
HS7691,SH56376,FILTRO HYDR. P171635 HIFI,https://e-commerce.michelecaroli.com/wso/pages/user/wso0205.jsf?idaa=294157&codart=SH56376&marart=230&seopth=HIFI-FILTRI-SH56376-FILTRO-HYDR-P171635-HIFI
HS7689,SH56762,FILTRO HYDR. P165875 HIFI,https://e-commerce.michelecaroli.com/wso/pages/user/wso0205.jsf?idaa=294224&codart=SH56762&marart=230&seopth=HIFI-FILTRI-SH56762-FILTRO-HYDR-P165875-HIFI
HS7681,51849,FILTRO OLIO P165876,https://e-commerce.michelecaroli.com/wso/pages/user/wso0205.jsf?idaa=368669&codart=51849&marart=218&seopth=WIX-INDUSTRIAL-HD-51849-FILTRO-OLIO-P165876
HS7674,P167829,,https://e-commerce.michelecaroli.com/wso/pages/user/wso0205.jsf?idaa=155024&codart=P167829&marart=227&seopth=DONALDSON-FILTRI-P167829-OBSOLETO
HS7670,SH60028,FILTRO HYDR. HIFI,https://e-commerce.michelecaroli.com/wso/pages/user/wso0205.jsf?idaa=295172&codart=SH60028&marart=230&seopth=HIFI-FILTRI-SH60028-FILTRO-HYDR-HIFI
HS7665,51455,FILTRO IDRAULICO P164375,https://e-commerce.michelecaroli.com/wso/pages/user/wso0205.jsf?idaa=368350&codart=51455&marart=218&seopth=WIX-INDUSTRIAL-HD-51455-FILTRO-IDRAULICO-P164375
HS7660,51455,FILTRO IDRAULICO P164375,https://e-commerce.michelecaroli.com/wso/pages/user/wso0205.jsf?idaa=368350&codart=51455&marart=218&seopth=WIX-INDUSTRIAL-HD-51455-FILTRO-IDRAULICO-P164375
HS7658,51610,FILTRO IDRAULICO P162766,https://e-commerce.michelecaroli.com/wso/pages/user/wso0205.jsf?idaa=368486&codart=51610&marart=218&seopth=WIX-INDUSTRIAL-HD-51610-FILTRO-IDRAULICO-P162766
HS7657,SP-1445,FILTRO IDRAULICO,https://e-commerce.michelecaroli.com/wso/pages/user/wso0205.jsf?idaa=466131&codart=SP-1445&marart=ALCO&seopth=ALCO-SP-1445-FILTRO-IDRAULICO
HS7647,51716,FILTRO IDRAULICO,https://e-commerce.michelecaroli.com/wso/pages/user/wso0205.jsf?idaa=368571&codart=51716&marart=218&seopth=WIX-INDUSTRIAL-HD-51716-FILTRO-IDRAULICO
HS7646,SH56605,FILTRO HYDR. P164384 HIFI,https://e-commerce.michelecaroli.com/wso/pages/user/wso0205.jsf?idaa=294201&codart=SH56605&marart=230&seopth=HIFI-FILTRI-SH56605-FILTRO-HYDR-P164384-HIFI
HS7645,SH66419,FILTRO HYDR.HIFI P163496/P163419,https://e-commerce.michelecaroli.com/wso/pages/user/wso0205.jsf?idaa=296298&codart=SH66419&marart=230&seopth=HIFI-FILTRI-SH66419-FILTRO-HYDR-HIFI-P163496-P163419
HS7644,SH56605,FILTRO HYDR. P164384 HIFI,https://e-commerce.michelecaroli.com/wso/pages/user/wso0205.jsf?idaa=294201&codart=SH56605&marart=230&seopth=HIFI-FILTRI-SH56605-FILTRO-HYDR-P164384-HIFI
HS7643,57802,FILTRO OLIO,https://e-commerce.michelecaroli.com/wso/pages/user/wso0205.jsf?idaa=368940&codart=57802&marart=218&seopth=WIX-INDUSTRIAL-HD-57802-FILTRO-OLIO
HS7640,51663,FILTRO HYDRAULICO P556005,https://e-commerce.michelecaroli.com/wso/pages/user/wso0205.jsf?idaa=368531&codart=51663&marart=218&seopth=WIX-INDUSTRIAL-HD-51663-FILTRO-HYDRAULICO-P556005
HS7638,51663,FILTRO HYDRAULICO P556005,https://e-commerce.michelecaroli.com/wso/pages/user/wso0205.jsf?idaa=368531&codart=51663&marart=218&seopth=WIX-INDUSTRIAL-HD-51663-FILTRO-HYDRAULICO-P556005
HS7637,SP-1445,FILTRO IDRAULICO,https://e-commerce.michelecaroli.com/wso/pages/user/wso0205.jsf?idaa=466131&codart=SP-1445&marart=ALCO&seopth=ALCO-SP-1445-FILTRO-IDRAULICO
HS7628,SH56762,FILTRO HYDR. P165875 HIFI,https://e-commerce.michelecaroli.com/wso/pages/user/wso0205.jsf?idaa=294224&codart=SH56762&marart=230&seopth=HIFI-FILTRI-SH56762-FILTRO-HYDR-P165875-HIFI
HS7624,SO654,FILTRO OLIO P555680 HIFI,https://e-commerce.michelecaroli.com/wso/pages/user/wso0205.jsf?idaa=300363&codart=SO654&marart=230&seopth=HIFI-FILTRI-SO654-FILTRO-OLIO-P555680-HIFI
HS7618,51663,FILTRO HYDRAULICO P556005,https://e-commerce.michelecaroli.com/wso/pages/user/wso0205.jsf?idaa=368531&codart=51663&marart=218&seopth=WIX-INDUSTRIAL-HD-51663-FILTRO-HYDRAULICO-P556005
HS7607,SH56605,FILTRO HYDR. P164384 HIFI,https://e-commerce.michelecaroli.com/wso/pages/user/wso0205.jsf?idaa=294201&codart=SH56605&marart=230&seopth=HIFI-FILTRI-SH56605-FILTRO-HYDR-P164384-HIFI
HS7600,SH56255,FILTRO HYDR. P763577 HIFI,https://e-commerce.michelecaroli.com/wso/pages/user/wso0205.jsf?idaa=294092&codart=SH56255&marart=230&seopth=HIFI-FILTRI-SH56255-FILTRO-HYDR-P763577-HIFI
HS7517,SH56376,FILTRO HYDR. P171635 HIFI,https://e-commerce.michelecaroli.com/wso/pages/user/wso0205.jsf?idaa=294157&codart=SH56376&marart=230&seopth=HIFI-FILTRI-SH56376-FILTRO-HYDR-P171635-HIFI
HS7516,SO654,FILTRO OLIO P555680 HIFI,https://e-commerce.michelecaroli.com/wso/pages/user/wso0205.jsf?idaa=300363&codart=SO654&marart=230&seopth=HIFI-FILTRI-SO654-FILTRO-OLIO-P555680-HIFI
HS7513,SH56760,FILTRO HYDR. P550388 HIFI GILBARCO 140845093,https://e-commerce.michelecaroli.com/wso/pages/user/wso0205.jsf?idaa=294222&codart=SH56760&marart=230&seopth=HIFI-FILTRI-SH56760-FILTRO-HYDR-P550388-HIFI
HS7508,SH56376,FILTRO HYDR. P171635 HIFI,https://e-commerce.michelecaroli.com/wso/pages/user/wso0205.jsf?idaa=294157&codart=SH56376&marart=230&seopth=HIFI-FILTRI-SH56376-FILTRO-HYDR-P171635-HIFI
HS73082,51663,FILTRO HYDRAULICO P556005,https://e-commerce.michelecaroli.com/wso/pages/user/wso0205.jsf?idaa=368531&codart=51663&marart=218&seopth=WIX-INDUSTRIAL-HD-51663-FILTRO-HYDRAULICO-P556005
HS543146,SP-1414,FILTRO OLIO ALCO,https://e-commerce.michelecaroli.com/wso/pages/user/wso0205.jsf?idaa=466102&codart=SP-1414&marart=ALCO&seopth=ALCO-SP-1414-FILTRO-OLIO-ALCO
HS2098235S,46851,FILTRO ARIA P524838,https://e-commerce.michelecaroli.com/wso/pages/user/wso0205.jsf?idaa=367566&codart=46851&marart=218&seopth=WIX-INDUSTRIAL-HD-46851-FILTRO-ARIA-P524838
HRPACK,HRPACK,,https://e-commerce.michelecaroli.com/wso/pages/user/wso0205.jsf?idaa=397448&codart=HRPACK&marart=230&seopth=HIFI-FILTRI-HRPACK-KIT-NETTOYANT-HUILE-HIFI
HR7013,HR7013,,https://e-commerce.michelecaroli.com/wso/pages/user/wso0205.jsf?idaa=397443&codart=HR7013&marart=230&seopth=HIFI-FILTRI-HR7013-FILTRO-ARIA-HIFI
HR66002,P170619,,https://e-commerce.michelecaroli.com/wso/pages/user/wso0205.jsf?idaa=155109&codart=P170619&marart=227&seopth=DONALDSON-FILTRI-P170619-SOSTITUITO
HR5145,HR5145,,https://e-commerce.michelecaroli.com/wso/pages/user/wso0205.jsf?idaa=397437&codart=HR5145&marart=230&seopth=HIFI-FILTRI-HR5145-FILTRO-ARIA-HIFI
HR448,HR448,,https://e-commerce.michelecaroli.com/wso/pages/user/wso0205.jsf?idaa=397432&codart=HR448&marart=230&seopth=HIFI-FILTRI-HR448-FILTRO-ARIA-HIFI
HR24003,R43D20GV,FILTRO IDRAULICO,https://e-commerce.michelecaroli.com/wso/pages/user/wso0205.jsf?idaa=369745&codart=R43D20GV&marart=218&seopth=WIX-INDUSTRIAL-HD-R43D20GV-FILTRO-IDRAULICO
HR24003,R43D20GV,FILTRO IDRAULICO,https://e-commerce.michelecaroli.com/wso/pages/user/wso0205.jsf?idaa=369745&codart=R43D20GV&marart=218&seopth=WIX-INDUSTRIAL-HD-R43D20GV-FILTRO-IDRAULICO
HR2123,HR2123,,https://e-commerce.michelecaroli.com/wso/pages/user/wso0205.jsf?idaa=397426&codart=HR2123&marart=230&seopth=HIFI-FILTRI-HR2123-FILTRO-ARIA-HIFI
HR2079,HR2079,,https://e-commerce.michelecaroli.com/wso/pages/user/wso0205.jsf?idaa=397425&codart=HR2079&marart=230&seopth=HIFI-FILTRI-HR2079-FILTRO-ARIA-HIFI
HR2062,HR2062,,https://e-commerce.michelecaroli.com/wso/pages/user/wso0205.jsf?idaa=397424&codart=HR2062&marart=230&seopth=HIFI-FILTRI-HR2062-FILTRO-ARIA-HIFI
HR16953,HR16953,FILTRO ARIA HIFI,https://e-commerce.michelecaroli.com/wso/pages/user/wso0205.jsf?idaa=484942&codart=HR16953&marart=230&seopth=HIFI-FILTRI-HR16953-FILTRO-ARIA-HIFI
HR16934,HR16934,FILTRO ARIA HIFI,https://e-commerce.michelecaroli.com/wso/pages/user/wso0205.jsf?idaa=504493&codart=HR16934&marart=230&seopth=HIFI-FILTRI-HR16934-FILTRO-ARIA-HIFI
HR16932,HR16932,FILTRO ARIA HIFI,https://e-commerce.michelecaroli.com/wso/pages/user/wso0205.jsf?idaa=443558&codart=HR16932&marart=230&seopth=HIFI-FILTRI-HR16932-FILTRO-ARIA-HIFI
HR16771,HR16771,FILTRO ARIA HIFI CATERPILLAR 3208,https://e-commerce.michelecaroli.com/wso/pages/user/wso0205.jsf?idaa=378893&codart=HR16771&marart=230&seopth=HIFI-FILTRI-HR16771-FILTRO-ARIA-HIFI-CATERPILLAR-3208
HR16723,HR16723,,https://e-commerce.michelecaroli.com/wso/pages/user/wso0205.jsf?idaa=397422&codart=HR16723&marart=230&seopth=HIFI-FILTRI-HR16723-FILTRO-ARIA-HIFI
HR16719,HR16719,FILTRO ARIA HIFI CAT 2076870,https://e-commerce.michelecaroli.com/wso/pages/user/wso0205.jsf?idaa=397421&codart=HR16719&marart=230&seopth=HIFI-FILTRI-HR16719-FILTRO-ARIA-HIFI-CAT-2076870
HR16707,HR16707,FILTRO ARIA HIFI FILTRO H-AIR FILTER,https://e-commerce.michelecaroli.com/wso/pages/user/wso0205.jsf?idaa=382755&codart=HR16707&marart=230&seopth=HIFI-FILTRI-HR16707-FILTRO-ARIA-HIFI
HR16674,HR16674,FILTRO ARIA HIFI,https://e-commerce.michelecaroli.com/wso/pages/user/wso0205.jsf?idaa=397420&codart=HR16674&marart=230&seopth=HIFI-FILTRI-HR16674-FILTRO-ARIA-HIFI
HR16451,HR16451,FILTRO ARIA APPLICAZIONE MARINA HI,https://e-commerce.michelecaroli.com/wso/pages/user/wso0205.jsf?idaa=397419&codart=HR16451&marart=230&seopth=HIFI-FILTRI-HR16451-FILTRO-ARIA-APPLICAZIONE-MARINA-HI
HR16002,P170615,FILTRO HYDR.DONALDSON P17-0615,https://e-commerce.michelecaroli.com/wso/pages/user/wso0205.jsf?idaa=155106&codart=P170615&marart=227&seopth=DONALDSON-FILTRI-P170615-FILTRO-HYDR-DONALDSON-P17-0615
HR150501,HR150501,,https://e-commerce.michelecaroli.com/wso/pages/user/wso0205.jsf?idaa=484937&codart=HR150501&marart=230&seopth=HIFI-FILTRI-HR150501-FILTRO-ARIA-HIFI
HR127803,HR127803,,https://e-commerce.michelecaroli.com/wso/pages/user/wso0205.jsf?idaa=397414&codart=HR127803&marart=230&seopth=HIFI-FILTRI-HR127803-FILTRO-ARIA-HIFI
HR100201,HR100201,,https://e-commerce.michelecaroli.com/wso/pages/user/wso0205.jsf?idaa=397412&codart=HR100201&marart=230&seopth=HIFI-FILTRI-HR100201-FILTRO-ARIA-HIFI
HR080002,HR080002,,https://e-commerce.michelecaroli.com/wso/pages/user/wso0205.jsf?idaa=397408&codart=HR080002&marart=230&seopth=HIFI-FILTRI-HR080002-FILTRO-ARIA-HIFI
HR070001,HR070001,,https://e-commerce.michelecaroli.com/wso/pages/user/wso0205.jsf?idaa=397404&codart=HR070001&marart=230&seopth=HIFI-FILTRI-HR070001-FILTRO-ARIA-HIFI
HR060601,HR060601,,https://e-commerce.michelecaroli.com/wso/pages/user/wso0205.jsf?idaa=397403&codart=HR060601&marart=230&seopth=HIFI-FILTRI-HR060601-FILTRO-ARIA-HIFI
HR060003,HR060003,,https://e-commerce.michelecaroli.com/wso/pages/user/wso0205.jsf?idaa=397402&codart=HR060003&marart=230&seopth=HIFI-FILTRI-HR060003-FILTRO-ARIA-HIFI
HR060002,HR060002,,https://e-commerce.michelecaroli.com/wso/pages/user/wso0205.jsf?idaa=397401&codart=HR060002&marart=230&seopth=HIFI-FILTRI-HR060002-FILTRO-ARIA-HIFI
HR060001,HR060001,,https://e-commerce.michelecaroli.com/wso/pages/user/wso0205.jsf?idaa=397400&codart=HR060001&marart=230&seopth=HIFI-FILTRI-HR060001-FILTRO-ARIA-HIFI
HR051001,HR051001,,https://e-commerce.michelecaroli.com/wso/pages/user/wso0205.jsf?idaa=397398&codart=HR051001&marart=230&seopth=HIFI-FILTRI-HR051001-FILTRO-ARIA-HIFI
HR047001,HR047001,,https://e-commerce.michelecaroli.com/wso/pages/user/wso0205.jsf?idaa=397397&codart=HR047001&marart=230&seopth=HIFI-FILTRI-HR047001-FILTRO-ARIA-HIFI
HR037401,HR037401,,https://e-commerce.michelecaroli.com/wso/pages/user/wso0205.jsf?idaa=397396&codart=HR037401&marart=230&seopth=HIFI-FILTRI-HR037401-FILTRO-ARIA-HIFI
HR02LOIL,HR02LOIL,,https://e-commerce.michelecaroli.com/wso/pages/user/wso0205.jsf?idaa=397395&codart=HR02LOIL&marart=230&seopth=HIFI-FILTRI-HR02LOIL-BOMBOLA-DI-GRASSO-HIFI
HR02LCLEANER,HR02LCLEANER,,https://e-commerce.michelecaroli.com/wso/pages/user/wso0205.jsf?idaa=397394&codart=HR02LCLEANER&marart=230&seopth=HIFI-FILTRI-HR02LCLEANER-BOMBOLA-DI-PULIZIA-HIFI
HPR1719,SH76022,FILTRO HYDR. HIFI,https://e-commerce.michelecaroli.com/wso/pages/user/wso0205.jsf?idaa=298183&codart=SH76022&marart=230&seopth=HIFI-FILTRI-SH76022-FILTRO-HYDR-HIFI
HPH9500,SO3000,FILTRO OLIO P553000 HIFI,https://e-commerce.michelecaroli.com/wso/pages/user/wso0205.jsf?idaa=300875&codart=SO3000&marart=230&seopth=HIFI-FILTRI-SO3000-FILTRO-OLIO-P553000-HIFI
HPH6349AFP,SO3000,FILTRO OLIO P553000 HIFI,https://e-commerce.michelecaroli.com/wso/pages/user/wso0205.jsf?idaa=300875&codart=SO3000&marart=230&seopth=HIFI-FILTRI-SO3000-FILTRO-OLIO-P553000-HIFI
HPH6349A,SO3000,FILTRO OLIO P553000 HIFI,https://e-commerce.michelecaroli.com/wso/pages/user/wso0205.jsf?idaa=300875&codart=SO3000&marart=230&seopth=HIFI-FILTRI-SO3000-FILTRO-OLIO-P553000-HIFI
HPH6349,SO3000,FILTRO OLIO P553000 HIFI,https://e-commerce.michelecaroli.com/wso/pages/user/wso0205.jsf?idaa=300875&codart=SO3000&marart=230&seopth=HIFI-FILTRI-SO3000-FILTRO-OLIO-P553000-HIFI
HPH49A,SO667,FILTRO OLIO P554004 HIFI,https://e-commerce.michelecaroli.com/wso/pages/user/wso0205.jsf?idaa=300364&codart=SO667&marart=230&seopth=HIFI-FILTRI-SO667-FILTRO-OLIO-P554004-HIFI
HPH3612,SO3333,FILTRO OLIO P551670# HIFI,https://e-commerce.michelecaroli.com/wso/pages/user/wso0205.jsf?idaa=300892&codart=SO3333&marart=230&seopth=HIFI-FILTRI-SO3333-FILTRO-OLIO-P551670-HIFI
HPH3335,SO691,FILTRO OLIO P554005 HIFI,https://e-commerce.michelecaroli.com/wso/pages/user/wso0205.jsf?idaa=300376&codart=SO691&marart=230&seopth=HIFI-FILTRI-SO691-FILTRO-OLIO-P554005-HIFI
HPC3,SO553,FILTRO OLIO P550141 HIFI,https://e-commerce.michelecaroli.com/wso/pages/user/wso0205.jsf?idaa=300187&codart=SO553&marart=230&seopth=HIFI-FILTRI-SO553-FILTRO-OLIO-P550141-HIFI
HP903,42480E,FILTRO ARIA,https://e-commerce.michelecaroli.com/wso/pages/user/wso0205.jsf?idaa=369037&codart=42480E&marart=218&seopth=WIX-INDUSTRIAL-HD-42480E-FILTRO-ARIA
HP790,SA11793,FILTRO ARIA P776697 HIFI,https://e-commerce.michelecaroli.com/wso/pages/user/wso0205.jsf?idaa=336270&codart=SA11793&marart=230&seopth=HIFI-FILTRI-SA11793-FILTRO-ARIA-P776697-HIFI
HP783,27.129.00,FILTRO ARIA DIV.,https://e-commerce.michelecaroli.com/wso/pages/user/wso0205.jsf?idaa=150182&codart=27.129.00&marart=UFIHD&seopth=UFI-HD-27-129-00-FILTRO-ARIA-DIV-
HP763,93017E,FILTRO ARIA,https://e-commerce.michelecaroli.com/wso/pages/user/wso0205.jsf?idaa=369295&codart=93017E&marart=218&seopth=WIX-INDUSTRIAL-HD-93017E-FILTRO-ARIA
HP742,42494,FILTRO ARIA,https://e-commerce.michelecaroli.com/wso/pages/user/wso0205.jsf?idaa=366561&codart=42494&marart=218&seopth=WIX-INDUSTRIAL-HD-42494-FILTRO-ARIA
HP700,42627,FILTRO ARIA,https://e-commerce.michelecaroli.com/wso/pages/user/wso0205.jsf?idaa=366678&codart=42627&marart=218&seopth=WIX-INDUSTRIAL-HD-42627-FILTRO-ARIA
HP691,46554E,,https://e-commerce.michelecaroli.com/wso/pages/user/wso0205.jsf?idaa=369064&codart=46554E&marart=218&seopth=WIX-INDUSTRIAL-HD-46554E-FILTRO-ARIA-P771561
HP656A,46514,FILTRO ARIA,https://e-commerce.michelecaroli.com/wso/pages/user/wso0205.jsf?idaa=367281&codart=46514&marart=218&seopth=WIX-INDUSTRIAL-HD-46514-FILTRO-ARIA
HP656,46514,FILTRO ARIA,https://e-commerce.michelecaroli.com/wso/pages/user/wso0205.jsf?idaa=367281&codart=46514&marart=218&seopth=WIX-INDUSTRIAL-HD-46514-FILTRO-ARIA
HP655K,SA14009K,FILTRO ARIA HIFI,https://e-commerce.michelecaroli.com/wso/pages/user/wso0205.jsf?idaa=288854&codart=SA14009K&marart=230&seopth=HIFI-FILTRI-SA14009K-FILTRO-ARIA-HIFI
HP609,SA10440,FILTRO ARIA SICUREZZ P119374 HIFI ACCOPPIATO CON SA10368,https://e-commerce.michelecaroli.com/wso/pages/user/wso0205.jsf?idaa=336026&codart=SA10440&marart=230&seopth=HIFI-FILTRI-SA10440-FILTRO-ARIA-SICUREZZ-P119374-HIFI
HP496,42920,FILTRO ARIA P119375,https://e-commerce.michelecaroli.com/wso/pages/user/wso0205.jsf?idaa=366896&codart=42920&marart=218&seopth=WIX-INDUSTRIAL-HD-42920-FILTRO-ARIA-P119375
HP473,SA11854,FILTRO ARIA P119373 HIFI,https://e-commerce.michelecaroli.com/wso/pages/user/wso0205.jsf?idaa=336297&codart=SA11854&marart=230&seopth=HIFI-FILTRI-SA11854-FILTRO-ARIA-P119373-HIFI
HP463,MD-372,FILTRO ARIA,https://e-commerce.michelecaroli.com/wso/pages/user/wso0205.jsf?idaa=463642&codart=MD-372&marart=ALCO&seopth=ALCO-MD-372-FILTRO-ARIA
HP461K,MD-120K,FILTRO ARIA ALCO P181054,https://e-commerce.michelecaroli.com/wso/pages/user/wso0205.jsf?idaa=463489&codart=MD-120K&marart=ALCO&seopth=ALCO-MD-120K-FILTRO-ARIA-ALCO-P181054
HP458A,SA11552,FILTRO ARIA P181087 HIFI,https://e-commerce.michelecaroli.com/wso/pages/user/wso0205.jsf?idaa=336173&codart=SA11552&marart=230&seopth=HIFI-FILTRI-SA11552-FILTRO-ARIA-P181087-HIFI
HP458,SA11552,FILTRO ARIA P181087 HIFI,https://e-commerce.michelecaroli.com/wso/pages/user/wso0205.jsf?idaa=336173&codart=SA11552&marart=230&seopth=HIFI-FILTRI-SA11552-FILTRO-ARIA-P181087-HIFI
HP456,42226,FILTRO ARIA,https://e-commerce.michelecaroli.com/wso/pages/user/wso0205.jsf?idaa=366389&codart=42226&marart=218&seopth=WIX-INDUSTRIAL-HD-42226-FILTRO-ARIA
HP419,42335,FILTRO ARIA,https://e-commerce.michelecaroli.com/wso/pages/user/wso0205.jsf?idaa=366460&codart=42335&marart=218&seopth=WIX-INDUSTRIAL-HD-42335-FILTRO-ARIA
HP412,SA10293,FILTRO ARIA P158661 HIFI,https://e-commerce.michelecaroli.com/wso/pages/user/wso0205.jsf?idaa=335980&codart=SA10293&marart=230&seopth=HIFI-FILTRI-SA10293-FILTRO-ARIA-P158661-HIFI
HP319L2012EV,P573118,FILTRO IDRAULICO,https://e-commerce.michelecaroli.com/wso/pages/user/wso0205.jsf?idaa=312716&codart=P573118&marart=227&seopth=DONALDSON-FILTRI-P573118-FILTRO-IDRAULICO
HP319L2012EB,P573118,FILTRO IDRAULICO,https://e-commerce.michelecaroli.com/wso/pages/user/wso0205.jsf?idaa=312716&codart=P573118&marart=227&seopth=DONALDSON-FILTRI-P573118-FILTRO-IDRAULICO
HP24910,P100089,NIPM11ES DONALDSON P10-0089,https://e-commerce.michelecaroli.com/wso/pages/user/wso0205.jsf?idaa=154502&codart=P100089&marart=227&seopth=DONALDSON-FILTRI-P100089-NIPM11ES-DONALDSON-P10-0089
HP0651A10ANP01,SH63919,FILTRO HYDR. P171714 HIFI,https://e-commerce.michelecaroli.com/wso/pages/user/wso0205.jsf?idaa=295634&codart=SH63919&marart=230&seopth=HIFI-FILTRI-SH63919-FILTRO-HYDR-P171714-HIFI
HP0501A10ANP01,SH93120,FILTRO HYDR. HIFI,https://e-commerce.michelecaroli.com/wso/pages/user/wso0205.jsf?idaa=299131&codart=SH93120&marart=230&seopth=HIFI-FILTRI-SH93120-FILTRO-HYDR-HIFI
HOT81,P550882,,https://e-commerce.michelecaroli.com/wso/pages/user/wso0205.jsf?idaa=156838&codart=P550882&marart=227&seopth=DONALDSON-FILTRI-P550882-ATTUALE-P550939
HOT5,51049,FILTRO OLIO,https://e-commerce.michelecaroli.com/wso/pages/user/wso0205.jsf?idaa=368078&codart=51049&marart=218&seopth=WIX-INDUSTRIAL-HD-51049-FILTRO-OLIO
