Code searched,Matched code,Part Category on Michele,Link to Michele product
HY17003,HY17003,,https://e-commerce.michelecaroli.com/wso/pages/user/wso0205.jsf?idaa=405512&codart=HY17003&marart=233&seopth=SF-FILTER-HY17003-FILTRO-IDRAULICO
HY17003,HY17003,,https://e-commerce.michelecaroli.com/wso/pages/user/wso0205.jsf?idaa=405512&codart=HY17003&marart=233&seopth=SF-FILTER-HY17003-FILTRO-IDRAULICO
HY16451,HY16451,,https://e-commerce.michelecaroli.com/wso/pages/user/wso0205.jsf?idaa=405511&codart=HY16451&marart=233&seopth=SF-FILTER-HY16451-FILTRO-IDRAULICO
HY16435,HY16435,,https://e-commerce.michelecaroli.com/wso/pages/user/wso0205.jsf?idaa=405510&codart=HY16435&marart=233&seopth=SF-FILTER-HY16435-FILTRO-IDRAULICO
HY16434,HY16434,,https://e-commerce.michelecaroli.com/wso/pages/user/wso0205.jsf?idaa=405509&codart=HY16434&marart=233&seopth=SF-FILTER-HY16434-FILTRO-IDRAULICO
HY16426,HY16426,,https://e-commerce.michelecaroli.com/wso/pages/user/wso0205.jsf?idaa=405506&codart=HY16426&marart=233&seopth=SF-FILTER-HY16426-FILTRO-IDRAULICO
HY16424,HY16424,,https://e-commerce.michelecaroli.com/wso/pages/user/wso0205.jsf?idaa=405505&codart=HY16424&marart=233&seopth=SF-FILTER-HY16424-FILTRO-IDRAULICO
HY16419,HY16419,,https://e-commerce.michelecaroli.com/wso/pages/user/wso0205.jsf?idaa=405503&codart=HY16419&marart=233&seopth=SF-FILTER-HY16419-FILTRO-IDRAULICO
HY16400,HY16400,,https://e-commerce.michelecaroli.com/wso/pages/user/wso0205.jsf?idaa=405497&codart=HY16400&marart=233&seopth=SF-FILTER-HY16400-FILTRO-IDRAULICO
HY16399,HY16399,,https://e-commerce.michelecaroli.com/wso/pages/user/wso0205.jsf?idaa=405496&codart=HY16399&marart=233&seopth=SF-FILTER-HY16399-FILTRO-IDRAULICO
HY16399,HY16399,,https://e-commerce.michelecaroli.com/wso/pages/user/wso0205.jsf?idaa=405496&codart=HY16399&marart=233&seopth=SF-FILTER-HY16399-FILTRO-IDRAULICO
HY16395,HY16395,,https://e-commerce.michelecaroli.com/wso/pages/user/wso0205.jsf?idaa=405495&codart=HY16395&marart=233&seopth=SF-FILTER-HY16395-FILTRO-IDRAULICO
HY16392,HY16392,,https://e-commerce.michelecaroli.com/wso/pages/user/wso0205.jsf?idaa=405493&codart=HY16392&marart=233&seopth=SF-FILTER-HY16392-FILTRO-IDRAULICO
HY16390,HY16390,,https://e-commerce.michelecaroli.com/wso/pages/user/wso0205.jsf?idaa=405492&codart=HY16390&marart=233&seopth=SF-FILTER-HY16390-FILTRO-IDRAULICO
HY16388,HY16388,,https://e-commerce.michelecaroli.com/wso/pages/user/wso0205.jsf?idaa=405491&codart=HY16388&marart=233&seopth=SF-FILTER-HY16388-FILTRO-IDRAULICO
HY16386,HY16386,,https://e-commerce.michelecaroli.com/wso/pages/user/wso0205.jsf?idaa=405490&codart=HY16386&marart=233&seopth=SF-FILTER-HY16386-FILTRO-IDRAULICO
HY16384,HY16384,,https://e-commerce.michelecaroli.com/wso/pages/user/wso0205.jsf?idaa=405489&codart=HY16384&marart=233&seopth=SF-FILTER-HY16384-FILTRO-IDRAULICO
HY16383,HY16383,,https://e-commerce.michelecaroli.com/wso/pages/user/wso0205.jsf?idaa=405488&codart=HY16383&marart=233&seopth=SF-FILTER-HY16383-FILTRO-IDRAULICO
HY16383,HY16383,,https://e-commerce.michelecaroli.com/wso/pages/user/wso0205.jsf?idaa=405488&codart=HY16383&marart=233&seopth=SF-FILTER-HY16383-FILTRO-IDRAULICO
HY16382,HY16382,,https://e-commerce.michelecaroli.com/wso/pages/user/wso0205.jsf?idaa=405487&codart=HY16382&marart=233&seopth=SF-FILTER-HY16382-FILTRO-IDRAULICO
HY16381,HY16381,,https://e-commerce.michelecaroli.com/wso/pages/user/wso0205.jsf?idaa=405486&codart=HY16381&marart=233&seopth=SF-FILTER-HY16381-FILTRO-IDRAULICO
HY16381,HY16381,,https://e-commerce.michelecaroli.com/wso/pages/user/wso0205.jsf?idaa=405486&codart=HY16381&marart=233&seopth=SF-FILTER-HY16381-FILTRO-IDRAULICO
HY16379,HY16379,,https://e-commerce.michelecaroli.com/wso/pages/user/wso0205.jsf?idaa=405485&codart=HY16379&marart=233&seopth=SF-FILTER-HY16379-FILTRO-IDRAULICO
HY16379,HY16379,,https://e-commerce.michelecaroli.com/wso/pages/user/wso0205.jsf?idaa=405485&codart=HY16379&marart=233&seopth=SF-FILTER-HY16379-FILTRO-IDRAULICO
HY16376,HY16376,,https://e-commerce.michelecaroli.com/wso/pages/user/wso0205.jsf?idaa=405484&codart=HY16376&marart=233&seopth=SF-FILTER-HY16376-FILTRO-IDRAULICO
HY16376,HY16376,,https://e-commerce.michelecaroli.com/wso/pages/user/wso0205.jsf?idaa=405484&codart=HY16376&marart=233&seopth=SF-FILTER-HY16376-FILTRO-IDRAULICO
HY16375,HY16375,,https://e-commerce.michelecaroli.com/wso/pages/user/wso0205.jsf?idaa=405483&codart=HY16375&marart=233&seopth=SF-FILTER-HY16375-FILTRO-IDRAULICO
HY16369,HY16369,,https://e-commerce.michelecaroli.com/wso/pages/user/wso0205.jsf?idaa=405481&codart=HY16369&marart=233&seopth=SF-FILTER-HY16369-FILTRO-IDRAULICO
HY16367,HY16367,,https://e-commerce.michelecaroli.com/wso/pages/user/wso0205.jsf?idaa=405480&codart=HY16367&marart=233&seopth=SF-FILTER-HY16367-FILTRO-IDRAULICO
HY16355,HY16355,,https://e-commerce.michelecaroli.com/wso/pages/user/wso0205.jsf?idaa=405477&codart=HY16355&marart=233&seopth=SF-FILTER-HY16355-FILTRO-IDRAULICO
HY16355,HY16355,,https://e-commerce.michelecaroli.com/wso/pages/user/wso0205.jsf?idaa=405477&codart=HY16355&marart=233&seopth=SF-FILTER-HY16355-FILTRO-IDRAULICO
HY16354,HY16354,,https://e-commerce.michelecaroli.com/wso/pages/user/wso0205.jsf?idaa=405476&codart=HY16354&marart=233&seopth=SF-FILTER-HY16354-FILTRO-IDRAULICO
HY16354,HY16354,,https://e-commerce.michelecaroli.com/wso/pages/user/wso0205.jsf?idaa=405476&codart=HY16354&marart=233&seopth=SF-FILTER-HY16354-FILTRO-IDRAULICO
HY16354,HY16354,,https://e-commerce.michelecaroli.com/wso/pages/user/wso0205.jsf?idaa=405476&codart=HY16354&marart=233&seopth=SF-FILTER-HY16354-FILTRO-IDRAULICO
HY16323,HY16323,,https://e-commerce.michelecaroli.com/wso/pages/user/wso0205.jsf?idaa=405475&codart=HY16323&marart=233&seopth=SF-FILTER-HY16323-FILTRO-IDRAULICO
HY16322,HY16322,,https://e-commerce.michelecaroli.com/wso/pages/user/wso0205.jsf?idaa=405474&codart=HY16322&marart=233&seopth=SF-FILTER-HY16322-FILTRO-IDRAULICO
HY16322,HY16322,,https://e-commerce.michelecaroli.com/wso/pages/user/wso0205.jsf?idaa=405474&codart=HY16322&marart=233&seopth=SF-FILTER-HY16322-FILTRO-IDRAULICO
HY16317,HY16317,,https://e-commerce.michelecaroli.com/wso/pages/user/wso0205.jsf?idaa=405471&codart=HY16317&marart=233&seopth=SF-FILTER-HY16317-FILTRO-IDRAULICO
HY16315,HY16315,,https://e-commerce.michelecaroli.com/wso/pages/user/wso0205.jsf?idaa=405470&codart=HY16315&marart=233&seopth=SF-FILTER-HY16315-FILTRO-IDRAULICO
HY16315,HY16315,,https://e-commerce.michelecaroli.com/wso/pages/user/wso0205.jsf?idaa=405470&codart=HY16315&marart=233&seopth=SF-FILTER-HY16315-FILTRO-IDRAULICO
HY16305,HY16305,,https://e-commerce.michelecaroli.com/wso/pages/user/wso0205.jsf?idaa=405469&codart=HY16305&marart=233&seopth=SF-FILTER-HY16305-FILTRO-IDRAULICO
HY16305,HY16305,,https://e-commerce.michelecaroli.com/wso/pages/user/wso0205.jsf?idaa=405469&codart=HY16305&marart=233&seopth=SF-FILTER-HY16305-FILTRO-IDRAULICO
HY16302,HY16302,,https://e-commerce.michelecaroli.com/wso/pages/user/wso0205.jsf?idaa=405466&codart=HY16302&marart=233&seopth=SF-FILTER-HY16302-FILTRO-IDRAULICO
HY16302,HY16302,,https://e-commerce.michelecaroli.com/wso/pages/user/wso0205.jsf?idaa=405466&codart=HY16302&marart=233&seopth=SF-FILTER-HY16302-FILTRO-IDRAULICO
HY16301,HY16301,,https://e-commerce.michelecaroli.com/wso/pages/user/wso0205.jsf?idaa=405464&codart=HY16301&marart=233&seopth=SF-FILTER-HY16301-FILTRO-IDRAULICO
HY16301,HY16301,,https://e-commerce.michelecaroli.com/wso/pages/user/wso0205.jsf?idaa=405464&codart=HY16301&marart=233&seopth=SF-FILTER-HY16301-FILTRO-IDRAULICO
HY16297,HY16297,,https://e-commerce.michelecaroli.com/wso/pages/user/wso0205.jsf?idaa=405461&codart=HY16297&marart=233&seopth=SF-FILTER-HY16297-FILTRO-IDRAULICO
HY16297,HY16297,,https://e-commerce.michelecaroli.com/wso/pages/user/wso0205.jsf?idaa=405461&codart=HY16297&marart=233&seopth=SF-FILTER-HY16297-FILTRO-IDRAULICO
HY16277,SH68149,FILTRO HYDR. HIFI,https://e-commerce.michelecaroli.com/wso/pages/user/wso0205.jsf?idaa=297537&codart=SH68149&marart=230&seopth=HIFI-FILTRI-SH68149-FILTRO-HYDR-HIFI
HY16268,HY16268,,https://e-commerce.michelecaroli.com/wso/pages/user/wso0205.jsf?idaa=405458&codart=HY16268&marart=233&seopth=SF-FILTER-HY16268-FILTRO-IDRAULICO
HY16268,HY16268,,https://e-commerce.michelecaroli.com/wso/pages/user/wso0205.jsf?idaa=405458&codart=HY16268&marart=233&seopth=SF-FILTER-HY16268-FILTRO-IDRAULICO
HY16245,HY16245,,https://e-commerce.michelecaroli.com/wso/pages/user/wso0205.jsf?idaa=405457&codart=HY16245&marart=233&seopth=SF-FILTER-HY16245-FILTRO-IDRAULICO
HY16217,HY16217,,https://e-commerce.michelecaroli.com/wso/pages/user/wso0205.jsf?idaa=405456&codart=HY16217&marart=233&seopth=SF-FILTER-HY16217-FILTRO-IDRAULICO
HY16217,HY16217,,https://e-commerce.michelecaroli.com/wso/pages/user/wso0205.jsf?idaa=405456&codart=HY16217&marart=233&seopth=SF-FILTER-HY16217-FILTRO-IDRAULICO
HY16211,HY16211,,https://e-commerce.michelecaroli.com/wso/pages/user/wso0205.jsf?idaa=405455&codart=HY16211&marart=233&seopth=SF-FILTER-HY16211-FILTRO-IDRAULICO
HY16193,HY16193,,https://e-commerce.michelecaroli.com/wso/pages/user/wso0205.jsf?idaa=405453&codart=HY16193&marart=233&seopth=SF-FILTER-HY16193-FILTRO-IDRAULICO
HY16189,HY16189,,https://e-commerce.michelecaroli.com/wso/pages/user/wso0205.jsf?idaa=405452&codart=HY16189&marart=233&seopth=SF-FILTER-HY16189-FILTRO-IDRAULICO
HY16183,HY16183,,https://e-commerce.michelecaroli.com/wso/pages/user/wso0205.jsf?idaa=405451&codart=HY16183&marart=233&seopth=SF-FILTER-HY16183-FILTRO-IDRAULICO
HY16182,HY16182,,https://e-commerce.michelecaroli.com/wso/pages/user/wso0205.jsf?idaa=405450&codart=HY16182&marart=233&seopth=SF-FILTER-HY16182-FILTRO-IDRAULICO
HY16167,HY16167,,https://e-commerce.michelecaroli.com/wso/pages/user/wso0205.jsf?idaa=405448&codart=HY16167&marart=233&seopth=SF-FILTER-HY16167-FILTRO-IDRAULICO
HY16165,SH68130,FILTRO HYDR. HIFI,https://e-commerce.michelecaroli.com/wso/pages/user/wso0205.jsf?idaa=400164&codart=SH68130&marart=230&seopth=HIFI-FILTRI-SH68130-FILTRO-HYDR-HIFI
HY16164,SH68181,FILTRO HYDR. P784037 HIFI,https://e-commerce.michelecaroli.com/wso/pages/user/wso0205.jsf?idaa=297543&codart=SH68181&marart=230&seopth=HIFI-FILTRI-SH68181-FILTRO-HYDR-P784037-HIFI
HY16161,SH68180,FILTRO HYDR. HIFI,https://e-commerce.michelecaroli.com/wso/pages/user/wso0205.jsf?idaa=297542&codart=SH68180&marart=230&seopth=HIFI-FILTRI-SH68180-FILTRO-HYDR-HIFI
HY16160,P784036,FILTRO HYDR.DONALDSON P78-4036,https://e-commerce.michelecaroli.com/wso/pages/user/wso0205.jsf?idaa=158077&codart=P784036&marart=227&seopth=DONALDSON-FILTRI-P784036-FILTRO-HYDR-DONALDSON-P78-4036
HY16158,HY16158,,https://e-commerce.michelecaroli.com/wso/pages/user/wso0205.jsf?idaa=405447&codart=HY16158&marart=233&seopth=SF-FILTER-HY16158-FILTRO-IDRAULICO
HY16158,HY16158,,https://e-commerce.michelecaroli.com/wso/pages/user/wso0205.jsf?idaa=405447&codart=HY16158&marart=233&seopth=SF-FILTER-HY16158-FILTRO-IDRAULICO
HY16155,SH68043,FILTRO HYDR. HIFI,https://e-commerce.michelecaroli.com/wso/pages/user/wso0205.jsf?idaa=297521&codart=SH68043&marart=230&seopth=HIFI-FILTRI-SH68043-FILTRO-HYDR-HIFI
HY16151,HY16151,,https://e-commerce.michelecaroli.com/wso/pages/user/wso0205.jsf?idaa=405446&codart=HY16151&marart=233&seopth=SF-FILTER-HY16151-FILTRO-IDRAULICO
HY16151,HY16151,,https://e-commerce.michelecaroli.com/wso/pages/user/wso0205.jsf?idaa=405446&codart=HY16151&marart=233&seopth=SF-FILTER-HY16151-FILTRO-IDRAULICO
HY16143,HY16143,,https://e-commerce.michelecaroli.com/wso/pages/user/wso0205.jsf?idaa=405445&codart=HY16143&marart=233&seopth=SF-FILTER-HY16143-FILTRO-IDRAULICO
HY16141,HY16141,,https://e-commerce.michelecaroli.com/wso/pages/user/wso0205.jsf?idaa=405443&codart=HY16141&marart=233&seopth=SF-FILTER-HY16141-FILTRO-IDRAULICO
HY16132,SH68062,FILTRO HYDR. HIFI,https://e-commerce.michelecaroli.com/wso/pages/user/wso0205.jsf?idaa=297524&codart=SH68062&marart=230&seopth=HIFI-FILTRI-SH68062-FILTRO-HYDR-HIFI
HY16131,HY16131,,https://e-commerce.michelecaroli.com/wso/pages/user/wso0205.jsf?idaa=405440&codart=HY16131&marart=233&seopth=SF-FILTER-HY16131-FILTRO-IDRAULICO
HY16131,HY16131,,https://e-commerce.michelecaroli.com/wso/pages/user/wso0205.jsf?idaa=405440&codart=HY16131&marart=233&seopth=SF-FILTER-HY16131-FILTRO-IDRAULICO
HY16130,HY16130,,https://e-commerce.michelecaroli.com/wso/pages/user/wso0205.jsf?idaa=405439&codart=HY16130&marart=233&seopth=SF-FILTER-HY16130-FILTRO-IDRAULICO
HY16129,HY16129,,https://e-commerce.michelecaroli.com/wso/pages/user/wso0205.jsf?idaa=405438&codart=HY16129&marart=233&seopth=SF-FILTER-HY16129-FILTRO-IDRAULICO
HY16128,HY16128,,https://e-commerce.michelecaroli.com/wso/pages/user/wso0205.jsf?idaa=405437&codart=HY16128&marart=233&seopth=SF-FILTER-HY16128-FILTRO-IDRAULICO
HY16127,HY16127,,https://e-commerce.michelecaroli.com/wso/pages/user/wso0205.jsf?idaa=405436&codart=HY16127&marart=233&seopth=SF-FILTER-HY16127-FILTRO-IDRAULICO
HY16123,HY16123,,https://e-commerce.michelecaroli.com/wso/pages/user/wso0205.jsf?idaa=405434&codart=HY16123&marart=233&seopth=SF-FILTER-HY16123-FILTRO-IDRAULICO
HY16123,HY16123,,https://e-commerce.michelecaroli.com/wso/pages/user/wso0205.jsf?idaa=405434&codart=HY16123&marart=233&seopth=SF-FILTER-HY16123-FILTRO-IDRAULICO
HY16122,HY16122,,https://e-commerce.michelecaroli.com/wso/pages/user/wso0205.jsf?idaa=405433&codart=HY16122&marart=233&seopth=SF-FILTER-HY16122-FILTRO-IDRAULICO
HY16118,SH56351,FILTRO HYDR. P173484 HIFI,https://e-commerce.michelecaroli.com/wso/pages/user/wso0205.jsf?idaa=294135&codart=SH56351&marart=230&seopth=HIFI-FILTRI-SH56351-FILTRO-HYDR-P173484-HIFI
HY16116,SH68045,FILTRO HYDR. HIFI,https://e-commerce.michelecaroli.com/wso/pages/user/wso0205.jsf?idaa=297522&codart=SH68045&marart=230&seopth=HIFI-FILTRI-SH68045-FILTRO-HYDR-HIFI
HY16114,SH68089,FILTRO IDRAULICO HIFI,https://e-commerce.michelecaroli.com/wso/pages/user/wso0205.jsf?idaa=453730&codart=SH68089&marart=230&seopth=HIFI-FILTRI-SH68089-FILTRO-IDRAULICO-HIFI
HY16112,HY16112,,https://e-commerce.michelecaroli.com/wso/pages/user/wso0205.jsf?idaa=405432&codart=HY16112&marart=233&seopth=SF-FILTER-HY16112-FILTRO-IDRAULICO
HY16111,HY16111,,https://e-commerce.michelecaroli.com/wso/pages/user/wso0205.jsf?idaa=405431&codart=HY16111&marart=233&seopth=SF-FILTER-HY16111-FILTRO-IDRAULICO
HY16100,SH68001,FILTRO HYDR. HIFI,https://e-commerce.michelecaroli.com/wso/pages/user/wso0205.jsf?idaa=297513&codart=SH68001&marart=230&seopth=HIFI-FILTRI-SH68001-FILTRO-HYDR-HIFI
HY16098,P173483,FILTRO HYDR.DONALDSON P17-3483,https://e-commerce.michelecaroli.com/wso/pages/user/wso0205.jsf?idaa=155613&codart=P173483&marart=227&seopth=DONALDSON-FILTRI-P173483-FILTRO-HYDR-DONALDSON-P17-3483
HY16091,SH62266,FILTRO HYDR. HIFI,https://e-commerce.michelecaroli.com/wso/pages/user/wso0205.jsf?idaa=295002&codart=SH62266&marart=230&seopth=HIFI-FILTRI-SH62266-FILTRO-HYDR-HIFI
HY16089,HY16089,,https://e-commerce.michelecaroli.com/wso/pages/user/wso0205.jsf?idaa=405428&codart=HY16089&marart=233&seopth=SF-FILTER-HY16089-FILTRO-IDRAULICO
HY16084,HY16084,,https://e-commerce.michelecaroli.com/wso/pages/user/wso0205.jsf?idaa=405427&codart=HY16084&marart=233&seopth=SF-FILTER-HY16084-FILTRO-IDRAULICO
HY16084,HY16084,,https://e-commerce.michelecaroli.com/wso/pages/user/wso0205.jsf?idaa=405427&codart=HY16084&marart=233&seopth=SF-FILTER-HY16084-FILTRO-IDRAULICO
HY16083,HY16083,,https://e-commerce.michelecaroli.com/wso/pages/user/wso0205.jsf?idaa=405426&codart=HY16083&marart=233&seopth=SF-FILTER-HY16083-FILTRO-IDRAULICO
HY16083,HY16083,,https://e-commerce.michelecaroli.com/wso/pages/user/wso0205.jsf?idaa=405426&codart=HY16083&marart=233&seopth=SF-FILTER-HY16083-FILTRO-IDRAULICO
HY16081,HY16081,,https://e-commerce.michelecaroli.com/wso/pages/user/wso0205.jsf?idaa=405425&codart=HY16081&marart=233&seopth=SF-FILTER-HY16081-FILTRO-IDRAULICO
HY16077,HY16077,,https://e-commerce.michelecaroli.com/wso/pages/user/wso0205.jsf?idaa=405423&codart=HY16077&marart=233&seopth=SF-FILTER-HY16077-FILTRO-IDRAULICO
HY16077,HY16077,,https://e-commerce.michelecaroli.com/wso/pages/user/wso0205.jsf?idaa=405423&codart=HY16077&marart=233&seopth=SF-FILTER-HY16077-FILTRO-IDRAULICO
HY16074,SH62308,FILTRO HYDR. HIFI,https://e-commerce.michelecaroli.com/wso/pages/user/wso0205.jsf?idaa=295806&codart=SH62308&marart=230&seopth=HIFI-FILTRI-SH62308-FILTRO-HYDR-HIFI
HY16070,SH68042,FILTRO HYDR. HIFI,https://e-commerce.michelecaroli.com/wso/pages/user/wso0205.jsf?idaa=400157&codart=SH68042&marart=230&seopth=HIFI-FILTRI-SH68042-FILTRO-HYDR-HIFI
HY16069,HY16069,,https://e-commerce.michelecaroli.com/wso/pages/user/wso0205.jsf?idaa=405420&codart=HY16069&marart=233&seopth=SF-FILTER-HY16069-FILTRO-IDRAULICO
HY16068,HY16068,,https://e-commerce.michelecaroli.com/wso/pages/user/wso0205.jsf?idaa=405419&codart=HY16068&marart=233&seopth=SF-FILTER-HY16068-FILTRO-IDRAULICO
HY16067,HY16067,,https://e-commerce.michelecaroli.com/wso/pages/user/wso0205.jsf?idaa=405418&codart=HY16067&marart=233&seopth=SF-FILTER-HY16067-FILTRO-IDRAULICO
HY16067,HY16067,,https://e-commerce.michelecaroli.com/wso/pages/user/wso0205.jsf?idaa=405418&codart=HY16067&marart=233&seopth=SF-FILTER-HY16067-FILTRO-IDRAULICO
HY16062,HY16062,,https://e-commerce.michelecaroli.com/wso/pages/user/wso0205.jsf?idaa=405416&codart=HY16062&marart=233&seopth=SF-FILTER-HY16062-FILTRO-IDRAULICO
HY16062,HY16062,,https://e-commerce.michelecaroli.com/wso/pages/user/wso0205.jsf?idaa=405416&codart=HY16062&marart=233&seopth=SF-FILTER-HY16062-FILTRO-IDRAULICO
HY16061,HY16061,,https://e-commerce.michelecaroli.com/wso/pages/user/wso0205.jsf?idaa=405415&codart=HY16061&marart=233&seopth=SF-FILTER-HY16061-FILTRO-IDRAULICO
HY16055,SH68042,FILTRO HYDR. HIFI,https://e-commerce.michelecaroli.com/wso/pages/user/wso0205.jsf?idaa=400157&codart=SH68042&marart=230&seopth=HIFI-FILTRI-SH68042-FILTRO-HYDR-HIFI
HY16048,P950919,,https://e-commerce.michelecaroli.com/wso/pages/user/wso0205.jsf?idaa=313836&codart=P950919&marart=227&seopth=DONALDSON-FILTRI-P950919-FILTRO-IDRAULICO
HY16045,SH56298,FILTRO HYDR. P173491 HIFI,https://e-commerce.michelecaroli.com/wso/pages/user/wso0205.jsf?idaa=294112&codart=SH56298&marart=230&seopth=HIFI-FILTRI-SH56298-FILTRO-HYDR-P173491-HIFI
HY16044,HY16044,,https://e-commerce.michelecaroli.com/wso/pages/user/wso0205.jsf?idaa=405414&codart=HY16044&marart=233&seopth=SF-FILTER-HY16044-FILTRO-IDRAULICO
HY16042,HY16042,,https://e-commerce.michelecaroli.com/wso/pages/user/wso0205.jsf?idaa=405413&codart=HY16042&marart=233&seopth=SF-FILTER-HY16042-FILTRO-IDRAULICO
HY16030,HY16030,,https://e-commerce.michelecaroli.com/wso/pages/user/wso0205.jsf?idaa=405412&codart=HY16030&marart=233&seopth=SF-FILTER-HY16030-FILTRO-IDRAULICO
HY16028,HY16028,,https://e-commerce.michelecaroli.com/wso/pages/user/wso0205.jsf?idaa=405411&codart=HY16028&marart=233&seopth=SF-FILTER-HY16028-FILTRO-IDRAULICO
HY16026,HY16026,,https://e-commerce.michelecaroli.com/wso/pages/user/wso0205.jsf?idaa=405410&codart=HY16026&marart=233&seopth=SF-FILTER-HY16026-FILTRO-IDRAULICO
HY16025,HY16025,,https://e-commerce.michelecaroli.com/wso/pages/user/wso0205.jsf?idaa=405409&codart=HY16025&marart=233&seopth=SF-FILTER-HY16025-FILTRO-IDRAULICO
HY16024,HY16024,,https://e-commerce.michelecaroli.com/wso/pages/user/wso0205.jsf?idaa=405408&codart=HY16024&marart=233&seopth=SF-FILTER-HY16024-FILTRO-IDRAULICO
HY16023,HY16023,,https://e-commerce.michelecaroli.com/wso/pages/user/wso0205.jsf?idaa=405407&codart=HY16023&marart=233&seopth=SF-FILTER-HY16023-FILTRO-IDRAULICO
HY16022,HY16022,,https://e-commerce.michelecaroli.com/wso/pages/user/wso0205.jsf?idaa=405406&codart=HY16022&marart=233&seopth=SF-FILTER-HY16022-FILTRO-IDRAULICO
HY16020,HY16020,,https://e-commerce.michelecaroli.com/wso/pages/user/wso0205.jsf?idaa=405405&codart=HY16020&marart=233&seopth=SF-FILTER-HY16020-FILTRO-IDRAULICO
HY16019,HY16019,,https://e-commerce.michelecaroli.com/wso/pages/user/wso0205.jsf?idaa=405404&codart=HY16019&marart=233&seopth=SF-FILTER-HY16019-FILTRO-IDRAULICO
HY16019,HY16019,,https://e-commerce.michelecaroli.com/wso/pages/user/wso0205.jsf?idaa=405404&codart=HY16019&marart=233&seopth=SF-FILTER-HY16019-FILTRO-IDRAULICO
HY16014,HY16014,,https://e-commerce.michelecaroli.com/wso/pages/user/wso0205.jsf?idaa=405403&codart=HY16014&marart=233&seopth=SF-FILTER-HY16014-FILTRO-IDRAULICO
HY16009,HY16009,,https://e-commerce.michelecaroli.com/wso/pages/user/wso0205.jsf?idaa=405401&codart=HY16009&marart=233&seopth=SF-FILTER-HY16009-FILTRO-IDRAULICO
HY16004,HY16004,,https://e-commerce.michelecaroli.com/wso/pages/user/wso0205.jsf?idaa=405399&codart=HY16004&marart=233&seopth=SF-FILTER-HY16004-FILTRO-IDRAULICO
HY15860,HY15860,,https://e-commerce.michelecaroli.com/wso/pages/user/wso0205.jsf?idaa=405398&codart=HY15860&marart=233&seopth=SF-FILTER-HY15860-FILTRO-IDRAULICO
HY15858,HY15858,,https://e-commerce.michelecaroli.com/wso/pages/user/wso0205.jsf?idaa=405397&codart=HY15858&marart=233&seopth=SF-FILTER-HY15858-FILTRO-IDRAULICO
HY15851,HY15851,,https://e-commerce.michelecaroli.com/wso/pages/user/wso0205.jsf?idaa=405395&codart=HY15851&marart=233&seopth=SF-FILTER-HY15851-FILTRO-IDRAULICO
HY15850,HY15850,,https://e-commerce.michelecaroli.com/wso/pages/user/wso0205.jsf?idaa=405394&codart=HY15850&marart=233&seopth=SF-FILTER-HY15850-FILTRO-IDRAULICO
HY15817,HY15817,,https://e-commerce.michelecaroli.com/wso/pages/user/wso0205.jsf?idaa=405389&codart=HY15817&marart=233&seopth=SF-FILTER-HY15817-FILTRO-IDRAULICO
HY15815,HY15815,,https://e-commerce.michelecaroli.com/wso/pages/user/wso0205.jsf?idaa=405388&codart=HY15815&marart=233&seopth=SF-FILTER-HY15815-FILTRO-IDRAULICO
HY15813,HY15813,,https://e-commerce.michelecaroli.com/wso/pages/user/wso0205.jsf?idaa=405387&codart=HY15813&marart=233&seopth=SF-FILTER-HY15813-FILTRO-IDRAULICO
HY15806,HY15806,,https://e-commerce.michelecaroli.com/wso/pages/user/wso0205.jsf?idaa=405386&codart=HY15806&marart=233&seopth=SF-FILTER-HY15806-FILTRO-IDRAULICO
HY15790,HY15790,,https://e-commerce.michelecaroli.com/wso/pages/user/wso0205.jsf?idaa=405384&codart=HY15790&marart=233&seopth=SF-FILTER-HY15790-FILTRO-IDRAULICO
HY15772,HY15772,,https://e-commerce.michelecaroli.com/wso/pages/user/wso0205.jsf?idaa=404625&codart=HY15772&marart=233&seopth=SF-FILTER-HY15772-FILTRO-IDRAULICO
HY15767,HY15767,,https://e-commerce.michelecaroli.com/wso/pages/user/wso0205.jsf?idaa=404623&codart=HY15767&marart=233&seopth=SF-FILTER-HY15767-FILTRO-IDRAULICO
HY15760,HY15760,,https://e-commerce.michelecaroli.com/wso/pages/user/wso0205.jsf?idaa=404621&codart=HY15760&marart=233&seopth=SF-FILTER-HY15760-FILTRO-IDRAULICO
HY15752,HY15752,,https://e-commerce.michelecaroli.com/wso/pages/user/wso0205.jsf?idaa=404620&codart=HY15752&marart=233&seopth=SF-FILTER-HY15752-FILTRO-IDRAULICO
HY15752,HY15752,,https://e-commerce.michelecaroli.com/wso/pages/user/wso0205.jsf?idaa=404620&codart=HY15752&marart=233&seopth=SF-FILTER-HY15752-FILTRO-IDRAULICO
HY15744,SH77008,FILTRO HYDR. HIFI,https://e-commerce.michelecaroli.com/wso/pages/user/wso0205.jsf?idaa=298240&codart=SH77008&marart=230&seopth=HIFI-FILTRI-SH77008-FILTRO-HYDR-HIFI
HY15743,SH77251,FILTRO HYDR. HIFI,https://e-commerce.michelecaroli.com/wso/pages/user/wso0205.jsf?idaa=298338&codart=SH77251&marart=230&seopth=HIFI-FILTRI-SH77251-FILTRO-HYDR-HIFI
HY15742,HY15742,,https://e-commerce.michelecaroli.com/wso/pages/user/wso0205.jsf?idaa=404618&codart=HY15742&marart=233&seopth=SF-FILTER-HY15742-FILTRO-IDRAULICO
HY15702,HY15702,,https://e-commerce.michelecaroli.com/wso/pages/user/wso0205.jsf?idaa=404616&codart=HY15702&marart=233&seopth=SF-FILTER-HY15702-FILTRO-IDRAULICO
HY15684,HY15684,,https://e-commerce.michelecaroli.com/wso/pages/user/wso0205.jsf?idaa=404612&codart=HY15684&marart=233&seopth=SF-FILTER-HY15684-FILTRO-IDRAULICO
HY15682,HY15682,,https://e-commerce.michelecaroli.com/wso/pages/user/wso0205.jsf?idaa=404611&codart=HY15682&marart=233&seopth=SF-FILTER-HY15682-FILTRO-IDRAULICO
HY15677,HY15677,,https://e-commerce.michelecaroli.com/wso/pages/user/wso0205.jsf?idaa=404609&codart=HY15677&marart=233&seopth=SF-FILTER-HY15677-FILTRO-IDRAULICO
HY15674,HY15674,,https://e-commerce.michelecaroli.com/wso/pages/user/wso0205.jsf?idaa=404606&codart=HY15674&marart=233&seopth=SF-FILTER-HY15674-FILTRO-IDRAULICO
HY15671,HY15671,,https://e-commerce.michelecaroli.com/wso/pages/user/wso0205.jsf?idaa=404605&codart=HY15671&marart=233&seopth=SF-FILTER-HY15671-FILTRO-IDRAULICO
HY15670,HY15670,,https://e-commerce.michelecaroli.com/wso/pages/user/wso0205.jsf?idaa=404604&codart=HY15670&marart=233&seopth=SF-FILTER-HY15670-FILTRO-IDRAULICO
HY15667,HY15667,,https://e-commerce.michelecaroli.com/wso/pages/user/wso0205.jsf?idaa=404603&codart=HY15667&marart=233&seopth=SF-FILTER-HY15667-FILTRO-IDRAULICO
HY15653,HY15653,,https://e-commerce.michelecaroli.com/wso/pages/user/wso0205.jsf?idaa=404600&codart=HY15653&marart=233&seopth=SF-FILTER-HY15653-FILTRO-IDRAULICO
HY15652,HY15652,,https://e-commerce.michelecaroli.com/wso/pages/user/wso0205.jsf?idaa=404599&codart=HY15652&marart=233&seopth=SF-FILTER-HY15652-FILTRO-IDRAULICO
HY15638,HY15638,,https://e-commerce.michelecaroli.com/wso/pages/user/wso0205.jsf?idaa=404597&codart=HY15638&marart=233&seopth=SF-FILTER-HY15638-FILTRO-IDRAULICO
HY15636,HY15636,,https://e-commerce.michelecaroli.com/wso/pages/user/wso0205.jsf?idaa=404595&codart=HY15636&marart=233&seopth=SF-FILTER-HY15636-FILTRO-IDRAULICO
HY15635,HY15635,,https://e-commerce.michelecaroli.com/wso/pages/user/wso0205.jsf?idaa=404594&codart=HY15635&marart=233&seopth=SF-FILTER-HY15635-FILTRO-IDRAULICO
HY15626,HY15626,,https://e-commerce.michelecaroli.com/wso/pages/user/wso0205.jsf?idaa=404592&codart=HY15626&marart=233&seopth=SF-FILTER-HY15626-FILTRO-IDRAULICO
HY15624,HY15624,,https://e-commerce.michelecaroli.com/wso/pages/user/wso0205.jsf?idaa=404590&codart=HY15624&marart=233&seopth=SF-FILTER-HY15624-FILTRO-IDRAULICO
HY15621,HY15621,,https://e-commerce.michelecaroli.com/wso/pages/user/wso0205.jsf?idaa=404587&codart=HY15621&marart=233&seopth=SF-FILTER-HY15621-FILTRO-IDRAULICO
HY15620,HY15620,,https://e-commerce.michelecaroli.com/wso/pages/user/wso0205.jsf?idaa=404586&codart=HY15620&marart=233&seopth=SF-FILTER-HY15620-FILTRO-IDRAULICO
HY15618,HY15618,,https://e-commerce.michelecaroli.com/wso/pages/user/wso0205.jsf?idaa=404585&codart=HY15618&marart=233&seopth=SF-FILTER-HY15618-FILTRO-IDRAULICO
HY15595,HY15595,,https://e-commerce.michelecaroli.com/wso/pages/user/wso0205.jsf?idaa=404579&codart=HY15595&marart=233&seopth=SF-FILTER-HY15595-FILTRO-IDRAULICO
HY15595,HY15595,,https://e-commerce.michelecaroli.com/wso/pages/user/wso0205.jsf?idaa=404579&codart=HY15595&marart=233&seopth=SF-FILTER-HY15595-FILTRO-IDRAULICO
HY15531,HY15531,,https://e-commerce.michelecaroli.com/wso/pages/user/wso0205.jsf?idaa=147078&codart=HY15531&marart=222&seopth=FILTRI-VARI-HY15531-FILTRO-HYD
HY15531,HY15531,,https://e-commerce.michelecaroli.com/wso/pages/user/wso0205.jsf?idaa=147078&codart=HY15531&marart=222&seopth=FILTRI-VARI-HY15531-FILTRO-HYD
HY15531,HY15531,,https://e-commerce.michelecaroli.com/wso/pages/user/wso0205.jsf?idaa=147078&codart=HY15531&marart=222&seopth=FILTRI-VARI-HY15531-FILTRO-HYD
HY15528,HY15528,,https://e-commerce.michelecaroli.com/wso/pages/user/wso0205.jsf?idaa=404217&codart=HY15528&marart=233&seopth=SF-FILTER-HY15528-FILTRO-IDRAULICO
HY15528,HY15528,,https://e-commerce.michelecaroli.com/wso/pages/user/wso0205.jsf?idaa=404217&codart=HY15528&marart=233&seopth=SF-FILTER-HY15528-FILTRO-IDRAULICO
HY15512,HY15512,,https://e-commerce.michelecaroli.com/wso/pages/user/wso0205.jsf?idaa=404211&codart=HY15512&marart=233&seopth=SF-FILTER-HY15512-FILTRO-IDRAULICO
HY15510,HY15510,,https://e-commerce.michelecaroli.com/wso/pages/user/wso0205.jsf?idaa=404209&codart=HY15510&marart=233&seopth=SF-FILTER-HY15510-FILTRO-IDRAULICO
HY15509,HY15509,,https://e-commerce.michelecaroli.com/wso/pages/user/wso0205.jsf?idaa=404208&codart=HY15509&marart=233&seopth=SF-FILTER-HY15509-FILTRO-IDRAULICO
HY15507,SH64111,FILTRO HYDR. HIFI,https://e-commerce.michelecaroli.com/wso/pages/user/wso0205.jsf?idaa=295761&codart=SH64111&marart=230&seopth=HIFI-FILTRI-SH64111-FILTRO-HYDR-HIFI
HY15504,HY15504,,https://e-commerce.michelecaroli.com/wso/pages/user/wso0205.jsf?idaa=404205&codart=HY15504&marart=233&seopth=SF-FILTER-HY15504-FILTRO-IDRAULICO
HY15503,HY15503,,https://e-commerce.michelecaroli.com/wso/pages/user/wso0205.jsf?idaa=404204&codart=HY15503&marart=233&seopth=SF-FILTER-HY15503-FILTRO-IDRAULICO
HY15502,HY15502,,https://e-commerce.michelecaroli.com/wso/pages/user/wso0205.jsf?idaa=404203&codart=HY15502&marart=233&seopth=SF-FILTER-HY15502-FILTRO-IDRAULICO
HY15496,HY15496,,https://e-commerce.michelecaroli.com/wso/pages/user/wso0205.jsf?idaa=404200&codart=HY15496&marart=233&seopth=SF-FILTER-HY15496-FILTRO-IDRAULICO
HY15495,HY15495,,https://e-commerce.michelecaroli.com/wso/pages/user/wso0205.jsf?idaa=404199&codart=HY15495&marart=233&seopth=SF-FILTER-HY15495-FILTRO-IDRAULICO
HY15488,HY15488,,https://e-commerce.michelecaroli.com/wso/pages/user/wso0205.jsf?idaa=404195&codart=HY15488&marart=233&seopth=SF-FILTER-HY15488-FILTRO-IDRAULICO
HY15482,HY15482,,https://e-commerce.michelecaroli.com/wso/pages/user/wso0205.jsf?idaa=404192&codart=HY15482&marart=233&seopth=SF-FILTER-HY15482-FILTRO-IDRAULICO
HY15479,SH64133,FILTRO HYDR. HIFI,https://e-commerce.michelecaroli.com/wso/pages/user/wso0205.jsf?idaa=295770&codart=SH64133&marart=230&seopth=HIFI-FILTRI-SH64133-FILTRO-HYDR-HIFI
HY15477,HY15477,,https://e-commerce.michelecaroli.com/wso/pages/user/wso0205.jsf?idaa=404190&codart=HY15477&marart=233&seopth=SF-FILTER-HY15477-FILTRO-IDRAULICO
HY15476,HY15476,,https://e-commerce.michelecaroli.com/wso/pages/user/wso0205.jsf?idaa=404189&codart=HY15476&marart=233&seopth=SF-FILTER-HY15476-FILTRO-IDRAULICO
HY15469,HY15469,,https://e-commerce.michelecaroli.com/wso/pages/user/wso0205.jsf?idaa=404185&codart=HY15469&marart=233&seopth=SF-FILTER-HY15469-FILTRO-IDRAULICO
HY15467,HY15467,,https://e-commerce.michelecaroli.com/wso/pages/user/wso0205.jsf?idaa=404183&codart=HY15467&marart=233&seopth=SF-FILTER-HY15467-FILTRO-IDRAULICO
HY15461,HY15461,,https://e-commerce.michelecaroli.com/wso/pages/user/wso0205.jsf?idaa=404182&codart=HY15461&marart=233&seopth=SF-FILTER-HY15461-FILTRO-IDRAULICO
HY15460,HY15460,,https://e-commerce.michelecaroli.com/wso/pages/user/wso0205.jsf?idaa=404181&codart=HY15460&marart=233&seopth=SF-FILTER-HY15460-FILTRO-IDRAULICO
HY15457,HY15457,,https://e-commerce.michelecaroli.com/wso/pages/user/wso0205.jsf?idaa=404178&codart=HY15457&marart=233&seopth=SF-FILTER-HY15457-FILTRO-IDRAULICO
HY15455,HY15455,,https://e-commerce.michelecaroli.com/wso/pages/user/wso0205.jsf?idaa=404176&codart=HY15455&marart=233&seopth=SF-FILTER-HY15455-FILTRO-IDRAULICO
HY15454,HY15454,,https://e-commerce.michelecaroli.com/wso/pages/user/wso0205.jsf?idaa=404175&codart=HY15454&marart=233&seopth=SF-FILTER-HY15454-FILTRO-IDRAULICO
HY15451,HY15451,,https://e-commerce.michelecaroli.com/wso/pages/user/wso0205.jsf?idaa=404172&codart=HY15451&marart=233&seopth=SF-FILTER-HY15451-FILTRO-IDRAULICO
HY15439,HY15439,,https://e-commerce.michelecaroli.com/wso/pages/user/wso0205.jsf?idaa=404166&codart=HY15439&marart=233&seopth=SF-FILTER-HY15439-FILTRO-IDRAULICO
HY15438,HY15438,,https://e-commerce.michelecaroli.com/wso/pages/user/wso0205.jsf?idaa=404165&codart=HY15438&marart=233&seopth=SF-FILTER-HY15438-FILTRO-IDRAULICO
HY15386,HY15386,,https://e-commerce.michelecaroli.com/wso/pages/user/wso0205.jsf?idaa=405381&codart=HY15386&marart=233&seopth=SF-FILTER-HY15386-FILTRO-IDRAULICO
HY15386,HY15386,,https://e-commerce.michelecaroli.com/wso/pages/user/wso0205.jsf?idaa=405381&codart=HY15386&marart=233&seopth=SF-FILTER-HY15386-FILTRO-IDRAULICO
HY1536,P020648,COPERCHIO PREFILTRO DONALDSON,https://e-commerce.michelecaroli.com/wso/pages/user/wso0205.jsf?idaa=442981&codart=P020648&marart=227&seopth=DONALDSON-FILTRI-P020648-COPERCHIO-PREFILTRO
HY15354,HY15354,,https://e-commerce.michelecaroli.com/wso/pages/user/wso0205.jsf?idaa=405379&codart=HY15354&marart=233&seopth=SF-FILTER-HY15354-FILTRO-IDRAULICO
HY1535,SABP010002,,https://e-commerce.michelecaroli.com/wso/pages/user/wso0205.jsf?idaa=438586&codart=SABP010002&marart=230&seopth=HIFI-FILTRI-SABP010002-FILTRO
HY15324,HY15324,,https://e-commerce.michelecaroli.com/wso/pages/user/wso0205.jsf?idaa=405376&codart=HY15324&marart=233&seopth=SF-FILTER-HY15324-FILTRO-IDRAULICO
HY15323,HY15323,,https://e-commerce.michelecaroli.com/wso/pages/user/wso0205.jsf?idaa=405375&codart=HY15323&marart=233&seopth=SF-FILTER-HY15323-FILTRO-IDRAULICO
HY15321,HY15321,,https://e-commerce.michelecaroli.com/wso/pages/user/wso0205.jsf?idaa=405374&codart=HY15321&marart=233&seopth=SF-FILTER-HY15321-FILTRO-IDRAULICO
HY15320,HY15320,,https://e-commerce.michelecaroli.com/wso/pages/user/wso0205.jsf?idaa=405373&codart=HY15320&marart=233&seopth=SF-FILTER-HY15320-FILTRO-IDRAULICO
HY15319,HY15319,,https://e-commerce.michelecaroli.com/wso/pages/user/wso0205.jsf?idaa=405372&codart=HY15319&marart=233&seopth=SF-FILTER-HY15319-FILTRO-IDRAULICO
HY15317,HY15317,,https://e-commerce.michelecaroli.com/wso/pages/user/wso0205.jsf?idaa=405371&codart=HY15317&marart=233&seopth=SF-FILTER-HY15317-FILTRO-IDRAULICO
