Code searched,Matched code,Part Category on Michele,Link to Michele product
GA326,P182046,FILTRO ARIA DONALDSON P18-2046 ABBINATO C/FILTRO INTERNO P119373,https://e-commerce.michelecaroli.com/wso/pages/user/wso0205.jsf?idaa=155912&codart=P182046&marart=227&seopth=DONALDSON-FILTRI-P182046-FILTRO-ARIA-DONALDSON-P18-2046
GA32157,33073,FILTRO NAFTA,https://e-commerce.michelecaroli.com/wso/pages/user/wso0205.jsf?idaa=365761&codart=33073&marart=218&seopth=WIX-INDUSTRIAL-HD-33073-FILTRO-NAFTA
GA315,P776386,FILTRO ARIA DONALDSON P77-6386,https://e-commerce.michelecaroli.com/wso/pages/user/wso0205.jsf?idaa=157766&codart=P776386&marart=227&seopth=DONALDSON-FILTRI-P776386-FILTRO-ARIA-DONALDSON-P77-6386
GA3120,P181128,FILTRO ARIA DONALDSON P18-1128,https://e-commerce.michelecaroli.com/wso/pages/user/wso0205.jsf?idaa=155873&codart=P181128&marart=227&seopth=DONALDSON-FILTRI-P181128-FILTRO-ARIA-DONALDSON-P18-1128
GA3119,42316,FILTRO ARIA,https://e-commerce.michelecaroli.com/wso/pages/user/wso0205.jsf?idaa=366449&codart=42316&marart=218&seopth=WIX-INDUSTRIAL-HD-42316-FILTRO-ARIA
GA31,42976,FILTRO ARIA,https://e-commerce.michelecaroli.com/wso/pages/user/wso0205.jsf?idaa=366938&codart=42976&marart=218&seopth=WIX-INDUSTRIAL-HD-42976-FILTRO-ARIA
GA309,SA11884,FILTRO ARIA P181070 HIFI,https://e-commerce.michelecaroli.com/wso/pages/user/wso0205.jsf?idaa=336306&codart=SA11884&marart=230&seopth=HIFI-FILTRI-SA11884-FILTRO-ARIA-P181070-HIFI
GA307,27.165.00,FILTRO ARIA DIV.,https://e-commerce.michelecaroli.com/wso/pages/user/wso0205.jsf?idaa=150215&codart=27.165.00&marart=UFIHD&seopth=UFI-HD-27-165-00-FILTRO-ARIA-DIV-
GA305,MD-7102,FILTRO ARIA,https://e-commerce.michelecaroli.com/wso/pages/user/wso0205.jsf?idaa=464129&codart=MD-7102&marart=ALCO&seopth=ALCO-MD-7102-FILTRO-ARIA
GA301,93023E,FILTRO ARIA P778462,https://e-commerce.michelecaroli.com/wso/pages/user/wso0205.jsf?idaa=369300&codart=93023E&marart=218&seopth=WIX-INDUSTRIAL-HD-93023E-FILTRO-ARIA-P778462
GA299,SA10385K,FILTRO ARIA P181050# HIFI ABBINATO CON SA14762,https://e-commerce.michelecaroli.com/wso/pages/user/wso0205.jsf?idaa=336011&codart=SA10385K&marart=230&seopth=HIFI-FILTRI-SA10385K-FILTRO-ARIA-P181050-HIFI
GA293,P182045,,https://e-commerce.michelecaroli.com/wso/pages/user/wso0205.jsf?idaa=155911&codart=P182045&marart=227&seopth=DONALDSON-FILTRI-P182045-FILTRO-ARIA-SOSTITUITO-DA-P181045
GA291,46546,FILTRO ARIA,https://e-commerce.michelecaroli.com/wso/pages/user/wso0205.jsf?idaa=367306&codart=46546&marart=218&seopth=WIX-INDUSTRIAL-HD-46546-FILTRO-ARIA
GA29,42851,FILTRO ARIA,https://e-commerce.michelecaroli.com/wso/pages/user/wso0205.jsf?idaa=366851&codart=42851&marart=218&seopth=WIX-INDUSTRIAL-HD-42851-FILTRO-ARIA
GA28,P182071,FILTRO ARIA,https://e-commerce.michelecaroli.com/wso/pages/user/wso0205.jsf?idaa=311904&codart=P182071&marart=227&seopth=DONALDSON-FILTRI-P182071-FILTRO-ARIA
GA27M,P182000,"AIR FILTER, PRIMARY FINNED",https://e-commerce.michelecaroli.com/wso/pages/user/wso0205.jsf?idaa=441114&codart=P182000&marart=227&seopth=DONALDSON-FILTRI-P182000-AIR-FILTER-PRIMARY-FINNED
GA277,SA7005,FILTRO ARIA HIFI,https://e-commerce.michelecaroli.com/wso/pages/user/wso0205.jsf?idaa=291036&codart=SA7005&marart=230&seopth=HIFI-FILTRI-SA7005-FILTRO-ARIA-HIFI
GA2724,51348,FILTRO OLIO# P550335,https://e-commerce.michelecaroli.com/wso/pages/user/wso0205.jsf?idaa=368274&codart=51348&marart=218&seopth=WIX-INDUSTRIAL-HD-51348-FILTRO-OLIO-P550335
GA270,SA10312,FILTRO ARIA HIFI,https://e-commerce.michelecaroli.com/wso/pages/user/wso0205.jsf?idaa=335989&codart=SA10312&marart=230&seopth=HIFI-FILTRI-SA10312-FILTRO-ARIA-HIFI
GA27,MD-120K,FILTRO ARIA ALCO P181054,https://e-commerce.michelecaroli.com/wso/pages/user/wso0205.jsf?idaa=463489&codart=MD-120K&marart=ALCO&seopth=ALCO-MD-120K-FILTRO-ARIA-ALCO-P181054
GA26M,P182001,FILTRO ARIA,https://e-commerce.michelecaroli.com/wso/pages/user/wso0205.jsf?idaa=313753&codart=P182001&marart=227&seopth=DONALDSON-FILTRI-P182001-FILTRO-ARIA
GA2675,P539477,FILTRO ARIA VEDI HIFI,https://e-commerce.michelecaroli.com/wso/pages/user/wso0205.jsf?idaa=355998&codart=P539477&marart=227&seopth=DONALDSON-FILTRI-P539477-FILTRO-ARIA-VEDI-HIFI
GA265,MD-552K,FILTRO ARIA INTERNO 71 MM,https://e-commerce.michelecaroli.com/wso/pages/user/wso0205.jsf?idaa=464008&codart=MD-552K&marart=ALCO&seopth=ALCO-MD-552K-FILTRO-ARIA-INTERNO-71-MM
GA2616,P181067,FILTRO ARIA DONALDSON P18-1067 OBSOLETO,https://e-commerce.michelecaroli.com/wso/pages/user/wso0205.jsf?idaa=155829&codart=P181067&marart=227&seopth=DONALDSON-FILTRI-P181067-FILTRO-ARIA-DONALDSON-P18-1067
GA258,MD-120K,FILTRO ARIA ALCO P181054,https://e-commerce.michelecaroli.com/wso/pages/user/wso0205.jsf?idaa=463489&codart=MD-120K&marart=ALCO&seopth=ALCO-MD-120K-FILTRO-ARIA-ALCO-P181054
GA254,P182045,,https://e-commerce.michelecaroli.com/wso/pages/user/wso0205.jsf?idaa=155911&codart=P182045&marart=227&seopth=DONALDSON-FILTRI-P182045-FILTRO-ARIA-SOSTITUITO-DA-P181045
GA252,P780165,FILTRO ARIA DONALDSON P78-0165,https://e-commerce.michelecaroli.com/wso/pages/user/wso0205.jsf?idaa=157910&codart=P780165&marart=227&seopth=DONALDSON-FILTRI-P780165-FILTRO-ARIA-DONALDSON-P78-0165
GA252,P780165,FILTRO ARIA DONALDSON P78-0165,https://e-commerce.michelecaroli.com/wso/pages/user/wso0205.jsf?idaa=157910&codart=P780165&marart=227&seopth=DONALDSON-FILTRI-P780165-FILTRO-ARIA-DONALDSON-P78-0165
GA251,SA11790,FILTRO ARIA P776695 HIFI,https://e-commerce.michelecaroli.com/wso/pages/user/wso0205.jsf?idaa=336267&codart=SA11790&marart=230&seopth=HIFI-FILTRI-SA11790-FILTRO-ARIA-P776695-HIFI
GA250,27.055.00,FILTRO ARIA DIV.,https://e-commerce.michelecaroli.com/wso/pages/user/wso0205.jsf?idaa=150114&codart=27.055.00&marart=UFIHD&seopth=UFI-HD-27-055-00-FILTRO-ARIA-DIV-
GA237,46400,FILTRO ARIA,https://e-commerce.michelecaroli.com/wso/pages/user/wso0205.jsf?idaa=367182&codart=46400&marart=218&seopth=WIX-INDUSTRIAL-HD-46400-FILTRO-ARIA
GA2286,42336,FILTRO ARIA,https://e-commerce.michelecaroli.com/wso/pages/user/wso0205.jsf?idaa=366461&codart=42336&marart=218&seopth=WIX-INDUSTRIAL-HD-42336-FILTRO-ARIA
GA209,SA17372,,https://e-commerce.michelecaroli.com/wso/pages/user/wso0205.jsf?idaa=289688&codart=SA17372&marart=230&seopth=HIFI-FILTRI-SA17372-FILTRO-ARIA-HIFI
GA209,SA17372,,https://e-commerce.michelecaroli.com/wso/pages/user/wso0205.jsf?idaa=289688&codart=SA17372&marart=230&seopth=HIFI-FILTRI-SA17372-FILTRO-ARIA-HIFI
GA207,P776386,FILTRO ARIA DONALDSON P77-6386,https://e-commerce.michelecaroli.com/wso/pages/user/wso0205.jsf?idaa=157766&codart=P776386&marart=227&seopth=DONALDSON-FILTRI-P776386-FILTRO-ARIA-DONALDSON-P77-6386
GA206,93154E,,https://e-commerce.michelecaroli.com/wso/pages/user/wso0205.jsf?idaa=369458&codart=93154E&marart=218&seopth=WIX-INDUSTRIAL-HD-93154E-FILTRO-ARIA
GA206,93154E,,https://e-commerce.michelecaroli.com/wso/pages/user/wso0205.jsf?idaa=369458&codart=93154E&marart=218&seopth=WIX-INDUSTRIAL-HD-93154E-FILTRO-ARIA
GA201,42370,FILTRO ARIA,https://e-commerce.michelecaroli.com/wso/pages/user/wso0205.jsf?idaa=366478&codart=42370&marart=218&seopth=WIX-INDUSTRIAL-HD-42370-FILTRO-ARIA
GA20,P182045,,https://e-commerce.michelecaroli.com/wso/pages/user/wso0205.jsf?idaa=155911&codart=P182045&marart=227&seopth=DONALDSON-FILTRI-P182045-FILTRO-ARIA-SOSTITUITO-DA-P181045
GA19M,P131359,FILTRO ARIA DONALDSON P13-1359,https://e-commerce.michelecaroli.com/wso/pages/user/wso0205.jsf?idaa=154725&codart=P131359&marart=227&seopth=DONALDSON-FILTRI-P131359-FILTRO-ARIA-DONALDSON-P13-1359
GA17M,P110854,FILTRO ARIA DONALDSON PI1-0854 OBSOLETO,https://e-commerce.michelecaroli.com/wso/pages/user/wso0205.jsf?idaa=154558&codart=P110854&marart=227&seopth=DONALDSON-FILTRI-P110854-FILTRO-ARIA-DONALDSON-PI1-0854
GA160,42020,FILTRO ARIA,https://e-commerce.michelecaroli.com/wso/pages/user/wso0205.jsf?idaa=366254&codart=42020&marart=218&seopth=WIX-INDUSTRIAL-HD-42020-FILTRO-ARIA
GA16,MD-192K,FILTRO ARIA ALCO,https://e-commerce.michelecaroli.com/wso/pages/user/wso0205.jsf?idaa=463524&codart=MD-192K&marart=ALCO&seopth=ALCO-MD-192K-FILTRO-ARIA-ALCO
GA1503,42668,FILTRO ARIA,https://e-commerce.michelecaroli.com/wso/pages/user/wso0205.jsf?idaa=366712&codart=42668&marart=218&seopth=WIX-INDUSTRIAL-HD-42668-FILTRO-ARIA
GA15,SA10411,FILTRO ARIA P133706 HIFI,https://e-commerce.michelecaroli.com/wso/pages/user/wso0205.jsf?idaa=336014&codart=SA10411&marart=230&seopth=HIFI-FILTRI-SA10411-FILTRO-ARIA-P133706-HIFI
GA146,GA146,,https://e-commerce.michelecaroli.com/wso/pages/user/wso0205.jsf?idaa=175919&codart=GA146&marart=257&seopth=VALEO-FRIZIONI-SPAZZOLE-GA146-SERIE-GANASCE-IVECO-DAILY-30-32
GA138,GA138,,https://e-commerce.michelecaroli.com/wso/pages/user/wso0205.jsf?idaa=175912&codart=GA138&marart=257&seopth=VALEO-FRIZIONI-SPAZZOLE-GA138-GANASCE-FI-UNO-PANDA-AU-Y10
GA136,GA136,,https://e-commerce.michelecaroli.com/wso/pages/user/wso0205.jsf?idaa=175910&codart=GA136&marart=257&seopth=VALEO-FRIZIONI-SPAZZOLE-GA136-GANASCE-AR-145-146-FI-MAREA-SW-TIPO
GA129,GA129,,https://e-commerce.michelecaroli.com/wso/pages/user/wso0205.jsf?idaa=175904&codart=GA129&marart=257&seopth=VALEO-FRIZIONI-SPAZZOLE-GA129-SERIE-GANASCE-FI-DUCATO-CITROEN-PEU
GA1287,42046,FILTRO ARIA,https://e-commerce.michelecaroli.com/wso/pages/user/wso0205.jsf?idaa=366272&codart=42046&marart=218&seopth=WIX-INDUSTRIAL-HD-42046-FILTRO-ARIA
GA1286,42335,FILTRO ARIA,https://e-commerce.michelecaroli.com/wso/pages/user/wso0205.jsf?idaa=366460&codart=42335&marart=218&seopth=WIX-INDUSTRIAL-HD-42335-FILTRO-ARIA
GA1285,SA10293,FILTRO ARIA P158661 HIFI,https://e-commerce.michelecaroli.com/wso/pages/user/wso0205.jsf?idaa=335980&codart=SA10293&marart=230&seopth=HIFI-FILTRI-SA10293-FILTRO-ARIA-P158661-HIFI
GA1284,42379,FILTRO ARIA,https://e-commerce.michelecaroli.com/wso/pages/user/wso0205.jsf?idaa=366487&codart=42379&marart=218&seopth=WIX-INDUSTRIAL-HD-42379-FILTRO-ARIA
GA127,GA127,,https://e-commerce.michelecaroli.com/wso/pages/user/wso0205.jsf?idaa=175903&codart=GA127&marart=257&seopth=VALEO-FRIZIONI-SPAZZOLE-GA127-GANASCE-FI-BRAVO-A-MAREA
GA1203,42203,FILTRO ARIA,https://e-commerce.michelecaroli.com/wso/pages/user/wso0205.jsf?idaa=366376&codart=42203&marart=218&seopth=WIX-INDUSTRIAL-HD-42203-FILTRO-ARIA
GA1200,P539466,FILTRO ARIA DONALDSON OBSOLETO SOST OBSOLETO,https://e-commerce.michelecaroli.com/wso/pages/user/wso0205.jsf?idaa=156349&codart=P539466&marart=227&seopth=DONALDSON-FILTRI-P539466-FILTRO-ARIA-DONALDSON-OBSOLETO-SOST
GA12,P528206,FILTRO ARIA DONALDSON P52-8206,https://e-commerce.michelecaroli.com/wso/pages/user/wso0205.jsf?idaa=156227&codart=P528206&marart=227&seopth=DONALDSON-FILTRI-P528206-FILTRO-ARIA-DONALDSON-P52-8206
GA1181,SA10440,FILTRO ARIA SICUREZZ P119374 HIFI ACCOPPIATO CON SA10368,https://e-commerce.michelecaroli.com/wso/pages/user/wso0205.jsf?idaa=336026&codart=SA10440&marart=230&seopth=HIFI-FILTRI-SA10440-FILTRO-ARIA-SICUREZZ-P119374-HIFI
GA118,GA118,,https://e-commerce.michelecaroli.com/wso/pages/user/wso0205.jsf?idaa=175896&codart=GA118&marart=257&seopth=VALEO-FRIZIONI-SPAZZOLE-GA118-GANASCE-FI-PUNTO-BRAVO-A
GA118,GA118,,https://e-commerce.michelecaroli.com/wso/pages/user/wso0205.jsf?idaa=175896&codart=GA118&marart=257&seopth=VALEO-FRIZIONI-SPAZZOLE-GA118-GANASCE-FI-PUNTO-BRAVO-A
GA1179,42480E,FILTRO ARIA,https://e-commerce.michelecaroli.com/wso/pages/user/wso0205.jsf?idaa=369037&codart=42480E&marart=218&seopth=WIX-INDUSTRIAL-HD-42480E-FILTRO-ARIA
GA113,GA113,,https://e-commerce.michelecaroli.com/wso/pages/user/wso0205.jsf?idaa=175893&codart=GA113&marart=257&seopth=VALEO-FRIZIONI-SPAZZOLE-GA113-GANASCE-ALFA-33
GA110,GA110,,https://e-commerce.michelecaroli.com/wso/pages/user/wso0205.jsf?idaa=175890&codart=GA110&marart=257&seopth=VALEO-FRIZIONI-SPAZZOLE-GA110-GANASCE-VW-PASSAT-AUDI-100-90
GA11,42372,FILTRO ARIA,https://e-commerce.michelecaroli.com/wso/pages/user/wso0205.jsf?idaa=366480&codart=42372&marart=218&seopth=WIX-INDUSTRIAL-HD-42372-FILTRO-ARIA
GA1090,46546,FILTRO ARIA,https://e-commerce.michelecaroli.com/wso/pages/user/wso0205.jsf?idaa=367306&codart=46546&marart=218&seopth=WIX-INDUSTRIAL-HD-46546-FILTRO-ARIA
GA109,GA109,,https://e-commerce.michelecaroli.com/wso/pages/user/wso0205.jsf?idaa=175889&codart=GA109&marart=257&seopth=VALEO-FRIZIONI-SPAZZOLE-GA109-GANASCE-VW-PASSAT-SEAT-AUDI
GA109,GA109,,https://e-commerce.michelecaroli.com/wso/pages/user/wso0205.jsf?idaa=175889&codart=GA109&marart=257&seopth=VALEO-FRIZIONI-SPAZZOLE-GA109-GANASCE-VW-PASSAT-SEAT-AUDI
GA1088,SA14017,FILTRO ARIA P140131 HIFI,https://e-commerce.michelecaroli.com/wso/pages/user/wso0205.jsf?idaa=288858&codart=SA14017&marart=230&seopth=HIFI-FILTRI-SA14017-FILTRO-ARIA-P140131-HIFI
GA1087,PA3477,FILTRO ARIA KIA BESTA 2.2 DIESEL (6 5 HP),https://e-commerce.michelecaroli.com/wso/pages/user/wso0205.jsf?idaa=145613&codart=PA3477&marart=221&seopth=FILTRI-MULLER-PA3477-FILTRO-ARIA-KIA-BESTA-2-2-DIESEL-6
GA1086,93023E,FILTRO ARIA P778462,https://e-commerce.michelecaroli.com/wso/pages/user/wso0205.jsf?idaa=369300&codart=93023E&marart=218&seopth=WIX-INDUSTRIAL-HD-93023E-FILTRO-ARIA-P778462
GA1085,93154E,,https://e-commerce.michelecaroli.com/wso/pages/user/wso0205.jsf?idaa=369458&codart=93154E&marart=218&seopth=WIX-INDUSTRIAL-HD-93154E-FILTRO-ARIA
GA1084,SA11552,FILTRO ARIA P181087 HIFI,https://e-commerce.michelecaroli.com/wso/pages/user/wso0205.jsf?idaa=336173&codart=SA11552&marart=230&seopth=HIFI-FILTRI-SA11552-FILTRO-ARIA-P181087-HIFI
GA108,GA108,,https://e-commerce.michelecaroli.com/wso/pages/user/wso0205.jsf?idaa=175888&codart=GA108&marart=257&seopth=VALEO-FRIZIONI-SPAZZOLE-GA108-SERIE-GANASCE-VW-GOLF-POLO-SKODA
GA1076,42145,FILTRO ARIA,https://e-commerce.michelecaroli.com/wso/pages/user/wso0205.jsf?idaa=366357&codart=42145&marart=218&seopth=WIX-INDUSTRIAL-HD-42145-FILTRO-ARIA
GA1068,MD-520,FILTRO ARIA,https://e-commerce.michelecaroli.com/wso/pages/user/wso0205.jsf?idaa=463881&codart=MD-520&marart=ALCO&seopth=ALCO-MD-520-FILTRO-ARIA
GA1067,46554E,,https://e-commerce.michelecaroli.com/wso/pages/user/wso0205.jsf?idaa=369064&codart=46554E&marart=218&seopth=WIX-INDUSTRIAL-HD-46554E-FILTRO-ARIA-P771561
GA1066,SA14008,FILTRO ARIA P181088 HIFI,https://e-commerce.michelecaroli.com/wso/pages/user/wso0205.jsf?idaa=288853&codart=SA14008&marart=230&seopth=HIFI-FILTRI-SA14008-FILTRO-ARIA-P181088-HIFI
GA106,P182046,FILTRO ARIA DONALDSON P18-2046 ABBINATO C/FILTRO INTERNO P119373,https://e-commerce.michelecaroli.com/wso/pages/user/wso0205.jsf?idaa=155912&codart=P182046&marart=227&seopth=DONALDSON-FILTRI-P182046-FILTRO-ARIA-DONALDSON-P18-2046
GA1050,MD-520,FILTRO ARIA,https://e-commerce.michelecaroli.com/wso/pages/user/wso0205.jsf?idaa=463881&codart=MD-520&marart=ALCO&seopth=ALCO-MD-520-FILTRO-ARIA
GA105,GA105,,https://e-commerce.michelecaroli.com/wso/pages/user/wso0205.jsf?idaa=175887&codart=GA105&marart=257&seopth=VALEO-FRIZIONI-SPAZZOLE-GA105-GANASCE-VW-GOLF-PASSAT
GA105,GA105,,https://e-commerce.michelecaroli.com/wso/pages/user/wso0205.jsf?idaa=175887&codart=GA105&marart=257&seopth=VALEO-FRIZIONI-SPAZZOLE-GA105-GANASCE-VW-GOLF-PASSAT
GA101M,42050,FILTRO ARIA,https://e-commerce.michelecaroli.com/wso/pages/user/wso0205.jsf?idaa=366276&codart=42050&marart=218&seopth=WIX-INDUSTRIAL-HD-42050-FILTRO-ARIA
GA101,GA101,,https://e-commerce.michelecaroli.com/wso/pages/user/wso0205.jsf?idaa=175886&codart=GA101&marart=257&seopth=VALEO-FRIZIONI-SPAZZOLE-GA101-GANASCE-VOLKSWAGEN-1200-1300-1500
GA0015P,SA11819,PANNELLO P150135 HIFI,https://e-commerce.michelecaroli.com/wso/pages/user/wso0205.jsf?idaa=336285&codart=SA11819&marart=230&seopth=HIFI-FILTRI-SA11819-PANNELLO-P150135-HIFI
G9S9972,42336,FILTRO ARIA,https://e-commerce.michelecaroli.com/wso/pages/user/wso0205.jsf?idaa=366461&codart=42336&marart=218&seopth=WIX-INDUSTRIAL-HD-42336-FILTRO-ARIA
G998,S7111NC,FILTRO CAV296 SOFIMA,https://e-commerce.michelecaroli.com/wso/pages/user/wso0205.jsf?idaa=446634&codart=S7111NC&marart=SOFI&seopth=SOFIMA-S7111NC-FILTRO-CAV296-SOFIMA
G99650002,X002251,"INDICATORE DONALDSON 1-/8""-27-NPT MECCANICO MBAR 50",https://e-commerce.michelecaroli.com/wso/pages/user/wso0205.jsf?idaa=158295&codart=X002251&marart=227&seopth=DONALDSON-FILTRI-X002251-INDICATORE-DONALDSON-1-8-27-NPT
G989,33057,FILTRO NAFTA,https://e-commerce.michelecaroli.com/wso/pages/user/wso0205.jsf?idaa=365752&codart=33057&marart=218&seopth=WIX-INDUSTRIAL-HD-33057-FILTRO-NAFTA
G988,P550055,FILTRO GASOLIO,https://e-commerce.michelecaroli.com/wso/pages/user/wso0205.jsf?idaa=156419&codart=P550055&marart=227&seopth=DONALDSON-FILTRI-P550055-FILTRO-GASOLIO
G987,P550069,FILTRO OLIO DONALDSON P55-0069,https://e-commerce.michelecaroli.com/wso/pages/user/wso0205.jsf?idaa=156431&codart=P550069&marart=227&seopth=DONALDSON-FILTRI-P550069-FILTRO-OLIO-DONALDSON-P55-0069
G985,SH56251,FILTRO OLIO P550816 HIFI,https://e-commerce.michelecaroli.com/wso/pages/user/wso0205.jsf?idaa=399783&codart=SH56251&marart=230&seopth=HIFI-FILTRI-SH56251-FILTRO-OLIO-P550816-HIFI
G98,33943,FILTRO NAFTA P550007,https://e-commerce.michelecaroli.com/wso/pages/user/wso0205.jsf?idaa=366188&codart=33943&marart=218&seopth=WIX-INDUSTRIAL-HD-33943-FILTRO-NAFTA-P550007
G976,SO595,FILTRO OLIO P550396 HIFI,https://e-commerce.michelecaroli.com/wso/pages/user/wso0205.jsf?idaa=300204&codart=SO595&marart=230&seopth=HIFI-FILTRI-SO595-FILTRO-OLIO-P550396-HIFI
G973,SH56374,FILTRO HYDR. P550308 HIFI,https://e-commerce.michelecaroli.com/wso/pages/user/wso0205.jsf?idaa=294155&codart=SH56374&marart=230&seopth=HIFI-FILTRI-SH56374-FILTRO-HYDR-P550308-HIFI
G968,51717,FILTRO OLIO,https://e-commerce.michelecaroli.com/wso/pages/user/wso0205.jsf?idaa=368572&codart=51717&marart=218&seopth=WIX-INDUSTRIAL-HD-51717-FILTRO-OLIO
G962,P550015,FILTRO OLIO DONALDSON AD IMMERSIONE,https://e-commerce.michelecaroli.com/wso/pages/user/wso0205.jsf?idaa=156389&codart=P550015&marart=227&seopth=DONALDSON-FILTRI-P550015-FILTRO-OLIO-DONALDSON-AD-IMMERSIONE
G961,P552471,FILTRO OLIO,https://e-commerce.michelecaroli.com/wso/pages/user/wso0205.jsf?idaa=311988&codart=P552471&marart=227&seopth=DONALDSON-FILTRI-P552471-FILTRO-OLIO
G952,SH56129,FILTRO HYDR. P555603 HIFI,https://e-commerce.michelecaroli.com/wso/pages/user/wso0205.jsf?idaa=294023&codart=SH56129&marart=230&seopth=HIFI-FILTRI-SH56129-FILTRO-HYDR-P555603-HIFI
G949,P550038,FILTRO NAFTA DONALDSON P55-0038,https://e-commerce.michelecaroli.com/wso/pages/user/wso0205.jsf?idaa=156405&codart=P550038&marart=227&seopth=DONALDSON-FILTRI-P550038-FILTRO-NAFTA-DONALDSON-P55-0038
G948,51282,FILTRO OLIO,https://e-commerce.michelecaroli.com/wso/pages/user/wso0205.jsf?idaa=368230&codart=51282&marart=218&seopth=WIX-INDUSTRIAL-HD-51282-FILTRO-OLIO
G9437100139,P550951,FILTRRO TRASMISSIONE AD IMMERSIONE,https://e-commerce.michelecaroli.com/wso/pages/user/wso0205.jsf?idaa=156868&codart=P550951&marart=227&seopth=DONALDSON-FILTRI-P550951-FILTRRO-TRASMISSIONE-AD-IMMERSIONE
G943,SO3327,FILTRO OLIO P550041 HIFI,https://e-commerce.michelecaroli.com/wso/pages/user/wso0205.jsf?idaa=300888&codart=SO3327&marart=230&seopth=HIFI-FILTRI-SO3327-FILTRO-OLIO-P550041-HIFI
G939,P550080,FILTRO OLIO DONALDSON P55-0080,https://e-commerce.michelecaroli.com/wso/pages/user/wso0205.jsf?idaa=156440&codart=P550080&marart=227&seopth=DONALDSON-FILTRI-P550080-FILTRO-OLIO-DONALDSON-P55-0080
G937,MD-195,FILTRO CARB. ALCO,https://e-commerce.michelecaroli.com/wso/pages/user/wso0205.jsf?idaa=463526&codart=MD-195&marart=ALCO&seopth=ALCO-MD-195-FILTRO-CARB-ALCO
G935,P550028,,https://e-commerce.michelecaroli.com/wso/pages/user/wso0205.jsf?idaa=156399&codart=P550028&marart=227&seopth=DONALDSON-FILTRI-P550028-FILTRO-NAFTA-DONALDSON-P55-0028
G93135008,P105534,"ELBOW, 90 DEGREE RUBBER",https://e-commerce.michelecaroli.com/wso/pages/user/wso0205.jsf?idaa=442999&codart=P105534&marart=227&seopth=DONALDSON-FILTRI-P105534-ELBOW-90-DEGREE-RUBBER
G93135007,SAT01SCB127001,,https://e-commerce.michelecaroli.com/wso/pages/user/wso0205.jsf?idaa=438561&codart=SAT01SCB127001&marart=230&seopth=HIFI-FILTRI-SAT01SCB127001-FILTRO
G928,51668,FILTRO IDRAULICO,https://e-commerce.michelecaroli.com/wso/pages/user/wso0205.jsf?idaa=368536&codart=51668&marart=218&seopth=WIX-INDUSTRIAL-HD-51668-FILTRO-IDRAULICO
G927,33348,FILTRO NAFTA,https://e-commerce.michelecaroli.com/wso/pages/user/wso0205.jsf?idaa=365340&codart=33348&marart=218&seopth=WIX-INDUSTRIAL-HD-33348-FILTRO-NAFTA
G9249022,X002251,"INDICATORE DONALDSON 1-/8""-27-NPT MECCANICO MBAR 50",https://e-commerce.michelecaroli.com/wso/pages/user/wso0205.jsf?idaa=158295&codart=X002251&marart=227&seopth=DONALDSON-FILTRI-X002251-INDICATORE-DONALDSON-1-8-27-NPT
G923,51140,FILTRO IDRAULICO,https://e-commerce.michelecaroli.com/wso/pages/user/wso0205.jsf?idaa=368131&codart=51140&marart=218&seopth=WIX-INDUSTRIAL-HD-51140-FILTRO-IDRAULICO
G921,P550076,FILTRO OLIO DONALDSON P55-0076,https://e-commerce.michelecaroli.com/wso/pages/user/wso0205.jsf?idaa=156436&codart=P550076&marart=227&seopth=DONALDSON-FILTRI-P550076-FILTRO-OLIO-DONALDSON-P55-0076
G91,SN149,FILTRO NAFTA P550012 HIFI,https://e-commerce.michelecaroli.com/wso/pages/user/wso0205.jsf?idaa=298903&codart=SN149&marart=230&seopth=HIFI-FILTRI-SN149-FILTRO-NAFTA-P550012-HIFI
G903,P558462,FILTRO OLIO DONALDSON P55-84 62,https://e-commerce.michelecaroli.com/wso/pages/user/wso0205.jsf?idaa=157189&codart=P558462&marart=227&seopth=DONALDSON-FILTRI-P558462-FILTRO-OLIO-DONALDSON-P55-84-62
G9028235,P017335,"GASKET, BODY OR CUP",https://e-commerce.michelecaroli.com/wso/pages/user/wso0205.jsf?idaa=442976&codart=P017335&marart=227&seopth=DONALDSON-FILTRI-P017335-GASKET-BODY-OR-CUP
G902,1GAS41S,FILTRO GAS 12X18X14 MM FIAT,https://e-commerce.michelecaroli.com/wso/pages/user/wso0205.jsf?idaa=447033&codart=1GAS41S&marart=JAPKO&seopth=JAPKO-1GAS41S-FILTRO-GAS-12X18X14-MM-FIAT
G9013982,M120108,"MUFFLER, OVAL STYLE 2",https://e-commerce.michelecaroli.com/wso/pages/user/wso0205.jsf?idaa=442940&codart=M120108&marart=227&seopth=DONALDSON-FILTRI-M120108-MUFFLER-OVAL-STYLE-2
G9013928,M120108,"MUFFLER, OVAL STYLE 2",https://e-commerce.michelecaroli.com/wso/pages/user/wso0205.jsf?idaa=442940&codart=M120108&marart=227&seopth=DONALDSON-FILTRI-M120108-MUFFLER-OVAL-STYLE-2
G893,51021E,FILTRO OLIO#,https://e-commerce.michelecaroli.com/wso/pages/user/wso0205.jsf?idaa=369090&codart=51021E&marart=218&seopth=WIX-INDUSTRIAL-HD-51021E-FILTRO-OLIO-
G89,33073,FILTRO NAFTA,https://e-commerce.michelecaroli.com/wso/pages/user/wso0205.jsf?idaa=365761&codart=33073&marart=218&seopth=WIX-INDUSTRIAL-HD-33073-FILTRO-NAFTA
G89,33073,FILTRO NAFTA,https://e-commerce.michelecaroli.com/wso/pages/user/wso0205.jsf?idaa=365761&codart=33073&marart=218&seopth=WIX-INDUSTRIAL-HD-33073-FILTRO-NAFTA
G887,26540153,FILTRO OLIO/OIL FILTER,https://e-commerce.michelecaroli.com/wso/pages/user/wso0205.jsf?idaa=46765&codart=26540153&marart=155&seopth=PERKINS-26540153-FILTRO-OLIO-OIL-FILTER
G884,SO633,FILTRO OLIO HIFI,https://e-commerce.michelecaroli.com/wso/pages/user/wso0205.jsf?idaa=300350&codart=SO633&marart=230&seopth=HIFI-FILTRI-SO633-FILTRO-OLIO-HIFI
G88,33031,FILTRO NAFTA,https://e-commerce.michelecaroli.com/wso/pages/user/wso0205.jsf?idaa=365728&codart=33031&marart=218&seopth=WIX-INDUSTRIAL-HD-33031-FILTRO-NAFTA
G878,1R0659,,https://e-commerce.michelecaroli.com/wso/pages/user/wso0205.jsf?idaa=146663&codart=1R0659&marart=222&seopth=FILTRI-VARI-1R0659-FILTRO-OLIO-CAT
G8758,33097,FILTRO NAFTA,https://e-commerce.michelecaroli.com/wso/pages/user/wso0205.jsf?idaa=365777&codart=33097&marart=218&seopth=WIX-INDUSTRIAL-HD-33097-FILTRO-NAFTA
G871,SO1594,FILTRO OLIO P550183 HIFI,https://e-commerce.michelecaroli.com/wso/pages/user/wso0205.jsf?idaa=300845&codart=SO1594&marart=230&seopth=HIFI-FILTRI-SO1594-FILTRO-OLIO-P550183-HIFI
G87,51140,FILTRO IDRAULICO,https://e-commerce.michelecaroli.com/wso/pages/user/wso0205.jsf?idaa=368131&codart=51140&marart=218&seopth=WIX-INDUSTRIAL-HD-51140-FILTRO-IDRAULICO
G869,33197,FILTRO NAFTA,https://e-commerce.michelecaroli.com/wso/pages/user/wso0205.jsf?idaa=365877&codart=33197&marart=218&seopth=WIX-INDUSTRIAL-HD-33197-FILTRO-NAFTA
G864,SO633,FILTRO OLIO HIFI,https://e-commerce.michelecaroli.com/wso/pages/user/wso0205.jsf?idaa=300350&codart=SO633&marart=230&seopth=HIFI-FILTRI-SO633-FILTRO-OLIO-HIFI
G860,51434,FILTRO IDRAULICO,https://e-commerce.michelecaroli.com/wso/pages/user/wso0205.jsf?idaa=368332&codart=51434&marart=218&seopth=WIX-INDUSTRIAL-HD-51434-FILTRO-IDRAULICO
G855,51021E,FILTRO OLIO#,https://e-commerce.michelecaroli.com/wso/pages/user/wso0205.jsf?idaa=369090&codart=51021E&marart=218&seopth=WIX-INDUSTRIAL-HD-51021E-FILTRO-OLIO-
G85105,51049,FILTRO OLIO,https://e-commerce.michelecaroli.com/wso/pages/user/wso0205.jsf?idaa=368078&codart=51049&marart=218&seopth=WIX-INDUSTRIAL-HD-51049-FILTRO-OLIO
G841,51954,FILTRO OLIO,https://e-commerce.michelecaroli.com/wso/pages/user/wso0205.jsf?idaa=368689&codart=51954&marart=218&seopth=WIX-INDUSTRIAL-HD-51954-FILTRO-OLIO
G839,51302E,FILTRO OLIO P550052,https://e-commerce.michelecaroli.com/wso/pages/user/wso0205.jsf?idaa=369112&codart=51302E&marart=218&seopth=WIX-INDUSTRIAL-HD-51302E-FILTRO-OLIO-P550052
G839,51302E,FILTRO OLIO P550052,https://e-commerce.michelecaroli.com/wso/pages/user/wso0205.jsf?idaa=369112&codart=51302E&marart=218&seopth=WIX-INDUSTRIAL-HD-51302E-FILTRO-OLIO-P550052
G837M,P551761,FILTRO OLIO DONALDSON P55-1761 FUORI PRODUZIONE VEDI HIFI,https://e-commerce.michelecaroli.com/wso/pages/user/wso0205.jsf?idaa=314165&codart=P551761&marart=227&seopth=DONALDSON-FILTRI-P551761-FILTRO-OLIO-DONALDSON-P55-1761
G837620,42602,FILTRO ARIA,https://e-commerce.michelecaroli.com/wso/pages/user/wso0205.jsf?idaa=366662&codart=42602&marart=218&seopth=WIX-INDUSTRIAL-HD-42602-FILTRO-ARIA
G837,SO1594,FILTRO OLIO P550183 HIFI,https://e-commerce.michelecaroli.com/wso/pages/user/wso0205.jsf?idaa=300845&codart=SO1594&marart=230&seopth=HIFI-FILTRI-SO1594-FILTRO-OLIO-P550183-HIFI
G836,SO599,FILTRO OLIO HIFI,https://e-commerce.michelecaroli.com/wso/pages/user/wso0205.jsf?idaa=300207&codart=SO599&marart=230&seopth=HIFI-FILTRI-SO599-FILTRO-OLIO-HIFI
G833,51302E,FILTRO OLIO P550052,https://e-commerce.michelecaroli.com/wso/pages/user/wso0205.jsf?idaa=369112&codart=51302E&marart=218&seopth=WIX-INDUSTRIAL-HD-51302E-FILTRO-OLIO-P550052
G83,33514,FILTRO NAFTA,https://e-commerce.michelecaroli.com/wso/pages/user/wso0205.jsf?idaa=365934&codart=33514&marart=218&seopth=WIX-INDUSTRIAL-HD-33514-FILTRO-NAFTA
G82R,SN149,FILTRO NAFTA P550012 HIFI,https://e-commerce.michelecaroli.com/wso/pages/user/wso0205.jsf?idaa=298903&codart=SN149&marart=230&seopth=HIFI-FILTRI-SN149-FILTRO-NAFTA-P550012-HIFI
G826,33260,FILTRO NAFTA,https://e-commerce.michelecaroli.com/wso/pages/user/wso0205.jsf?idaa=365363&codart=33260&marart=218&seopth=WIX-INDUSTRIAL-HD-33260-FILTRO-NAFTA
G8219,G8219,AMM.ORIGIN.ANT. SXHYUNDAI SANTA FE 2012 -> FRONT LEFT,https://e-commerce.michelecaroli.com/wso/pages/user/wso0205.jsf?idaa=362347&codart=G8219&marart=MONR&seopth=MONROE-AMMORTIZZATORI-G8219-AMM-ORIGIN-ANT-SXHYUNDAI-SANTA-FE
G8216,G8216,AMM.ORIGIN.ANT. DXKIA CEE'D / HYUND AI I30 2012 -> FRONT,https://e-commerce.michelecaroli.com/wso/pages/user/wso0205.jsf?idaa=362344&codart=G8216&marart=MONR&seopth=MONROE-AMMORTIZZATORI-G8216-AMM-ORIGIN-ANT-DXKIA-CEE-D-HYUND
G8207,G8207,AMM.ORIGIN.ANT. SXDICITR. C3/DS351M M09-,https://e-commerce.michelecaroli.com/wso/pages/user/wso0205.jsf?idaa=362337&codart=G8207&marart=MONR&seopth=MONROE-AMMORTIZZATORI-G8207-AMM-ORIGIN-ANT-SXDICITR-C3-DS351M
G82,SN109,FILTRO NAFTA P553261 HIFI,https://e-commerce.michelecaroli.com/wso/pages/user/wso0205.jsf?idaa=298873&codart=SN109&marart=230&seopth=HIFI-FILTRI-SN109-FILTRO-NAFTA-P553261-HIFI
G82,SN109,FILTRO NAFTA P553261 HIFI,https://e-commerce.michelecaroli.com/wso/pages/user/wso0205.jsf?idaa=298873&codart=SN109&marart=230&seopth=HIFI-FILTRI-SN109-FILTRO-NAFTA-P553261-HIFI
G819220,P181141,FILTRO ARIA DONALDSON P18-1141 OBSOLETO,https://e-commerce.michelecaroli.com/wso/pages/user/wso0205.jsf?idaa=155882&codart=P181141&marart=227&seopth=DONALDSON-FILTRI-P181141-FILTRO-ARIA-DONALDSON-P18-1141
G818803,42747,FILTRO ARIA,https://e-commerce.michelecaroli.com/wso/pages/user/wso0205.jsf?idaa=366783&codart=42747&marart=218&seopth=WIX-INDUSTRIAL-HD-42747-FILTRO-ARIA
G818210,42730,,https://e-commerce.michelecaroli.com/wso/pages/user/wso0205.jsf?idaa=366768&codart=42730&marart=218&seopth=WIX-INDUSTRIAL-HD-42730-FILTRO-ARIA
G818,SO941,FILTRO OLIO P550361 HIFI,https://e-commerce.michelecaroli.com/wso/pages/user/wso0205.jsf?idaa=301517&codart=SO941&marart=230&seopth=HIFI-FILTRI-SO941-FILTRO-OLIO-P550361-HIFI
G8174,G8174,AMM. ANDT DX FIAT PANDA 2004,https://e-commerce.michelecaroli.com/wso/pages/user/wso0205.jsf?idaa=309815&codart=G8174&marart=MONR&seopth=MONROE-AMMORTIZZATORI-G8174-AMM-ANDT-DX-FIAT-PANDA-2004
G8174,G8174,AMM. ANDT DX FIAT PANDA 2004,https://e-commerce.michelecaroli.com/wso/pages/user/wso0205.jsf?idaa=309815&codart=G8174&marart=MONR&seopth=MONROE-AMMORTIZZATORI-G8174-AMM-ANDT-DX-FIAT-PANDA-2004
G817210,42398,FILTRO ARIA,https://e-commerce.michelecaroli.com/wso/pages/user/wso0205.jsf?idaa=366499&codart=42398&marart=218&seopth=WIX-INDUSTRIAL-HD-42398-FILTRO-ARIA
G817,33112E,FILTRO NAFTA# P550861,https://e-commerce.michelecaroli.com/wso/pages/user/wso0205.jsf?idaa=368986&codart=33112E&marart=218&seopth=WIX-INDUSTRIAL-HD-33112E-FILTRO-NAFTA-P550861
G816A,33539,FILTRO NAFTA,https://e-commerce.michelecaroli.com/wso/pages/user/wso0205.jsf?idaa=365948&codart=33539&marart=218&seopth=WIX-INDUSTRIAL-HD-33539-FILTRO-NAFTA
G8164,G8164,,https://e-commerce.michelecaroli.com/wso/pages/user/wso0205.jsf?idaa=260676&codart=G8164&marart=MONR&seopth=MONROE-AMMORTIZZATORI-G8164-AMM-ORIGINAL-BMW-Z4-E85-FRONT-LEF
G8164,G8164,,https://e-commerce.michelecaroli.com/wso/pages/user/wso0205.jsf?idaa=260676&codart=G8164&marart=MONR&seopth=MONROE-AMMORTIZZATORI-G8164-AMM-ORIGINAL-BMW-Z4-E85-FRONT-LEF
G815,95125E,,https://e-commerce.michelecaroli.com/wso/pages/user/wso0205.jsf?idaa=369668&codart=95125E&marart=218&seopth=WIX-INDUSTRIAL-HD-95125E-FILTRO-NAFTA
G8122,G8122,,https://e-commerce.michelecaroli.com/wso/pages/user/wso0205.jsf?idaa=260655&codart=G8122&marart=MONR&seopth=MONROE-AMMORTIZZATORI-G8122-AMM-ORIGINAL-ANT-SX-DI-TY-COROLLA
G812,51106,,https://e-commerce.michelecaroli.com/wso/pages/user/wso0205.jsf?idaa=368112&codart=51106&marart=218&seopth=WIX-INDUSTRIAL-HD-51106-FILTRO-OLIO
G810,51795,FILTRO OLIO,https://e-commerce.michelecaroli.com/wso/pages/user/wso0205.jsf?idaa=368634&codart=51795&marart=218&seopth=WIX-INDUSTRIAL-HD-51795-FILTRO-OLIO
G810,51795,FILTRO OLIO,https://e-commerce.michelecaroli.com/wso/pages/user/wso0205.jsf?idaa=368634&codart=51795&marart=218&seopth=WIX-INDUSTRIAL-HD-51795-FILTRO-OLIO
G81,57099,FILTRO OLIO,https://e-commerce.michelecaroli.com/wso/pages/user/wso0205.jsf?idaa=369424&codart=57099&marart=218&seopth=WIX-INDUSTRIAL-HD-57099-FILTRO-OLIO
G81,57099,FILTRO OLIO,https://e-commerce.michelecaroli.com/wso/pages/user/wso0205.jsf?idaa=369424&codart=57099&marart=218&seopth=WIX-INDUSTRIAL-HD-57099-FILTRO-OLIO
G80R,SN149,FILTRO NAFTA P550012 HIFI,https://e-commerce.michelecaroli.com/wso/pages/user/wso0205.jsf?idaa=298903&codart=SN149&marart=230&seopth=HIFI-FILTRI-SN149-FILTRO-NAFTA-P550012-HIFI
G8086,G8086,,https://e-commerce.michelecaroli.com/wso/pages/user/wso0205.jsf?idaa=260628&codart=G8086&marart=MONR&seopth=MONROE-AMMORTIZZATORI-G8086-AMM-ORIGINAL-D-CHERY-SPERANZA-5
G803M,SO595,FILTRO OLIO P550396 HIFI,https://e-commerce.michelecaroli.com/wso/pages/user/wso0205.jsf?idaa=300204&codart=SO595&marart=230&seopth=HIFI-FILTRI-SO595-FILTRO-OLIO-P550396-HIFI
G803915,P182046,FILTRO ARIA DONALDSON P18-2046 ABBINATO C/FILTRO INTERNO P119373,https://e-commerce.michelecaroli.com/wso/pages/user/wso0205.jsf?idaa=155912&codart=P182046&marart=227&seopth=DONALDSON-FILTRI-P182046-FILTRO-ARIA-DONALDSON-P18-2046
G803,51271,FILTRO OLIO,https://e-commerce.michelecaroli.com/wso/pages/user/wso0205.jsf?idaa=368221&codart=51271&marart=218&seopth=WIX-INDUSTRIAL-HD-51271-FILTRO-OLIO
G802821,42377,FILTRO ARIA,https://e-commerce.michelecaroli.com/wso/pages/user/wso0205.jsf?idaa=366485&codart=42377&marart=218&seopth=WIX-INDUSTRIAL-HD-42377-FILTRO-ARIA
G8019,E7044,ATTUALE G8019,https://e-commerce.michelecaroli.com/wso/pages/user/wso0205.jsf?idaa=260818&codart=E7044&marart=MONR&seopth=MONROE-AMMORTIZZATORI-E7044-ATTUALE-G8019
G8019,E7044,ATTUALE G8019,https://e-commerce.michelecaroli.com/wso/pages/user/wso0205.jsf?idaa=260818&codart=E7044&marart=MONR&seopth=MONROE-AMMORTIZZATORI-E7044-ATTUALE-G8019
G8016,G8016,,https://e-commerce.michelecaroli.com/wso/pages/user/wso0205.jsf?idaa=260622&codart=G8016&marart=MONR&seopth=MONROE-AMMORTIZZATORI-G8016-AMM-ORIGINAL-ANT-SX-LADA-110-DI-3-
G8008,G8008,,https://e-commerce.michelecaroli.com/wso/pages/user/wso0205.jsf?idaa=260616&codart=G8008&marart=MONR&seopth=MONROE-AMMORTIZZATORI-G8008-AMM-ORIGINAL-ANT-SX-PEU-PARTNER-D
G8001,G8001,,https://e-commerce.michelecaroli.com/wso/pages/user/wso0205.jsf?idaa=260609&codart=G8001&marart=MONR&seopth=MONROE-AMMORTIZZATORI-G8001-AMM-ORIGINAL-ANT-DX-OPEL-ASTRA-H-1
G80008,P550095,FILTRO OLIO DONALDSON P55-0095 OBSO LETO,https://e-commerce.michelecaroli.com/wso/pages/user/wso0205.jsf?idaa=156453&codart=P550095&marart=227&seopth=DONALDSON-FILTRI-P550095-FILTRO-OLIO-DONALDSON-P55-0095-OBSO
G800,33097,FILTRO NAFTA,https://e-commerce.michelecaroli.com/wso/pages/user/wso0205.jsf?idaa=365777&codart=33097&marart=218&seopth=WIX-INDUSTRIAL-HD-33097-FILTRO-NAFTA
G800,33097,FILTRO NAFTA,https://e-commerce.michelecaroli.com/wso/pages/user/wso0205.jsf?idaa=365777&codart=33097&marart=218&seopth=WIX-INDUSTRIAL-HD-33097-FILTRO-NAFTA
G800,33097,FILTRO NAFTA,https://e-commerce.michelecaroli.com/wso/pages/user/wso0205.jsf?idaa=365777&codart=33097&marart=218&seopth=WIX-INDUSTRIAL-HD-33097-FILTRO-NAFTA
G80,P502020,"LUBE FILTER, SPIN-ON FULL FLOW",https://e-commerce.michelecaroli.com/wso/pages/user/wso0205.jsf?idaa=441443&codart=P502020&marart=227&seopth=DONALDSON-FILTRI-P502020-LUBE-FILTER-SPIN-ON-FULL-FLOW
G80,P502020,"LUBE FILTER, SPIN-ON FULL FLOW",https://e-commerce.michelecaroli.com/wso/pages/user/wso0205.jsf?idaa=441443&codart=P502020&marart=227&seopth=DONALDSON-FILTRI-P502020-LUBE-FILTER-SPIN-ON-FULL-FLOW
G7N9028,SA11840,FILTRO ARIA P181125 HIFI ESTERNO ABBINATO CON SA16753,https://e-commerce.michelecaroli.com/wso/pages/user/wso0205.jsf?idaa=336291&codart=SA11840&marart=230&seopth=HIFI-FILTRI-SA11840-FILTRO-ARIA-P181125-HIFI-ESTERNO
G7N9027,46233,FILTRO ARIA,https://e-commerce.michelecaroli.com/wso/pages/user/wso0205.jsf?idaa=367065&codart=46233&marart=218&seopth=WIX-INDUSTRIAL-HD-46233-FILTRO-ARIA
G7N1308,SA10824,FILTRO ARIA P158675 HIFI,https://e-commerce.michelecaroli.com/wso/pages/user/wso0205.jsf?idaa=336065&codart=SA10824&marart=230&seopth=HIFI-FILTRI-SA10824-FILTRO-ARIA-P158675-HIFI
G7G8116,46266,FILTRO ARIA,https://e-commerce.michelecaroli.com/wso/pages/user/wso0205.jsf?idaa=367085&codart=46266&marart=218&seopth=WIX-INDUSTRIAL-HD-46266-FILTRO-ARIA
G78,51010,FILTRO OLIO,https://e-commerce.michelecaroli.com/wso/pages/user/wso0205.jsf?idaa=368066&codart=51010&marart=218&seopth=WIX-INDUSTRIAL-HD-51010-FILTRO-OLIO
G7768,P552398,"FUEL FILTER, IN-LINE",https://e-commerce.michelecaroli.com/wso/pages/user/wso0205.jsf?idaa=441614&codart=P552398&marart=227&seopth=DONALDSON-FILTRI-P552398-FUEL-FILTER-IN-LINE
G7767,P552398,"FUEL FILTER, IN-LINE",https://e-commerce.michelecaroli.com/wso/pages/user/wso0205.jsf?idaa=441614&codart=P552398&marart=227&seopth=DONALDSON-FILTRI-P552398-FUEL-FILTER-IN-LINE
G7766DP,P552398,"FUEL FILTER, IN-LINE",https://e-commerce.michelecaroli.com/wso/pages/user/wso0205.jsf?idaa=441614&codart=P552398&marart=227&seopth=DONALDSON-FILTRI-P552398-FUEL-FILTER-IN-LINE
G7765,P552398,"FUEL FILTER, IN-LINE",https://e-commerce.michelecaroli.com/wso/pages/user/wso0205.jsf?idaa=441614&codart=P552398&marart=227&seopth=DONALDSON-FILTRI-P552398-FUEL-FILTER-IN-LINE
G77281,SO580,FILTRO OLIO P550008# HIFI,https://e-commerce.michelecaroli.com/wso/pages/user/wso0205.jsf?idaa=300199&codart=SO580&marart=230&seopth=HIFI-FILTRI-SO580-FILTRO-OLIO-P550008-HIFI
G77,51036,FILTRO OLIO P550051,https://e-commerce.michelecaroli.com/wso/pages/user/wso0205.jsf?idaa=368073&codart=51036&marart=218&seopth=WIX-INDUSTRIAL-HD-51036-FILTRO-OLIO-P550051
G76818A1,33112E,FILTRO NAFTA# P550861,https://e-commerce.michelecaroli.com/wso/pages/user/wso0205.jsf?idaa=368986&codart=33112E&marart=218&seopth=WIX-INDUSTRIAL-HD-33112E-FILTRO-NAFTA-P550861
G765,SO595,FILTRO OLIO P550396 HIFI,https://e-commerce.michelecaroli.com/wso/pages/user/wso0205.jsf?idaa=300204&codart=SO595&marart=230&seopth=HIFI-FILTRI-SO595-FILTRO-OLIO-P550396-HIFI
G761,P173046,FILTRO HYDR.DONALDSON P17-304 6,https://e-commerce.michelecaroli.com/wso/pages/user/wso0205.jsf?idaa=155548&codart=P173046&marart=227&seopth=DONALDSON-FILTRI-P173046-FILTRO-HYDR-DONALDSON-P17-304-6
G76,51036,FILTRO OLIO P550051,https://e-commerce.michelecaroli.com/wso/pages/user/wso0205.jsf?idaa=368073&codart=51036&marart=218&seopth=WIX-INDUSTRIAL-HD-51036-FILTRO-OLIO-P550051
G76,51036,FILTRO OLIO P550051,https://e-commerce.michelecaroli.com/wso/pages/user/wso0205.jsf?idaa=368073&codart=51036&marart=218&seopth=WIX-INDUSTRIAL-HD-51036-FILTRO-OLIO-P550051
G76,51036,FILTRO OLIO P550051,https://e-commerce.michelecaroli.com/wso/pages/user/wso0205.jsf?idaa=368073&codart=51036&marart=218&seopth=WIX-INDUSTRIAL-HD-51036-FILTRO-OLIO-P550051
