Code searched,Matched code,Part Category on Michele,Link to Michele product
PC335,42047,FILTRO ARIA,https://e-commerce.michelecaroli.com/wso/pages/user/wso0205.jsf?idaa=366273&codart=42047&marart=218&seopth=WIX-INDUSTRIAL-HD-42047-FILTRO-ARIA
PC333,42920,FILTRO ARIA P119375,https://e-commerce.michelecaroli.com/wso/pages/user/wso0205.jsf?idaa=366896&codart=42920&marart=218&seopth=WIX-INDUSTRIAL-HD-42920-FILTRO-ARIA-P119375
PC333,42920,FILTRO ARIA P119375,https://e-commerce.michelecaroli.com/wso/pages/user/wso0205.jsf?idaa=366896&codart=42920&marart=218&seopth=WIX-INDUSTRIAL-HD-42920-FILTRO-ARIA-P119375
PC332,SA14009K,FILTRO ARIA HIFI,https://e-commerce.michelecaroli.com/wso/pages/user/wso0205.jsf?idaa=288854&codart=SA14009K&marart=230&seopth=HIFI-FILTRI-SA14009K-FILTRO-ARIA-HIFI
PC331K,SA10384K,FILTRO ARIA ESTERNO P772545 HIFI ACCOPPIATO CON SA10754,https://e-commerce.michelecaroli.com/wso/pages/user/wso0205.jsf?idaa=336010&codart=SA10384K&marart=230&seopth=HIFI-FILTRI-SA10384K-FILTRO-ARIA-ESTERNO-P772545-HIFI
PC331,SA10384K,FILTRO ARIA ESTERNO P772545 HIFI ACCOPPIATO CON SA10754,https://e-commerce.michelecaroli.com/wso/pages/user/wso0205.jsf?idaa=336010&codart=SA10384K&marart=230&seopth=HIFI-FILTRI-SA10384K-FILTRO-ARIA-ESTERNO-P772545-HIFI
PC330,51271,FILTRO OLIO,https://e-commerce.michelecaroli.com/wso/pages/user/wso0205.jsf?idaa=368221&codart=51271&marart=218&seopth=WIX-INDUSTRIAL-HD-51271-FILTRO-OLIO
PC33,42811,FILTRO ARIA,https://e-commerce.michelecaroli.com/wso/pages/user/wso0205.jsf?idaa=366831&codart=42811&marart=218&seopth=WIX-INDUSTRIAL-HD-42811-FILTRO-ARIA
PC33,42811,FILTRO ARIA,https://e-commerce.michelecaroli.com/wso/pages/user/wso0205.jsf?idaa=366831&codart=42811&marart=218&seopth=WIX-INDUSTRIAL-HD-42811-FILTRO-ARIA
PC33,42811,FILTRO ARIA,https://e-commerce.michelecaroli.com/wso/pages/user/wso0205.jsf?idaa=366831&codart=42811&marart=218&seopth=WIX-INDUSTRIAL-HD-42811-FILTRO-ARIA
PC321,P502020,"LUBE FILTER, SPIN-ON FULL FLOW",https://e-commerce.michelecaroli.com/wso/pages/user/wso0205.jsf?idaa=441443&codart=P502020&marart=227&seopth=DONALDSON-FILTRI-P502020-LUBE-FILTER-SPIN-ON-FULL-FLOW
PC32,P550095,FILTRO OLIO DONALDSON P55-0095 OBSO LETO,https://e-commerce.michelecaroli.com/wso/pages/user/wso0205.jsf?idaa=156453&codart=P550095&marart=227&seopth=DONALDSON-FILTRI-P550095-FILTRO-OLIO-DONALDSON-P55-0095-OBSO
PC317P,T1624,FILTRO OLIO P550227 HIFI,https://e-commerce.michelecaroli.com/wso/pages/user/wso0205.jsf?idaa=395320&codart=T1624&marart=230&seopth=HIFI-FILTRI-T1624-FILTRO-OLIO-P550227-HIFI
PC314P,SO595,FILTRO OLIO P550396 HIFI,https://e-commerce.michelecaroli.com/wso/pages/user/wso0205.jsf?idaa=300204&codart=SO595&marart=230&seopth=HIFI-FILTRI-SO595-FILTRO-OLIO-P550396-HIFI
PC313P,P551761,FILTRO OLIO DONALDSON P55-1761 FUORI PRODUZIONE VEDI HIFI,https://e-commerce.michelecaroli.com/wso/pages/user/wso0205.jsf?idaa=314165&codart=P551761&marart=227&seopth=DONALDSON-FILTRI-P551761-FILTRO-OLIO-DONALDSON-P55-1761
PC310P,51310,FILTRO OLIO,https://e-commerce.michelecaroli.com/wso/pages/user/wso0205.jsf?idaa=368249&codart=51310&marart=218&seopth=WIX-INDUSTRIAL-HD-51310-FILTRO-OLIO
PC31,51010,FILTRO OLIO,https://e-commerce.michelecaroli.com/wso/pages/user/wso0205.jsf?idaa=368066&codart=51010&marart=218&seopth=WIX-INDUSTRIAL-HD-51010-FILTRO-OLIO
PC309P,SO4126,FILTRO OLIO HIFI,https://e-commerce.michelecaroli.com/wso/pages/user/wso0205.jsf?idaa=300143&codart=SO4126&marart=230&seopth=HIFI-FILTRI-SO4126-FILTRO-OLIO-HIFI
PC305P,SO599,FILTRO OLIO HIFI,https://e-commerce.michelecaroli.com/wso/pages/user/wso0205.jsf?idaa=300207&codart=SO599&marart=230&seopth=HIFI-FILTRI-SO599-FILTRO-OLIO-HIFI
PC302MIC25,P550400,FILTRO OLIO DONALDSON P55-0400,https://e-commerce.michelecaroli.com/wso/pages/user/wso0205.jsf?idaa=156593&codart=P550400&marart=227&seopth=DONALDSON-FILTRI-P550400-FILTRO-OLIO-DONALDSON-P55-0400
PC302,T6720,FILTRO OLIO P550078 HIFI,https://e-commerce.michelecaroli.com/wso/pages/user/wso0205.jsf?idaa=395341&codart=T6720&marart=230&seopth=HIFI-FILTRI-T6720-FILTRO-OLIO-P550078-HIFI
PC30,P530642,FILTRO ARIA DONALDSON P53-0642,https://e-commerce.michelecaroli.com/wso/pages/user/wso0205.jsf?idaa=156256&codart=P530642&marart=227&seopth=DONALDSON-FILTRI-P530642-FILTRO-ARIA-DONALDSON-P53-0642
PC30,P530642,FILTRO ARIA DONALDSON P53-0642,https://e-commerce.michelecaroli.com/wso/pages/user/wso0205.jsf?idaa=156256&codart=P530642&marart=227&seopth=DONALDSON-FILTRI-P530642-FILTRO-ARIA-DONALDSON-P53-0642
PC299K,SA14009K,FILTRO ARIA HIFI,https://e-commerce.michelecaroli.com/wso/pages/user/wso0205.jsf?idaa=288854&codart=SA14009K&marart=230&seopth=HIFI-FILTRI-SA14009K-FILTRO-ARIA-HIFI
PC299,SA14009K,FILTRO ARIA HIFI,https://e-commerce.michelecaroli.com/wso/pages/user/wso0205.jsf?idaa=288854&codart=SA14009K&marart=230&seopth=HIFI-FILTRI-SA14009K-FILTRO-ARIA-HIFI
PC292,SA1304,,https://e-commerce.michelecaroli.com/wso/pages/user/wso0205.jsf?idaa=288799&codart=SA1304&marart=230&seopth=HIFI-FILTRI-SA1304-FILTRO-ARIA-P526756-HIFI
PC2838,PC2838,,https://e-commerce.michelecaroli.com/wso/pages/user/wso0205.jsf?idaa=337891&codart=PC2838&marart=231&seopth=FILTRI-FIIAM-PC2838-FILTRO-ABITACOLO
PC2671,20432512BN,MOT.AVV. COMPAT.HONDA,https://e-commerce.michelecaroli.com/wso/pages/user/wso0205.jsf?idaa=391265&codart=20432512BN&marart=REAL&seopth=REAL-MOTORINI-E-ALTERNATORI-20432512BN-MOT-AVV-COMPAT-HONDA
PC265,23.127.00,FILTRO OLIO UFI 23.127.00,https://e-commerce.michelecaroli.com/wso/pages/user/wso0205.jsf?idaa=149367&codart=23.127.00&marart=UFIHD&seopth=UFI-HD-23-127-00-FILTRO-OLIO-UFI-23-127-00
PC260,P552819,FILTRO OLIO DONALDSON P55-2819,https://e-commerce.michelecaroli.com/wso/pages/user/wso0205.jsf?idaa=157063&codart=P552819&marart=227&seopth=DONALDSON-FILTRI-P552819-FILTRO-OLIO-DONALDSON-P55-2819
PC257,SP-915,FILTRO OLIO ALCO,https://e-commerce.michelecaroli.com/wso/pages/user/wso0205.jsf?idaa=466385&codart=SP-915&marart=ALCO&seopth=ALCO-SP-915-FILTRO-OLIO-ALCO
PC255,P552819,FILTRO OLIO DONALDSON P55-2819,https://e-commerce.michelecaroli.com/wso/pages/user/wso0205.jsf?idaa=157063&codart=P552819&marart=227&seopth=DONALDSON-FILTRI-P552819-FILTRO-OLIO-DONALDSON-P55-2819
PC254,51273,FILTRO IDRAULICO,https://e-commerce.michelecaroli.com/wso/pages/user/wso0205.jsf?idaa=368223&codart=51273&marart=218&seopth=WIX-INDUSTRIAL-HD-51273-FILTRO-IDRAULICO
PC253,SP-812,FILTRO OLIO,https://e-commerce.michelecaroli.com/wso/pages/user/wso0205.jsf?idaa=466312&codart=SP-812&marart=ALCO&seopth=ALCO-SP-812-FILTRO-OLIO
PC252,SP-812,FILTRO OLIO,https://e-commerce.michelecaroli.com/wso/pages/user/wso0205.jsf?idaa=466312&codart=SP-812&marart=ALCO&seopth=ALCO-SP-812-FILTRO-OLIO
PC250,92004E,,https://e-commerce.michelecaroli.com/wso/pages/user/wso0205.jsf?idaa=369175&codart=92004E&marart=218&seopth=WIX-INDUSTRIAL-HD-92004E-FILTRO-IDRAULICO-
PC250,92004E,,https://e-commerce.michelecaroli.com/wso/pages/user/wso0205.jsf?idaa=369175&codart=92004E&marart=218&seopth=WIX-INDUSTRIAL-HD-92004E-FILTRO-IDRAULICO-
PC249MIC25,SO654,FILTRO OLIO P555680 HIFI,https://e-commerce.michelecaroli.com/wso/pages/user/wso0205.jsf?idaa=300363&codart=SO654&marart=230&seopth=HIFI-FILTRI-SO654-FILTRO-OLIO-P555680-HIFI
PC249,SO654,FILTRO OLIO P555680 HIFI,https://e-commerce.michelecaroli.com/wso/pages/user/wso0205.jsf?idaa=300363&codart=SO654&marart=230&seopth=HIFI-FILTRI-SO654-FILTRO-OLIO-P555680-HIFI
PC248,SO040,FILTRO OLIO P553771# HIFI,https://e-commerce.michelecaroli.com/wso/pages/user/wso0205.jsf?idaa=300659&codart=SO040&marart=230&seopth=HIFI-FILTRI-SO040-FILTRO-OLIO-P553771-HIFI
PC247,2654407-ATS,FILTRO OLIO/OIL FILTER,https://e-commerce.michelecaroli.com/wso/pages/user/wso0205.jsf?idaa=485768&codart=2654407-ATS&marart=156&seopth=ATS-RICAMBI-PERKINS-CC-2654407-ATS-FILTRO-OLIO-OIL-FILTER
PC247,2654407-ATS,FILTRO OLIO/OIL FILTER,https://e-commerce.michelecaroli.com/wso/pages/user/wso0205.jsf?idaa=485768&codart=2654407-ATS&marart=156&seopth=ATS-RICAMBI-PERKINS-CC-2654407-ATS-FILTRO-OLIO-OIL-FILTER
PC246,SP-1414,FILTRO OLIO ALCO,https://e-commerce.michelecaroli.com/wso/pages/user/wso0205.jsf?idaa=466102&codart=SP-1414&marart=ALCO&seopth=ALCO-SP-1414-FILTRO-OLIO-ALCO
PC241,SH62142,FILTRO HYDR. HIFI,https://e-commerce.michelecaroli.com/wso/pages/user/wso0205.jsf?idaa=294928&codart=SH62142&marart=230&seopth=HIFI-FILTRI-SH62142-FILTRO-HYDR-HIFI
PC238,51168,FILTRO OLIO,https://e-commerce.michelecaroli.com/wso/pages/user/wso0205.jsf?idaa=368153&codart=51168&marart=218&seopth=WIX-INDUSTRIAL-HD-51168-FILTRO-OLIO
PC238,51168,FILTRO OLIO,https://e-commerce.michelecaroli.com/wso/pages/user/wso0205.jsf?idaa=368153&codart=51168&marart=218&seopth=WIX-INDUSTRIAL-HD-51168-FILTRO-OLIO
PC237,2654403-ATS,FILTRO OLIO/OIL FILTER# PERKINS,https://e-commerce.michelecaroli.com/wso/pages/user/wso0205.jsf?idaa=485766&codart=2654403-ATS&marart=156&seopth=ATS-RICAMBI-PERKINS-CC-2654403-ATS-FILTRO-OLIO-OIL-FILTER-PERKINS
PC236,51076,FILTRO OLIO,https://e-commerce.michelecaroli.com/wso/pages/user/wso0205.jsf?idaa=368095&codart=51076&marart=218&seopth=WIX-INDUSTRIAL-HD-51076-FILTRO-OLIO
PC234,SO689,FILTRO OLIO P552518 HIFI,https://e-commerce.michelecaroli.com/wso/pages/user/wso0205.jsf?idaa=300375&codart=SO689&marart=230&seopth=HIFI-FILTRI-SO689-FILTRO-OLIO-P552518-HIFI
PC233,51348,FILTRO OLIO# P550335,https://e-commerce.michelecaroli.com/wso/pages/user/wso0205.jsf?idaa=368274&codart=51348&marart=218&seopth=WIX-INDUSTRIAL-HD-51348-FILTRO-OLIO-P550335
PC233,51348,FILTRO OLIO# P550335,https://e-commerce.michelecaroli.com/wso/pages/user/wso0205.jsf?idaa=368274&codart=51348&marart=218&seopth=WIX-INDUSTRIAL-HD-51348-FILTRO-OLIO-P550335
PC231,P552819,FILTRO OLIO DONALDSON P55-2819,https://e-commerce.michelecaroli.com/wso/pages/user/wso0205.jsf?idaa=157063&codart=P552819&marart=227&seopth=DONALDSON-FILTRI-P552819-FILTRO-OLIO-DONALDSON-P55-2819
PC230SM10,SO691,FILTRO OLIO P554005 HIFI,https://e-commerce.michelecaroli.com/wso/pages/user/wso0205.jsf?idaa=300376&codart=SO691&marart=230&seopth=HIFI-FILTRI-SO691-FILTRO-OLIO-P554005-HIFI
PC230MIC25,SO691,FILTRO OLIO P554005 HIFI,https://e-commerce.michelecaroli.com/wso/pages/user/wso0205.jsf?idaa=300376&codart=SO691&marart=230&seopth=HIFI-FILTRI-SO691-FILTRO-OLIO-P554005-HIFI
PC230MIC10,SO691,FILTRO OLIO P554005 HIFI,https://e-commerce.michelecaroli.com/wso/pages/user/wso0205.jsf?idaa=300376&codart=SO691&marart=230&seopth=HIFI-FILTRI-SO691-FILTRO-OLIO-P554005-HIFI
PC230,SO691,FILTRO OLIO P554005 HIFI,https://e-commerce.michelecaroli.com/wso/pages/user/wso0205.jsf?idaa=300376&codart=SO691&marart=230&seopth=HIFI-FILTRI-SO691-FILTRO-OLIO-P554005-HIFI
PC23,SO689,FILTRO OLIO P552518 HIFI,https://e-commerce.michelecaroli.com/wso/pages/user/wso0205.jsf?idaa=300375&codart=SO689&marart=230&seopth=HIFI-FILTRI-SO689-FILTRO-OLIO-P552518-HIFI
PC228,SO475,FILTRO OLIO P554408 HIFI,https://e-commerce.michelecaroli.com/wso/pages/user/wso0205.jsf?idaa=300159&codart=SO475&marart=230&seopth=HIFI-FILTRI-SO475-FILTRO-OLIO-P554408-HIFI
PC2255,MD-195,FILTRO CARB. ALCO,https://e-commerce.michelecaroli.com/wso/pages/user/wso0205.jsf?idaa=463526&codart=MD-195&marart=ALCO&seopth=ALCO-MD-195-FILTRO-CARB-ALCO
PC224,SO694,,https://e-commerce.michelecaroli.com/wso/pages/user/wso0205.jsf?idaa=438619&codart=SO694&marart=230&seopth=HIFI-FILTRI-SO694-FILTRO
PC222,57027,FILTRO OLIO,https://e-commerce.michelecaroli.com/wso/pages/user/wso0205.jsf?idaa=369382&codart=57027&marart=218&seopth=WIX-INDUSTRIAL-HD-57027-FILTRO-OLIO
PC22,P550095,FILTRO OLIO DONALDSON P55-0095 OBSO LETO,https://e-commerce.michelecaroli.com/wso/pages/user/wso0205.jsf?idaa=156453&codart=P550095&marart=227&seopth=DONALDSON-FILTRI-P550095-FILTRO-OLIO-DONALDSON-P55-0095-OBSO
PC218,P550095,FILTRO OLIO DONALDSON P55-0095 OBSO LETO,https://e-commerce.michelecaroli.com/wso/pages/user/wso0205.jsf?idaa=156453&codart=P550095&marart=227&seopth=DONALDSON-FILTRI-P550095-FILTRO-OLIO-DONALDSON-P55-0095-OBSO
PC2155,S7111NC,FILTRO CAV296 SOFIMA,https://e-commerce.michelecaroli.com/wso/pages/user/wso0205.jsf?idaa=446634&codart=S7111NC&marart=SOFI&seopth=SOFIMA-S7111NC-FILTRO-CAV296-SOFIMA
PC214,P552819,FILTRO OLIO DONALDSON P55-2819,https://e-commerce.michelecaroli.com/wso/pages/user/wso0205.jsf?idaa=157063&codart=P552819&marart=227&seopth=DONALDSON-FILTRI-P552819-FILTRO-OLIO-DONALDSON-P55-2819
PC213oF,SP-812,FILTRO OLIO,https://e-commerce.michelecaroli.com/wso/pages/user/wso0205.jsf?idaa=466312&codart=SP-812&marart=ALCO&seopth=ALCO-SP-812-FILTRO-OLIO
PC213,SP-812,FILTRO OLIO,https://e-commerce.michelecaroli.com/wso/pages/user/wso0205.jsf?idaa=466312&codart=SP-812&marart=ALCO&seopth=ALCO-SP-812-FILTRO-OLIO
PC211,51613,FILTRO OLIO,https://e-commerce.michelecaroli.com/wso/pages/user/wso0205.jsf?idaa=368489&codart=51613&marart=218&seopth=WIX-INDUSTRIAL-HD-51613-FILTRO-OLIO
PC211,51613,FILTRO OLIO,https://e-commerce.michelecaroli.com/wso/pages/user/wso0205.jsf?idaa=368489&codart=51613&marart=218&seopth=WIX-INDUSTRIAL-HD-51613-FILTRO-OLIO
PC210,51773,FILTRO OLIO,https://e-commerce.michelecaroli.com/wso/pages/user/wso0205.jsf?idaa=368617&codart=51773&marart=218&seopth=WIX-INDUSTRIAL-HD-51773-FILTRO-OLIO
PC21,T1624,FILTRO OLIO P550227 HIFI,https://e-commerce.michelecaroli.com/wso/pages/user/wso0205.jsf?idaa=395320&codart=T1624&marart=230&seopth=HIFI-FILTRI-T1624-FILTRO-OLIO-P550227-HIFI
PC207,P550210,FILTRO HYDR.ATTUALE P550940,https://e-commerce.michelecaroli.com/wso/pages/user/wso0205.jsf?idaa=156505&codart=P550210&marart=227&seopth=DONALDSON-FILTRI-P550210-FILTRO-HYDR-ATTUALE-P550940
PC2040,2040TM,FILTRO RACOR 10 MICRON BLU#,https://e-commerce.michelecaroli.com/wso/pages/user/wso0205.jsf?idaa=159116&codart=2040TM&marart=228&seopth=RACOR-PARKER-2040TM-FILTRO-RACOR-10-MICRON-BLU-
PC204,SO691,FILTRO OLIO P554005 HIFI,https://e-commerce.michelecaroli.com/wso/pages/user/wso0205.jsf?idaa=300376&codart=SO691&marart=230&seopth=HIFI-FILTRI-SO691-FILTRO-OLIO-P554005-HIFI
PC2020,33210,FILTRO NAFTA#,https://e-commerce.michelecaroli.com/wso/pages/user/wso0205.jsf?idaa=365888&codart=33210&marart=218&seopth=WIX-INDUSTRIAL-HD-33210-FILTRO-NAFTA-
PC202,SP-856,FILTRO OLIO ALCO,https://e-commerce.michelecaroli.com/wso/pages/user/wso0205.jsf?idaa=466345&codart=SP-856&marart=ALCO&seopth=ALCO-SP-856-FILTRO-OLIO-ALCO
PC2014,20432512BN,MOT.AVV. COMPAT.HONDA,https://e-commerce.michelecaroli.com/wso/pages/user/wso0205.jsf?idaa=391265&codart=20432512BN&marart=REAL&seopth=REAL-MOTORINI-E-ALTERNATORI-20432512BN-MOT-AVV-COMPAT-HONDA
PC201,P502020,"LUBE FILTER, SPIN-ON FULL FLOW",https://e-commerce.michelecaroli.com/wso/pages/user/wso0205.jsf?idaa=441443&codart=P502020&marart=227&seopth=DONALDSON-FILTRI-P502020-LUBE-FILTER-SPIN-ON-FULL-FLOW
PC201,P502020,"LUBE FILTER, SPIN-ON FULL FLOW",https://e-commerce.michelecaroli.com/wso/pages/user/wso0205.jsf?idaa=441443&codart=P502020&marart=227&seopth=DONALDSON-FILTRI-P502020-LUBE-FILTER-SPIN-ON-FULL-FLOW
PC1F,SO7106,FILTRO OLIO P550170 HIFI,https://e-commerce.michelecaroli.com/wso/pages/user/wso0205.jsf?idaa=301239&codart=SO7106&marart=230&seopth=HIFI-FILTRI-SO7106-FILTRO-OLIO-P550170-HIFI
PC195,SA14017,FILTRO ARIA P140131 HIFI,https://e-commerce.michelecaroli.com/wso/pages/user/wso0205.jsf?idaa=288858&codart=SA14017&marart=230&seopth=HIFI-FILTRI-SA14017-FILTRO-ARIA-P140131-HIFI
PC191,1R0659,,https://e-commerce.michelecaroli.com/wso/pages/user/wso0205.jsf?idaa=146663&codart=1R0659&marart=222&seopth=FILTRI-VARI-1R0659-FILTRO-OLIO-CAT
PC190,42290,FILTRO ARIA,https://e-commerce.michelecaroli.com/wso/pages/user/wso0205.jsf?idaa=366434&codart=42290&marart=218&seopth=WIX-INDUSTRIAL-HD-42290-FILTRO-ARIA
PC187,SA14010,FILTRO ARIA P181137 HIFI,https://e-commerce.michelecaroli.com/wso/pages/user/wso0205.jsf?idaa=288855&codart=SA14010&marart=230&seopth=HIFI-FILTRI-SA14010-FILTRO-ARIA-P181137-HIFI
PC186,MD-520,FILTRO ARIA,https://e-commerce.michelecaroli.com/wso/pages/user/wso0205.jsf?idaa=463881&codart=MD-520&marart=ALCO&seopth=ALCO-MD-520-FILTRO-ARIA
PC185,SA14019,FILTRO ARIA P771508# HIFI,https://e-commerce.michelecaroli.com/wso/pages/user/wso0205.jsf?idaa=288859&codart=SA14019&marart=230&seopth=HIFI-FILTRI-SA14019-FILTRO-ARIA-P771508-HIFI
PC185,SA14019,FILTRO ARIA P771508# HIFI,https://e-commerce.michelecaroli.com/wso/pages/user/wso0205.jsf?idaa=288859&codart=SA14019&marart=230&seopth=HIFI-FILTRI-SA14019-FILTRO-ARIA-P771508-HIFI
PC184,SA11552,FILTRO ARIA P181087 HIFI,https://e-commerce.michelecaroli.com/wso/pages/user/wso0205.jsf?idaa=336173&codart=SA11552&marart=230&seopth=HIFI-FILTRI-SA11552-FILTRO-ARIA-P181087-HIFI
PC183,46554E,,https://e-commerce.michelecaroli.com/wso/pages/user/wso0205.jsf?idaa=369064&codart=46554E&marart=218&seopth=WIX-INDUSTRIAL-HD-46554E-FILTRO-ARIA-P771561
PC179,SA14008,FILTRO ARIA P181088 HIFI,https://e-commerce.michelecaroli.com/wso/pages/user/wso0205.jsf?idaa=288853&codart=SA14008&marart=230&seopth=HIFI-FILTRI-SA14008-FILTRO-ARIA-P181088-HIFI
PC178,93023E,FILTRO ARIA P778462,https://e-commerce.michelecaroli.com/wso/pages/user/wso0205.jsf?idaa=369300&codart=93023E&marart=218&seopth=WIX-INDUSTRIAL-HD-93023E-FILTRO-ARIA-P778462
PC177,SA14085,FILTRO ARIA P181089 HIFI,https://e-commerce.michelecaroli.com/wso/pages/user/wso0205.jsf?idaa=288874&codart=SA14085&marart=230&seopth=HIFI-FILTRI-SA14085-FILTRO-ARIA-P181089-HIFI
PC176,P181086,NON FORNIBILE VEDI ALTERNATIVA,https://e-commerce.michelecaroli.com/wso/pages/user/wso0205.jsf?idaa=155842&codart=P181086&marart=227&seopth=DONALDSON-FILTRI-P181086-NON-FORNIBILE-VEDI-ALTERNATIVA
PC162A,SN158,FILTRO NAFTA HIFI,https://e-commerce.michelecaroli.com/wso/pages/user/wso0205.jsf?idaa=298904&codart=SN158&marart=230&seopth=HIFI-FILTRI-SN158-FILTRO-NAFTA-HIFI
PC15P,SO580,FILTRO OLIO P550008# HIFI,https://e-commerce.michelecaroli.com/wso/pages/user/wso0205.jsf?idaa=300199&codart=SO580&marart=230&seopth=HIFI-FILTRI-SO580-FILTRO-OLIO-P550008-HIFI
PC157,SA10442,FILTRO ARIA P136390 HIFI ABBINATO CON SA11637,https://e-commerce.michelecaroli.com/wso/pages/user/wso0205.jsf?idaa=336028&codart=SA10442&marart=230&seopth=HIFI-FILTRI-SA10442-FILTRO-ARIA-P136390-HIFI
PC155,42589,FILTRO ARIA,https://e-commerce.michelecaroli.com/wso/pages/user/wso0205.jsf?idaa=366649&codart=42589&marart=218&seopth=WIX-INDUSTRIAL-HD-42589-FILTRO-ARIA
PC153,42583,FILTRO ARIA,https://e-commerce.michelecaroli.com/wso/pages/user/wso0205.jsf?idaa=366643&codart=42583&marart=218&seopth=WIX-INDUSTRIAL-HD-42583-FILTRO-ARIA
PC152,42591,FILTRO ARIA,https://e-commerce.michelecaroli.com/wso/pages/user/wso0205.jsf?idaa=366651&codart=42591&marart=218&seopth=WIX-INDUSTRIAL-HD-42591-FILTRO-ARIA
PC150,SA10408,FILTRO ARIA P142805 HIFI,https://e-commerce.michelecaroli.com/wso/pages/user/wso0205.jsf?idaa=423605&codart=SA10408&marart=230&seopth=HIFI-FILTRI-SA10408-FILTRO-ARIA-P142805-HIFI
PC15,SO580,FILTRO OLIO P550008# HIFI,https://e-commerce.michelecaroli.com/wso/pages/user/wso0205.jsf?idaa=300199&codart=SO580&marart=230&seopth=HIFI-FILTRI-SO580-FILTRO-OLIO-P550008-HIFI
