Code searched,Matched code,Part Category on Michele,Link to Michele product
PCA77,SA10793,FILTRO ARIA P528231 HIFI 152X108X50 MM.,https://e-commerce.michelecaroli.com/wso/pages/user/wso0205.jsf?idaa=336055&codart=SA10793&marart=230&seopth=HIFI-FILTRI-SA10793-FILTRO-ARIA-P528231-HIFI
PCA76,P528206,FILTRO ARIA DONALDSON P52-8206,https://e-commerce.michelecaroli.com/wso/pages/user/wso0205.jsf?idaa=156227&codart=P528206&marart=227&seopth=DONALDSON-FILTRI-P528206-FILTRO-ARIA-DONALDSON-P52-8206
PCA74,42372,FILTRO ARIA,https://e-commerce.michelecaroli.com/wso/pages/user/wso0205.jsf?idaa=366480&codart=42372&marart=218&seopth=WIX-INDUSTRIAL-HD-42372-FILTRO-ARIA
PCA73,42371,FILTRO ARIA,https://e-commerce.michelecaroli.com/wso/pages/user/wso0205.jsf?idaa=366479&codart=42371&marart=218&seopth=WIX-INDUSTRIAL-HD-42371-FILTRO-ARIA
PCA7087,SA11723,FILTRO ARIA P524382 HIFI,https://e-commerce.michelecaroli.com/wso/pages/user/wso0205.jsf?idaa=336237&codart=SA11723&marart=230&seopth=HIFI-FILTRI-SA11723-FILTRO-ARIA-P524382-HIFI
PCA70,42370,FILTRO ARIA,https://e-commerce.michelecaroli.com/wso/pages/user/wso0205.jsf?idaa=366478&codart=42370&marart=218&seopth=WIX-INDUSTRIAL-HD-42370-FILTRO-ARIA
PCA6326,46860,FILTRO ARIA,https://e-commerce.michelecaroli.com/wso/pages/user/wso0205.jsf?idaa=367575&codart=46860&marart=218&seopth=WIX-INDUSTRIAL-HD-46860-FILTRO-ARIA
PCA595,P182008,FILTRO ARIA,https://e-commerce.michelecaroli.com/wso/pages/user/wso0205.jsf?idaa=313754&codart=P182008&marart=227&seopth=DONALDSON-FILTRI-P182008-FILTRO-ARIA
PCA592,P181099,FILTRO ARIA DONALDSON PI8-1099,https://e-commerce.michelecaroli.com/wso/pages/user/wso0205.jsf?idaa=155853&codart=P181099&marart=227&seopth=DONALDSON-FILTRI-P181099-FILTRO-ARIA-DONALDSON-PI8-1099
PCA578,42954,FILTRO ARIA,https://e-commerce.michelecaroli.com/wso/pages/user/wso0205.jsf?idaa=366923&codart=42954&marart=218&seopth=WIX-INDUSTRIAL-HD-42954-FILTRO-ARIA
PCA573,42440,FILTRO ARIA,https://e-commerce.michelecaroli.com/wso/pages/user/wso0205.jsf?idaa=366527&codart=42440&marart=218&seopth=WIX-INDUSTRIAL-HD-42440-FILTRO-ARIA
PCA572,42627,FILTRO ARIA,https://e-commerce.michelecaroli.com/wso/pages/user/wso0205.jsf?idaa=366678&codart=42627&marart=218&seopth=WIX-INDUSTRIAL-HD-42627-FILTRO-ARIA
PCA570,42398,FILTRO ARIA,https://e-commerce.michelecaroli.com/wso/pages/user/wso0205.jsf?idaa=366499&codart=42398&marart=218&seopth=WIX-INDUSTRIAL-HD-42398-FILTRO-ARIA
PCA563SY,42928,FILTRO ARIA,https://e-commerce.michelecaroli.com/wso/pages/user/wso0205.jsf?idaa=366904&codart=42928&marart=218&seopth=WIX-INDUSTRIAL-HD-42928-FILTRO-ARIA
PCA563,P182044,FILTRO ARIA DONALDSON ABBINATO CON FILTRO INTERNO P119371,https://e-commerce.michelecaroli.com/wso/pages/user/wso0205.jsf?idaa=155910&codart=P182044&marart=227&seopth=DONALDSON-FILTRI-P182044-FILTRO-ARIA-DONALDSON
PCA550,P528219,FILTRO ARIA DONALDSON P52-8219,https://e-commerce.michelecaroli.com/wso/pages/user/wso0205.jsf?idaa=156233&codart=P528219&marart=227&seopth=DONALDSON-FILTRI-P528219-FILTRO-ARIA-DONALDSON-P52-8219
PCA546SY,42920,FILTRO ARIA P119375,https://e-commerce.michelecaroli.com/wso/pages/user/wso0205.jsf?idaa=366896&codart=42920&marart=218&seopth=WIX-INDUSTRIAL-HD-42920-FILTRO-ARIA-P119375
PCA546,SA10384K,FILTRO ARIA ESTERNO P772545 HIFI ACCOPPIATO CON SA10754,https://e-commerce.michelecaroli.com/wso/pages/user/wso0205.jsf?idaa=336010&codart=SA10384K&marart=230&seopth=HIFI-FILTRI-SA10384K-FILTRO-ARIA-ESTERNO-P772545-HIFI
PCA542,42976,FILTRO ARIA,https://e-commerce.michelecaroli.com/wso/pages/user/wso0205.jsf?idaa=366938&codart=42976&marart=218&seopth=WIX-INDUSTRIAL-HD-42976-FILTRO-ARIA
PCA536,42128,FILTRO ARIA,https://e-commerce.michelecaroli.com/wso/pages/user/wso0205.jsf?idaa=366342&codart=42128&marart=218&seopth=WIX-INDUSTRIAL-HD-42128-FILTRO-ARIA
PCA535,93349E,FILTRO ARIA P181041,https://e-commerce.michelecaroli.com/wso/pages/user/wso0205.jsf?idaa=369573&codart=93349E&marart=218&seopth=WIX-INDUSTRIAL-HD-93349E-FILTRO-ARIA-P181041
PCA534,42104,FILTRO ARIA,https://e-commerce.michelecaroli.com/wso/pages/user/wso0205.jsf?idaa=366319&codart=42104&marart=218&seopth=WIX-INDUSTRIAL-HD-42104-FILTRO-ARIA
PCA523SY,SA10440,FILTRO ARIA SICUREZZ P119374 HIFI ACCOPPIATO CON SA10368,https://e-commerce.michelecaroli.com/wso/pages/user/wso0205.jsf?idaa=336026&codart=SA10440&marart=230&seopth=HIFI-FILTRI-SA10440-FILTRO-ARIA-SICUREZZ-P119374-HIFI
PCA523,42119,FILTRO ARIA P181034/P182034,https://e-commerce.michelecaroli.com/wso/pages/user/wso0205.jsf?idaa=366333&codart=42119&marart=218&seopth=WIX-INDUSTRIAL-HD-42119-FILTRO-ARIA-P181034-P182034
PCA510,MD-320K,FILTRO ARIA,https://e-commerce.michelecaroli.com/wso/pages/user/wso0205.jsf?idaa=463609&codart=MD-320K&marart=ALCO&seopth=ALCO-MD-320K-FILTRO-ARIA
PCA507SY,SA11854,FILTRO ARIA P119373 HIFI,https://e-commerce.michelecaroli.com/wso/pages/user/wso0205.jsf?idaa=336297&codart=SA11854&marart=230&seopth=HIFI-FILTRI-SA11854-FILTRO-ARIA-P119373-HIFI
PCA507,P182046,FILTRO ARIA DONALDSON P18-2046 ABBINATO C/FILTRO INTERNO P119373,https://e-commerce.michelecaroli.com/wso/pages/user/wso0205.jsf?idaa=155912&codart=P182046&marart=227&seopth=DONALDSON-FILTRI-P182046-FILTRO-ARIA-DONALDSON-P18-2046
PCA5030,46833,FILTRO ARIA,https://e-commerce.michelecaroli.com/wso/pages/user/wso0205.jsf?idaa=367552&codart=46833&marart=218&seopth=WIX-INDUSTRIAL-HD-46833-FILTRO-ARIA
PCA502SY,MD-372,FILTRO ARIA,https://e-commerce.michelecaroli.com/wso/pages/user/wso0205.jsf?idaa=463642&codart=MD-372&marart=ALCO&seopth=ALCO-MD-372-FILTRO-ARIA
PCA502,46547E,FILTRO ARIA P777152,https://e-commerce.michelecaroli.com/wso/pages/user/wso0205.jsf?idaa=369063&codart=46547E&marart=218&seopth=WIX-INDUSTRIAL-HD-46547E-FILTRO-ARIA-P777152
PCA4223,42377,FILTRO ARIA,https://e-commerce.michelecaroli.com/wso/pages/user/wso0205.jsf?idaa=366485&codart=42377&marart=218&seopth=WIX-INDUSTRIAL-HD-42377-FILTRO-ARIA
PCA3990,46883,FILTRO ARIA,https://e-commerce.michelecaroli.com/wso/pages/user/wso0205.jsf?idaa=367596&codart=46883&marart=218&seopth=WIX-INDUSTRIAL-HD-46883-FILTRO-ARIA
PCA3660,SA7005,FILTRO ARIA HIFI,https://e-commerce.michelecaroli.com/wso/pages/user/wso0205.jsf?idaa=291036&codart=SA7005&marart=230&seopth=HIFI-FILTRI-SA7005-FILTRO-ARIA-HIFI
PCA3603,42613,FILTRO ARIA,https://e-commerce.michelecaroli.com/wso/pages/user/wso0205.jsf?idaa=366670&codart=42613&marart=218&seopth=WIX-INDUSTRIAL-HD-42613-FILTRO-ARIA
PCA3518,42611,FILTRO ARIA,https://e-commerce.michelecaroli.com/wso/pages/user/wso0205.jsf?idaa=366668&codart=42611&marart=218&seopth=WIX-INDUSTRIAL-HD-42611-FILTRO-ARIA
PCA3517,42610,FILTRO ARIA,https://e-commerce.michelecaroli.com/wso/pages/user/wso0205.jsf?idaa=366667&codart=42610&marart=218&seopth=WIX-INDUSTRIAL-HD-42610-FILTRO-ARIA
PCA3273SY,SA10840,FILTRO ARIA SICUREZZA P116446 HIFI,https://e-commerce.michelecaroli.com/wso/pages/user/wso0205.jsf?idaa=336073&codart=SA10840&marart=230&seopth=HIFI-FILTRI-SA10840-FILTRO-ARIA-SICUREZZA-P116446-HIFI
PCA3273,P182049,FILTRO ARIA ESTERNO ABBINATO C/FILTRO INTERNO P116446,https://e-commerce.michelecaroli.com/wso/pages/user/wso0205.jsf?idaa=155913&codart=P182049&marart=227&seopth=DONALDSON-FILTRI-P182049-FILTRO-ARIA-ESTERNO
PCA287,42633,FILTRO ARIA,https://e-commerce.michelecaroli.com/wso/pages/user/wso0205.jsf?idaa=366684&codart=42633&marart=218&seopth=WIX-INDUSTRIAL-HD-42633-FILTRO-ARIA
PCA284,42337,FILTRO ARIA,https://e-commerce.michelecaroli.com/wso/pages/user/wso0205.jsf?idaa=366462&codart=42337&marart=218&seopth=WIX-INDUSTRIAL-HD-42337-FILTRO-ARIA
PCA270,42130,FILTRO ARIA,https://e-commerce.michelecaroli.com/wso/pages/user/wso0205.jsf?idaa=366344&codart=42130&marart=218&seopth=WIX-INDUSTRIAL-HD-42130-FILTRO-ARIA
PCA268,42865,FILTRO ARIA,https://e-commerce.michelecaroli.com/wso/pages/user/wso0205.jsf?idaa=366863&codart=42865&marart=218&seopth=WIX-INDUSTRIAL-HD-42865-FILTRO-ARIA
PCA260,42787,FILTRO ARIA,https://e-commerce.michelecaroli.com/wso/pages/user/wso0205.jsf?idaa=366816&codart=42787&marart=218&seopth=WIX-INDUSTRIAL-HD-42787-FILTRO-ARIA
PCA2595SY,SA11554,FILTRO ARIA P128408 HIFI,https://e-commerce.michelecaroli.com/wso/pages/user/wso0205.jsf?idaa=336174&codart=SA11554&marart=230&seopth=HIFI-FILTRI-SA11554-FILTRO-ARIA-P128408-HIFI
PCA259,P182000,"AIR FILTER, PRIMARY FINNED",https://e-commerce.michelecaroli.com/wso/pages/user/wso0205.jsf?idaa=441114&codart=P182000&marart=227&seopth=DONALDSON-FILTRI-P182000-AIR-FILTER-PRIMARY-FINNED
PCA258,MD-120K,FILTRO ARIA ALCO P181054,https://e-commerce.michelecaroli.com/wso/pages/user/wso0205.jsf?idaa=463489&codart=MD-120K&marart=ALCO&seopth=ALCO-MD-120K-FILTRO-ARIA-ALCO-P181054
PCA2571,SA11819,PANNELLO P150135 HIFI,https://e-commerce.michelecaroli.com/wso/pages/user/wso0205.jsf?idaa=336285&codart=SA11819&marart=230&seopth=HIFI-FILTRI-SA11819-PANNELLO-P150135-HIFI
PCA257,P182001,FILTRO ARIA,https://e-commerce.michelecaroli.com/wso/pages/user/wso0205.jsf?idaa=313753&codart=P182001&marart=227&seopth=DONALDSON-FILTRI-P182001-FILTRO-ARIA
PCA256,SA10385K,FILTRO ARIA P181050# HIFI ABBINATO CON SA14762,https://e-commerce.michelecaroli.com/wso/pages/user/wso0205.jsf?idaa=336011&codart=SA10385K&marart=230&seopth=HIFI-FILTRI-SA10385K-FILTRO-ARIA-P181050-HIFI
PCA2542,46250,FILTRO ARIA,https://e-commerce.michelecaroli.com/wso/pages/user/wso0205.jsf?idaa=367073&codart=46250&marart=218&seopth=WIX-INDUSTRIAL-HD-46250-FILTRO-ARIA
PCA2541SY,42494,FILTRO ARIA,https://e-commerce.michelecaroli.com/wso/pages/user/wso0205.jsf?idaa=366561&codart=42494&marart=218&seopth=WIX-INDUSTRIAL-HD-42494-FILTRO-ARIA
PCA2541,42493,FILTRO ARIA,https://e-commerce.michelecaroli.com/wso/pages/user/wso0205.jsf?idaa=366560&codart=42493&marart=218&seopth=WIX-INDUSTRIAL-HD-42493-FILTRO-ARIA
PCA2540,P182048,"AIR FILTER, PRIMARY ROUND",https://e-commerce.michelecaroli.com/wso/pages/user/wso0205.jsf?idaa=441115&codart=P182048&marart=227&seopth=DONALDSON-FILTRI-P182048-AIR-FILTER-PRIMARY-ROUND
PCA254,P182045,,https://e-commerce.michelecaroli.com/wso/pages/user/wso0205.jsf?idaa=155911&codart=P182045&marart=227&seopth=DONALDSON-FILTRI-P182045-FILTRO-ARIA-SOSTITUITO-DA-P181045
PCA2539,42941,FILTRO ARIA,https://e-commerce.michelecaroli.com/wso/pages/user/wso0205.jsf?idaa=366913&codart=42941&marart=218&seopth=WIX-INDUSTRIAL-HD-42941-FILTRO-ARIA
PCA2523SY,SA14100,FILTRO ARIA P119778 HIFI,https://e-commerce.michelecaroli.com/wso/pages/user/wso0205.jsf?idaa=288876&codart=SA14100&marart=230&seopth=HIFI-FILTRI-SA14100-FILTRO-ARIA-P119778-HIFI
PCA2523,P182063,FILTRO ARIA DONALDSON P18-2063 ABBINATO CON P119778,https://e-commerce.michelecaroli.com/wso/pages/user/wso0205.jsf?idaa=155918&codart=P182063&marart=227&seopth=DONALDSON-FILTRI-P182063-FILTRO-ARIA-DONALDSON-P18-2063
PCA25011,P182071,FILTRO ARIA,https://e-commerce.michelecaroli.com/wso/pages/user/wso0205.jsf?idaa=311904&codart=P182071&marart=227&seopth=DONALDSON-FILTRI-P182071-FILTRO-ARIA
PCA25010,51506,FILTRO IDRAULICO,https://e-commerce.michelecaroli.com/wso/pages/user/wso0205.jsf?idaa=368390&codart=51506&marart=218&seopth=WIX-INDUSTRIAL-HD-51506-FILTRO-IDRAULICO
PCA2501,P182071,FILTRO ARIA,https://e-commerce.michelecaroli.com/wso/pages/user/wso0205.jsf?idaa=311904&codart=P182071&marart=227&seopth=DONALDSON-FILTRI-P182071-FILTRO-ARIA
PCA25001,P182071,FILTRO ARIA,https://e-commerce.michelecaroli.com/wso/pages/user/wso0205.jsf?idaa=311904&codart=P182071&marart=227&seopth=DONALDSON-FILTRI-P182071-FILTRO-ARIA
PCA244,42290,FILTRO ARIA,https://e-commerce.michelecaroli.com/wso/pages/user/wso0205.jsf?idaa=366434&codart=42290&marart=218&seopth=WIX-INDUSTRIAL-HD-42290-FILTRO-ARIA
PCA239,42853,FILTRO ARIA,https://e-commerce.michelecaroli.com/wso/pages/user/wso0205.jsf?idaa=366853&codart=42853&marart=218&seopth=WIX-INDUSTRIAL-HD-42853-FILTRO-ARIA
PCA237,SA10293,FILTRO ARIA P158661 HIFI,https://e-commerce.michelecaroli.com/wso/pages/user/wso0205.jsf?idaa=335980&codart=SA10293&marart=230&seopth=HIFI-FILTRI-SA10293-FILTRO-ARIA-P158661-HIFI
PCA236,42335,FILTRO ARIA,https://e-commerce.michelecaroli.com/wso/pages/user/wso0205.jsf?idaa=366460&codart=42335&marart=218&seopth=WIX-INDUSTRIAL-HD-42335-FILTRO-ARIA
PCA235,42379,FILTRO ARIA,https://e-commerce.michelecaroli.com/wso/pages/user/wso0205.jsf?idaa=366487&codart=42379&marart=218&seopth=WIX-INDUSTRIAL-HD-42379-FILTRO-ARIA
PCA234,42046,FILTRO ARIA,https://e-commerce.michelecaroli.com/wso/pages/user/wso0205.jsf?idaa=366272&codart=42046&marart=218&seopth=WIX-INDUSTRIAL-HD-42046-FILTRO-ARIA
PCA226SY,42336,FILTRO ARIA,https://e-commerce.michelecaroli.com/wso/pages/user/wso0205.jsf?idaa=366461&codart=42336&marart=218&seopth=WIX-INDUSTRIAL-HD-42336-FILTRO-ARIA
PCA226,SA10285,FILTRO ARIA P181104 HIFI SCIUREZZA ABBINATO CON SA10288/SA10909,https://e-commerce.michelecaroli.com/wso/pages/user/wso0205.jsf?idaa=335974&codart=SA10285&marart=230&seopth=HIFI-FILTRI-SA10285-FILTRO-ARIA-P181104-HIFI-SCIUREZZA
PCA225,P182071,FILTRO ARIA,https://e-commerce.michelecaroli.com/wso/pages/user/wso0205.jsf?idaa=311904&codart=P182071&marart=227&seopth=DONALDSON-FILTRI-P182071-FILTRO-ARIA
PCA224,42047,FILTRO ARIA,https://e-commerce.michelecaroli.com/wso/pages/user/wso0205.jsf?idaa=366273&codart=42047&marart=218&seopth=WIX-INDUSTRIAL-HD-42047-FILTRO-ARIA
PCA223,42851,FILTRO ARIA,https://e-commerce.michelecaroli.com/wso/pages/user/wso0205.jsf?idaa=366851&codart=42851&marart=218&seopth=WIX-INDUSTRIAL-HD-42851-FILTRO-ARIA
PCA219,SA10282,,https://e-commerce.michelecaroli.com/wso/pages/user/wso0205.jsf?idaa=335972&codart=SA10282&marart=230&seopth=HIFI-FILTRI-SA10282-FILTRO-ARIA-P181106-HIFI
PCA189,42782,FILTRO ARIA P142810,https://e-commerce.michelecaroli.com/wso/pages/user/wso0205.jsf?idaa=366812&codart=42782&marart=218&seopth=WIX-INDUSTRIAL-HD-42782-FILTRO-ARIA-P142810
PCA160,42020,FILTRO ARIA,https://e-commerce.michelecaroli.com/wso/pages/user/wso0205.jsf?idaa=366254&codart=42020&marart=218&seopth=WIX-INDUSTRIAL-HD-42020-FILTRO-ARIA
PCA1588SY,SA11590,FILTRO ARIA SICUREZZAP181208 HIFI ACCOPPIATO CON SA11591,https://e-commerce.michelecaroli.com/wso/pages/user/wso0205.jsf?idaa=336185&codart=SA11590&marart=230&seopth=HIFI-FILTRI-SA11590-FILTRO-ARIA-SICUREZZAP181208-HIFI
PCA1588,SA11591,FILTRO ARIA ESTERNO P771546 HIFI ACCOPPIATO CON SA11590,https://e-commerce.michelecaroli.com/wso/pages/user/wso0205.jsf?idaa=336186&codart=SA11591&marart=230&seopth=HIFI-FILTRI-SA11591-FILTRO-ARIA-ESTERNO-P771546-HIFI
PCA1580,42759,FILTRO ARIA,https://e-commerce.michelecaroli.com/wso/pages/user/wso0205.jsf?idaa=366793&codart=42759&marart=218&seopth=WIX-INDUSTRIAL-HD-42759-FILTRO-ARIA
PCA1570,P181040,FILTRO ARIA DONALDSON P18-1040 ABBINATO C/FILTRO INTERNO P117781,https://e-commerce.michelecaroli.com/wso/pages/user/wso0205.jsf?idaa=155805&codart=P181040&marart=227&seopth=DONALDSON-FILTRI-P181040-FILTRO-ARIA-DONALDSON-P18-1040
PCA1565,P130764,FILTRO ARIA DONALDSON P13-0764,https://e-commerce.michelecaroli.com/wso/pages/user/wso0205.jsf?idaa=154701&codart=P130764&marart=227&seopth=DONALDSON-FILTRI-P130764-FILTRO-ARIA-DONALDSON-P13-0764
PCA1553SY,SA10913,FILTRO ARIA SICUREZZA P141319 HIFI ACCOPPIATO CON SA10897,https://e-commerce.michelecaroli.com/wso/pages/user/wso0205.jsf?idaa=336101&codart=SA10913&marart=230&seopth=HIFI-FILTRI-SA10913-FILTRO-ARIA-SICUREZZA-P141319-HIFI
PCA1553,SA10897,FILTRO ARIA ESTERNO P136255 HIFI ACCOPPIATO CON SA10913,https://e-commerce.michelecaroli.com/wso/pages/user/wso0205.jsf?idaa=336093&codart=SA10897&marart=230&seopth=HIFI-FILTRI-SA10897-FILTRO-ARIA-ESTERNO-P136255-HIFI
PCA1548,SA10823,FILTRO ARIA HIFI,https://e-commerce.michelecaroli.com/wso/pages/user/wso0205.jsf?idaa=336064&codart=SA10823&marart=230&seopth=HIFI-FILTRI-SA10823-FILTRO-ARIA-HIFI
PCA1543SY,MD-7102,FILTRO ARIA,https://e-commerce.michelecaroli.com/wso/pages/user/wso0205.jsf?idaa=464129&codart=MD-7102&marart=ALCO&seopth=ALCO-MD-7102-FILTRO-ARIA
PCA1543,SA14009K,FILTRO ARIA HIFI,https://e-commerce.michelecaroli.com/wso/pages/user/wso0205.jsf?idaa=288854&codart=SA14009K&marart=230&seopth=HIFI-FILTRI-SA14009K-FILTRO-ARIA-HIFI
PCA1541,SA10854,FILTRO ARIA ESTERNO P131348 HIFI ABBINATO CON SA10855,https://e-commerce.michelecaroli.com/wso/pages/user/wso0205.jsf?idaa=336079&codart=SA10854&marart=230&seopth=HIFI-FILTRI-SA10854-FILTRO-ARIA-ESTERNO-P131348-HIFI
PCA1537,P182055,FILTRO ARIA,https://e-commerce.michelecaroli.com/wso/pages/user/wso0205.jsf?idaa=155915&codart=P182055&marart=227&seopth=DONALDSON-FILTRI-P182055-FILTRO-ARIA
PCA1532,MD-7126K,,https://e-commerce.michelecaroli.com/wso/pages/user/wso0205.jsf?idaa=464142&codart=MD-7126K&marart=ALCO&seopth=ALCO-MD-7126K-FILTRO-ARIA
PCA1524,42684,FILTRO ARIA,https://e-commerce.michelecaroli.com/wso/pages/user/wso0205.jsf?idaa=366727&codart=42684&marart=218&seopth=WIX-INDUSTRIAL-HD-42684-FILTRO-ARIA
PCA1514,P182078,"AIR FILTER, PRIMARY ROUND ABBINATO C/FILTRO INTERNO P120307",https://e-commerce.michelecaroli.com/wso/pages/user/wso0205.jsf?idaa=441116&codart=P182078&marart=227&seopth=DONALDSON-FILTRI-P182078-AIR-FILTER-PRIMARY-ROUND
PCA151,42050,FILTRO ARIA,https://e-commerce.michelecaroli.com/wso/pages/user/wso0205.jsf?idaa=366276&codart=42050&marart=218&seopth=WIX-INDUSTRIAL-HD-42050-FILTRO-ARIA
PCA148,42055,FILTRO ARIA,https://e-commerce.michelecaroli.com/wso/pages/user/wso0205.jsf?idaa=366281&codart=42055&marart=218&seopth=WIX-INDUSTRIAL-HD-42055-FILTRO-ARIA
PCA146,SA545,FILTRO ARIA RENAULT 4,https://e-commerce.michelecaroli.com/wso/pages/user/wso0205.jsf?idaa=438616&codart=SA545&marart=230&seopth=HIFI-FILTRI-SA545-FILTRO-ARIA-RENAULT-4
PC9A,23.127.00,FILTRO OLIO UFI 23.127.00,https://e-commerce.michelecaroli.com/wso/pages/user/wso0205.jsf?idaa=149367&codart=23.127.00&marart=UFIHD&seopth=UFI-HD-23-127-00-FILTRO-OLIO-UFI-23-127-00
PC9661A,T1624,FILTRO OLIO P550227 HIFI,https://e-commerce.michelecaroli.com/wso/pages/user/wso0205.jsf?idaa=395320&codart=T1624&marart=230&seopth=HIFI-FILTRI-T1624-FILTRO-OLIO-P550227-HIFI
PC9660,T6720,FILTRO OLIO P550078 HIFI,https://e-commerce.michelecaroli.com/wso/pages/user/wso0205.jsf?idaa=395341&codart=T6720&marart=230&seopth=HIFI-FILTRI-T6720-FILTRO-OLIO-P550078-HIFI
PC945,33167E,FILTRO NAFTA# P550060,https://e-commerce.michelecaroli.com/wso/pages/user/wso0205.jsf?idaa=368995&codart=33167E&marart=218&seopth=WIX-INDUSTRIAL-HD-33167E-FILTRO-NAFTA-P550060
PC92P,51092,FILTRO OLIO,https://e-commerce.michelecaroli.com/wso/pages/user/wso0205.jsf?idaa=368106&codart=51092&marart=218&seopth=WIX-INDUSTRIAL-HD-51092-FILTRO-OLIO
PC88,42119,FILTRO ARIA P181034/P182034,https://e-commerce.michelecaroli.com/wso/pages/user/wso0205.jsf?idaa=366333&codart=42119&marart=218&seopth=WIX-INDUSTRIAL-HD-42119-FILTRO-ARIA-P181034-P182034
PC856,SO4032,FILTRO OLIO HIFI,https://e-commerce.michelecaroli.com/wso/pages/user/wso0205.jsf?idaa=300132&codart=SO4032&marart=230&seopth=HIFI-FILTRI-SO4032-FILTRO-OLIO-HIFI
PC854,33073,FILTRO NAFTA,https://e-commerce.michelecaroli.com/wso/pages/user/wso0205.jsf?idaa=365761&codart=33073&marart=218&seopth=WIX-INDUSTRIAL-HD-33073-FILTRO-NAFTA
