Code searched,Matched code,Part Category on Michele,Link to Michele product
P766,51639,FILTRO IDRAULICO,https://e-commerce.michelecaroli.com/wso/pages/user/wso0205.jsf?idaa=368512&codart=51639&marart=218&seopth=WIX-INDUSTRIAL-HD-51639-FILTRO-IDRAULICO
P766,51639,FILTRO IDRAULICO,https://e-commerce.michelecaroli.com/wso/pages/user/wso0205.jsf?idaa=368512&codart=51639&marart=218&seopth=WIX-INDUSTRIAL-HD-51639-FILTRO-IDRAULICO
P765363,P765363,,https://e-commerce.michelecaroli.com/wso/pages/user/wso0205.jsf?idaa=157598&codart=P765363&marart=227&seopth=DONALDSON-FILTRI-P765363-CODICE-CANCELLATO-E-NON-SOSTITUITO
P765,P551305,FILTRO OLIO DONALDSON P55-1305 NON ESISTE SU DATABASE DONALDSON,https://e-commerce.michelecaroli.com/wso/pages/user/wso0205.jsf?idaa=439231&codart=P551305&marart=227&seopth=DONALDSON-FILTRI-P551305-FILTRO-OLIO-DONALDSON-P55-1305
P764831,P764831,FILTRO HYD. DONALDSON P76-4831,https://e-commerce.michelecaroli.com/wso/pages/user/wso0205.jsf?idaa=157587&codart=P764831&marart=227&seopth=DONALDSON-FILTRI-P764831-FILTRO-HYD-DONALDSON-P76-4831
P764737,P764737,FILTRO HYDR.DONALDSON 8 MICRON,https://e-commerce.michelecaroli.com/wso/pages/user/wso0205.jsf?idaa=157586&codart=P764737&marart=227&seopth=DONALDSON-FILTRI-P764737-FILTRO-HYDR-DONALDSON-8-MICRON
P764626,P764626,FILTRO IDRAULICO,https://e-commerce.michelecaroli.com/wso/pages/user/wso0205.jsf?idaa=157578&codart=P764626&marart=227&seopth=DONALDSON-FILTRI-P764626-FILTRO-IDRAULICO
P764618,P764618,,https://e-commerce.michelecaroli.com/wso/pages/user/wso0205.jsf?idaa=157577&codart=P764618&marart=227&seopth=DONALDSON-FILTRI-P764618-FILTRO-HYDR-DONALDSON-P76-4618
P764607,SH63015,FILTRO HYDR. P764607 HIFI,https://e-commerce.michelecaroli.com/wso/pages/user/wso0205.jsf?idaa=295885&codart=SH63015&marart=230&seopth=HIFI-FILTRI-SH63015-FILTRO-HYDR-P764607-HIFI
P764607,SH63015,FILTRO HYDR. P764607 HIFI,https://e-commerce.michelecaroli.com/wso/pages/user/wso0205.jsf?idaa=295885&codart=SH63015&marart=230&seopth=HIFI-FILTRI-SH63015-FILTRO-HYDR-P764607-HIFI
P764323032,SAB085011,,https://e-commerce.michelecaroli.com/wso/pages/user/wso0205.jsf?idaa=399705&codart=SAB085011&marart=230&seopth=HIFI-FILTRI-SAB085011-FILTRO-ARIA-B085011-HIFI
P764112,SH84012,,https://e-commerce.michelecaroli.com/wso/pages/user/wso0205.jsf?idaa=297810&codart=SH84012&marart=230&seopth=HIFI-FILTRI-SH84012-FILTRO-HYDR-P764112-HIFI
P764112,SH84012,,https://e-commerce.michelecaroli.com/wso/pages/user/wso0205.jsf?idaa=297810&codart=SH84012&marart=230&seopth=HIFI-FILTRI-SH84012-FILTRO-HYDR-P764112-HIFI
P763565,SH60247,FILTRO HYDR. HIFI,https://e-commerce.michelecaroli.com/wso/pages/user/wso0205.jsf?idaa=294553&codart=SH60247&marart=230&seopth=HIFI-FILTRI-SH60247-FILTRO-HYDR-HIFI
P763544,P763544,,https://e-commerce.michelecaroli.com/wso/pages/user/wso0205.jsf?idaa=443047&codart=P763544&marart=227&seopth=DONALDSON-FILTRI-P763544-HYDRAULIC-FILTER-STRAINER
P763505,P763505,FILTRO IDRAULICO,https://e-commerce.michelecaroli.com/wso/pages/user/wso0205.jsf?idaa=157534&codart=P763505&marart=227&seopth=DONALDSON-FILTRI-P763505-FILTRO-IDRAULICO
P763269,P763269,FILTRO HYDR.DONALDSON P76-3269,https://e-commerce.michelecaroli.com/wso/pages/user/wso0205.jsf?idaa=157522&codart=P763269&marart=227&seopth=DONALDSON-FILTRI-P763269-FILTRO-HYDR-DONALDSON-P76-3269
P763267,P763267,FILTRO HYDR.DONALDSON P76-3267,https://e-commerce.michelecaroli.com/wso/pages/user/wso0205.jsf?idaa=157520&codart=P763267&marart=227&seopth=DONALDSON-FILTRI-P763267-FILTRO-HYDR-DONALDSON-P76-3267
P763184,P763184,FILTRO HYDR.DONALDSON P76-3184,https://e-commerce.michelecaroli.com/wso/pages/user/wso0205.jsf?idaa=157505&codart=P763184&marart=227&seopth=DONALDSON-FILTRI-P763184-FILTRO-HYDR-DONALDSON-P76-3184
P763004,P763004,FILTRO HYDR.DONALDSON P76-3004,https://e-commerce.michelecaroli.com/wso/pages/user/wso0205.jsf?idaa=157498&codart=P763004&marart=227&seopth=DONALDSON-FILTRI-P763004-FILTRO-HYDR-DONALDSON-P76-3004
P763004,P763004,FILTRO HYDR.DONALDSON P76-3004,https://e-commerce.michelecaroli.com/wso/pages/user/wso0205.jsf?idaa=157498&codart=P763004&marart=227&seopth=DONALDSON-FILTRI-P763004-FILTRO-HYDR-DONALDSON-P76-3004
P763,51679,FILTRO IDRAULICO,https://e-commerce.michelecaroli.com/wso/pages/user/wso0205.jsf?idaa=368546&codart=51679&marart=218&seopth=WIX-INDUSTRIAL-HD-51679-FILTRO-IDRAULICO
P762771,P762771,,https://e-commerce.michelecaroli.com/wso/pages/user/wso0205.jsf?idaa=443036&codart=P762771&marart=227&seopth=DONALDSON-FILTRI-P762771-HYDRAULIC-FILLER-CAP
P762554,P762554,"HEAD ASSEMBLY, HMK04 DURAMAX",https://e-commerce.michelecaroli.com/wso/pages/user/wso0205.jsf?idaa=443030&codart=P762554&marart=227&seopth=DONALDSON-FILTRI-P762554-HEAD-ASSEMBLY-HMK04-DURAMAX
P762,51076,FILTRO OLIO,https://e-commerce.michelecaroli.com/wso/pages/user/wso0205.jsf?idaa=368095&codart=51076&marart=218&seopth=WIX-INDUSTRIAL-HD-51076-FILTRO-OLIO
P761266,SH66124,FILTRO HYDR. P761266 HIFI,https://e-commerce.michelecaroli.com/wso/pages/user/wso0205.jsf?idaa=296204&codart=SH66124&marart=230&seopth=HIFI-FILTRI-SH66124-FILTRO-HYDR-P761266-HIFI
P761266,SH66124,FILTRO HYDR. P761266 HIFI,https://e-commerce.michelecaroli.com/wso/pages/user/wso0205.jsf?idaa=296204&codart=SH66124&marart=230&seopth=HIFI-FILTRI-SH66124-FILTRO-HYDR-P761266-HIFI
P761,51134,FILTRO IDRAULICO,https://e-commerce.michelecaroli.com/wso/pages/user/wso0205.jsf?idaa=368126&codart=51134&marart=218&seopth=WIX-INDUSTRIAL-HD-51134-FILTRO-IDRAULICO
P761,51134,FILTRO IDRAULICO,https://e-commerce.michelecaroli.com/wso/pages/user/wso0205.jsf?idaa=368126&codart=51134&marart=218&seopth=WIX-INDUSTRIAL-HD-51134-FILTRO-IDRAULICO
P760972,SH66419,FILTRO HYDR.HIFI P163496/P163419,https://e-commerce.michelecaroli.com/wso/pages/user/wso0205.jsf?idaa=296298&codart=SH66419&marart=230&seopth=HIFI-FILTRI-SH66419-FILTRO-HYDR-HIFI-P163496-P163419
P760682,P760682,,https://e-commerce.michelecaroli.com/wso/pages/user/wso0205.jsf?idaa=442713&codart=P760682&marart=227&seopth=DONALDSON-FILTRI-P760682-FLANGE
P760529,P760529,,https://e-commerce.michelecaroli.com/wso/pages/user/wso0205.jsf?idaa=442712&codart=P760529&marart=227&seopth=DONALDSON-FILTRI-P760529-HYDRAULIC-HOUSING
P760327,P760327,HIDRAULIC FILTER,https://e-commerce.michelecaroli.com/wso/pages/user/wso0205.jsf?idaa=157452&codart=P760327&marart=227&seopth=DONALDSON-FILTRI-P760327-HIDRAULIC-FILTER
P760048,P760048,,https://e-commerce.michelecaroli.com/wso/pages/user/wso0205.jsf?idaa=157444&codart=P760048&marart=227&seopth=DONALDSON-FILTRI-P760048-FILTRO-HYDR-DONALDSON-P76-0048
P7600,51076,FILTRO OLIO,https://e-commerce.michelecaroli.com/wso/pages/user/wso0205.jsf?idaa=368095&codart=51076&marart=218&seopth=WIX-INDUSTRIAL-HD-51076-FILTRO-OLIO
P76,51076,FILTRO OLIO,https://e-commerce.michelecaroli.com/wso/pages/user/wso0205.jsf?idaa=368095&codart=51076&marart=218&seopth=WIX-INDUSTRIAL-HD-51076-FILTRO-OLIO
P75B464,51506,FILTRO IDRAULICO,https://e-commerce.michelecaroli.com/wso/pages/user/wso0205.jsf?idaa=368390&codart=51506&marart=218&seopth=WIX-INDUSTRIAL-HD-51506-FILTRO-IDRAULICO
P758,51407XE,FILTRO IDRAULICO,https://e-commerce.michelecaroli.com/wso/pages/user/wso0205.jsf?idaa=369116&codart=51407XE&marart=218&seopth=WIX-INDUSTRIAL-HD-51407XE-FILTRO-IDRAULICO
P757,51407XE,FILTRO IDRAULICO,https://e-commerce.michelecaroli.com/wso/pages/user/wso0205.jsf?idaa=369116&codart=51407XE&marart=218&seopth=WIX-INDUSTRIAL-HD-51407XE-FILTRO-IDRAULICO
P7563,SH66381,FILTRO HYDR. P164381 HIFI,https://e-commerce.michelecaroli.com/wso/pages/user/wso0205.jsf?idaa=296297&codart=SH66381&marart=230&seopth=HIFI-FILTRI-SH66381-FILTRO-HYDR-P164381-HIFI
P7562,51746,FILTRO IDRAULICO,https://e-commerce.michelecaroli.com/wso/pages/user/wso0205.jsf?idaa=368598&codart=51746&marart=218&seopth=WIX-INDUSTRIAL-HD-51746-FILTRO-IDRAULICO
P756,51407XE,FILTRO IDRAULICO,https://e-commerce.michelecaroli.com/wso/pages/user/wso0205.jsf?idaa=369116&codart=51407XE&marart=218&seopth=WIX-INDUSTRIAL-HD-51407XE-FILTRO-IDRAULICO
P755,SH56252,FILTRO HYDR. P164241 HIFI,https://e-commerce.michelecaroli.com/wso/pages/user/wso0205.jsf?idaa=294090&codart=SH56252&marart=230&seopth=HIFI-FILTRI-SH56252-FILTRO-HYDR-P164241-HIFI
P755,SH56252,FILTRO HYDR. P164241 HIFI,https://e-commerce.michelecaroli.com/wso/pages/user/wso0205.jsf?idaa=294090&codart=SH56252&marart=230&seopth=HIFI-FILTRI-SH56252-FILTRO-HYDR-P164241-HIFI
P7549,92130E,,https://e-commerce.michelecaroli.com/wso/pages/user/wso0205.jsf?idaa=369255&codart=92130E&marart=218&seopth=WIX-INDUSTRIAL-HD-92130E-FILTRO-OLIO-P550317
P7546,51615,FILTRO IDRAULICO,https://e-commerce.michelecaroli.com/wso/pages/user/wso0205.jsf?idaa=368491&codart=51615&marart=218&seopth=WIX-INDUSTRIAL-HD-51615-FILTRO-IDRAULICO
P7536,51716,FILTRO IDRAULICO,https://e-commerce.michelecaroli.com/wso/pages/user/wso0205.jsf?idaa=368571&codart=51716&marart=218&seopth=WIX-INDUSTRIAL-HD-51716-FILTRO-IDRAULICO
P7535,51610,FILTRO IDRAULICO P162766,https://e-commerce.michelecaroli.com/wso/pages/user/wso0205.jsf?idaa=368486&codart=51610&marart=218&seopth=WIX-INDUSTRIAL-HD-51610-FILTRO-IDRAULICO-P162766
P7534,57602,FILTRO OLIO,https://e-commerce.michelecaroli.com/wso/pages/user/wso0205.jsf?idaa=368896&codart=57602&marart=218&seopth=WIX-INDUSTRIAL-HD-57602-FILTRO-OLIO
P7531,51463,FILTRO IDRAULICO,https://e-commerce.michelecaroli.com/wso/pages/user/wso0205.jsf?idaa=368358&codart=51463&marart=218&seopth=WIX-INDUSTRIAL-HD-51463-FILTRO-IDRAULICO
P7529,51095E,FILTRO OLIO P550341,https://e-commerce.michelecaroli.com/wso/pages/user/wso0205.jsf?idaa=369105&codart=51095E&marart=218&seopth=WIX-INDUSTRIAL-HD-51095E-FILTRO-OLIO-P550341
P7527,51663,FILTRO HYDRAULICO P556005,https://e-commerce.michelecaroli.com/wso/pages/user/wso0205.jsf?idaa=368531&codart=51663&marart=218&seopth=WIX-INDUSTRIAL-HD-51663-FILTRO-HYDRAULICO-P556005
P7524,SH56760,FILTRO HYDR. P550388 HIFI GILBARCO 140845093,https://e-commerce.michelecaroli.com/wso/pages/user/wso0205.jsf?idaa=294222&codart=SH56760&marart=230&seopth=HIFI-FILTRI-SH56760-FILTRO-HYDR-P550388-HIFI
P752,51529,FILTRO IDRAULICO,https://e-commerce.michelecaroli.com/wso/pages/user/wso0205.jsf?idaa=368412&codart=51529&marart=218&seopth=WIX-INDUSTRIAL-HD-51529-FILTRO-IDRAULICO
P7513,SN324,FILTRO NAFTA P554620 HIFI,https://e-commerce.michelecaroli.com/wso/pages/user/wso0205.jsf?idaa=299957&codart=SN324&marart=230&seopth=HIFI-FILTRI-SN324-FILTRO-NAFTA-P554620-HIFI
P744,51499,FILTRO IDRAULICO,https://e-commerce.michelecaroli.com/wso/pages/user/wso0205.jsf?idaa=368385&codart=51499&marart=218&seopth=WIX-INDUSTRIAL-HD-51499-FILTRO-IDRAULICO
P743,51133,FILTRO OLIO# P550132,https://e-commerce.michelecaroli.com/wso/pages/user/wso0205.jsf?idaa=368125&codart=51133&marart=218&seopth=WIX-INDUSTRIAL-HD-51133-FILTRO-OLIO-P550132
P742,51866,FILTRO OLIO,https://e-commerce.michelecaroli.com/wso/pages/user/wso0205.jsf?idaa=368684&codart=51866&marart=218&seopth=WIX-INDUSTRIAL-HD-51866-FILTRO-OLIO
P741,51637,FILTRO OLIO,https://e-commerce.michelecaroli.com/wso/pages/user/wso0205.jsf?idaa=368510&codart=51637&marart=218&seopth=WIX-INDUSTRIAL-HD-51637-FILTRO-OLIO
P7405,P956059,"LUBE FILTER, CARTRIDGE ex. P551005",https://e-commerce.michelecaroli.com/wso/pages/user/wso0205.jsf?idaa=443328&codart=P956059&marart=227&seopth=DONALDSON-FILTRI-P956059-LUBE-FILTER-CARTRIDGE
P7402,SN185,FILTRO NAFTA P557440# HIFI,https://e-commerce.michelecaroli.com/wso/pages/user/wso0205.jsf?idaa=298907&codart=SN185&marart=230&seopth=HIFI-FILTRI-SN185-FILTRO-NAFTA-P557440-HIFI
P739,51253,FILTRO IDRAULICO,https://e-commerce.michelecaroli.com/wso/pages/user/wso0205.jsf?idaa=368210&codart=51253&marart=218&seopth=WIX-INDUSTRIAL-HD-51253-FILTRO-IDRAULICO
P738,SH56760,FILTRO HYDR. P550388 HIFI GILBARCO 140845093,https://e-commerce.michelecaroli.com/wso/pages/user/wso0205.jsf?idaa=294222&codart=SH56760&marart=230&seopth=HIFI-FILTRI-SH56760-FILTRO-HYDR-P550388-HIFI
P734,51663,FILTRO HYDRAULICO P556005,https://e-commerce.michelecaroli.com/wso/pages/user/wso0205.jsf?idaa=368531&codart=51663&marart=218&seopth=WIX-INDUSTRIAL-HD-51663-FILTRO-HYDRAULICO-P556005
P733,51663,FILTRO HYDRAULICO P556005,https://e-commerce.michelecaroli.com/wso/pages/user/wso0205.jsf?idaa=368531&codart=51663&marart=218&seopth=WIX-INDUSTRIAL-HD-51663-FILTRO-HYDRAULICO-P556005
P7320,SH66335,FILTRO HYDR. HIFI,https://e-commerce.michelecaroli.com/wso/pages/user/wso0205.jsf?idaa=446188&codart=SH66335&marart=230&seopth=HIFI-FILTRI-SH66335-FILTRO-HYDR-HIFI
P732,51553,FILTRO IDRAULICO,https://e-commerce.michelecaroli.com/wso/pages/user/wso0205.jsf?idaa=368434&codart=51553&marart=218&seopth=WIX-INDUSTRIAL-HD-51553-FILTRO-IDRAULICO
P731,51551,FILTRO IDRAULICO,https://e-commerce.michelecaroli.com/wso/pages/user/wso0205.jsf?idaa=368432&codart=51551&marart=218&seopth=WIX-INDUSTRIAL-HD-51551-FILTRO-IDRAULICO
P7305,SO7034,FILTRO OLIO P550764 HIFI,https://e-commerce.michelecaroli.com/wso/pages/user/wso0205.jsf?idaa=300449&codart=SO7034&marart=230&seopth=HIFI-FILTRI-SO7034-FILTRO-OLIO-P550764-HIFI
P730,SH56052,FILTRO HYDR. P164348 HIFI,https://e-commerce.michelecaroli.com/wso/pages/user/wso0205.jsf?idaa=293996&codart=SH56052&marart=230&seopth=HIFI-FILTRI-SH56052-FILTRO-HYDR-P164348-HIFI
P729,SH56052,FILTRO HYDR. P164348 HIFI,https://e-commerce.michelecaroli.com/wso/pages/user/wso0205.jsf?idaa=293996&codart=SH56052&marart=230&seopth=HIFI-FILTRI-SH56052-FILTRO-HYDR-P164348-HIFI
P72711,SA10385K,FILTRO ARIA P181050# HIFI ABBINATO CON SA14762,https://e-commerce.michelecaroli.com/wso/pages/user/wso0205.jsf?idaa=336011&codart=SA10385K&marart=230&seopth=HIFI-FILTRI-SA10385K-FILTRO-ARIA-P181050-HIFI
P7253,51746,FILTRO IDRAULICO,https://e-commerce.michelecaroli.com/wso/pages/user/wso0205.jsf?idaa=368598&codart=51746&marart=218&seopth=WIX-INDUSTRIAL-HD-51746-FILTRO-IDRAULICO
P7252,SH56756,,https://e-commerce.michelecaroli.com/wso/pages/user/wso0205.jsf?idaa=438534&codart=SH56756&marart=230&seopth=HIFI-FILTRI-SH56756-FILTRO-HYDR-HIFI-P167162
P7251,SN105,FILTRO NAFTA P550105 HIFI,https://e-commerce.michelecaroli.com/wso/pages/user/wso0205.jsf?idaa=298869&codart=SN105&marart=230&seopth=HIFI-FILTRI-SN105-FILTRO-NAFTA-P550105-HIFI
P7236,P164059,"HYDRAULIC FILTER, SPIN-ON DURAMAX",https://e-commerce.michelecaroli.com/wso/pages/user/wso0205.jsf?idaa=440962&codart=P164059&marart=227&seopth=DONALDSON-FILTRI-P164059-HYDRAULIC-FILTER-SPIN-ON-DURAMAX
P7227,SP-869,FILTRO IDRAULICO,https://e-commerce.michelecaroli.com/wso/pages/user/wso0205.jsf?idaa=466354&codart=SP-869&marart=ALCO&seopth=ALCO-SP-869-FILTRO-IDRAULICO
P720071,P207363,"ELBOW, 90 DEGREE 3.5 IN (89 MM) OD-",https://e-commerce.michelecaroli.com/wso/pages/user/wso0205.jsf?idaa=441290&codart=P207363&marart=227&seopth=DONALDSON-FILTRI-P207363-ELBOW-90-DEGREE-3-5-IN-89-MM-OD-
P720048,P206398,"ELBOW, 90 DEGREE 3.5 IN (89 MM) OD-",https://e-commerce.michelecaroli.com/wso/pages/user/wso0205.jsf?idaa=441198&codart=P206398&marart=227&seopth=DONALDSON-FILTRI-P206398-ELBOW-90-DEGREE-3-5-IN-89-MM-OD-
P720047,P206327,"REDUCER, 4-3.5 IN (102-89 MM) OD-ID",https://e-commerce.michelecaroli.com/wso/pages/user/wso0205.jsf?idaa=441150&codart=P206327&marart=227&seopth=DONALDSON-FILTRI-P206327-REDUCER-4-3-5-IN-102-89-MM-OD-ID
P720018,P101291,RIDUTTORE DONALDSON 76X102X133,https://e-commerce.michelecaroli.com/wso/pages/user/wso0205.jsf?idaa=154507&codart=P101291&marart=227&seopth=DONALDSON-FILTRI-P101291-RIDUTTORE-DONALDSON-76X102X133
P72,P72,,https://e-commerce.michelecaroli.com/wso/pages/user/wso0205.jsf?idaa=131906&codart=P72&marart=180&seopth=SKF-CUSCINETTI-P72-SUPPORTO
P72,P72,,https://e-commerce.michelecaroli.com/wso/pages/user/wso0205.jsf?idaa=131906&codart=P72&marart=180&seopth=SKF-CUSCINETTI-P72-SUPPORTO
P7184,SO7001,FILTRO OLIO P550315 HIFI,https://e-commerce.michelecaroli.com/wso/pages/user/wso0205.jsf?idaa=300418&codart=SO7001&marart=230&seopth=HIFI-FILTRI-SO7001-FILTRO-OLIO-P550315-HIFI
P717639,MD-7582S,FILTRO ARIA,https://e-commerce.michelecaroli.com/wso/pages/user/wso0205.jsf?idaa=464353&codart=MD-7582S&marart=ALCO&seopth=ALCO-MD-7582S-FILTRO-ARIA
P717301950,SH66381,FILTRO HYDR. P164381 HIFI,https://e-commerce.michelecaroli.com/wso/pages/user/wso0205.jsf?idaa=296297&codart=SH66381&marart=230&seopth=HIFI-FILTRI-SH66381-FILTRO-HYDR-P164381-HIFI
P7168,33650,,https://e-commerce.michelecaroli.com/wso/pages/user/wso0205.jsf?idaa=366025&codart=33650&marart=218&seopth=WIX-INDUSTRIAL-HD-33650-FILTRO-NAFTA
P7163,SN40657,FILTRO NAFTA P551335 HIFI,https://e-commerce.michelecaroli.com/wso/pages/user/wso0205.jsf?idaa=299323&codart=SN40657&marart=230&seopth=HIFI-FILTRI-SN40657-FILTRO-NAFTA-P551335-HIFI
P7127,SO2185,,https://e-commerce.michelecaroli.com/wso/pages/user/wso0205.jsf?idaa=438680&codart=SO2185&marart=230&seopth=HIFI-FILTRI-SO2185-FILTRO
P7126,SO1661,,https://e-commerce.michelecaroli.com/wso/pages/user/wso0205.jsf?idaa=438618&codart=SO1661&marart=230&seopth=HIFI-FILTRI-SO1661-FILTRO
P7118,25.036.00,FILTRO OLIO IMM. UFI 25.036.00,https://e-commerce.michelecaroli.com/wso/pages/user/wso0205.jsf?idaa=149764&codart=25.036.00&marart=UFIHD&seopth=UFI-HD-25-036-00-FILTRO-OLIO-IMM-UFI-25-036-00
P711,51506,FILTRO IDRAULICO,https://e-commerce.michelecaroli.com/wso/pages/user/wso0205.jsf?idaa=368390&codart=51506&marart=218&seopth=WIX-INDUSTRIAL-HD-51506-FILTRO-IDRAULICO
P7102,P551345,"LUBE FILTER, CARTRIDGE",https://e-commerce.michelecaroli.com/wso/pages/user/wso0205.jsf?idaa=441587&codart=P551345&marart=227&seopth=DONALDSON-FILTRI-P551345-LUBE-FILTER-CARTRIDGE
P710,SH56235,FILTRO HYDR. P558467 HIFI,https://e-commerce.michelecaroli.com/wso/pages/user/wso0205.jsf?idaa=294080&codart=SH56235&marart=230&seopth=HIFI-FILTRI-SH56235-FILTRO-HYDR-P558467-HIFI
P710,SH56235,FILTRO HYDR. P558467 HIFI,https://e-commerce.michelecaroli.com/wso/pages/user/wso0205.jsf?idaa=294080&codart=SH56235&marart=230&seopth=HIFI-FILTRI-SH56235-FILTRO-HYDR-P558467-HIFI
P71,51021E,FILTRO OLIO#,https://e-commerce.michelecaroli.com/wso/pages/user/wso0205.jsf?idaa=369090&codart=51021E&marart=218&seopth=WIX-INDUSTRIAL-HD-51021E-FILTRO-OLIO-
P70V,SO599,FILTRO OLIO HIFI,https://e-commerce.michelecaroli.com/wso/pages/user/wso0205.jsf?idaa=300207&codart=SO599&marart=230&seopth=HIFI-FILTRI-SO599-FILTRO-OLIO-HIFI
P70FR,51010,FILTRO OLIO,https://e-commerce.michelecaroli.com/wso/pages/user/wso0205.jsf?idaa=368066&codart=51010&marart=218&seopth=WIX-INDUSTRIAL-HD-51010-FILTRO-OLIO
P709,P552459,FILTRO IDRAULICO,https://e-commerce.michelecaroli.com/wso/pages/user/wso0205.jsf?idaa=311986&codart=P552459&marart=227&seopth=DONALDSON-FILTRI-P552459-FILTRO-IDRAULICO
P7088,P550182,FILTRO OLIO DONALDSON P55-0182,https://e-commerce.michelecaroli.com/wso/pages/user/wso0205.jsf?idaa=156492&codart=P550182&marart=227&seopth=DONALDSON-FILTRI-P550182-FILTRO-OLIO-DONALDSON-P55-0182
P7084,SO6167,FILTRO OLIO HIFI,https://e-commerce.michelecaroli.com/wso/pages/user/wso0205.jsf?idaa=300318&codart=SO6167&marart=230&seopth=HIFI-FILTRI-SO6167-FILTRO-OLIO-HIFI
P7084,SO6167,FILTRO OLIO HIFI,https://e-commerce.michelecaroli.com/wso/pages/user/wso0205.jsf?idaa=300318&codart=SO6167&marart=230&seopth=HIFI-FILTRI-SO6167-FILTRO-OLIO-HIFI
