Code searched,Matched code,Part Category on Michele,Link to Michele product
PC8418,PC8418,,https://e-commerce.michelecaroli.com/wso/pages/user/wso0205.jsf?idaa=301604&codart=PC8418&marart=231&seopth=FILTRI-FIIAM-PC8418-FILTRO-ABITACOLO
PC83962,PC8396-2,,https://e-commerce.michelecaroli.com/wso/pages/user/wso0205.jsf?idaa=337859&codart=PC8396-2&marart=231&seopth=FILTRI-FIIAM-PC8396-2-FILTRO-ABITACOLO
PC83852,PC8385-2,,https://e-commerce.michelecaroli.com/wso/pages/user/wso0205.jsf?idaa=336782&codart=PC8385-2&marart=231&seopth=FILTRI-FIIAM-PC8385-2-FILTRO-ABITACOLO
PC83452,PC8345-2,,https://e-commerce.michelecaroli.com/wso/pages/user/wso0205.jsf?idaa=338020&codart=PC8345-2&marart=231&seopth=FILTRI-FIIAM-PC8345-2-FILTRO-ABITACOLO
PC834,26540153,FILTRO OLIO/OIL FILTER,https://e-commerce.michelecaroli.com/wso/pages/user/wso0205.jsf?idaa=46765&codart=26540153&marart=155&seopth=PERKINS-26540153-FILTRO-OLIO-OIL-FILTER
PC8330,PC8330,,https://e-commerce.michelecaroli.com/wso/pages/user/wso0205.jsf?idaa=337054&codart=PC8330&marart=231&seopth=FILTRI-FIIAM-PC8330-FILTRO-ABITACOLO
PC83232,PC8323-2,,https://e-commerce.michelecaroli.com/wso/pages/user/wso0205.jsf?idaa=338821&codart=PC8323-2&marart=231&seopth=FILTRI-FIIAM-PC8323-2-FILTRO-ABITACOLO
PC8305,PC8305,,https://e-commerce.michelecaroli.com/wso/pages/user/wso0205.jsf?idaa=338914&codart=PC8305&marart=231&seopth=FILTRI-FIIAM-PC8305-FILTRO-ABITACOLO
PC8297,PC8297,,https://e-commerce.michelecaroli.com/wso/pages/user/wso0205.jsf?idaa=339016&codart=PC8297&marart=231&seopth=FILTRI-FIIAM-PC8297-FILTRO-ABITACOLO
PC8296,PC8296,,https://e-commerce.michelecaroli.com/wso/pages/user/wso0205.jsf?idaa=338780&codart=PC8296&marart=231&seopth=FILTRI-FIIAM-PC8296-FILTRO-ABITACOLO
PC8295,PC8295,,https://e-commerce.michelecaroli.com/wso/pages/user/wso0205.jsf?idaa=337936&codart=PC8295&marart=231&seopth=FILTRI-FIIAM-PC8295-FILTRO-ABITACOLO
PC8280,PC8280,,https://e-commerce.michelecaroli.com/wso/pages/user/wso0205.jsf?idaa=301613&codart=PC8280&marart=231&seopth=FILTRI-FIIAM-PC8280-FILTRO-ABITACOLO
PC8256,PC8256,,https://e-commerce.michelecaroli.com/wso/pages/user/wso0205.jsf?idaa=336948&codart=PC8256&marart=231&seopth=FILTRI-FIIAM-PC8256-FILTRO-ABITACOLO
PC8255,PC8255,,https://e-commerce.michelecaroli.com/wso/pages/user/wso0205.jsf?idaa=338324&codart=PC8255&marart=231&seopth=FILTRI-FIIAM-PC8255-FILTRO-ABITACOLO
PC8251,PC8251,,https://e-commerce.michelecaroli.com/wso/pages/user/wso0205.jsf?idaa=338849&codart=PC8251&marart=231&seopth=FILTRI-FIIAM-PC8251-FILTRO-ABITACOLO
PC8250,PC8250,,https://e-commerce.michelecaroli.com/wso/pages/user/wso0205.jsf?idaa=339203&codart=PC8250&marart=231&seopth=FILTRI-FIIAM-PC8250-FILTRO-ABITACOLO
PC8238,PC8238,,https://e-commerce.michelecaroli.com/wso/pages/user/wso0205.jsf?idaa=337065&codart=PC8238&marart=231&seopth=FILTRI-FIIAM-PC8238-FILTRO-ABITACOLO
PC8224,PC8224,,https://e-commerce.michelecaroli.com/wso/pages/user/wso0205.jsf?idaa=336916&codart=PC8224&marart=231&seopth=FILTRI-FIIAM-PC8224-FILTRO-ABITACOLO
PC8221,PC8221,,https://e-commerce.michelecaroli.com/wso/pages/user/wso0205.jsf?idaa=338675&codart=PC8221&marart=231&seopth=FILTRI-FIIAM-PC8221-FILTRO-ABITACOLO
PC8215,PC8215,,https://e-commerce.michelecaroli.com/wso/pages/user/wso0205.jsf?idaa=339068&codart=PC8215&marart=231&seopth=FILTRI-FIIAM-PC8215-FILTRO-ABITACOLO
PC8200,PC8200,,https://e-commerce.michelecaroli.com/wso/pages/user/wso0205.jsf?idaa=337803&codart=PC8200&marart=231&seopth=FILTRI-FIIAM-PC8200-FILTRO-ABITACOLO
PC820,51302E,FILTRO OLIO P550052,https://e-commerce.michelecaroli.com/wso/pages/user/wso0205.jsf?idaa=369112&codart=51302E&marart=218&seopth=WIX-INDUSTRIAL-HD-51302E-FILTRO-OLIO-P550052
PC8196,PC8196,,https://e-commerce.michelecaroli.com/wso/pages/user/wso0205.jsf?idaa=338211&codart=PC8196&marart=231&seopth=FILTRI-FIIAM-PC8196-FILTRO-ABITACOLO
PC8195,PC8195,,https://e-commerce.michelecaroli.com/wso/pages/user/wso0205.jsf?idaa=301611&codart=PC8195&marart=231&seopth=FILTRI-FIIAM-PC8195-FILTRO-ABITACOLO
PC8192,PC8192,,https://e-commerce.michelecaroli.com/wso/pages/user/wso0205.jsf?idaa=338151&codart=PC8192&marart=231&seopth=FILTRI-FIIAM-PC8192-FILTRO-ABITACOLO
PC8186,PC8186,,https://e-commerce.michelecaroli.com/wso/pages/user/wso0205.jsf?idaa=337901&codart=PC8186&marart=231&seopth=FILTRI-FIIAM-PC8186-FILTRO-ABITACOLO
PC8185,PC8185,,https://e-commerce.michelecaroli.com/wso/pages/user/wso0205.jsf?idaa=337634&codart=PC8185&marart=231&seopth=FILTRI-FIIAM-PC8185-FILTRO-ABITACOLO
PC8180,PC8180,,https://e-commerce.michelecaroli.com/wso/pages/user/wso0205.jsf?idaa=337744&codart=PC8180&marart=231&seopth=FILTRI-FIIAM-PC8180-FILTRO-ABITACOLO
PC8170,PC8170,,https://e-commerce.michelecaroli.com/wso/pages/user/wso0205.jsf?idaa=338548&codart=PC8170&marart=231&seopth=FILTRI-FIIAM-PC8170-FILTRO-ABITACOLO
PC8166,PC8166,,https://e-commerce.michelecaroli.com/wso/pages/user/wso0205.jsf?idaa=337064&codart=PC8166&marart=231&seopth=FILTRI-FIIAM-PC8166-FILTRO-ABITACOLO
PC816,SO633,FILTRO OLIO HIFI,https://e-commerce.michelecaroli.com/wso/pages/user/wso0205.jsf?idaa=300350&codart=SO633&marart=230&seopth=HIFI-FILTRI-SO633-FILTRO-OLIO-HIFI
PC8153,PC8153,,https://e-commerce.michelecaroli.com/wso/pages/user/wso0205.jsf?idaa=337615&codart=PC8153&marart=231&seopth=FILTRI-FIIAM-PC8153-FILTRO-ABITACOLO
PC8141,PC8141,,https://e-commerce.michelecaroli.com/wso/pages/user/wso0205.jsf?idaa=337990&codart=PC8141&marart=231&seopth=FILTRI-FIIAM-PC8141-FILTRO-ABITACOLO
PC8133,PC8133,,https://e-commerce.michelecaroli.com/wso/pages/user/wso0205.jsf?idaa=339179&codart=PC8133&marart=231&seopth=FILTRI-FIIAM-PC8133-FILTRO-ABITACOLO
PC813,MD-013,FILTRO OLIO,https://e-commerce.michelecaroli.com/wso/pages/user/wso0205.jsf?idaa=463424&codart=MD-013&marart=ALCO&seopth=ALCO-MD-013-FILTRO-OLIO
PC8128,PC8128,,https://e-commerce.michelecaroli.com/wso/pages/user/wso0205.jsf?idaa=339178&codart=PC8128&marart=231&seopth=FILTRI-FIIAM-PC8128-FILTRO-ABITACOLO
PC812,33144,FILTRO NAFTA,https://e-commerce.michelecaroli.com/wso/pages/user/wso0205.jsf?idaa=365852&codart=33144&marart=218&seopth=WIX-INDUSTRIAL-HD-33144-FILTRO-NAFTA
PC8119,PC8119,,https://e-commerce.michelecaroli.com/wso/pages/user/wso0205.jsf?idaa=338924&codart=PC8119&marart=231&seopth=FILTRI-FIIAM-PC8119-FILTRO-ABITACOLO
PC8117,PC8117,,https://e-commerce.michelecaroli.com/wso/pages/user/wso0205.jsf?idaa=337835&codart=PC8117&marart=231&seopth=FILTRI-FIIAM-PC8117-FILTRO-ABITACOLO
PC8116,PC8116,,https://e-commerce.michelecaroli.com/wso/pages/user/wso0205.jsf?idaa=337587&codart=PC8116&marart=231&seopth=FILTRI-FIIAM-PC8116-FILTRO-ABITACOLO
PC8115,PC8115,,https://e-commerce.michelecaroli.com/wso/pages/user/wso0205.jsf?idaa=336889&codart=PC8115&marart=231&seopth=FILTRI-FIIAM-PC8115-FILTRO-ABITACOLO
PC8106,PC8106,,https://e-commerce.michelecaroli.com/wso/pages/user/wso0205.jsf?idaa=301631&codart=PC8106&marart=231&seopth=FILTRI-FIIAM-PC8106-FILTRO-ABITACOLO
PC8093,PC8093,,https://e-commerce.michelecaroli.com/wso/pages/user/wso0205.jsf?idaa=336843&codart=PC8093&marart=231&seopth=FILTRI-FIIAM-PC8093-FILTRO-ABITACOLO
PC8091,PC8091,,https://e-commerce.michelecaroli.com/wso/pages/user/wso0205.jsf?idaa=338515&codart=PC8091&marart=231&seopth=FILTRI-FIIAM-PC8091-FILTRO-ABITACOLO
PC8075,PC8075,,https://e-commerce.michelecaroli.com/wso/pages/user/wso0205.jsf?idaa=338254&codart=PC8075&marart=231&seopth=FILTRI-FIIAM-PC8075-FILTRO-ABITACOLO
PC8053,PC8053,,https://e-commerce.michelecaroli.com/wso/pages/user/wso0205.jsf?idaa=338892&codart=PC8053&marart=231&seopth=FILTRI-FIIAM-PC8053-FILTRO-ABITACOLO
PC8051,PC8051,,https://e-commerce.michelecaroli.com/wso/pages/user/wso0205.jsf?idaa=337792&codart=PC8051&marart=231&seopth=FILTRI-FIIAM-PC8051-FILTRO-ABITACOLO
PC80332,PC8033-2,,https://e-commerce.michelecaroli.com/wso/pages/user/wso0205.jsf?idaa=337834&codart=PC8033-2&marart=231&seopth=FILTRI-FIIAM-PC8033-2-FILTRO-ABITACOLO
PC8032,PC8032,,https://e-commerce.michelecaroli.com/wso/pages/user/wso0205.jsf?idaa=337650&codart=PC8032&marart=231&seopth=FILTRI-FIIAM-PC8032-FILTRO-ABITACOLO
PC8031,PC8031,,https://e-commerce.michelecaroli.com/wso/pages/user/wso0205.jsf?idaa=336958&codart=PC8031&marart=231&seopth=FILTRI-FIIAM-PC8031-FILTRO-ABITACOLO
PC8016,PC8016,,https://e-commerce.michelecaroli.com/wso/pages/user/wso0205.jsf?idaa=338859&codart=PC8016&marart=231&seopth=FILTRI-FIIAM-PC8016-FILTRO-ABITACOLO
PC801,SA311,FILTRO PANNELLO P607243 HIFI,https://e-commerce.michelecaroli.com/wso/pages/user/wso0205.jsf?idaa=290490&codart=SA311&marart=230&seopth=HIFI-FILTRI-SA311-FILTRO-PANNELLO-P607243-HIFI
PC801,SA311,FILTRO PANNELLO P607243 HIFI,https://e-commerce.michelecaroli.com/wso/pages/user/wso0205.jsf?idaa=290490&codart=SA311&marart=230&seopth=HIFI-FILTRI-SA311-FILTRO-PANNELLO-P607243-HIFI
PC8,51092,FILTRO OLIO,https://e-commerce.michelecaroli.com/wso/pages/user/wso0205.jsf?idaa=368106&codart=51092&marart=218&seopth=WIX-INDUSTRIAL-HD-51092-FILTRO-OLIO
PC76NP,51076,FILTRO OLIO,https://e-commerce.michelecaroli.com/wso/pages/user/wso0205.jsf?idaa=368095&codart=51076&marart=218&seopth=WIX-INDUSTRIAL-HD-51076-FILTRO-OLIO
PC76N,51076,FILTRO OLIO,https://e-commerce.michelecaroli.com/wso/pages/user/wso0205.jsf?idaa=368095&codart=51076&marart=218&seopth=WIX-INDUSTRIAL-HD-51076-FILTRO-OLIO
PC75,51133,FILTRO OLIO# P550132,https://e-commerce.michelecaroli.com/wso/pages/user/wso0205.jsf?idaa=368125&codart=51133&marart=218&seopth=WIX-INDUSTRIAL-HD-51133-FILTRO-OLIO-P550132
PC71,P539477,FILTRO ARIA VEDI HIFI,https://e-commerce.michelecaroli.com/wso/pages/user/wso0205.jsf?idaa=355998&codart=P539477&marart=227&seopth=DONALDSON-FILTRI-P539477-FILTRO-ARIA-VEDI-HIFI
PC70,51080,FILTRO OLIO,https://e-commerce.michelecaroli.com/wso/pages/user/wso0205.jsf?idaa=368097&codart=51080&marart=218&seopth=WIX-INDUSTRIAL-HD-51080-FILTRO-OLIO
PC62NP,SO599,FILTRO OLIO HIFI,https://e-commerce.michelecaroli.com/wso/pages/user/wso0205.jsf?idaa=300207&codart=SO599&marart=230&seopth=HIFI-FILTRI-SO599-FILTRO-OLIO-HIFI
PC60P,SP4464,,https://e-commerce.michelecaroli.com/wso/pages/user/wso0205.jsf?idaa=414708&codart=SP4464&marart=233&seopth=SF-FILTER-SP4464-FILTRO-OLIO
PC60P,SP4464,,https://e-commerce.michelecaroli.com/wso/pages/user/wso0205.jsf?idaa=414708&codart=SP4464&marart=233&seopth=SF-FILTER-SP4464-FILTRO-OLIO
PC60,SP4464,,https://e-commerce.michelecaroli.com/wso/pages/user/wso0205.jsf?idaa=414708&codart=SP4464&marart=233&seopth=SF-FILTER-SP4464-FILTRO-OLIO
PC60,SP4464,,https://e-commerce.michelecaroli.com/wso/pages/user/wso0205.jsf?idaa=414708&codart=SP4464&marart=233&seopth=SF-FILTER-SP4464-FILTRO-OLIO
PC60,SP4464,,https://e-commerce.michelecaroli.com/wso/pages/user/wso0205.jsf?idaa=414708&codart=SP4464&marart=233&seopth=SF-FILTER-SP4464-FILTRO-OLIO
PC5F,51021E,FILTRO OLIO#,https://e-commerce.michelecaroli.com/wso/pages/user/wso0205.jsf?idaa=369090&codart=51021E&marart=218&seopth=WIX-INDUSTRIAL-HD-51021E-FILTRO-OLIO-
PC57P,SP4464,,https://e-commerce.michelecaroli.com/wso/pages/user/wso0205.jsf?idaa=414708&codart=SP4464&marart=233&seopth=SF-FILTER-SP4464-FILTRO-OLIO
PC55P,51049,FILTRO OLIO,https://e-commerce.michelecaroli.com/wso/pages/user/wso0205.jsf?idaa=368078&codart=51049&marart=218&seopth=WIX-INDUSTRIAL-HD-51049-FILTRO-OLIO
PC55,51049,FILTRO OLIO,https://e-commerce.michelecaroli.com/wso/pages/user/wso0205.jsf?idaa=368078&codart=51049&marart=218&seopth=WIX-INDUSTRIAL-HD-51049-FILTRO-OLIO
PC507,SP-1414,FILTRO OLIO ALCO,https://e-commerce.michelecaroli.com/wso/pages/user/wso0205.jsf?idaa=466102&codart=SP-1414&marart=ALCO&seopth=ALCO-SP-1414-FILTRO-OLIO-ALCO
PC504,86.008.00,,https://e-commerce.michelecaroli.com/wso/pages/user/wso0205.jsf?idaa=370140&codart=86.008.00&marart=UFIHD&seopth=UFI-HD-86-008-00-FILTRO
PC500P,51021E,FILTRO OLIO#,https://e-commerce.michelecaroli.com/wso/pages/user/wso0205.jsf?idaa=369090&codart=51021E&marart=218&seopth=WIX-INDUSTRIAL-HD-51021E-FILTRO-OLIO-
PC500,51021E,FILTRO OLIO#,https://e-commerce.michelecaroli.com/wso/pages/user/wso0205.jsf?idaa=369090&codart=51021E&marart=218&seopth=WIX-INDUSTRIAL-HD-51021E-FILTRO-OLIO-
PC4FP,51475,FILTRO OLIO,https://e-commerce.michelecaroli.com/wso/pages/user/wso0205.jsf?idaa=368369&codart=51475&marart=218&seopth=WIX-INDUSTRIAL-HD-51475-FILTRO-OLIO
PC4F,51475,FILTRO OLIO,https://e-commerce.michelecaroli.com/wso/pages/user/wso0205.jsf?idaa=368369&codart=51475&marart=218&seopth=WIX-INDUSTRIAL-HD-51475-FILTRO-OLIO
PC48,46641,FILTRO ARIA,https://e-commerce.michelecaroli.com/wso/pages/user/wso0205.jsf?idaa=367389&codart=46641&marart=218&seopth=WIX-INDUSTRIAL-HD-46641-FILTRO-ARIA
PC48,46641,FILTRO ARIA,https://e-commerce.michelecaroli.com/wso/pages/user/wso0205.jsf?idaa=367389&codart=46641&marart=218&seopth=WIX-INDUSTRIAL-HD-46641-FILTRO-ARIA
PC47,SA311,FILTRO PANNELLO P607243 HIFI,https://e-commerce.michelecaroli.com/wso/pages/user/wso0205.jsf?idaa=290490&codart=SA311&marart=230&seopth=HIFI-FILTRI-SA311-FILTRO-PANNELLO-P607243-HIFI
PC46,SA311,FILTRO PANNELLO P607243 HIFI,https://e-commerce.michelecaroli.com/wso/pages/user/wso0205.jsf?idaa=290490&codart=SA311&marart=230&seopth=HIFI-FILTRI-SA311-FILTRO-PANNELLO-P607243-HIFI
PC45,24.309.00,FILTRO NAFTA DAF,https://e-commerce.michelecaroli.com/wso/pages/user/wso0205.jsf?idaa=148897&codart=24.309.00&marart=UFIHD&seopth=UFI-HD-24-309-00-FILTRO-NAFTA-DAF
PC445,42325E,,https://e-commerce.michelecaroli.com/wso/pages/user/wso0205.jsf?idaa=369017&codart=42325E&marart=218&seopth=WIX-INDUSTRIAL-HD-42325E-FILTRO-ARIA
PC437,42409E,FILTRO ARIA,https://e-commerce.michelecaroli.com/wso/pages/user/wso0205.jsf?idaa=369029&codart=42409E&marart=218&seopth=WIX-INDUSTRIAL-HD-42409E-FILTRO-ARIA
PC421,42480E,FILTRO ARIA,https://e-commerce.michelecaroli.com/wso/pages/user/wso0205.jsf?idaa=369037&codart=42480E&marart=218&seopth=WIX-INDUSTRIAL-HD-42480E-FILTRO-ARIA
PC42,33358SE,FILTRO GASOLIO P553004,https://e-commerce.michelecaroli.com/wso/pages/user/wso0205.jsf?idaa=348479&codart=33358SE&marart=219&seopth=WIX-AUTO-FILTRI-33358SE-FILTRO-GASOLIO-P553004
PC4163,MD-195,FILTRO CARB. ALCO,https://e-commerce.michelecaroli.com/wso/pages/user/wso0205.jsf?idaa=463526&codart=MD-195&marart=ALCO&seopth=ALCO-MD-195-FILTRO-CARB-ALCO
PC406,SP-902,FILTRO CARB.,https://e-commerce.michelecaroli.com/wso/pages/user/wso0205.jsf?idaa=466374&codart=SP-902&marart=ALCO&seopth=ALCO-SP-902-FILTRO-CARB-
PC400,46328E,,https://e-commerce.michelecaroli.com/wso/pages/user/wso0205.jsf?idaa=369050&codart=46328E&marart=218&seopth=WIX-INDUSTRIAL-HD-46328E-FILTRO-ARIA
PC390,MD-494,FILTRO ARIA,https://e-commerce.michelecaroli.com/wso/pages/user/wso0205.jsf?idaa=463720&codart=MD-494&marart=ALCO&seopth=ALCO-MD-494-FILTRO-ARIA
PC389,MD-392,FILTRO ARIA,https://e-commerce.michelecaroli.com/wso/pages/user/wso0205.jsf?idaa=463655&codart=MD-392&marart=ALCO&seopth=ALCO-MD-392-FILTRO-ARIA
PC38,51191,FILTRO OLIO,https://e-commerce.michelecaroli.com/wso/pages/user/wso0205.jsf?idaa=368169&codart=51191&marart=218&seopth=WIX-INDUSTRIAL-HD-51191-FILTRO-OLIO
PC378,46328E,,https://e-commerce.michelecaroli.com/wso/pages/user/wso0205.jsf?idaa=369050&codart=46328E&marart=218&seopth=WIX-INDUSTRIAL-HD-46328E-FILTRO-ARIA
PC37,P551300,,https://e-commerce.michelecaroli.com/wso/pages/user/wso0205.jsf?idaa=157658&codart=P551300&marart=227&seopth=DONALDSON-FILTRI-P551300-VEDI-NUOVO-CODICE
PC3682,T1624,FILTRO OLIO P550227 HIFI,https://e-commerce.michelecaroli.com/wso/pages/user/wso0205.jsf?idaa=395320&codart=T1624&marart=230&seopth=HIFI-FILTRI-T1624-FILTRO-OLIO-P550227-HIFI
PC360,SA7005,FILTRO ARIA HIFI,https://e-commerce.michelecaroli.com/wso/pages/user/wso0205.jsf?idaa=291036&codart=SA7005&marart=230&seopth=HIFI-FILTRI-SA7005-FILTRO-ARIA-HIFI
PC3535,51036,FILTRO OLIO P550051,https://e-commerce.michelecaroli.com/wso/pages/user/wso0205.jsf?idaa=368073&codart=51036&marart=218&seopth=WIX-INDUSTRIAL-HD-51036-FILTRO-OLIO-P550051
PC341,SO580,FILTRO OLIO P550008# HIFI,https://e-commerce.michelecaroli.com/wso/pages/user/wso0205.jsf?idaa=300199&codart=SO580&marart=230&seopth=HIFI-FILTRI-SO580-FILTRO-OLIO-P550008-HIFI
PC341,SO580,FILTRO OLIO P550008# HIFI,https://e-commerce.michelecaroli.com/wso/pages/user/wso0205.jsf?idaa=300199&codart=SO580&marart=230&seopth=HIFI-FILTRI-SO580-FILTRO-OLIO-P550008-HIFI
PC34,SO580,FILTRO OLIO P550008# HIFI,https://e-commerce.michelecaroli.com/wso/pages/user/wso0205.jsf?idaa=300199&codart=SO580&marart=230&seopth=HIFI-FILTRI-SO580-FILTRO-OLIO-P550008-HIFI
PC34,SO580,FILTRO OLIO P550008# HIFI,https://e-commerce.michelecaroli.com/wso/pages/user/wso0205.jsf?idaa=300199&codart=SO580&marart=230&seopth=HIFI-FILTRI-SO580-FILTRO-OLIO-P550008-HIFI
PC337,42853,FILTRO ARIA,https://e-commerce.michelecaroli.com/wso/pages/user/wso0205.jsf?idaa=366853&codart=42853&marart=218&seopth=WIX-INDUSTRIAL-HD-42853-FILTRO-ARIA
PC336,SA10282,,https://e-commerce.michelecaroli.com/wso/pages/user/wso0205.jsf?idaa=335972&codart=SA10282&marart=230&seopth=HIFI-FILTRI-SA10282-FILTRO-ARIA-P181106-HIFI
