Code searched,Matched code,Part Category on Michele,Link to Michele product
PL4017,51151,FILTRO OLIO,https://e-commerce.michelecaroli.com/wso/pages/user/wso0205.jsf?idaa=368138&codart=51151&marart=218&seopth=WIX-INDUSTRIAL-HD-51151-FILTRO-OLIO
PL401,51151,FILTRO OLIO,https://e-commerce.michelecaroli.com/wso/pages/user/wso0205.jsf?idaa=368138&codart=51151&marart=218&seopth=WIX-INDUSTRIAL-HD-51151-FILTRO-OLIO
PL40,51151,FILTRO OLIO,https://e-commerce.michelecaroli.com/wso/pages/user/wso0205.jsf?idaa=368138&codart=51151&marart=218&seopth=WIX-INDUSTRIAL-HD-51151-FILTRO-OLIO
PL39D,SO941,FILTRO OLIO P550361 HIFI,https://e-commerce.michelecaroli.com/wso/pages/user/wso0205.jsf?idaa=301517&codart=SO941&marart=230&seopth=HIFI-FILTRI-SO941-FILTRO-OLIO-P550361-HIFI
PL39C,SO941,FILTRO OLIO P550361 HIFI,https://e-commerce.michelecaroli.com/wso/pages/user/wso0205.jsf?idaa=301517&codart=SO941&marart=230&seopth=HIFI-FILTRI-SO941-FILTRO-OLIO-P550361-HIFI
PL398,WL7107,"FIILTRO OLIO BEDFO.BOBCATCASE JOHN DEERE. KUBOTA. HON. ACCORD, CIVIC,",https://e-commerce.michelecaroli.com/wso/pages/user/wso0205.jsf?idaa=143507&codart=WL7107&marart=219&seopth=WIX-AUTO-FILTRI-WL7107-FIILTRO-OLIO-BEDFO-BOBCATCASE-JOHN
PL396,SO689,FILTRO OLIO P552518 HIFI,https://e-commerce.michelecaroli.com/wso/pages/user/wso0205.jsf?idaa=300375&codart=SO689&marart=230&seopth=HIFI-FILTRI-SO689-FILTRO-OLIO-P552518-HIFI
PL390,SO553,FILTRO OLIO P550141 HIFI,https://e-commerce.michelecaroli.com/wso/pages/user/wso0205.jsf?idaa=300187&codart=SO553&marart=230&seopth=HIFI-FILTRI-SO553-FILTRO-OLIO-P550141-HIFI
PL380,P550133,FILTRO HYDR.DONALDSON P55-0133,https://e-commerce.michelecaroli.com/wso/pages/user/wso0205.jsf?idaa=156471&codart=P550133&marart=227&seopth=DONALDSON-FILTRI-P550133-FILTRO-HYDR-DONALDSON-P55-0133
PL38,51066,FILTRO OLIO,https://e-commerce.michelecaroli.com/wso/pages/user/wso0205.jsf?idaa=368088&codart=51066&marart=218&seopth=WIX-INDUSTRIAL-HD-51066-FILTRO-OLIO
PL37,SO7106,FILTRO OLIO P550170 HIFI,https://e-commerce.michelecaroli.com/wso/pages/user/wso0205.jsf?idaa=301239&codart=SO7106&marart=230&seopth=HIFI-FILTRI-SO7106-FILTRO-OLIO-P550170-HIFI
PL37,SO7106,FILTRO OLIO P550170 HIFI,https://e-commerce.michelecaroli.com/wso/pages/user/wso0205.jsf?idaa=301239&codart=SO7106&marart=230&seopth=HIFI-FILTRI-SO7106-FILTRO-OLIO-P550170-HIFI
PL368,P551304,ATTUALE P559130,https://e-commerce.michelecaroli.com/wso/pages/user/wso0205.jsf?idaa=157661&codart=P551304&marart=227&seopth=DONALDSON-FILTRI-P551304-ATTUALE-P559130
PL366,SP-915,FILTRO OLIO ALCO,https://e-commerce.michelecaroli.com/wso/pages/user/wso0205.jsf?idaa=466385&codart=SP-915&marart=ALCO&seopth=ALCO-SP-915-FILTRO-OLIO-ALCO
PL366,SP-915,FILTRO OLIO ALCO,https://e-commerce.michelecaroli.com/wso/pages/user/wso0205.jsf?idaa=466385&codart=SP-915&marart=ALCO&seopth=ALCO-SP-915-FILTRO-OLIO-ALCO
PL36,SO7106,FILTRO OLIO P550170 HIFI,https://e-commerce.michelecaroli.com/wso/pages/user/wso0205.jsf?idaa=301239&codart=SO7106&marart=230&seopth=HIFI-FILTRI-SO7106-FILTRO-OLIO-P550170-HIFI
PL35,SO780,FILTRO OLIO P550047 HIFI,https://e-commerce.michelecaroli.com/wso/pages/user/wso0205.jsf?idaa=301372&codart=SO780&marart=230&seopth=HIFI-FILTRI-SO780-FILTRO-OLIO-P550047-HIFI
PL348,SH56217,FILTRO,https://e-commerce.michelecaroli.com/wso/pages/user/wso0205.jsf?idaa=438537&codart=SH56217&marart=230&seopth=HIFI-FILTRI-SH56217-FILTRO
PL347,SH56760,FILTRO HYDR. P550388 HIFI GILBARCO 140845093,https://e-commerce.michelecaroli.com/wso/pages/user/wso0205.jsf?idaa=294222&codart=SH56760&marart=230&seopth=HIFI-FILTRI-SH56760-FILTRO-HYDR-P550388-HIFI
PL346,SO595,FILTRO OLIO P550396 HIFI,https://e-commerce.michelecaroli.com/wso/pages/user/wso0205.jsf?idaa=300204&codart=SO595&marart=230&seopth=HIFI-FILTRI-SO595-FILTRO-OLIO-P550396-HIFI
PL342,P550400,FILTRO OLIO DONALDSON P55-0400,https://e-commerce.michelecaroli.com/wso/pages/user/wso0205.jsf?idaa=156593&codart=P550400&marart=227&seopth=DONALDSON-FILTRI-P550400-FILTRO-OLIO-DONALDSON-P55-0400
PL3333,SO3333,FILTRO OLIO P551670# HIFI,https://e-commerce.michelecaroli.com/wso/pages/user/wso0205.jsf?idaa=300892&codart=SO3333&marart=230&seopth=HIFI-FILTRI-SO3333-FILTRO-OLIO-P551670-HIFI
PL3328,P556007,ATTUALE P559128,https://e-commerce.michelecaroli.com/wso/pages/user/wso0205.jsf?idaa=157148&codart=P556007&marart=227&seopth=DONALDSON-FILTRI-P556007-ATTUALE-P559128
PL3326,P550777,FILTRO@OLIO DONALDSON conf.6,https://e-commerce.michelecaroli.com/wso/pages/user/wso0205.jsf?idaa=156797&codart=P550777&marart=227&seopth=DONALDSON-FILTRI-P550777-FILTRO-OLIO-DONALDSON-conf-6
PL3325,SO3333,FILTRO OLIO P551670# HIFI,https://e-commerce.michelecaroli.com/wso/pages/user/wso0205.jsf?idaa=300892&codart=SO3333&marart=230&seopth=HIFI-FILTRI-SO3333-FILTRO-OLIO-P551670-HIFI
PL3322,51727,FILTRO OLIO,https://e-commerce.michelecaroli.com/wso/pages/user/wso0205.jsf?idaa=368581&codart=51727&marart=218&seopth=WIX-INDUSTRIAL-HD-51727-FILTRO-OLIO
PL3316,SO3316,FILTRO OLIO P555616 HIFI,https://e-commerce.michelecaroli.com/wso/pages/user/wso0205.jsf?idaa=300885&codart=SO3316&marart=230&seopth=HIFI-FILTRI-SO3316-FILTRO-OLIO-P555616-HIFI
PL3313,SO580,FILTRO OLIO P550008# HIFI,https://e-commerce.michelecaroli.com/wso/pages/user/wso0205.jsf?idaa=300199&codart=SO580&marart=230&seopth=HIFI-FILTRI-SO580-FILTRO-OLIO-P550008-HIFI
PL32,51175,FILTRO IDRAULICO,https://e-commerce.michelecaroli.com/wso/pages/user/wso0205.jsf?idaa=368158&codart=51175&marart=218&seopth=WIX-INDUSTRIAL-HD-51175-FILTRO-IDRAULICO
PL31,51727,FILTRO OLIO,https://e-commerce.michelecaroli.com/wso/pages/user/wso0205.jsf?idaa=368581&codart=51727&marart=218&seopth=WIX-INDUSTRIAL-HD-51727-FILTRO-OLIO
PL3056,P552471,FILTRO OLIO,https://e-commerce.michelecaroli.com/wso/pages/user/wso0205.jsf?idaa=311988&codart=P552471&marart=227&seopth=DONALDSON-FILTRI-P552471-FILTRO-OLIO
PL30001,SO580,FILTRO OLIO P550008# HIFI,https://e-commerce.michelecaroli.com/wso/pages/user/wso0205.jsf?idaa=300199&codart=SO580&marart=230&seopth=HIFI-FILTRI-SO580-FILTRO-OLIO-P550008-HIFI
PL3,SP4464,,https://e-commerce.michelecaroli.com/wso/pages/user/wso0205.jsf?idaa=414708&codart=SP4464&marart=233&seopth=SF-FILTER-SP4464-FILTRO-OLIO
PL299,51773,FILTRO OLIO,https://e-commerce.michelecaroli.com/wso/pages/user/wso0205.jsf?idaa=368617&codart=51773&marart=218&seopth=WIX-INDUSTRIAL-HD-51773-FILTRO-OLIO
PL299,51773,FILTRO OLIO,https://e-commerce.michelecaroli.com/wso/pages/user/wso0205.jsf?idaa=368617&codart=51773&marart=218&seopth=WIX-INDUSTRIAL-HD-51773-FILTRO-OLIO
PL297,SO654,FILTRO OLIO P555680 HIFI,https://e-commerce.michelecaroli.com/wso/pages/user/wso0205.jsf?idaa=300363&codart=SO654&marart=230&seopth=HIFI-FILTRI-SO654-FILTRO-OLIO-P555680-HIFI
PL296,SP-915,FILTRO OLIO ALCO,https://e-commerce.michelecaroli.com/wso/pages/user/wso0205.jsf?idaa=466385&codart=SP-915&marart=ALCO&seopth=ALCO-SP-915-FILTRO-OLIO-ALCO
PL295,SO8000,FILTRO OLIO HIFI,https://e-commerce.michelecaroli.com/wso/pages/user/wso0205.jsf?idaa=301383&codart=SO8000&marart=230&seopth=HIFI-FILTRI-SO8000-FILTRO-OLIO-HIFI
PL295,SO8000,FILTRO OLIO HIFI,https://e-commerce.michelecaroli.com/wso/pages/user/wso0205.jsf?idaa=301383&codart=SO8000&marart=230&seopth=HIFI-FILTRI-SO8000-FILTRO-OLIO-HIFI
PL292,SO654,FILTRO OLIO P555680 HIFI,https://e-commerce.michelecaroli.com/wso/pages/user/wso0205.jsf?idaa=300363&codart=SO654&marart=230&seopth=HIFI-FILTRI-SO654-FILTRO-OLIO-P555680-HIFI
PL290,T1624,FILTRO OLIO P550227 HIFI,https://e-commerce.michelecaroli.com/wso/pages/user/wso0205.jsf?idaa=395320&codart=T1624&marart=230&seopth=HIFI-FILTRI-T1624-FILTRO-OLIO-P550227-HIFI
PL29,SN7230,FILTRO CARB. P550054 HIFI,https://e-commerce.michelecaroli.com/wso/pages/user/wso0205.jsf?idaa=299702&codart=SN7230&marart=230&seopth=HIFI-FILTRI-SN7230-FILTRO-CARB-P550054-HIFI
PL289,WL7107,"FIILTRO OLIO BEDFO.BOBCATCASE JOHN DEERE. KUBOTA. HON. ACCORD, CIVIC,",https://e-commerce.michelecaroli.com/wso/pages/user/wso0205.jsf?idaa=143507&codart=WL7107&marart=219&seopth=WIX-AUTO-FILTRI-WL7107-FIILTRO-OLIO-BEDFO-BOBCATCASE-JOHN
PL287,T6720,FILTRO OLIO P550078 HIFI,https://e-commerce.michelecaroli.com/wso/pages/user/wso0205.jsf?idaa=395341&codart=T6720&marart=230&seopth=HIFI-FILTRI-T6720-FILTRO-OLIO-P550078-HIFI
PL285,51506,FILTRO IDRAULICO,https://e-commerce.michelecaroli.com/wso/pages/user/wso0205.jsf?idaa=368390&codart=51506&marart=218&seopth=WIX-INDUSTRIAL-HD-51506-FILTRO-IDRAULICO
PL282,WL7107,"FIILTRO OLIO BEDFO.BOBCATCASE JOHN DEERE. KUBOTA. HON. ACCORD, CIVIC,",https://e-commerce.michelecaroli.com/wso/pages/user/wso0205.jsf?idaa=143507&codart=WL7107&marart=219&seopth=WIX-AUTO-FILTRI-WL7107-FIILTRO-OLIO-BEDFO-BOBCATCASE-JOHN
PL28,51440,FILTRO OLIO,https://e-commerce.michelecaroli.com/wso/pages/user/wso0205.jsf?idaa=368338&codart=51440&marart=218&seopth=WIX-INDUSTRIAL-HD-51440-FILTRO-OLIO
PL271,51613,FILTRO OLIO,https://e-commerce.michelecaroli.com/wso/pages/user/wso0205.jsf?idaa=368489&codart=51613&marart=218&seopth=WIX-INDUSTRIAL-HD-51613-FILTRO-OLIO
PL268,51954,FILTRO OLIO,https://e-commerce.michelecaroli.com/wso/pages/user/wso0205.jsf?idaa=368689&codart=51954&marart=218&seopth=WIX-INDUSTRIAL-HD-51954-FILTRO-OLIO
PL265,26540153,FILTRO OLIO/OIL FILTER,https://e-commerce.michelecaroli.com/wso/pages/user/wso0205.jsf?idaa=46765&codart=26540153&marart=155&seopth=PERKINS-26540153-FILTRO-OLIO-OIL-FILTER
PL261,51197,FILTRO IDRAULICO,https://e-commerce.michelecaroli.com/wso/pages/user/wso0205.jsf?idaa=368174&codart=51197&marart=218&seopth=WIX-INDUSTRIAL-HD-51197-FILTRO-IDRAULICO
PL25288,51522,FILTRO OLIO,https://e-commerce.michelecaroli.com/wso/pages/user/wso0205.jsf?idaa=368405&codart=51522&marart=218&seopth=WIX-INDUSTRIAL-HD-51522-FILTRO-OLIO
PL24651,P550965,FILTRO OLIO,https://e-commerce.michelecaroli.com/wso/pages/user/wso0205.jsf?idaa=156876&codart=P550965&marart=227&seopth=DONALDSON-FILTRI-P550965-FILTRO-OLIO
PL24457,T1624,FILTRO OLIO P550227 HIFI,https://e-commerce.michelecaroli.com/wso/pages/user/wso0205.jsf?idaa=395320&codart=T1624&marart=230&seopth=HIFI-FILTRI-T1624-FILTRO-OLIO-P550227-HIFI
PL242,51302E,FILTRO OLIO P550052,https://e-commerce.michelecaroli.com/wso/pages/user/wso0205.jsf?idaa=369112&codart=51302E&marart=218&seopth=WIX-INDUSTRIAL-HD-51302E-FILTRO-OLIO-P550052
PL241,51138,FILTRO OLIO,https://e-commerce.michelecaroli.com/wso/pages/user/wso0205.jsf?idaa=368129&codart=51138&marart=218&seopth=WIX-INDUSTRIAL-HD-51138-FILTRO-OLIO
PL24011,51036,FILTRO OLIO P550051,https://e-commerce.michelecaroli.com/wso/pages/user/wso0205.jsf?idaa=368073&codart=51036&marart=218&seopth=WIX-INDUSTRIAL-HD-51036-FILTRO-OLIO-P550051
PL23,P551280,,https://e-commerce.michelecaroli.com/wso/pages/user/wso0205.jsf?idaa=157650&codart=P551280&marart=227&seopth=DONALDSON-FILTRI-P551280-FILTRO-OLIO-DONALDSON-P55-1280
PL22821,51521,FILTRO OLIO,https://e-commerce.michelecaroli.com/wso/pages/user/wso0205.jsf?idaa=368404&codart=51521&marart=218&seopth=WIX-INDUSTRIAL-HD-51521-FILTRO-OLIO
PL228,P550095,FILTRO OLIO DONALDSON P55-0095 OBSO LETO,https://e-commerce.michelecaroli.com/wso/pages/user/wso0205.jsf?idaa=156453&codart=P550095&marart=227&seopth=DONALDSON-FILTRI-P550095-FILTRO-OLIO-DONALDSON-P55-0095-OBSO
PL2106,26540153,FILTRO OLIO/OIL FILTER,https://e-commerce.michelecaroli.com/wso/pages/user/wso0205.jsf?idaa=46765&codart=26540153&marart=155&seopth=PERKINS-26540153-FILTRO-OLIO-OIL-FILTER
PL20252,SP-812,FILTRO OLIO,https://e-commerce.michelecaroli.com/wso/pages/user/wso0205.jsf?idaa=466312&codart=SP-812&marart=ALCO&seopth=ALCO-SP-812-FILTRO-OLIO
PL20195,P550400,FILTRO OLIO DONALDSON P55-0400,https://e-commerce.michelecaroli.com/wso/pages/user/wso0205.jsf?idaa=156593&codart=P550400&marart=227&seopth=DONALDSON-FILTRI-P550400-FILTRO-OLIO-DONALDSON-P55-0400
PL20081,SO689,FILTRO OLIO P552518 HIFI,https://e-commerce.michelecaroli.com/wso/pages/user/wso0205.jsf?idaa=300375&codart=SO689&marart=230&seopth=HIFI-FILTRI-SO689-FILTRO-OLIO-P552518-HIFI
PL20064,T1624,FILTRO OLIO P550227 HIFI,https://e-commerce.michelecaroli.com/wso/pages/user/wso0205.jsf?idaa=395320&codart=T1624&marart=230&seopth=HIFI-FILTRI-T1624-FILTRO-OLIO-P550227-HIFI
PL20049,SP4464,,https://e-commerce.michelecaroli.com/wso/pages/user/wso0205.jsf?idaa=414708&codart=SP4464&marart=233&seopth=SF-FILTER-SP4464-FILTRO-OLIO
PL2,51049,FILTRO OLIO,https://e-commerce.michelecaroli.com/wso/pages/user/wso0205.jsf?idaa=368078&codart=51049&marart=218&seopth=WIX-INDUSTRIAL-HD-51049-FILTRO-OLIO
PL1A,P558462,FILTRO OLIO DONALDSON P55-84 62,https://e-commerce.michelecaroli.com/wso/pages/user/wso0205.jsf?idaa=157189&codart=P558462&marart=227&seopth=DONALDSON-FILTRI-P558462-FILTRO-OLIO-DONALDSON-P55-84-62
PL198,SO632,,https://e-commerce.michelecaroli.com/wso/pages/user/wso0205.jsf?idaa=300349&codart=SO632&marart=230&seopth=HIFI-FILTRI-SO632-FILTRO-OLIO-HIFI
PL1960,SH56147,FILTRO HYDR. P559740 HIFI,https://e-commerce.michelecaroli.com/wso/pages/user/wso0205.jsf?idaa=294034&codart=SH56147&marart=230&seopth=HIFI-FILTRI-SH56147-FILTRO-HYDR-P559740-HIFI
PL194,51137,FILTRO TRASMISSIONE,https://e-commerce.michelecaroli.com/wso/pages/user/wso0205.jsf?idaa=368128&codart=51137&marart=218&seopth=WIX-INDUSTRIAL-HD-51137-FILTRO-TRASMISSIONE
PL19,51010,FILTRO OLIO,https://e-commerce.michelecaroli.com/wso/pages/user/wso0205.jsf?idaa=368066&codart=51010&marart=218&seopth=WIX-INDUSTRIAL-HD-51010-FILTRO-OLIO
PL188,P551014,FILTRO OLIO DONALDSON P55-1014,https://e-commerce.michelecaroli.com/wso/pages/user/wso0205.jsf?idaa=156890&codart=P551014&marart=227&seopth=DONALDSON-FILTRI-P551014-FILTRO-OLIO-DONALDSON-P55-1014
PL183,SH56251,FILTRO OLIO P550816 HIFI,https://e-commerce.michelecaroli.com/wso/pages/user/wso0205.jsf?idaa=399783&codart=SH56251&marart=230&seopth=HIFI-FILTRI-SH56251-FILTRO-OLIO-P550816-HIFI
PL181,23.108.01,FILTRO OLIO UFI P553411 ex.codice 23.108.00,https://e-commerce.michelecaroli.com/wso/pages/user/wso0205.jsf?idaa=149348&codart=23.108.01&marart=UFIHD&seopth=UFI-HD-23-108-01-FILTRO-OLIO-UFI-P553411
PL180,SH56129,FILTRO HYDR. P555603 HIFI,https://e-commerce.michelecaroli.com/wso/pages/user/wso0205.jsf?idaa=294023&codart=SH56129&marart=230&seopth=HIFI-FILTRI-SH56129-FILTRO-HYDR-P555603-HIFI
PL175,51168,FILTRO OLIO,https://e-commerce.michelecaroli.com/wso/pages/user/wso0205.jsf?idaa=368153&codart=51168&marart=218&seopth=WIX-INDUSTRIAL-HD-51168-FILTRO-OLIO
PL173,51169,FILTRO TRASMISSIONE,https://e-commerce.michelecaroli.com/wso/pages/user/wso0205.jsf?idaa=368154&codart=51169&marart=218&seopth=WIX-INDUSTRIAL-HD-51169-FILTRO-TRASMISSIONE
PL170,SO580,FILTRO OLIO P550008# HIFI,https://e-commerce.michelecaroli.com/wso/pages/user/wso0205.jsf?idaa=300199&codart=SO580&marart=230&seopth=HIFI-FILTRI-SO580-FILTRO-OLIO-P550008-HIFI
PL1655,SO654,FILTRO OLIO P555680 HIFI,https://e-commerce.michelecaroli.com/wso/pages/user/wso0205.jsf?idaa=300363&codart=SO654&marart=230&seopth=HIFI-FILTRI-SO654-FILTRO-OLIO-P555680-HIFI
PL1598,PL1598,,https://e-commerce.michelecaroli.com/wso/pages/user/wso0205.jsf?idaa=398866&codart=PL1598&marart=230&seopth=HIFI-FILTRI-PL1598-FILTRO-ARIA-HIFI
PL157,51153,FILTRO OLIO,https://e-commerce.michelecaroli.com/wso/pages/user/wso0205.jsf?idaa=368139&codart=51153&marart=218&seopth=WIX-INDUSTRIAL-HD-51153-FILTRO-OLIO
PL156,P558462,FILTRO OLIO DONALDSON P55-84 62,https://e-commerce.michelecaroli.com/wso/pages/user/wso0205.jsf?idaa=157189&codart=P558462&marart=227&seopth=DONALDSON-FILTRI-P558462-FILTRO-OLIO-DONALDSON-P55-84-62
PL1553,51553,FILTRO IDRAULICO,https://e-commerce.michelecaroli.com/wso/pages/user/wso0205.jsf?idaa=368434&codart=51553&marart=218&seopth=WIX-INDUSTRIAL-HD-51553-FILTRO-IDRAULICO
PL155,P558462,FILTRO OLIO DONALDSON P55-84 62,https://e-commerce.michelecaroli.com/wso/pages/user/wso0205.jsf?idaa=157189&codart=P558462&marart=227&seopth=DONALDSON-FILTRI-P558462-FILTRO-OLIO-DONALDSON-P55-84-62
PL154,51092,FILTRO OLIO,https://e-commerce.michelecaroli.com/wso/pages/user/wso0205.jsf?idaa=368106&codart=51092&marart=218&seopth=WIX-INDUSTRIAL-HD-51092-FILTRO-OLIO
PL150,SN70431,FILTRO NAFTA SEPAR. HIFI,https://e-commerce.michelecaroli.com/wso/pages/user/wso0205.jsf?idaa=299696&codart=SN70431&marart=230&seopth=HIFI-FILTRI-SN70431-FILTRO-NAFTA-SEPAR-HIFI
PL1492,PL1492,,https://e-commerce.michelecaroli.com/wso/pages/user/wso0205.jsf?idaa=398862&codart=PL1492&marart=230&seopth=HIFI-FILTRI-PL1492-FILTRO-PER-LIQUIDI-HIFI
PL14670,23.127.00,FILTRO OLIO UFI 23.127.00,https://e-commerce.michelecaroli.com/wso/pages/user/wso0205.jsf?idaa=149367&codart=23.127.00&marart=UFIHD&seopth=UFI-HD-23-127-00-FILTRO-OLIO-UFI-23-127-00
PL14622,SP-1002,FILTRO OLIO,https://e-commerce.michelecaroli.com/wso/pages/user/wso0205.jsf?idaa=465814&codart=SP-1002&marart=ALCO&seopth=ALCO-SP-1002-FILTRO-OLIO
PL14620,23.265.00,FILTRO OLIO UFI 23.265.00,https://e-commerce.michelecaroli.com/wso/pages/user/wso0205.jsf?idaa=149484&codart=23.265.00&marart=224&seopth=UFI-SOFIMA-FILTRI-23-265-00-FILTRO-OLIO-UFI-23-265-00
PL14612,SP-1002,FILTRO OLIO,https://e-commerce.michelecaroli.com/wso/pages/user/wso0205.jsf?idaa=465814&codart=SP-1002&marart=ALCO&seopth=ALCO-SP-1002-FILTRO-OLIO
PL14610,23.265.00,FILTRO OLIO UFI 23.265.00,https://e-commerce.michelecaroli.com/wso/pages/user/wso0205.jsf?idaa=149484&codart=23.265.00&marart=224&seopth=UFI-SOFIMA-FILTRI-23-265-00-FILTRO-OLIO-UFI-23-265-00
PL145,26540153,FILTRO OLIO/OIL FILTER,https://e-commerce.michelecaroli.com/wso/pages/user/wso0205.jsf?idaa=46765&codart=26540153&marart=155&seopth=PERKINS-26540153-FILTRO-OLIO-OIL-FILTER
PL14476,P502020,"LUBE FILTER, SPIN-ON FULL FLOW",https://e-commerce.michelecaroli.com/wso/pages/user/wso0205.jsf?idaa=441443&codart=P502020&marart=227&seopth=DONALDSON-FILTRI-P502020-LUBE-FILTER-SPIN-ON-FULL-FLOW
PL1443,PL1443,,https://e-commerce.michelecaroli.com/wso/pages/user/wso0205.jsf?idaa=398860&codart=PL1443&marart=230&seopth=HIFI-FILTRI-PL1443-FILTRO-PER-LIQUIDI-HIFI
PL14006,51042,FILTRO OLIO,https://e-commerce.michelecaroli.com/wso/pages/user/wso0205.jsf?idaa=368076&codart=51042&marart=218&seopth=WIX-INDUSTRIAL-HD-51042-FILTRO-OLIO
PL1356,PL1356,,https://e-commerce.michelecaroli.com/wso/pages/user/wso0205.jsf?idaa=398856&codart=PL1356&marart=230&seopth=HIFI-FILTRI-PL1356-FILTRO-PER-LIQUIDI-HIFI
PL1321,51133,FILTRO OLIO# P550132,https://e-commerce.michelecaroli.com/wso/pages/user/wso0205.jsf?idaa=368125&codart=51133&marart=218&seopth=WIX-INDUSTRIAL-HD-51133-FILTRO-OLIO-P550132
PL129,SP4464,,https://e-commerce.michelecaroli.com/wso/pages/user/wso0205.jsf?idaa=414708&codart=SP4464&marart=233&seopth=SF-FILTER-SP4464-FILTRO-OLIO
PL125,SO599,FILTRO OLIO HIFI,https://e-commerce.michelecaroli.com/wso/pages/user/wso0205.jsf?idaa=300207&codart=SO599&marart=230&seopth=HIFI-FILTRI-SO599-FILTRO-OLIO-HIFI
