Code searched,Matched code,Part Category on Michele,Link to Michele product
NX14210064,46314,FILTRO ARIA,https://e-commerce.michelecaroli.com/wso/pages/user/wso0205.jsf?idaa=367120&codart=46314&marart=218&seopth=WIX-INDUSTRIAL-HD-46314-FILTRO-ARIA
NX14210062,SAIN01AF016201,,https://e-commerce.michelecaroli.com/wso/pages/user/wso0205.jsf?idaa=438695&codart=SAIN01AF016201&marart=230&seopth=HIFI-FILTRI-SAIN01AF016201-FILTRO
NX14210058,46446,FILTRO ARIA,https://e-commerce.michelecaroli.com/wso/pages/user/wso0205.jsf?idaa=367218&codart=46446&marart=218&seopth=WIX-INDUSTRIAL-HD-46446-FILTRO-ARIA
NX14152072,P270535,TETTUCCIO PARAPIOGGIA,https://e-commerce.michelecaroli.com/wso/pages/user/wso0205.jsf?idaa=155940&codart=P270535&marart=227&seopth=DONALDSON-FILTRI-P270535-TETTUCCIO-PARAPIOGGIA
NX14152069,P206601,"CLAMP, U-BOLT 3.5 IN (89 MM) ZINC",https://e-commerce.michelecaroli.com/wso/pages/user/wso0205.jsf?idaa=441234&codart=P206601&marart=227&seopth=DONALDSON-FILTRI-P206601-CLAMP-U-BOLT-3-5-IN-89-MM-ZINC
NX14152068,P270538,TETTUCCIO PARAPIOGGIA,https://e-commerce.michelecaroli.com/wso/pages/user/wso0205.jsf?idaa=155943&codart=P270538&marart=227&seopth=DONALDSON-FILTRI-P270538-TETTUCCIO-PARAPIOGGIA
NX14152067,M070028,"MUFFLER, ROUND STYLE 1",https://e-commerce.michelecaroli.com/wso/pages/user/wso0205.jsf?idaa=442867&codart=M070028&marart=227&seopth=DONALDSON-FILTRI-M070028-MUFFLER-ROUND-STYLE-1
NX14152065,P270535,TETTUCCIO PARAPIOGGIA,https://e-commerce.michelecaroli.com/wso/pages/user/wso0205.jsf?idaa=155940&codart=P270535&marart=227&seopth=DONALDSON-FILTRI-P270535-TETTUCCIO-PARAPIOGGIA
NX14141103,P206339,"ELBOW, 90 DEGREE 2.5 IN (64 MM) OD-",https://e-commerce.michelecaroli.com/wso/pages/user/wso0205.jsf?idaa=441159&codart=P206339&marart=227&seopth=DONALDSON-FILTRI-P206339-ELBOW-90-DEGREE-2-5-IN-64-MM-OD-
NX14111065,SAT01SCB076001,,https://e-commerce.michelecaroli.com/wso/pages/user/wso0205.jsf?idaa=438641&codart=SAT01SCB076001&marart=230&seopth=HIFI-FILTRI-SAT01SCB076001-FILTRO
NX14111062,P102820,RIDUTTORE DONALDSON 64X76X114,https://e-commerce.michelecaroli.com/wso/pages/user/wso0205.jsf?idaa=154516&codart=P102820&marart=227&seopth=DONALDSON-FILTRI-P102820-RIDUTTORE-DONALDSON-64X76X114
NX14111061,P101290,RIDUTTORE DONALDSON 64X76X114,https://e-commerce.michelecaroli.com/wso/pages/user/wso0205.jsf?idaa=154506&codart=P101290&marart=227&seopth=DONALDSON-FILTRI-P101290-RIDUTTORE-DONALDSON-64X76X114
NX14111052,P102948,RIDUTTORE DONALDSON 44X61X64,https://e-commerce.michelecaroli.com/wso/pages/user/wso0205.jsf?idaa=154517&codart=P102948&marart=227&seopth=DONALDSON-FILTRI-P102948-RIDUTTORE-DONALDSON-44X61X64
NX14111051,P105529,GOMITO 90 GRADI P10-5529,https://e-commerce.michelecaroli.com/wso/pages/user/wso0205.jsf?idaa=154530&codart=P105529&marart=227&seopth=DONALDSON-FILTRI-P105529-GOMITO-90-GRADI-P10-5529
NV611085,SAIN01AF016201,,https://e-commerce.michelecaroli.com/wso/pages/user/wso0205.jsf?idaa=438695&codart=SAIN01AF016201&marart=230&seopth=HIFI-FILTRI-SAIN01AF016201-FILTRO
NTC4224,P105168,"FLANGE, SPECIAL RESTRICTION INDICAT",https://e-commerce.michelecaroli.com/wso/pages/user/wso0205.jsf?idaa=442997&codart=P105168&marart=227&seopth=DONALDSON-FILTRI-P105168-FLANGE-SPECIAL-RESTRICTION-INDICAT
NTC3815,SAIN01AF016201,,https://e-commerce.michelecaroli.com/wso/pages/user/wso0205.jsf?idaa=438695&codart=SAIN01AF016201&marart=230&seopth=HIFI-FILTRI-SAIN01AF016201-FILTRO
NTC3813,P101291,RIDUTTORE DONALDSON 76X102X133,https://e-commerce.michelecaroli.com/wso/pages/user/wso0205.jsf?idaa=154507&codart=P101291&marart=227&seopth=DONALDSON-FILTRI-P101291-RIDUTTORE-DONALDSON-76X102X133
NTC3538,CP076136064P,,https://e-commerce.michelecaroli.com/wso/pages/user/wso0205.jsf?idaa=438549&codart=CP076136064P&marart=230&seopth=HIFI-FILTRI-CP076136064P-FILTRO
NTC3535,SA14698K,FILTRO ARIA P772550# HIFI,https://e-commerce.michelecaroli.com/wso/pages/user/wso0205.jsf?idaa=288965&codart=SA14698K&marart=230&seopth=HIFI-FILTRI-SA14698K-FILTRO-ARIA-P772550-HIFI
NSAH000606,H000606,RAIN CAP DONALDSON GAH00-0606,https://e-commerce.michelecaroli.com/wso/pages/user/wso0205.jsf?idaa=154170&codart=H000606&marart=227&seopth=DONALDSON-FILTRI-H000606-RAIN-CAP-DONALDSON-GAH00-0606
NS238773,P004079,FASCIA MONTAGGIO P00-4079,https://e-commerce.michelecaroli.com/wso/pages/user/wso0205.jsf?idaa=154485&codart=P004079&marart=227&seopth=DONALDSON-FILTRI-P004079-FASCIA-MONTAGGIO-P00-4079
NRK2900,P101290,RIDUTTORE DONALDSON 64X76X114,https://e-commerce.michelecaroli.com/wso/pages/user/wso0205.jsf?idaa=154506&codart=P101290&marart=227&seopth=DONALDSON-FILTRI-P101290-RIDUTTORE-DONALDSON-64X76X114
NRK2899,P114319,MANICOTTO S/RIDZUIONE 89X89X133,https://e-commerce.michelecaroli.com/wso/pages/user/wso0205.jsf?idaa=154587&codart=P114319&marart=227&seopth=DONALDSON-FILTRI-P114319-MANICOTTO-S-RIDZUIONE-89X89X133
NRK2819,P101291,RIDUTTORE DONALDSON 76X102X133,https://e-commerce.michelecaroli.com/wso/pages/user/wso0205.jsf?idaa=154507&codart=P101291&marart=227&seopth=DONALDSON-FILTRI-P101291-RIDUTTORE-DONALDSON-76X102X133
NR24049,P004307,FASCIA MONTAGGIO P00-4307,https://e-commerce.michelecaroli.com/wso/pages/user/wso0205.jsf?idaa=154486&codart=P004307&marart=227&seopth=DONALDSON-FILTRI-P004307-FASCIA-MONTAGGIO-P00-4307
NPN01,24019,,https://e-commerce.michelecaroli.com/wso/pages/user/wso0205.jsf?idaa=365445&codart=24019&marart=218&seopth=WIX-INDUSTRIAL-HD-24019-ACCESSORI
NPHR3,46850,FILTRO ARIA WIX P154927,https://e-commerce.michelecaroli.com/wso/pages/user/wso0205.jsf?idaa=367565&codart=46850&marart=218&seopth=WIX-INDUSTRIAL-HD-46850-FILTRO-ARIA-WIX-P154927
NP780532,P780532,FASCIA MONTAGGIO P78-0532,https://e-commerce.michelecaroli.com/wso/pages/user/wso0205.jsf?idaa=157930&codart=P780532&marart=227&seopth=DONALDSON-FILTRI-P780532-FASCIA-MONTAGGIO-P78-0532
NP532956,P532956,"CONNECTOR/SLEEVE, 3PLY",https://e-commerce.michelecaroli.com/wso/pages/user/wso0205.jsf?idaa=441515&codart=P532956&marart=227&seopth=DONALDSON-FILTRI-P532956-CONNECTOR-SLEEVE-3PLY
NP4722S,NP4722S,,https://e-commerce.michelecaroli.com/wso/pages/user/wso0205.jsf?idaa=398207&codart=NP4722S&marart=230&seopth=HIFI-FILTRI-NP4722S-FILTRO-ARIA-HIFI
NP4609S,NP4609S,,https://e-commerce.michelecaroli.com/wso/pages/user/wso0205.jsf?idaa=398206&codart=NP4609S&marart=230&seopth=HIFI-FILTRI-NP4609S-FILTRO-ARIA-HIFI
NP4312S,NP4312S,,https://e-commerce.michelecaroli.com/wso/pages/user/wso0205.jsf?idaa=398204&codart=NP4312S&marart=230&seopth=HIFI-FILTRI-NP4312S-FILTRO-ARIA-HIFI
NP4248S,NP4248S,,https://e-commerce.michelecaroli.com/wso/pages/user/wso0205.jsf?idaa=398202&codart=NP4248S&marart=230&seopth=HIFI-FILTRI-NP4248S-FILTRO-ARIA-HIFI
NP3939S,NP3939S,,https://e-commerce.michelecaroli.com/wso/pages/user/wso0205.jsf?idaa=398201&codart=NP3939S&marart=230&seopth=HIFI-FILTRI-NP3939S-FILTRO-ARIA-HIFI
NP3573S,NP3573S,,https://e-commerce.michelecaroli.com/wso/pages/user/wso0205.jsf?idaa=398199&codart=NP3573S&marart=230&seopth=HIFI-FILTRI-NP3573S-FILTRO-ARIA-HIFI
NP2946S,NP2946S,,https://e-commerce.michelecaroli.com/wso/pages/user/wso0205.jsf?idaa=398198&codart=NP2946S&marart=230&seopth=HIFI-FILTRI-NP2946S-FILTRO-ARIA-HIFI
NP2945S,NP2945S,,https://e-commerce.michelecaroli.com/wso/pages/user/wso0205.jsf?idaa=398197&codart=NP2945S&marart=230&seopth=HIFI-FILTRI-NP2945S-FILTRO-ARIA-HIFI
NP2944S,NP2944S,,https://e-commerce.michelecaroli.com/wso/pages/user/wso0205.jsf?idaa=398196&codart=NP2944S&marart=230&seopth=HIFI-FILTRI-NP2944S-FILTRO-ARIA-HIFI
NP271507,P271507,"RAIN CAP, 3 IN (76 MM)",https://e-commerce.michelecaroli.com/wso/pages/user/wso0205.jsf?idaa=441421&codart=P271507&marart=227&seopth=DONALDSON-FILTRI-P271507-RAIN-CAP-3-IN-76-MM-
NP270541,P270541,TETTUCCIO PARAPIOGGIA,https://e-commerce.michelecaroli.com/wso/pages/user/wso0205.jsf?idaa=155946&codart=P270541&marart=227&seopth=DONALDSON-FILTRI-P270541-TETTUCCIO-PARAPIOGGIA
NP270538,P270538,TETTUCCIO PARAPIOGGIA,https://e-commerce.michelecaroli.com/wso/pages/user/wso0205.jsf?idaa=155943&codart=P270538&marart=227&seopth=DONALDSON-FILTRI-P270538-TETTUCCIO-PARAPIOGGIA
NP2288S,NP2288S,,https://e-commerce.michelecaroli.com/wso/pages/user/wso0205.jsf?idaa=398195&codart=NP2288S&marart=230&seopth=HIFI-FILTRI-NP2288S-FILTRO-ARIA-HIFI
NP2274S,NP2274S,,https://e-commerce.michelecaroli.com/wso/pages/user/wso0205.jsf?idaa=398194&codart=NP2274S&marart=230&seopth=HIFI-FILTRI-NP2274S-FILTRO-ARIA-HIFI
NP2245S,NP2245S,FILTRO ARIA HIFI,https://e-commerce.michelecaroli.com/wso/pages/user/wso0205.jsf?idaa=398193&codart=NP2245S&marart=230&seopth=HIFI-FILTRI-NP2245S-FILTRO-ARIA-HIFI
NP2243S,NP2243S,,https://e-commerce.michelecaroli.com/wso/pages/user/wso0205.jsf?idaa=398192&codart=NP2243S&marart=230&seopth=HIFI-FILTRI-NP2243S-FILTRO-ARIA-HIFI
NP207596,P207596,"CLAMP, U-BOLT 6 IN 152 MM ZINC",https://e-commerce.michelecaroli.com/wso/pages/user/wso0205.jsf?idaa=441317&codart=P207596&marart=227&seopth=DONALDSON-FILTRI-P207596-CLAMP-U-BOLT-6-IN-152-MM-ZINC
NP207366,P207366,"ELBOW, 90 DEG 6 IN OD-OD",https://e-commerce.michelecaroli.com/wso/pages/user/wso0205.jsf?idaa=441293&codart=P207366&marart=227&seopth=DONALDSON-FILTRI-P207366-ELBOW-90-DEG-6-IN-OD-OD
NP207364,P207364,"ELBOW, 90 DEG 4 IN OD-OD",https://e-commerce.michelecaroli.com/wso/pages/user/wso0205.jsf?idaa=441291&codart=P207364&marart=227&seopth=DONALDSON-FILTRI-P207364-ELBOW-90-DEG-4-IN-OD-OD
NP207361,P207361,"ELBOW, 90 DEGREE 6 IN (152 MM) OD-O",https://e-commerce.michelecaroli.com/wso/pages/user/wso0205.jsf?idaa=441288&codart=P207361&marart=227&seopth=DONALDSON-FILTRI-P207361-ELBOW-90-DEGREE-6-IN-152-MM-OD-O
NP207353,P207353,"ELBOW, 45 DEGREE 4 IN (102 MM) OD-O",https://e-commerce.michelecaroli.com/wso/pages/user/wso0205.jsf?idaa=441284&codart=P207353&marart=227&seopth=DONALDSON-FILTRI-P207353-ELBOW-45-DEGREE-4-IN-102-MM-OD-O
NP207351,P207351,"ELBOW, 45 DEGREE 3 IN (76 MM) OD-OD",https://e-commerce.michelecaroli.com/wso/pages/user/wso0205.jsf?idaa=441283&codart=P207351&marart=227&seopth=DONALDSON-FILTRI-P207351-ELBOW-45-DEGREE-3-IN-76-MM-OD-OD
NP207339,P207339,"ELBOW, 90 DEGREE 5 IN (127 MM) OD-I",https://e-commerce.michelecaroli.com/wso/pages/user/wso0205.jsf?idaa=441278&codart=P207339&marart=227&seopth=DONALDSON-FILTRI-P207339-ELBOW-90-DEGREE-5-IN-127-MM-OD-I
NP207332,P207332,"ELBOW, 90 DEGREE 5 IN (127 MM) OD-O",https://e-commerce.michelecaroli.com/wso/pages/user/wso0205.jsf?idaa=441275&codart=P207332&marart=227&seopth=DONALDSON-FILTRI-P207332-ELBOW-90-DEGREE-5-IN-127-MM-OD-O
NP207331,P207331,"ELBOW, 90 DEGREE 5 IN (127 MM) OD-O",https://e-commerce.michelecaroli.com/wso/pages/user/wso0205.jsf?idaa=441274&codart=P207331&marart=227&seopth=DONALDSON-FILTRI-P207331-ELBOW-90-DEGREE-5-IN-127-MM-OD-O
NP207324,P207324,"ELBOW, 90 DEGREE 2.5 IN (64 MM) OD-",https://e-commerce.michelecaroli.com/wso/pages/user/wso0205.jsf?idaa=441269&codart=P207324&marart=227&seopth=DONALDSON-FILTRI-P207324-ELBOW-90-DEGREE-2-5-IN-64-MM-OD-
NP206603,P206603,COLLARI DI CHIUSURA P20-6603,https://e-commerce.michelecaroli.com/wso/pages/user/wso0205.jsf?idaa=155930&codart=P206603&marart=227&seopth=DONALDSON-FILTRI-P206603-COLLARI-DI-CHIUSURA-P20-6603
NP206601,P206601,"CLAMP, U-BOLT 3.5 IN (89 MM) ZINC",https://e-commerce.michelecaroli.com/wso/pages/user/wso0205.jsf?idaa=441234&codart=P206601&marart=227&seopth=DONALDSON-FILTRI-P206601-CLAMP-U-BOLT-3-5-IN-89-MM-ZINC
NP206526,P206526,"PIPE HANGER, 5 IN (127 MM)",https://e-commerce.michelecaroli.com/wso/pages/user/wso0205.jsf?idaa=441221&codart=P206526&marart=227&seopth=DONALDSON-FILTRI-P206526-PIPE-HANGER-5-IN-127-MM-
NP206520,P206520,"MUFFLER HANGER, 8.2 X 11.5 IN (208",https://e-commerce.michelecaroli.com/wso/pages/user/wso0205.jsf?idaa=441217&codart=P206520&marart=227&seopth=DONALDSON-FILTRI-P206520-MUFFLER-HANGER-8-2-X-11-5-IN-208
NP206519,P206519,"MUFFLER HANGER, 10 IN (254 MM)",https://e-commerce.michelecaroli.com/wso/pages/user/wso0205.jsf?idaa=441216&codart=P206519&marart=227&seopth=DONALDSON-FILTRI-P206519-MUFFLER-HANGER-10-IN-254-MM-
NP206515,P206515,"MUFFLER HANGER, 6 IN (152 MM)",https://e-commerce.michelecaroli.com/wso/pages/user/wso0205.jsf?idaa=441214&codart=P206515&marart=227&seopth=DONALDSON-FILTRI-P206515-MUFFLER-HANGER-6-IN-152-MM-
NP206398,P206398,"ELBOW, 90 DEGREE 3.5 IN (89 MM) OD-",https://e-commerce.michelecaroli.com/wso/pages/user/wso0205.jsf?idaa=441198&codart=P206398&marart=227&seopth=DONALDSON-FILTRI-P206398-ELBOW-90-DEGREE-3-5-IN-89-MM-OD-
NP206397,P206397,"ELBOW, 90 DEGREE 3 IN (76 MM) OD-OD",https://e-commerce.michelecaroli.com/wso/pages/user/wso0205.jsf?idaa=441197&codart=P206397&marart=227&seopth=DONALDSON-FILTRI-P206397-ELBOW-90-DEGREE-3-IN-76-MM-OD-OD
NP206369,P206369,"CONNECTOR, 4 IN (102 MM) ID-OD",https://e-commerce.michelecaroli.com/wso/pages/user/wso0205.jsf?idaa=441178&codart=P206369&marart=227&seopth=DONALDSON-FILTRI-P206369-CONNECTOR-4-IN-102-MM-ID-OD
NP206341,49345,FILTRO ARIA,https://e-commerce.michelecaroli.com/wso/pages/user/wso0205.jsf?idaa=367891&codart=49345&marart=218&seopth=WIX-INDUSTRIAL-HD-49345-FILTRO-ARIA
NP206340,P206340,"ELBOW, 90 DEGREE 3 IN (76 MM) OD-ID",https://e-commerce.michelecaroli.com/wso/pages/user/wso0205.jsf?idaa=441160&codart=P206340&marart=227&seopth=DONALDSON-FILTRI-P206340-ELBOW-90-DEGREE-3-IN-76-MM-OD-ID
NP206339,P206339,"ELBOW, 90 DEGREE 2.5 IN (64 MM) OD-",https://e-commerce.michelecaroli.com/wso/pages/user/wso0205.jsf?idaa=441159&codart=P206339&marart=227&seopth=DONALDSON-FILTRI-P206339-ELBOW-90-DEGREE-2-5-IN-64-MM-OD-
NP206335,P206335,"TUBING, STRAIGHT, 3.5 IN (89 MM) OD",https://e-commerce.michelecaroli.com/wso/pages/user/wso0205.jsf?idaa=441155&codart=P206335&marart=227&seopth=DONALDSON-FILTRI-P206335-TUBING-STRAIGHT-3-5-IN-89-MM-OD
NP206328,P206328,"REDUCER, 5-4 IN (127-102 MM) OD-ID",https://e-commerce.michelecaroli.com/wso/pages/user/wso0205.jsf?idaa=441151&codart=P206328&marart=227&seopth=DONALDSON-FILTRI-P206328-REDUCER-5-4-IN-127-102-MM-OD-ID
NP206324,P206324,"REDUCER, 3-2.5 IN (76-64 MM) OD-ID",https://e-commerce.michelecaroli.com/wso/pages/user/wso0205.jsf?idaa=441147&codart=P206324&marart=227&seopth=DONALDSON-FILTRI-P206324-REDUCER-3-2-5-IN-76-64-MM-OD-ID
NP206317,P206317,"REDUCER, 5-4 IN (127-102 MM) ID-ID",https://e-commerce.michelecaroli.com/wso/pages/user/wso0205.jsf?idaa=441140&codart=P206317&marart=227&seopth=DONALDSON-FILTRI-P206317-REDUCER-5-4-IN-127-102-MM-ID-ID
NP206281,P206281,"ELBOW, 45 DEGREE 3.5 IN (89 MM) OD-",https://e-commerce.michelecaroli.com/wso/pages/user/wso0205.jsf?idaa=441122&codart=P206281&marart=227&seopth=DONALDSON-FILTRI-P206281-ELBOW-45-DEGREE-3-5-IN-89-MM-OD-
NP206279,P206279,"ELBOW, 45 DEGREE 2.5 IN (64 MM) OD-",https://e-commerce.michelecaroli.com/wso/pages/user/wso0205.jsf?idaa=441120&codart=P206279&marart=227&seopth=DONALDSON-FILTRI-P206279-ELBOW-45-DEGREE-2-5-IN-64-MM-OD-
NP1940S,NP1940S,,https://e-commerce.michelecaroli.com/wso/pages/user/wso0205.jsf?idaa=398191&codart=NP1940S&marart=230&seopth=HIFI-FILTRI-NP1940S-FILTRO-ARIA-HIFI
NP1939S,NP1939S,,https://e-commerce.michelecaroli.com/wso/pages/user/wso0205.jsf?idaa=398190&codart=NP1939S&marart=230&seopth=HIFI-FILTRI-NP1939S-FILTRO-ARIA-HIFI
NP1937S,NP1937S,,https://e-commerce.michelecaroli.com/wso/pages/user/wso0205.jsf?idaa=398189&codart=NP1937S&marart=230&seopth=HIFI-FILTRI-NP1937S-FILTRO-ARIA-HIFI
NP1936S,NP1936S,,https://e-commerce.michelecaroli.com/wso/pages/user/wso0205.jsf?idaa=398188&codart=NP1936S&marart=230&seopth=HIFI-FILTRI-NP1936S-FILTRO-ARIA-HIFI
NP1779S,NP1779S,,https://e-commerce.michelecaroli.com/wso/pages/user/wso0205.jsf?idaa=398187&codart=NP1779S&marart=230&seopth=HIFI-FILTRI-NP1779S-FILTRO-ARIA-HIFI
NP148348,P148348,"CLAMP, T-BOLT",https://e-commerce.michelecaroli.com/wso/pages/user/wso0205.jsf?idaa=440953&codart=P148348&marart=227&seopth=DONALDSON-FILTRI-P148348-CLAMP-T-BOLT
NP148347,P148347,"CLAMP, T-BOLT",https://e-commerce.michelecaroli.com/wso/pages/user/wso0205.jsf?idaa=440952&codart=P148347&marart=227&seopth=DONALDSON-FILTRI-P148347-CLAMP-T-BOLT
NP143895,P143895,RIDUTTORE A GOMITO P14-3895,https://e-commerce.michelecaroli.com/wso/pages/user/wso0205.jsf?idaa=154811&codart=P143895&marart=227&seopth=DONALDSON-FILTRI-P143895-RIDUTTORE-A-GOMITO-P14-3895
NP121482,SAT01SDB127001,,https://e-commerce.michelecaroli.com/wso/pages/user/wso0205.jsf?idaa=438562&codart=SAT01SDB127001&marart=230&seopth=HIFI-FILTRI-SAT01SDB127001-FILTRO
NP114319,P114319,MANICOTTO S/RIDZUIONE 89X89X133,https://e-commerce.michelecaroli.com/wso/pages/user/wso0205.jsf?idaa=154587&codart=P114319&marart=227&seopth=DONALDSON-FILTRI-P114319-MANICOTTO-S-RIDZUIONE-89X89X133
NP114318,P114318,GOMITO M11L-4318,https://e-commerce.michelecaroli.com/wso/pages/user/wso0205.jsf?idaa=154586&codart=P114318&marart=227&seopth=DONALDSON-FILTRI-P114318-GOMITO-M11L-4318
NP112611,P112611,RIDUTTORE DONALDSON 127X152X152,https://e-commerce.michelecaroli.com/wso/pages/user/wso0205.jsf?idaa=154569&codart=P112611&marart=227&seopth=DONALDSON-FILTRI-P112611-RIDUTTORE-DONALDSON-127X152X152
NP112610,SAT01SBB178002,,https://e-commerce.michelecaroli.com/wso/pages/user/wso0205.jsf?idaa=438643&codart=SAT01SBB178002&marart=230&seopth=HIFI-FILTRI-SAT01SBB178002-FILTRO
NP109331,P109331,GOMITO 45 GRADI DIAM.89 MM.,https://e-commerce.michelecaroli.com/wso/pages/user/wso0205.jsf?idaa=154555&codart=P109331&marart=227&seopth=DONALDSON-FILTRI-P109331-GOMITO-45-GRADI-DIAM-89-MM-
NP105609,P105609,MANICOTTO S/RIDUZIONE 102X102X133,https://e-commerce.michelecaroli.com/wso/pages/user/wso0205.jsf?idaa=154539&codart=P105609&marart=227&seopth=DONALDSON-FILTRI-P105609-MANICOTTO-S-RIDUZIONE-102X102X133
NP105545,P105545,GOMITO 45 GRADI DIAM.102 MM.,https://e-commerce.michelecaroli.com/wso/pages/user/wso0205.jsf?idaa=154536&codart=P105545&marart=227&seopth=DONALDSON-FILTRI-P105545-GOMITO-45-GRADI-DIAM-102-MM-
NP105543,P105543,GOMITO 45 GRADI DIAM.64 MM.,https://e-commerce.michelecaroli.com/wso/pages/user/wso0205.jsf?idaa=443002&codart=P105543&marart=227&seopth=DONALDSON-FILTRI-P105543-GOMITO-45-GRADI-DIAM-64-MM-
NP105535,P105535,GOMITO P10-5535,https://e-commerce.michelecaroli.com/wso/pages/user/wso0205.jsf?idaa=154534&codart=P105535&marart=227&seopth=DONALDSON-FILTRI-P105535-GOMITO-P10-5535
NP105533P,SAT01SCB102001,,https://e-commerce.michelecaroli.com/wso/pages/user/wso0205.jsf?idaa=438560&codart=SAT01SCB102001&marart=230&seopth=HIFI-FILTRI-SAT01SCB102001-FILTRO
NP105533,SAT01SCB102001,,https://e-commerce.michelecaroli.com/wso/pages/user/wso0205.jsf?idaa=438560&codart=SAT01SCB102001&marart=230&seopth=HIFI-FILTRI-SAT01SCB102001-FILTRO
NP105531,P105531,"ELBOW, 90 DEG RUBBER",https://e-commerce.michelecaroli.com/wso/pages/user/wso0205.jsf?idaa=442998&codart=P105531&marart=227&seopth=DONALDSON-FILTRI-P105531-ELBOW-90-DEG-RUBBER
NP101291,P101291,RIDUTTORE DONALDSON 76X102X133,https://e-commerce.michelecaroli.com/wso/pages/user/wso0205.jsf?idaa=154507&codart=P101291&marart=227&seopth=DONALDSON-FILTRI-P101291-RIDUTTORE-DONALDSON-76X102X133
NP101290,P101290,RIDUTTORE DONALDSON 64X76X114,https://e-commerce.michelecaroli.com/wso/pages/user/wso0205.jsf?idaa=154506&codart=P101290&marart=227&seopth=DONALDSON-FILTRI-P101290-RIDUTTORE-DONALDSON-64X76X114
NP100089,P100089,NIPM11ES DONALDSON P10-0089,https://e-commerce.michelecaroli.com/wso/pages/user/wso0205.jsf?idaa=154502&codart=P100089&marart=227&seopth=DONALDSON-FILTRI-P100089-NIPM11ES-DONALDSON-P10-0089
NOE1221,SAT01SAB127001,,https://e-commerce.michelecaroli.com/wso/pages/user/wso0205.jsf?idaa=438642&codart=SAT01SAB127001&marart=230&seopth=HIFI-FILTRI-SAT01SAB127001-FILTRO
NO7698,SA14009K,FILTRO ARIA HIFI,https://e-commerce.michelecaroli.com/wso/pages/user/wso0205.jsf?idaa=288854&codart=SA14009K&marart=230&seopth=HIFI-FILTRI-SA14009K-FILTRO-ARIA-HIFI
NO387,46883,FILTRO ARIA,https://e-commerce.michelecaroli.com/wso/pages/user/wso0205.jsf?idaa=367596&codart=46883&marart=218&seopth=WIX-INDUSTRIAL-HD-46883-FILTRO-ARIA
