Code searched,Matched code,Part Category on Michele,Link to Michele product
OEL6714A,SO7106,FILTRO OLIO P550170 HIFI,https://e-commerce.michelecaroli.com/wso/pages/user/wso0205.jsf?idaa=301239&codart=SO7106&marart=230&seopth=HIFI-FILTRI-SO7106-FILTRO-OLIO-P550170-HIFI
OE6932,5801592277,FILTRO OLIO IVECO STRALIS TRAKKER 2011> ATTUALE 500086331,https://e-commerce.michelecaroli.com/wso/pages/user/wso0205.jsf?idaa=444212&codart=5801592277&marart=IVECO&seopth=IVECO-5801592277-FILTRO-OLIO-IVECO-STRALIS-TRAKKER
OE6854,WL7480,FIILTRO OLIO LEX. GS 250,https://e-commerce.michelecaroli.com/wso/pages/user/wso0205.jsf?idaa=144439&codart=WL7480&marart=219&seopth=WIX-AUTO-FILTRI-WL7480-FIILTRO-OLIO-LEX-GS
OE6853,WL7473,"FIILTRO OLIO DAI. MATERIA, SIRION IISUB. JUSTY IVTOY. AURIS, COROLLA",https://e-commerce.michelecaroli.com/wso/pages/user/wso0205.jsf?idaa=144432&codart=WL7473&marart=219&seopth=WIX-AUTO-FILTRI-WL7473-FIILTRO-OLIO-DAI-MATERIA-SIRION
OE685,WL7447,"FIILTRO OLIO LEX. GS, GX, IS II, L STOY. AURIS, AURIS II, AVENSIS II,",https://e-commerce.michelecaroli.com/wso/pages/user/wso0205.jsf?idaa=144408&codart=WL7447&marart=219&seopth=WIX-AUTO-FILTRI-WL7447-FIILTRO-OLIO-LEX-GS-GX-IS-II-L
OE6831,WL7446,"FIILTRO OLIO HON. ACCORD IX (08-), CIVIC VIII, CR-V III",https://e-commerce.michelecaroli.com/wso/pages/user/wso0205.jsf?idaa=144407&codart=WL7446&marart=219&seopth=WIX-AUTO-FILTRI-WL7446-FIILTRO-OLIO-HON-ACCORD-IX-08-
OE6831,WL7446,"FIILTRO OLIO HON. ACCORD IX (08-), CIVIC VIII, CR-V III",https://e-commerce.michelecaroli.com/wso/pages/user/wso0205.jsf?idaa=144407&codart=WL7446&marart=219&seopth=WIX-AUTO-FILTRI-WL7446-FIILTRO-OLIO-HON-ACCORD-IX-08-
OE6828,WL7560,"FIILTRO OLIO AR. GIULIA (952), STE LVIO (949). .",https://e-commerce.michelecaroli.com/wso/pages/user/wso0205.jsf?idaa=443895&codart=WL7560&marart=219&seopth=WIX-AUTO-FILTRI-WL7560-FIILTRO-OLIO-AR-GIULIA-952-STE
OE6827,WL7543,"FIILTRO OLIO AR. MITOCITR. NEMOFIA T DOBLO, FIORINO (225), PANDA III,",https://e-commerce.michelecaroli.com/wso/pages/user/wso0205.jsf?idaa=443886&codart=WL7543&marart=219&seopth=WIX-AUTO-FILTRI-WL7543-FIILTRO-OLIO-AR-MITOCITR-NEMOFIA
OE6826,WL7539,"FIILTRO OLIO AR. MITOFIAT DOBLO, F IORINO, PANDA III, PUNTO III/GRANDE",https://e-commerce.michelecaroli.com/wso/pages/user/wso0205.jsf?idaa=439172&codart=WL7539&marart=219&seopth=WIX-AUTO-FILTRI-WL7539-FIILTRO-OLIO-AR-MITOFIAT-DOBLO-F
OE6825,WL7540,"FIILTRO OLIO OPEL ANTARA, CASCADA, INSIGNIA, INSIGNIA B, ZAFIRA TOURE",https://e-commerce.michelecaroli.com/wso/pages/user/wso0205.jsf?idaa=443884&codart=WL7540&marart=219&seopth=WIX-AUTO-FILTRI-WL7540-FIILTRO-OLIO-OPEL-ANTARA-CASCADA-
OE6795,24019,,https://e-commerce.michelecaroli.com/wso/pages/user/wso0205.jsf?idaa=365445&codart=24019&marart=218&seopth=WIX-INDUSTRIAL-HD-24019-ACCESSORI
OE6772,WL7425,"FIILTRO OLIO MERC. CL (C215), MAYB ACH (W240), S (W220), S (W221), SL",https://e-commerce.michelecaroli.com/wso/pages/user/wso0205.jsf?idaa=144390&codart=WL7425&marart=219&seopth=WIX-AUTO-FILTRI-WL7425-FIILTRO-OLIO-MERC-CL-C215-MAYB
OE677,WL7456,FIILTRO OLIO CHRYS. PT CRUISER CRD,https://e-commerce.michelecaroli.com/wso/pages/user/wso0205.jsf?idaa=144416&codart=WL7456&marart=219&seopth=WIX-AUTO-FILTRI-WL7456-FIILTRO-OLIO-CHRYS-PT-CRUISER
OE677,WL7456,FIILTRO OLIO CHRYS. PT CRUISER CRD,https://e-commerce.michelecaroli.com/wso/pages/user/wso0205.jsf?idaa=144416&codart=WL7456&marart=219&seopth=WIX-AUTO-FILTRI-WL7456-FIILTRO-OLIO-CHRYS-PT-CRUISER
OE6722A,WL7474A,,https://e-commerce.michelecaroli.com/wso/pages/user/wso0205.jsf?idaa=443948&codart=WL7474A&marart=219&seopth=WIX-AUTO-FILTRI-WL7474A-FILTRO-OLIO
OE6722A,WL7474A,,https://e-commerce.michelecaroli.com/wso/pages/user/wso0205.jsf?idaa=443948&codart=WL7474A&marart=219&seopth=WIX-AUTO-FILTRI-WL7474A-FILTRO-OLIO
OE6675,WL7548,"FIILTRO OLIO JAGUAR E-PACE, F-PACE , XE, XFLAND ROVER DISCOVERY 5, DIS",https://e-commerce.michelecaroli.com/wso/pages/user/wso0205.jsf?idaa=443889&codart=WL7548&marart=219&seopth=WIX-AUTO-FILTRI-WL7548-FIILTRO-OLIO-JAGUAR-E-PACE-F-PACE
OE6674A,WL7526A,,https://e-commerce.michelecaroli.com/wso/pages/user/wso0205.jsf?idaa=443949&codart=WL7526A&marart=219&seopth=WIX-AUTO-FILTRI-WL7526A-FILTRO-OLIO
OE6652,WL7407,"FIILTRO OLIO MAZDA 3 (BK), 6 (GG/G Y), 6 (GH), CX-7, MPV",https://e-commerce.michelecaroli.com/wso/pages/user/wso0205.jsf?idaa=144374&codart=WL7407&marart=219&seopth=WIX-AUTO-FILTRI-WL7407-FIILTRO-OLIO-MAZDA-3-BK-6-GG-G
OE6508,WL7535,"FIILTRO OLIO AUDI A4 (8W), A5 (F5) , A6 (4G2/4G5), A6 (4A), A7 (4GA),",https://e-commerce.michelecaroli.com/wso/pages/user/wso0205.jsf?idaa=443572&codart=WL7535&marart=219&seopth=WIX-AUTO-FILTRI-WL7535-FIILTRO-OLIO-AUDI-A4-8W-A5-F5-
OE6101,WL7554,"FIILTRO OLIO SSANGYONG ACTYON, KOR ANDO II, REXTON W, RODIUS II",https://e-commerce.michelecaroli.com/wso/pages/user/wso0205.jsf?idaa=443892&codart=WL7554&marart=219&seopth=WIX-AUTO-FILTRI-WL7554-FIILTRO-OLIO-SSANGYONG-ACTYON-KOR
OE5955,M070068,SPARK ARRESTOR,https://e-commerce.michelecaroli.com/wso/pages/user/wso0205.jsf?idaa=442869&codart=M070068&marart=227&seopth=DONALDSON-FILTRI-M070068-SPARK-ARRESTOR
OE5954,M065030,MUFFLER,https://e-commerce.michelecaroli.com/wso/pages/user/wso0205.jsf?idaa=154469&codart=M065030&marart=227&seopth=DONALDSON-FILTRI-M065030-MUFFLER
OE52312,OE52312,,https://e-commerce.michelecaroli.com/wso/pages/user/wso0205.jsf?idaa=67525&codart=OE52312&marart=155&seopth=PERKINS-OE52312-FILTRO-ARIA-AIR-FILTER
OE51597,OE51597,,https://e-commerce.michelecaroli.com/wso/pages/user/wso0205.jsf?idaa=67266&codart=OE51597&marart=155&seopth=PERKINS-OE51597-GOMITO-ELBOW
OE51597,OE51597,,https://e-commerce.michelecaroli.com/wso/pages/user/wso0205.jsf?idaa=67266&codart=OE51597&marart=155&seopth=PERKINS-OE51597-GOMITO-ELBOW
OE51243,OE51243,,https://e-commerce.michelecaroli.com/wso/pages/user/wso0205.jsf?idaa=67159&codart=OE51243&marart=155&seopth=PERKINS-OE51243-TUBO-FLESSIBILE-HOSE
OE51243,OE51243,,https://e-commerce.michelecaroli.com/wso/pages/user/wso0205.jsf?idaa=67159&codart=OE51243&marart=155&seopth=PERKINS-OE51243-TUBO-FLESSIBILE-HOSE
OE50938,OE50938,,https://e-commerce.michelecaroli.com/wso/pages/user/wso0205.jsf?idaa=66299&codart=OE50938&marart=155&seopth=PERKINS-OE50938-TUBO-FLESSIBILE-HOSE
OE50938,OE50938,,https://e-commerce.michelecaroli.com/wso/pages/user/wso0205.jsf?idaa=66299&codart=OE50938&marart=155&seopth=PERKINS-OE50938-TUBO-FLESSIBILE-HOSE
OE50862,SAT01SCB076001,,https://e-commerce.michelecaroli.com/wso/pages/user/wso0205.jsf?idaa=438641&codart=SAT01SCB076001&marart=230&seopth=HIFI-FILTRI-SAT01SCB076001-FILTRO
OE50719,OE50719,,https://e-commerce.michelecaroli.com/wso/pages/user/wso0205.jsf?idaa=66986&codart=OE50719&marart=155&seopth=PERKINS-OE50719-TUBO-FLESSIBILE-HOSE
OE50719,OE50719,,https://e-commerce.michelecaroli.com/wso/pages/user/wso0205.jsf?idaa=66986&codart=OE50719&marart=155&seopth=PERKINS-OE50719-TUBO-FLESSIBILE-HOSE
OE5063,P206344,"ELBOW, 90 DEG 4 IN OD-ID",https://e-commerce.michelecaroli.com/wso/pages/user/wso0205.jsf?idaa=441163&codart=P206344&marart=227&seopth=DONALDSON-FILTRI-P206344-ELBOW-90-DEG-4-IN-OD-ID
OE50024,OE50024,,https://e-commerce.michelecaroli.com/wso/pages/user/wso0205.jsf?idaa=66826&codart=OE50024&marart=155&seopth=PERKINS-OE50024-CAPPELLO-CAP
OE50024,OE50024,,https://e-commerce.michelecaroli.com/wso/pages/user/wso0205.jsf?idaa=66826&codart=OE50024&marart=155&seopth=PERKINS-OE50024-CAPPELLO-CAP
OE50023,G150033,,https://e-commerce.michelecaroli.com/wso/pages/user/wso0205.jsf?idaa=153412&codart=G150033&marart=227&seopth=DONALDSON-FILTRI-G150033-FILTRO-ARIA-COMM11ETO-G15-0033
OE47676,P004076,FASCIA MONTAGGIO P00-4076,https://e-commerce.michelecaroli.com/wso/pages/user/wso0205.jsf?idaa=154484&codart=P004076&marart=227&seopth=DONALDSON-FILTRI-P004076-FASCIA-MONTAGGIO-P00-4076
OE47131,OE47131,,https://e-commerce.michelecaroli.com/wso/pages/user/wso0205.jsf?idaa=66602&codart=OE47131&marart=155&seopth=PERKINS-OE47131-GOMITO-ELBOW
OE47131,OE47131,,https://e-commerce.michelecaroli.com/wso/pages/user/wso0205.jsf?idaa=66602&codart=OE47131&marart=155&seopth=PERKINS-OE47131-GOMITO-ELBOW
OE47125,P105535,GOMITO P10-5535,https://e-commerce.michelecaroli.com/wso/pages/user/wso0205.jsf?idaa=154534&codart=P105535&marart=227&seopth=DONALDSON-FILTRI-P105535-GOMITO-P10-5535
OE46264,P552071,FILTRO ACQUA DONALDSON conf.12 50 M ICRON,https://e-commerce.michelecaroli.com/wso/pages/user/wso0205.jsf?idaa=157025&codart=P552071&marart=227&seopth=DONALDSON-FILTRI-P552071-FILTRO-ACQUA-DONALDSON-conf-12-50-M
OE46263,WE2067,FILTRO PER LIQUIDO RAFFREDAMENTO HI,https://e-commerce.michelecaroli.com/wso/pages/user/wso0205.jsf?idaa=349575&codart=WE2067&marart=230&seopth=HIFI-FILTRI-WE2067-FILTRO-PER-LIQUIDO-RAFFREDAMENTO-HI
OE46263,WE2067,FILTRO PER LIQUIDO RAFFREDAMENTO HI,https://e-commerce.michelecaroli.com/wso/pages/user/wso0205.jsf?idaa=349575&codart=WE2067&marart=230&seopth=HIFI-FILTRI-WE2067-FILTRO-PER-LIQUIDO-RAFFREDAMENTO-HI
OE45520,SA10840,FILTRO ARIA SICUREZZA P116446 HIFI,https://e-commerce.michelecaroli.com/wso/pages/user/wso0205.jsf?idaa=336073&codart=SA10840&marart=230&seopth=HIFI-FILTRI-SA10840-FILTRO-ARIA-SICUREZZA-P116446-HIFI
OE45357,OE45357,,https://e-commerce.michelecaroli.com/wso/pages/user/wso0205.jsf?idaa=66489&codart=OE45357&marart=155&seopth=PERKINS-OE45357-VALVOLA-VALVE
OE45357,OE45357,,https://e-commerce.michelecaroli.com/wso/pages/user/wso0205.jsf?idaa=66489&codart=OE45357&marart=155&seopth=PERKINS-OE45357-VALVOLA-VALVE
OE28,P502020,"LUBE FILTER, SPIN-ON FULL FLOW",https://e-commerce.michelecaroli.com/wso/pages/user/wso0205.jsf?idaa=441443&codart=P502020&marart=227&seopth=DONALDSON-FILTRI-P502020-LUBE-FILTER-SPIN-ON-FULL-FLOW
OE240,OE240,,https://e-commerce.michelecaroli.com/wso/pages/user/wso0205.jsf?idaa=530854&codart=OE240&marart=254&seopth=FEDERAL-MOGUL-OE240-CANDELA
OE23050,51175,FILTRO IDRAULICO,https://e-commerce.michelecaroli.com/wso/pages/user/wso0205.jsf?idaa=368158&codart=51175&marart=218&seopth=WIX-INDUSTRIAL-HD-51175-FILTRO-IDRAULICO
OE2251,P206344,"ELBOW, 90 DEG 4 IN OD-ID",https://e-commerce.michelecaroli.com/wso/pages/user/wso0205.jsf?idaa=441163&codart=P206344&marart=227&seopth=DONALDSON-FILTRI-P206344-ELBOW-90-DEG-4-IN-OD-ID
OE22050,1R0659,,https://e-commerce.michelecaroli.com/wso/pages/user/wso0205.jsf?idaa=146663&codart=1R0659&marart=222&seopth=FILTRI-VARI-1R0659-FILTRO-OLIO-CAT
OE21010,1R0659,,https://e-commerce.michelecaroli.com/wso/pages/user/wso0205.jsf?idaa=146663&codart=1R0659&marart=222&seopth=FILTRI-VARI-1R0659-FILTRO-OLIO-CAT
OE20520,P558462,FILTRO OLIO DONALDSON P55-84 62,https://e-commerce.michelecaroli.com/wso/pages/user/wso0205.jsf?idaa=157189&codart=P558462&marart=227&seopth=DONALDSON-FILTRI-P558462-FILTRO-OLIO-DONALDSON-P55-84-62
OE20360,51727,FILTRO OLIO,https://e-commerce.michelecaroli.com/wso/pages/user/wso0205.jsf?idaa=368581&codart=51727&marart=218&seopth=WIX-INDUSTRIAL-HD-51727-FILTRO-OLIO
OE20190,51765E,FILTRO OLIO# P554925,https://e-commerce.michelecaroli.com/wso/pages/user/wso0205.jsf?idaa=369134&codart=51765E&marart=218&seopth=WIX-INDUSTRIAL-HD-51765E-FILTRO-OLIO-P554925
OE20120,P551014,FILTRO OLIO DONALDSON P55-1014,https://e-commerce.michelecaroli.com/wso/pages/user/wso0205.jsf?idaa=156890&codart=P551014&marart=227&seopth=DONALDSON-FILTRI-P551014-FILTRO-OLIO-DONALDSON-P55-1014
OE20040,25.505.00,FILTRO OLIO IMM. UFI 25.505.00,https://e-commerce.michelecaroli.com/wso/pages/user/wso0205.jsf?idaa=149896&codart=25.505.00&marart=UFIHD&seopth=UFI-HD-25-505-00-FILTRO-OLIO-IMM-UFI-25-505-00
OE20030,1R0659,,https://e-commerce.michelecaroli.com/wso/pages/user/wso0205.jsf?idaa=146663&codart=1R0659&marart=222&seopth=FILTRI-VARI-1R0659-FILTRO-OLIO-CAT
OE15270,P550065,FILTRO OLIO AD IMMERSIONE,https://e-commerce.michelecaroli.com/wso/pages/user/wso0205.jsf?idaa=156427&codart=P550065&marart=227&seopth=DONALDSON-FILTRI-P550065-FILTRO-OLIO-AD-IMMERSIONE
OE15200,P550065,FILTRO OLIO AD IMMERSIONE,https://e-commerce.michelecaroli.com/wso/pages/user/wso0205.jsf?idaa=156427&codart=P550065&marart=227&seopth=DONALDSON-FILTRI-P550065-FILTRO-OLIO-AD-IMMERSIONE
OE15130,P502180,FILTRO OLIO DONALDSON AD IMMERSIONE,https://e-commerce.michelecaroli.com/wso/pages/user/wso0205.jsf?idaa=156036&codart=P502180&marart=227&seopth=DONALDSON-FILTRI-P502180-FILTRO-OLIO-DONALDSON-AD-IMMERSIONE
OE13200,57555,FILTRO OLIO,https://e-commerce.michelecaroli.com/wso/pages/user/wso0205.jsf?idaa=368890&codart=57555&marart=218&seopth=WIX-INDUSTRIAL-HD-57555-FILTRO-OLIO
OE1290,P207332,"ELBOW, 90 DEGREE 5 IN (127 MM) OD-O",https://e-commerce.michelecaroli.com/wso/pages/user/wso0205.jsf?idaa=441275&codart=P207332&marart=227&seopth=DONALDSON-FILTRI-P207332-ELBOW-90-DEGREE-5-IN-127-MM-OD-O
OE11190,57555,FILTRO OLIO,https://e-commerce.michelecaroli.com/wso/pages/user/wso0205.jsf?idaa=368890&codart=57555&marart=218&seopth=WIX-INDUSTRIAL-HD-57555-FILTRO-OLIO
OE11070,57555,FILTRO OLIO,https://e-commerce.michelecaroli.com/wso/pages/user/wso0205.jsf?idaa=368890&codart=57555&marart=218&seopth=WIX-INDUSTRIAL-HD-57555-FILTRO-OLIO
OE08629,SAT01SCB076001,,https://e-commerce.michelecaroli.com/wso/pages/user/wso0205.jsf?idaa=438641&codart=SAT01SCB076001&marart=230&seopth=HIFI-FILTRI-SAT01SCB076001-FILTRO
OE0136B,P115200,"CLAMP, HOSE-TYPE LINED",https://e-commerce.michelecaroli.com/wso/pages/user/wso0205.jsf?idaa=440918&codart=P115200&marart=227&seopth=DONALDSON-FILTRI-P115200-CLAMP-HOSE-TYPE-LINED
OD9906B,P207584,"CONNECTOR FLARED, 5 IN (127 MM)",https://e-commerce.michelecaroli.com/wso/pages/user/wso0205.jsf?idaa=441316&codart=P207584&marart=227&seopth=DONALDSON-FILTRI-P207584-CONNECTOR-FLARED-5-IN-127-MM-
OD5745,P210110,"CLAMP, V-BAND 5.25 IN (133 MM)",https://e-commerce.michelecaroli.com/wso/pages/user/wso0205.jsf?idaa=441342&codart=P210110&marart=227&seopth=DONALDSON-FILTRI-P210110-CLAMP-V-BAND-5-25-IN-133-MM-
OD5443A,P207339,"ELBOW, 90 DEGREE 5 IN (127 MM) OD-I",https://e-commerce.michelecaroli.com/wso/pages/user/wso0205.jsf?idaa=441278&codart=P207339&marart=227&seopth=DONALDSON-FILTRI-P207339-ELBOW-90-DEGREE-5-IN-127-MM-OD-I
OD19720,OD19720,,https://e-commerce.michelecaroli.com/wso/pages/user/wso0205.jsf?idaa=65944&codart=OD19720&marart=155&seopth=PERKINS-OD19720-CONO-CONE
OD18873,MD-195,FILTRO CARB. ALCO,https://e-commerce.michelecaroli.com/wso/pages/user/wso0205.jsf?idaa=463526&codart=MD-195&marart=ALCO&seopth=ALCO-MD-195-FILTRO-CARB-ALCO
OCM6714A2,SO7106,FILTRO OLIO P550170 HIFI,https://e-commerce.michelecaroli.com/wso/pages/user/wso0205.jsf?idaa=301239&codart=SO7106&marart=230&seopth=HIFI-FILTRI-SO7106-FILTRO-OLIO-P550170-HIFI
OCM6714A1,SO7106,FILTRO OLIO P550170 HIFI,https://e-commerce.michelecaroli.com/wso/pages/user/wso0205.jsf?idaa=301239&codart=SO7106&marart=230&seopth=HIFI-FILTRI-SO7106-FILTRO-OLIO-P550170-HIFI
OCM6714A,SO7106,FILTRO OLIO P550170 HIFI,https://e-commerce.michelecaroli.com/wso/pages/user/wso0205.jsf?idaa=301239&codart=SO7106&marart=230&seopth=HIFI-FILTRI-SO7106-FILTRO-OLIO-P550170-HIFI
OCM00009029,h002436,"PRE FILTRO TOP SPIN 2,5 64X162X146 MM",https://e-commerce.michelecaroli.com/wso/pages/user/wso0205.jsf?idaa=154217&codart=h002436&marart=227&seopth=DONALDSON-FILTRI-h002436-PRE-FILTRO-TOP-SPIN-2-5
OCM00009010,G065008,"AIR CLEANER, FWG CYCLOPAC",https://e-commerce.michelecaroli.com/wso/pages/user/wso0205.jsf?idaa=442433&codart=G065008&marart=227&seopth=DONALDSON-FILTRI-G065008-AIR-CLEANER-FWG-CYCLOPAC
OC988,T1637,FILTRO OLIO P502016 HIFI,https://e-commerce.michelecaroli.com/wso/pages/user/wso0205.jsf?idaa=344931&codart=T1637&marart=230&seopth=HIFI-FILTRI-T1637-FILTRO-OLIO-P502016-HIFI
OC97,P550095,FILTRO OLIO DONALDSON P55-0095 OBSO LETO,https://e-commerce.michelecaroli.com/wso/pages/user/wso0205.jsf?idaa=156453&codart=P550095&marart=227&seopth=DONALDSON-FILTRI-P550095-FILTRO-OLIO-DONALDSON-P55-0095-OBSO
OC97,P550095,FILTRO OLIO DONALDSON P55-0095 OBSO LETO,https://e-commerce.michelecaroli.com/wso/pages/user/wso0205.jsf?idaa=156453&codart=P550095&marart=227&seopth=DONALDSON-FILTRI-P550095-FILTRO-OLIO-DONALDSON-P55-0095-OBSO
OC92,SO580,FILTRO OLIO P550008# HIFI,https://e-commerce.michelecaroli.com/wso/pages/user/wso0205.jsf?idaa=300199&codart=SO580&marart=230&seopth=HIFI-FILTRI-SO580-FILTRO-OLIO-P550008-HIFI
OC92,SO580,FILTRO OLIO P550008# HIFI,https://e-commerce.michelecaroli.com/wso/pages/user/wso0205.jsf?idaa=300199&codart=SO580&marart=230&seopth=HIFI-FILTRI-SO580-FILTRO-OLIO-P550008-HIFI
OC79,SO431,FILTRO OLIO HIFI 2175036,https://e-commerce.michelecaroli.com/wso/pages/user/wso0205.jsf?idaa=300150&codart=SO431&marart=230&seopth=HIFI-FILTRI-SO431-FILTRO-OLIO-HIFI-2175036
OC76,23.108.01,FILTRO OLIO UFI P553411 ex.codice 23.108.00,https://e-commerce.michelecaroli.com/wso/pages/user/wso0205.jsf?idaa=149348&codart=23.108.01&marart=UFIHD&seopth=UFI-HD-23-108-01-FILTRO-OLIO-UFI-P553411
OC73,SO7025,FILTRO OLIO HIFI,https://e-commerce.michelecaroli.com/wso/pages/user/wso0205.jsf?idaa=300440&codart=SO7025&marart=230&seopth=HIFI-FILTRI-SO7025-FILTRO-OLIO-HIFI
OC7,51340,FILTRO OLIO,https://e-commerce.michelecaroli.com/wso/pages/user/wso0205.jsf?idaa=368268&codart=51340&marart=218&seopth=WIX-INDUSTRIAL-HD-51340-FILTRO-OLIO
OC68,SO780,FILTRO OLIO P550047 HIFI,https://e-commerce.michelecaroli.com/wso/pages/user/wso0205.jsf?idaa=301372&codart=SO780&marart=230&seopth=HIFI-FILTRI-SO780-FILTRO-OLIO-P550047-HIFI
OC62781,P002348,FASCIA MONTAGGIO PO0-2348,https://e-commerce.michelecaroli.com/wso/pages/user/wso0205.jsf?idaa=154481&codart=P002348&marart=227&seopth=DONALDSON-FILTRI-P002348-FASCIA-MONTAGGIO-PO0-2348
OC62,P551300,,https://e-commerce.michelecaroli.com/wso/pages/user/wso0205.jsf?idaa=157658&codart=P551300&marart=227&seopth=DONALDSON-FILTRI-P551300-VEDI-NUOVO-CODICE
OC62,P551300,,https://e-commerce.michelecaroli.com/wso/pages/user/wso0205.jsf?idaa=157658&codart=P551300&marart=227&seopth=DONALDSON-FILTRI-P551300-VEDI-NUOVO-CODICE
OC603,51021E,FILTRO OLIO#,https://e-commerce.michelecaroli.com/wso/pages/user/wso0205.jsf?idaa=369090&codart=51021E&marart=218&seopth=WIX-INDUSTRIAL-HD-51021E-FILTRO-OLIO-
OC6,51340,FILTRO OLIO,https://e-commerce.michelecaroli.com/wso/pages/user/wso0205.jsf?idaa=368268&codart=51340&marart=218&seopth=WIX-INDUSTRIAL-HD-51340-FILTRO-OLIO
OC56,P550210,FILTRO HYDR.ATTUALE P550940,https://e-commerce.michelecaroli.com/wso/pages/user/wso0205.jsf?idaa=156505&codart=P550210&marart=227&seopth=DONALDSON-FILTRI-P550210-FILTRO-HYDR-ATTUALE-P550940
OC56,P550210,FILTRO HYDR.ATTUALE P550940,https://e-commerce.michelecaroli.com/wso/pages/user/wso0205.jsf?idaa=156505&codart=P550210&marart=227&seopth=DONALDSON-FILTRI-P550210-FILTRO-HYDR-ATTUALE-P550940
OC56,P550210,FILTRO HYDR.ATTUALE P550940,https://e-commerce.michelecaroli.com/wso/pages/user/wso0205.jsf?idaa=156505&codart=P550210&marart=227&seopth=DONALDSON-FILTRI-P550210-FILTRO-HYDR-ATTUALE-P550940
OC55,SP-812,FILTRO OLIO,https://e-commerce.michelecaroli.com/wso/pages/user/wso0205.jsf?idaa=466312&codart=SP-812&marart=ALCO&seopth=ALCO-SP-812-FILTRO-OLIO
OC55,SP-812,FILTRO OLIO,https://e-commerce.michelecaroli.com/wso/pages/user/wso0205.jsf?idaa=466312&codart=SP-812&marart=ALCO&seopth=ALCO-SP-812-FILTRO-OLIO
OC55,SP-812,FILTRO OLIO,https://e-commerce.michelecaroli.com/wso/pages/user/wso0205.jsf?idaa=466312&codart=SP-812&marart=ALCO&seopth=ALCO-SP-812-FILTRO-OLIO
OC54010,23.303.00,FILTRO OLIO UFI 23.303.00,https://e-commerce.michelecaroli.com/wso/pages/user/wso0205.jsf?idaa=148795&codart=23.303.00&marart=UFIHD&seopth=UFI-HD-23-303-00-FILTRO-OLIO-UFI-23-303-00
