Code searched,Matched code,Part Category on Michele,Link to Michele product
PC145P,51242,FILTRO OLIO,https://e-commerce.michelecaroli.com/wso/pages/user/wso0205.jsf?idaa=368202&codart=51242&marart=218&seopth=WIX-INDUSTRIAL-HD-51242-FILTRO-OLIO
PC144K,P182000,"AIR FILTER, PRIMARY FINNED",https://e-commerce.michelecaroli.com/wso/pages/user/wso0205.jsf?idaa=441114&codart=P182000&marart=227&seopth=DONALDSON-FILTRI-P182000-AIR-FILTER-PRIMARY-FINNED
PC144,P182000,"AIR FILTER, PRIMARY FINNED",https://e-commerce.michelecaroli.com/wso/pages/user/wso0205.jsf?idaa=441114&codart=P182000&marart=227&seopth=DONALDSON-FILTRI-P182000-AIR-FILTER-PRIMARY-FINNED
PC143,42689,FILTRO ARIA,https://e-commerce.michelecaroli.com/wso/pages/user/wso0205.jsf?idaa=366732&codart=42689&marart=218&seopth=WIX-INDUSTRIAL-HD-42689-FILTRO-ARIA
PC141,42490,FILTRO ARIA,https://e-commerce.michelecaroli.com/wso/pages/user/wso0205.jsf?idaa=366557&codart=42490&marart=218&seopth=WIX-INDUSTRIAL-HD-42490-FILTRO-ARIA
PC141,42490,FILTRO ARIA,https://e-commerce.michelecaroli.com/wso/pages/user/wso0205.jsf?idaa=366557&codart=42490&marart=218&seopth=WIX-INDUSTRIAL-HD-42490-FILTRO-ARIA
PC140,42890,FILTRO ARIA,https://e-commerce.michelecaroli.com/wso/pages/user/wso0205.jsf?idaa=366876&codart=42890&marart=218&seopth=WIX-INDUSTRIAL-HD-42890-FILTRO-ARIA
PC14,P551014,FILTRO OLIO DONALDSON P55-1014,https://e-commerce.michelecaroli.com/wso/pages/user/wso0205.jsf?idaa=156890&codart=P551014&marart=227&seopth=DONALDSON-FILTRI-P551014-FILTRO-OLIO-DONALDSON-P55-1014
PC139,51242,FILTRO OLIO,https://e-commerce.michelecaroli.com/wso/pages/user/wso0205.jsf?idaa=368202&codart=51242&marart=218&seopth=WIX-INDUSTRIAL-HD-51242-FILTRO-OLIO
PC138,SA10385K,FILTRO ARIA P181050# HIFI ABBINATO CON SA14762,https://e-commerce.michelecaroli.com/wso/pages/user/wso0205.jsf?idaa=336011&codart=SA10385K&marart=230&seopth=HIFI-FILTRI-SA10385K-FILTRO-ARIA-P181050-HIFI
PC137K,MD-192K,FILTRO ARIA ALCO,https://e-commerce.michelecaroli.com/wso/pages/user/wso0205.jsf?idaa=463524&codart=MD-192K&marart=ALCO&seopth=ALCO-MD-192K-FILTRO-ARIA-ALCO
PC137,MD-192K,FILTRO ARIA ALCO,https://e-commerce.michelecaroli.com/wso/pages/user/wso0205.jsf?idaa=463524&codart=MD-192K&marart=ALCO&seopth=ALCO-MD-192K-FILTRO-ARIA-ALCO
PC136K,MD-120K,FILTRO ARIA ALCO P181054,https://e-commerce.michelecaroli.com/wso/pages/user/wso0205.jsf?idaa=463489&codart=MD-120K&marart=ALCO&seopth=ALCO-MD-120K-FILTRO-ARIA-ALCO-P181054
PC136,42926,FILTRO ARIA,https://e-commerce.michelecaroli.com/wso/pages/user/wso0205.jsf?idaa=366902&codart=42926&marart=218&seopth=WIX-INDUSTRIAL-HD-42926-FILTRO-ARIA
PC135,P182046,FILTRO ARIA DONALDSON P18-2046 ABBINATO C/FILTRO INTERNO P119373,https://e-commerce.michelecaroli.com/wso/pages/user/wso0205.jsf?idaa=155912&codart=P182046&marart=227&seopth=DONALDSON-FILTRI-P182046-FILTRO-ARIA-DONALDSON-P18-2046
PC133K,P182045,,https://e-commerce.michelecaroli.com/wso/pages/user/wso0205.jsf?idaa=155911&codart=P182045&marart=227&seopth=DONALDSON-FILTRI-P182045-FILTRO-ARIA-SOSTITUITO-DA-P181045
PC13,51061,FILTRO OLIO,https://e-commerce.michelecaroli.com/wso/pages/user/wso0205.jsf?idaa=368085&codart=51061&marart=218&seopth=WIX-INDUSTRIAL-HD-51061-FILTRO-OLIO
PC124,SA311,FILTRO PANNELLO P607243 HIFI,https://e-commerce.michelecaroli.com/wso/pages/user/wso0205.jsf?idaa=290490&codart=SA311&marart=230&seopth=HIFI-FILTRI-SA311-FILTRO-PANNELLO-P607243-HIFI
PC1191,S7111NC,FILTRO CAV296 SOFIMA,https://e-commerce.michelecaroli.com/wso/pages/user/wso0205.jsf?idaa=446634&codart=S7111NC&marart=SOFI&seopth=SOFIMA-S7111NC-FILTRO-CAV296-SOFIMA
PC119,51138,FILTRO OLIO,https://e-commerce.michelecaroli.com/wso/pages/user/wso0205.jsf?idaa=368129&codart=51138&marart=218&seopth=WIX-INDUSTRIAL-HD-51138-FILTRO-OLIO
PC1189,95125E,,https://e-commerce.michelecaroli.com/wso/pages/user/wso0205.jsf?idaa=369668&codart=95125E&marart=218&seopth=WIX-INDUSTRIAL-HD-95125E-FILTRO-NAFTA
PC1188,33539,FILTRO NAFTA,https://e-commerce.michelecaroli.com/wso/pages/user/wso0205.jsf?idaa=365948&codart=33539&marart=218&seopth=WIX-INDUSTRIAL-HD-33539-FILTRO-NAFTA
PC11860A,P550120,FILTRO GASOLIO,https://e-commerce.michelecaroli.com/wso/pages/user/wso0205.jsf?idaa=156464&codart=P550120&marart=227&seopth=DONALDSON-FILTRI-P550120-FILTRO-GASOLIO
PC11860,33167E,FILTRO NAFTA# P550060,https://e-commerce.michelecaroli.com/wso/pages/user/wso0205.jsf?idaa=368995&codart=33167E&marart=218&seopth=WIX-INDUSTRIAL-HD-33167E-FILTRO-NAFTA-P550060
PC1175,33512,FILTRO NAFTA,https://e-commerce.michelecaroli.com/wso/pages/user/wso0205.jsf?idaa=365932&codart=33512&marart=218&seopth=WIX-INDUSTRIAL-HD-33512-FILTRO-NAFTA
PC1174,33073,FILTRO NAFTA,https://e-commerce.michelecaroli.com/wso/pages/user/wso0205.jsf?idaa=365761&codart=33073&marart=218&seopth=WIX-INDUSTRIAL-HD-33073-FILTRO-NAFTA
PC1173,SN109,FILTRO NAFTA P553261 HIFI,https://e-commerce.michelecaroli.com/wso/pages/user/wso0205.jsf?idaa=298873&codart=SN109&marart=230&seopth=HIFI-FILTRI-SN109-FILTRO-NAFTA-P553261-HIFI
PC1168,33143,FILTRO NAFTA,https://e-commerce.michelecaroli.com/wso/pages/user/wso0205.jsf?idaa=365851&codart=33143&marart=218&seopth=WIX-INDUSTRIAL-HD-33143-FILTRO-NAFTA
PC1166,MD-067,FILTRO CARB.,https://e-commerce.michelecaroli.com/wso/pages/user/wso0205.jsf?idaa=463455&codart=MD-067&marart=ALCO&seopth=ALCO-MD-067-FILTRO-CARB-
PC1163,33080,FILTRO NAFTA esaurito wix,https://e-commerce.michelecaroli.com/wso/pages/user/wso0205.jsf?idaa=365765&codart=33080&marart=218&seopth=WIX-INDUSTRIAL-HD-33080-FILTRO-NAFTA-esaurito-wix
PC1104,SN185,FILTRO NAFTA P557440# HIFI,https://e-commerce.michelecaroli.com/wso/pages/user/wso0205.jsf?idaa=298907&codart=SN185&marart=230&seopth=HIFI-FILTRI-SN185-FILTRO-NAFTA-P557440-HIFI
PC1103,SN105,FILTRO NAFTA P550105 HIFI,https://e-commerce.michelecaroli.com/wso/pages/user/wso0205.jsf?idaa=298869&codart=SN105&marart=230&seopth=HIFI-FILTRI-SN105-FILTRO-NAFTA-P550105-HIFI
PC10FP,51010,FILTRO OLIO,https://e-commerce.michelecaroli.com/wso/pages/user/wso0205.jsf?idaa=368066&codart=51010&marart=218&seopth=WIX-INDUSTRIAL-HD-51010-FILTRO-OLIO
PC100P,SO7106,FILTRO OLIO P550170 HIFI,https://e-commerce.michelecaroli.com/wso/pages/user/wso0205.jsf?idaa=301239&codart=SO7106&marart=230&seopth=HIFI-FILTRI-SO7106-FILTRO-OLIO-P550170-HIFI
PC0865,P149099,VALVOLA D'EVACUAZIONE DIAM.25,https://e-commerce.michelecaroli.com/wso/pages/user/wso0205.jsf?idaa=440902&codart=P149099&marart=227&seopth=DONALDSON-FILTRI-P149099-VALVOLA-D-EVACUAZIONE-DIAM-25
PBH002223,H002855,"PRE-CLEANER, TOPSPIN HD",https://e-commerce.michelecaroli.com/wso/pages/user/wso0205.jsf?idaa=442541&codart=H002855&marart=227&seopth=DONALDSON-FILTRI-H002855-PRE-CLEANER-TOPSPIN-HD
PBH000388,H002855,"PRE-CLEANER, TOPSPIN HD",https://e-commerce.michelecaroli.com/wso/pages/user/wso0205.jsf?idaa=442541&codart=H002855&marart=227&seopth=DONALDSON-FILTRI-H002855-PRE-CLEANER-TOPSPIN-HD
PBH000213,H002040,PREFILTRO DONALDSON PBH00-2040,https://e-commerce.michelecaroli.com/wso/pages/user/wso0205.jsf?idaa=154203&codart=H002040&marart=227&seopth=DONALDSON-FILTRI-H002040-PREFILTRO-DONALDSON-PBH00-2040
PBFJSJ25P2Z,33167E,FILTRO NAFTA# P550060,https://e-commerce.michelecaroli.com/wso/pages/user/wso0205.jsf?idaa=368995&codart=33167E&marart=218&seopth=WIX-INDUSTRIAL-HD-33167E-FILTRO-NAFTA-P550060
PBFJSJ16S16Z,33167E,FILTRO NAFTA# P550060,https://e-commerce.michelecaroli.com/wso/pages/user/wso0205.jsf?idaa=368995&codart=33167E&marart=218&seopth=WIX-INDUSTRIAL-HD-33167E-FILTRO-NAFTA-P550060
PBFJSJ16P16Z,33167E,FILTRO NAFTA# P550060,https://e-commerce.michelecaroli.com/wso/pages/user/wso0205.jsf?idaa=368995&codart=33167E&marart=218&seopth=WIX-INDUSTRIAL-HD-33167E-FILTRO-NAFTA-P550060
PBC257016,SA10385K,FILTRO ARIA P181050# HIFI ABBINATO CON SA14762,https://e-commerce.michelecaroli.com/wso/pages/user/wso0205.jsf?idaa=336011&codart=SA10385K&marart=230&seopth=HIFI-FILTRI-SA10385K-FILTRO-ARIA-P181050-HIFI
PBC257009,SA10411,FILTRO ARIA P133706 HIFI,https://e-commerce.michelecaroli.com/wso/pages/user/wso0205.jsf?idaa=336014&codart=SA10411&marart=230&seopth=HIFI-FILTRI-SA10411-FILTRO-ARIA-P133706-HIFI
PBC257007,42578,,https://e-commerce.michelecaroli.com/wso/pages/user/wso0205.jsf?idaa=366638&codart=42578&marart=218&seopth=WIX-INDUSTRIAL-HD-42578-FILTRO-ARIA
PBC257006,MD-120K,FILTRO ARIA ALCO P181054,https://e-commerce.michelecaroli.com/wso/pages/user/wso0205.jsf?idaa=463489&codart=MD-120K&marart=ALCO&seopth=ALCO-MD-120K-FILTRO-ARIA-ALCO-P181054
PBC257004,SA14009K,FILTRO ARIA HIFI,https://e-commerce.michelecaroli.com/wso/pages/user/wso0205.jsf?idaa=288854&codart=SA14009K&marart=230&seopth=HIFI-FILTRI-SA14009K-FILTRO-ARIA-HIFI
PBC257003,MD-192K,FILTRO ARIA ALCO,https://e-commerce.michelecaroli.com/wso/pages/user/wso0205.jsf?idaa=463524&codart=MD-192K&marart=ALCO&seopth=ALCO-MD-192K-FILTRO-ARIA-ALCO
PBC257001,SA10442,FILTRO ARIA P136390 HIFI ABBINATO CON SA11637,https://e-commerce.michelecaroli.com/wso/pages/user/wso0205.jsf?idaa=336028&codart=SA10442&marart=230&seopth=HIFI-FILTRI-SA10442-FILTRO-ARIA-P136390-HIFI
PB777,P550777,FILTRO@OLIO DONALDSON conf.6,https://e-commerce.michelecaroli.com/wso/pages/user/wso0205.jsf?idaa=156797&codart=P550777&marart=227&seopth=DONALDSON-FILTRI-P550777-FILTRO-OLIO-DONALDSON-conf-6
PB670,P550671,FILTRO OLIO,https://e-commerce.michelecaroli.com/wso/pages/user/wso0205.jsf?idaa=156730&codart=P550671&marart=227&seopth=DONALDSON-FILTRI-P550671-FILTRO-OLIO
PB6580,P166136,FILTRO HYDR.DONALDSON P16-6136,https://e-commerce.michelecaroli.com/wso/pages/user/wso0205.jsf?idaa=154987&codart=P166136&marart=227&seopth=DONALDSON-FILTRI-P166136-FILTRO-HYDR-DONALDSON-P16-6136
PB658,SH66136,FILTRO,https://e-commerce.michelecaroli.com/wso/pages/user/wso0205.jsf?idaa=438647&codart=SH66136&marart=230&seopth=HIFI-FILTRI-SH66136-FILTRO
PB55,51050,FILTRO OLIO,https://e-commerce.michelecaroli.com/wso/pages/user/wso0205.jsf?idaa=368079&codart=51050&marart=218&seopth=WIX-INDUSTRIAL-HD-51050-FILTRO-OLIO
PB5307,G140076,FILTRO ARIA DONALDSON G14-0076 STG,https://e-commerce.michelecaroli.com/wso/pages/user/wso0205.jsf?idaa=153410&codart=G140076&marart=227&seopth=DONALDSON-FILTRI-G140076-FILTRO-ARIA-DONALDSON-G14-0076-STG
PB516,51954,FILTRO OLIO,https://e-commerce.michelecaroli.com/wso/pages/user/wso0205.jsf?idaa=368689&codart=51954&marart=218&seopth=WIX-INDUSTRIAL-HD-51954-FILTRO-OLIO
PB4590,X004480,"SEAL CLAMP, 3.5 IN 89 MM STAINLESS",https://e-commerce.michelecaroli.com/wso/pages/user/wso0205.jsf?idaa=443363&codart=X004480&marart=227&seopth=DONALDSON-FILTRI-X004480-SEAL-CLAMP-3-5-IN-89-MM-STAINLESS
PB4425,P102820,RIDUTTORE DONALDSON 64X76X114,https://e-commerce.michelecaroli.com/wso/pages/user/wso0205.jsf?idaa=154516&codart=P102820&marart=227&seopth=DONALDSON-FILTRI-P102820-RIDUTTORE-DONALDSON-64X76X114
PB3239,X004539,"SEAL CLAMP, 6 IN (152 MM) STAINLESS",https://e-commerce.michelecaroli.com/wso/pages/user/wso0205.jsf?idaa=443369&codart=X004539&marart=227&seopth=DONALDSON-FILTRI-X004539-SEAL-CLAMP-6-IN-152-MM-STAINLESS
PB3205,M120108,"MUFFLER, OVAL STYLE 2",https://e-commerce.michelecaroli.com/wso/pages/user/wso0205.jsf?idaa=442940&codart=M120108&marart=227&seopth=DONALDSON-FILTRI-M120108-MUFFLER-OVAL-STYLE-2
PB32,X002278,"INDICATORE DONALDSON 1-/8""-27-NPT MECCANICO MBAR 75",https://e-commerce.michelecaroli.com/wso/pages/user/wso0205.jsf?idaa=158300&codart=X002278&marart=227&seopth=DONALDSON-FILTRI-X002278-INDICATORE-DONALDSON-1-8-27-NPT
PB3052,25.505.00,FILTRO OLIO IMM. UFI 25.505.00,https://e-commerce.michelecaroli.com/wso/pages/user/wso0205.jsf?idaa=149896&codart=25.505.00&marart=UFIHD&seopth=UFI-HD-25-505-00-FILTRO-OLIO-IMM-UFI-25-505-00
PB3016,SO3327,FILTRO OLIO P550041 HIFI,https://e-commerce.michelecaroli.com/wso/pages/user/wso0205.jsf?idaa=300888&codart=SO3327&marart=230&seopth=HIFI-FILTRI-SO3327-FILTRO-OLIO-P550041-HIFI
PB3015D,51021E,FILTRO OLIO#,https://e-commerce.michelecaroli.com/wso/pages/user/wso0205.jsf?idaa=369090&codart=51021E&marart=218&seopth=WIX-INDUSTRIAL-HD-51021E-FILTRO-OLIO-
PB3015,51021E,FILTRO OLIO#,https://e-commerce.michelecaroli.com/wso/pages/user/wso0205.jsf?idaa=369090&codart=51021E&marart=218&seopth=WIX-INDUSTRIAL-HD-51021E-FILTRO-OLIO-
PB2528,SAIN01AF016201,,https://e-commerce.michelecaroli.com/wso/pages/user/wso0205.jsf?idaa=438695&codart=SAIN01AF016201&marart=230&seopth=HIFI-FILTRI-SAIN01AF016201-FILTRO
PB2419,X002250,"INDICATORE DONALDSON 1-/8""-27-NPT MECCANICO MBAR 37",https://e-commerce.michelecaroli.com/wso/pages/user/wso0205.jsf?idaa=158294&codart=X002250&marart=227&seopth=DONALDSON-FILTRI-X002250-INDICATORE-DONALDSON-1-8-27-NPT
PB2051,P552071,FILTRO ACQUA DONALDSON conf.12 50 M ICRON,https://e-commerce.michelecaroli.com/wso/pages/user/wso0205.jsf?idaa=157025&codart=P552071&marart=227&seopth=DONALDSON-FILTRI-P552071-FILTRO-ACQUA-DONALDSON-conf-12-50-M
PB1261,42490,FILTRO ARIA,https://e-commerce.michelecaroli.com/wso/pages/user/wso0205.jsf?idaa=366557&codart=42490&marart=218&seopth=WIX-INDUSTRIAL-HD-42490-FILTRO-ARIA
PB1261,42490,FILTRO ARIA,https://e-commerce.michelecaroli.com/wso/pages/user/wso0205.jsf?idaa=366557&codart=42490&marart=218&seopth=WIX-INDUSTRIAL-HD-42490-FILTRO-ARIA
PB1257,42167,FILTRO A PANNELLO,https://e-commerce.michelecaroli.com/wso/pages/user/wso0205.jsf?idaa=366367&codart=42167&marart=218&seopth=WIX-INDUSTRIAL-HD-42167-FILTRO-A-PANNELLO
PB1182,M120108,"MUFFLER, OVAL STYLE 2",https://e-commerce.michelecaroli.com/wso/pages/user/wso0205.jsf?idaa=442940&codart=M120108&marart=227&seopth=DONALDSON-FILTRI-M120108-MUFFLER-OVAL-STYLE-2
PB105,SN105,FILTRO NAFTA P550105 HIFI,https://e-commerce.michelecaroli.com/wso/pages/user/wso0205.jsf?idaa=298869&codart=SN105&marart=230&seopth=HIFI-FILTRI-SN105-FILTRO-NAFTA-P550105-HIFI
PB06871,G200008,"AIR CLEANER, SRG DONACLONE VERTICAL",https://e-commerce.michelecaroli.com/wso/pages/user/wso0205.jsf?idaa=442482&codart=G200008&marart=227&seopth=DONALDSON-FILTRI-G200008-AIR-CLEANER-SRG-DONACLONE-VERTICAL
PB0504,MD-067,FILTRO CARB.,https://e-commerce.michelecaroli.com/wso/pages/user/wso0205.jsf?idaa=463455&codart=MD-067&marart=ALCO&seopth=ALCO-MD-067-FILTRO-CARB-
PB0502,1R0659,,https://e-commerce.michelecaroli.com/wso/pages/user/wso0205.jsf?idaa=146663&codart=1R0659&marart=222&seopth=FILTRI-VARI-1R0659-FILTRO-OLIO-CAT
PB0447,P552071,FILTRO ACQUA DONALDSON conf.12 50 M ICRON,https://e-commerce.michelecaroli.com/wso/pages/user/wso0205.jsf?idaa=157025&codart=P552071&marart=227&seopth=DONALDSON-FILTRI-P552071-FILTRO-ACQUA-DONALDSON-conf-12-50-M
PB0305,X002250,"INDICATORE DONALDSON 1-/8""-27-NPT MECCANICO MBAR 37",https://e-commerce.michelecaroli.com/wso/pages/user/wso0205.jsf?idaa=158294&codart=X002250&marart=227&seopth=DONALDSON-FILTRI-X002250-INDICATORE-DONALDSON-1-8-27-NPT
PB01726,J009560,"EXHAUST PIPE, 5 IN (127 MM) OD-OD",https://e-commerce.michelecaroli.com/wso/pages/user/wso0205.jsf?idaa=442587&codart=J009560&marart=227&seopth=DONALDSON-FILTRI-J009560-EXHAUST-PIPE-5-IN-127-MM-OD-OD
PB0125,G160048,"AIR CLEANER, FHG CYCLOPAC",https://e-commerce.michelecaroli.com/wso/pages/user/wso0205.jsf?idaa=442469&codart=G160048&marart=227&seopth=DONALDSON-FILTRI-G160048-AIR-CLEANER-FHG-CYCLOPAC
PB0125,G160048,"AIR CLEANER, FHG CYCLOPAC",https://e-commerce.michelecaroli.com/wso/pages/user/wso0205.jsf?idaa=442469&codart=G160048&marart=227&seopth=DONALDSON-FILTRI-G160048-AIR-CLEANER-FHG-CYCLOPAC
PB0125,G160048,"AIR CLEANER, FHG CYCLOPAC",https://e-commerce.michelecaroli.com/wso/pages/user/wso0205.jsf?idaa=442469&codart=G160048&marart=227&seopth=DONALDSON-FILTRI-G160048-AIR-CLEANER-FHG-CYCLOPAC
PAK999,SA10854,FILTRO ARIA ESTERNO P131348 HIFI ABBINATO CON SA10855,https://e-commerce.michelecaroli.com/wso/pages/user/wso0205.jsf?idaa=336079&codart=SA10854&marart=230&seopth=HIFI-FILTRI-SA10854-FILTRO-ARIA-ESTERNO-P131348-HIFI
PAK998,42691,FILTRO ARIA,https://e-commerce.michelecaroli.com/wso/pages/user/wso0205.jsf?idaa=366734&codart=42691&marart=218&seopth=WIX-INDUSTRIAL-HD-42691-FILTRO-ARIA
PAK995,P181099,FILTRO ARIA DONALDSON PI8-1099,https://e-commerce.michelecaroli.com/wso/pages/user/wso0205.jsf?idaa=155853&codart=P181099&marart=227&seopth=DONALDSON-FILTRI-P181099-FILTRO-ARIA-DONALDSON-PI8-1099
PAK993,P181067,FILTRO ARIA DONALDSON P18-1067 OBSOLETO,https://e-commerce.michelecaroli.com/wso/pages/user/wso0205.jsf?idaa=155829&codart=P181067&marart=227&seopth=DONALDSON-FILTRI-P181067-FILTRO-ARIA-DONALDSON-P18-1067
PAK992,SA10384K,FILTRO ARIA ESTERNO P772545 HIFI ACCOPPIATO CON SA10754,https://e-commerce.michelecaroli.com/wso/pages/user/wso0205.jsf?idaa=336010&codart=SA10384K&marart=230&seopth=HIFI-FILTRI-SA10384K-FILTRO-ARIA-ESTERNO-P772545-HIFI
PAK963,46555,FILTRO ARIA P132935,https://e-commerce.michelecaroli.com/wso/pages/user/wso0205.jsf?idaa=367313&codart=46555&marart=218&seopth=WIX-INDUSTRIAL-HD-46555-FILTRO-ARIA-P132935
PAK939,MD-552K,FILTRO ARIA INTERNO 71 MM,https://e-commerce.michelecaroli.com/wso/pages/user/wso0205.jsf?idaa=464008&codart=MD-552K&marart=ALCO&seopth=ALCO-MD-552K-FILTRO-ARIA-INTERNO-71-MM
PAK937,42560,FILTRO A PANNELLO,https://e-commerce.michelecaroli.com/wso/pages/user/wso0205.jsf?idaa=366623&codart=42560&marart=218&seopth=WIX-INDUSTRIAL-HD-42560-FILTRO-A-PANNELLO
PAK935,SA10840,FILTRO ARIA SICUREZZA P116446 HIFI,https://e-commerce.michelecaroli.com/wso/pages/user/wso0205.jsf?idaa=336073&codart=SA10840&marart=230&seopth=HIFI-FILTRI-SA10840-FILTRO-ARIA-SICUREZZA-P116446-HIFI
PAK924,P115154,"FILTRO ABITACOLO 152X965X55,6 DONA LDSON",https://e-commerce.michelecaroli.com/wso/pages/user/wso0205.jsf?idaa=440917&codart=P115154&marart=227&seopth=DONALDSON-FILTRI-P115154-FILTRO-ABITACOLO-152X965X55-6-DONA
PAK923,P113247,PANNELLO DONALDSON M11L-3247,https://e-commerce.michelecaroli.com/wso/pages/user/wso0205.jsf?idaa=154573&codart=P113247&marart=227&seopth=DONALDSON-FILTRI-P113247-PANNELLO-DONALDSON-M11L-3247
PAK851,SA10439K,FILTRO ARIA P130770 HIFI,https://e-commerce.michelecaroli.com/wso/pages/user/wso0205.jsf?idaa=336025&codart=SA10439K&marart=230&seopth=HIFI-FILTRI-SA10439K-FILTRO-ARIA-P130770-HIFI
PAK799,SA10384K,FILTRO ARIA ESTERNO P772545 HIFI ACCOPPIATO CON SA10754,https://e-commerce.michelecaroli.com/wso/pages/user/wso0205.jsf?idaa=336010&codart=SA10384K&marart=230&seopth=HIFI-FILTRI-SA10384K-FILTRO-ARIA-ESTERNO-P772545-HIFI
PAK739,42212,FILTRO ARIA,https://e-commerce.michelecaroli.com/wso/pages/user/wso0205.jsf?idaa=366381&codart=42212&marart=218&seopth=WIX-INDUSTRIAL-HD-42212-FILTRO-ARIA
PAK733,42914,FILTRO ARIA,https://e-commerce.michelecaroli.com/wso/pages/user/wso0205.jsf?idaa=366890&codart=42914&marart=218&seopth=WIX-INDUSTRIAL-HD-42914-FILTRO-ARIA
PAK715,42211,,https://e-commerce.michelecaroli.com/wso/pages/user/wso0205.jsf?idaa=366380&codart=42211&marart=218&seopth=WIX-INDUSTRIAL-HD-42211-FILTRO-ARIA
PAK706,42540,FILTRO ARIA,https://e-commerce.michelecaroli.com/wso/pages/user/wso0205.jsf?idaa=366604&codart=42540&marart=218&seopth=WIX-INDUSTRIAL-HD-42540-FILTRO-ARIA
PAK705,SA14009K,FILTRO ARIA HIFI,https://e-commerce.michelecaroli.com/wso/pages/user/wso0205.jsf?idaa=288854&codart=SA14009K&marart=230&seopth=HIFI-FILTRI-SA14009K-FILTRO-ARIA-HIFI
PAK699,SA16239,FILTRO ARIA P136258 HIFI,https://e-commerce.michelecaroli.com/wso/pages/user/wso0205.jsf?idaa=289152&codart=SA16239&marart=230&seopth=HIFI-FILTRI-SA16239-FILTRO-ARIA-P136258-HIFI
PAK698,42139,FILTRO ARIA,https://e-commerce.michelecaroli.com/wso/pages/user/wso0205.jsf?idaa=366351&codart=42139&marart=218&seopth=WIX-INDUSTRIAL-HD-42139-FILTRO-ARIA
