Code searched,Matched code,Part Category on Michele,Link to Michele product
P525887,P105609,MANICOTTO S/RIDUZIONE 102X102X133,https://e-commerce.michelecaroli.com/wso/pages/user/wso0205.jsf?idaa=154539&codart=P105609&marart=227&seopth=DONALDSON-FILTRI-P105609-MANICOTTO-S-RIDUZIONE-102X102X133
P525885,P101891,RIDUTTORE DONALDSON 102X140X152,https://e-commerce.michelecaroli.com/wso/pages/user/wso0205.jsf?idaa=442989&codart=P101891&marart=227&seopth=DONALDSON-FILTRI-P101891-RIDUTTORE-DONALDSON-102X140X152
P525873,P206344,"ELBOW, 90 DEG 4 IN OD-ID",https://e-commerce.michelecaroli.com/wso/pages/user/wso0205.jsf?idaa=441163&codart=P206344&marart=227&seopth=DONALDSON-FILTRI-P206344-ELBOW-90-DEG-4-IN-OD-ID
P525769,P525769,SEPARATORE,https://e-commerce.michelecaroli.com/wso/pages/user/wso0205.jsf?idaa=156181&codart=P525769&marart=227&seopth=DONALDSON-FILTRI-P525769-SEPARATORE
P525716,P525716,FILTRO DISOLEATORE,https://e-commerce.michelecaroli.com/wso/pages/user/wso0205.jsf?idaa=156179&codart=P525716&marart=227&seopth=DONALDSON-FILTRI-P525716-FILTRO-DISOLEATORE
P525641,P525641,DISILEATORE DONALDSON P52-5641,https://e-commerce.michelecaroli.com/wso/pages/user/wso0205.jsf?idaa=156175&codart=P525641&marart=227&seopth=DONALDSON-FILTRI-P525641-DISILEATORE-DONALDSON-P52-5641
P525641,P525641,DISILEATORE DONALDSON P52-5641,https://e-commerce.michelecaroli.com/wso/pages/user/wso0205.jsf?idaa=156175&codart=P525641&marart=227&seopth=DONALDSON-FILTRI-P525641-DISILEATORE-DONALDSON-P52-5641
P525423,P114500,"FILTRO ARIA SICUREZZA DONALDSON EST P116135,P131283,P131331,P525423",https://e-commerce.michelecaroli.com/wso/pages/user/wso0205.jsf?idaa=154592&codart=P114500&marart=227&seopth=DONALDSON-FILTRI-P114500-FILTRO-ARIA-SICUREZZA-DONALDSON
P525423,P114500,"FILTRO ARIA SICUREZZA DONALDSON EST P116135,P131283,P131331,P525423",https://e-commerce.michelecaroli.com/wso/pages/user/wso0205.jsf?idaa=154592&codart=P114500&marart=227&seopth=DONALDSON-FILTRI-P114500-FILTRO-ARIA-SICUREZZA-DONALDSON
P525212,P525212,FILTRO SEPARATORE DONALDSON,https://e-commerce.michelecaroli.com/wso/pages/user/wso0205.jsf?idaa=382180&codart=P525212&marart=227&seopth=DONALDSON-FILTRI-P525212-FILTRO-SEPARATORE-DONALDSON
P525185,P525185,SEPARATORE,https://e-commerce.michelecaroli.com/wso/pages/user/wso0205.jsf?idaa=156168&codart=P525185&marart=227&seopth=DONALDSON-FILTRI-P525185-SEPARATORE
P525185,P525185,SEPARATORE,https://e-commerce.michelecaroli.com/wso/pages/user/wso0205.jsf?idaa=156168&codart=P525185&marart=227&seopth=DONALDSON-FILTRI-P525185-SEPARATORE
P525126,46723,FILTRO ARIA P124046,https://e-commerce.michelecaroli.com/wso/pages/user/wso0205.jsf?idaa=367458&codart=46723&marart=218&seopth=WIX-INDUSTRIAL-HD-46723-FILTRO-ARIA-P124046
P524837,P524837,FILTRO ARIA DONALDSON P52-4837,https://e-commerce.michelecaroli.com/wso/pages/user/wso0205.jsf?idaa=156162&codart=P524837&marart=227&seopth=DONALDSON-FILTRI-P524837-FILTRO-ARIA-DONALDSON-P52-4837
P524837,P524837,FILTRO ARIA DONALDSON P52-4837,https://e-commerce.michelecaroli.com/wso/pages/user/wso0205.jsf?idaa=156162&codart=P524837&marart=227&seopth=DONALDSON-FILTRI-P524837-FILTRO-ARIA-DONALDSON-P52-4837
P524831,P524831,FILTRO ARIA DONALDSON P52-4831,https://e-commerce.michelecaroli.com/wso/pages/user/wso0205.jsf?idaa=156160&codart=P524831&marart=227&seopth=DONALDSON-FILTRI-P524831-FILTRO-ARIA-DONALDSON-P52-4831
P524393,SA10340,FILTRO ARIA HIFI,https://e-commerce.michelecaroli.com/wso/pages/user/wso0205.jsf?idaa=335996&codart=SA10340&marart=230&seopth=HIFI-FILTRI-SA10340-FILTRO-ARIA-HIFI
P524391,P524391,FILTRO ARIA DONALDSON P52-4391,https://e-commerce.michelecaroli.com/wso/pages/user/wso0205.jsf?idaa=156157&codart=P524391&marart=227&seopth=DONALDSON-FILTRI-P524391-FILTRO-ARIA-DONALDSON-P52-4391
P524386,P524386,,https://e-commerce.michelecaroli.com/wso/pages/user/wso0205.jsf?idaa=156154&codart=P524386&marart=227&seopth=DONALDSON-FILTRI-P524386-FILTRO-ARIA-DONALDSON-P52-4386
P524373,P524373,FILTRO ARIA DONALDSON P52-4373,https://e-commerce.michelecaroli.com/wso/pages/user/wso0205.jsf?idaa=156149&codart=P524373&marart=227&seopth=DONALDSON-FILTRI-P524373-FILTRO-ARIA-DONALDSON-P52-4373
P524356,P524356,,https://e-commerce.michelecaroli.com/wso/pages/user/wso0205.jsf?idaa=156143&codart=P524356&marart=227&seopth=DONALDSON-FILTRI-P524356-FILTRO-ARIA-DONALDSON-P52-4356
P524347,P524347,,https://e-commerce.michelecaroli.com/wso/pages/user/wso0205.jsf?idaa=156137&codart=P524347&marart=227&seopth=DONALDSON-FILTRI-P524347-FILTRO-ARIA-DONALDSON-P52-4347
P524,SO3327,FILTRO OLIO P550041 HIFI,https://e-commerce.michelecaroli.com/wso/pages/user/wso0205.jsf?idaa=300888&codart=SO3327&marart=230&seopth=HIFI-FILTRI-SO3327-FILTRO-OLIO-P550041-HIFI
P522926,P522926,FILTRO ARIA DONALDSON P52-2926,https://e-commerce.michelecaroli.com/wso/pages/user/wso0205.jsf?idaa=156133&codart=P522926&marart=227&seopth=DONALDSON-FILTRI-P522926-FILTRO-ARIA-DONALDSON-P52-2926
P522504,SA10385K,FILTRO ARIA P181050# HIFI ABBINATO CON SA14762,https://e-commerce.michelecaroli.com/wso/pages/user/wso0205.jsf?idaa=336011&codart=SA10385K&marart=230&seopth=HIFI-FILTRI-SA10385K-FILTRO-ARIA-P181050-HIFI
P522502,SA17246,FILTRO ARIA HIFI SICUREZZA,https://e-commerce.michelecaroli.com/wso/pages/user/wso0205.jsf?idaa=289593&codart=SA17246&marart=230&seopth=HIFI-FILTRI-SA17246-FILTRO-ARIA-HIFI-SICUREZZA
P522451,P522451,FILTRO ARIA DONALDSON P52-2451,https://e-commerce.michelecaroli.com/wso/pages/user/wso0205.jsf?idaa=156130&codart=P522451&marart=227&seopth=DONALDSON-FILTRI-P522451-FILTRO-ARIA-DONALDSON-P52-2451
P522450,P526428,FILTRO ARIA DONALDSON P52-6428 ABBINATO CON P522450,https://e-commerce.michelecaroli.com/wso/pages/user/wso0205.jsf?idaa=156192&codart=P526428&marart=227&seopth=DONALDSON-FILTRI-P526428-FILTRO-ARIA-DONALDSON-P52-6428
P522450,P526428,FILTRO ARIA DONALDSON P52-6428 ABBINATO CON P522450,https://e-commerce.michelecaroli.com/wso/pages/user/wso0205.jsf?idaa=156192&codart=P526428&marart=227&seopth=DONALDSON-FILTRI-P526428-FILTRO-ARIA-DONALDSON-P52-6428
P522450,P526428,FILTRO ARIA DONALDSON P52-6428 ABBINATO CON P522450,https://e-commerce.michelecaroli.com/wso/pages/user/wso0205.jsf?idaa=156192&codart=P526428&marart=227&seopth=DONALDSON-FILTRI-P526428-FILTRO-ARIA-DONALDSON-P52-6428
P522360,SA14009K,FILTRO ARIA HIFI,https://e-commerce.michelecaroli.com/wso/pages/user/wso0205.jsf?idaa=288854&codart=SA14009K&marart=230&seopth=HIFI-FILTRI-SA14009K-FILTRO-ARIA-HIFI
P522196,46633,FILTRO ARIA,https://e-commerce.michelecaroli.com/wso/pages/user/wso0205.jsf?idaa=367382&codart=46633&marart=218&seopth=WIX-INDUSTRIAL-HD-46633-FILTRO-ARIA
P521962,P105544,GOMITO 45 GRADI DIAM.46 MM.,https://e-commerce.michelecaroli.com/wso/pages/user/wso0205.jsf?idaa=443003&codart=P105544&marart=227&seopth=DONALDSON-FILTRI-P105544-GOMITO-45-GRADI-DIAM-46-MM-
P521686,49793,,https://e-commerce.michelecaroli.com/wso/pages/user/wso0205.jsf?idaa=368009&codart=49793&marart=218&seopth=WIX-INDUSTRIAL-HD-49793-FILTRO-ARIA
P521453,SA11854,FILTRO ARIA P119373 HIFI,https://e-commerce.michelecaroli.com/wso/pages/user/wso0205.jsf?idaa=336297&codart=SA11854&marart=230&seopth=HIFI-FILTRI-SA11854-FILTRO-ARIA-P119373-HIFI
P521448,SA17246,FILTRO ARIA HIFI SICUREZZA,https://e-commerce.michelecaroli.com/wso/pages/user/wso0205.jsf?idaa=289593&codart=SA17246&marart=230&seopth=HIFI-FILTRI-SA17246-FILTRO-ARIA-HIFI-SICUREZZA
P521445,SA10440,FILTRO ARIA SICUREZZ P119374 HIFI ACCOPPIATO CON SA10368,https://e-commerce.michelecaroli.com/wso/pages/user/wso0205.jsf?idaa=336026&codart=SA10440&marart=230&seopth=HIFI-FILTRI-SA10440-FILTRO-ARIA-SICUREZZ-P119374-HIFI
P521,51021E,FILTRO OLIO#,https://e-commerce.michelecaroli.com/wso/pages/user/wso0205.jsf?idaa=369090&codart=51021E&marart=218&seopth=WIX-INDUSTRIAL-HD-51021E-FILTRO-OLIO-
P520885,P520884,RIDUTTORE DONALDSON 70X102X102,https://e-commerce.michelecaroli.com/wso/pages/user/wso0205.jsf?idaa=156121&codart=P520884&marart=227&seopth=DONALDSON-FILTRI-P520884-RIDUTTORE-DONALDSON-70X102X102
P520620,P520620,FILTRO ARIA DONALDSON P52-0620,https://e-commerce.michelecaroli.com/wso/pages/user/wso0205.jsf?idaa=156118&codart=P520620&marart=227&seopth=DONALDSON-FILTRI-P520620-FILTRO-ARIA-DONALDSON-P52-0620
P520582,P181183,FILTRO ARIA ACCOPPIATO CON P520582,https://e-commerce.michelecaroli.com/wso/pages/user/wso0205.jsf?idaa=155889&codart=P181183&marart=227&seopth=DONALDSON-FILTRI-P181183-FILTRO-ARIA
P520582,P181183,FILTRO ARIA ACCOPPIATO CON P520582,https://e-commerce.michelecaroli.com/wso/pages/user/wso0205.jsf?idaa=155889&codart=P181183&marart=227&seopth=DONALDSON-FILTRI-P181183-FILTRO-ARIA
P520582,P181183,FILTRO ARIA ACCOPPIATO CON P520582,https://e-commerce.michelecaroli.com/wso/pages/user/wso0205.jsf?idaa=155889&codart=P181183&marart=227&seopth=DONALDSON-FILTRI-P181183-FILTRO-ARIA
P520508,42523,FILTRO ARIA,https://e-commerce.michelecaroli.com/wso/pages/user/wso0205.jsf?idaa=366588&codart=42523&marart=218&seopth=WIX-INDUSTRIAL-HD-42523-FILTRO-ARIA
P519,51727,FILTRO OLIO,https://e-commerce.michelecaroli.com/wso/pages/user/wso0205.jsf?idaa=368581&codart=51727&marart=218&seopth=WIX-INDUSTRIAL-HD-51727-FILTRO-OLIO
P5188,SO040,FILTRO OLIO P553771# HIFI,https://e-commerce.michelecaroli.com/wso/pages/user/wso0205.jsf?idaa=300659&codart=SO040&marart=230&seopth=HIFI-FILTRI-SO040-FILTRO-OLIO-P553771-HIFI
P5188,SO040,FILTRO OLIO P553771# HIFI,https://e-commerce.michelecaroli.com/wso/pages/user/wso0205.jsf?idaa=300659&codart=SO040&marart=230&seopth=HIFI-FILTRI-SO040-FILTRO-OLIO-P553771-HIFI
P5162,T6720,FILTRO OLIO P550078 HIFI,https://e-commerce.michelecaroli.com/wso/pages/user/wso0205.jsf?idaa=395341&codart=T6720&marart=230&seopth=HIFI-FILTRI-T6720-FILTRO-OLIO-P550078-HIFI
P514A,P550311,FILTRO OLIO AD IMMERSIONE,https://e-commerce.michelecaroli.com/wso/pages/user/wso0205.jsf?idaa=156542&codart=P550311&marart=227&seopth=DONALDSON-FILTRI-P550311-FILTRO-OLIO-AD-IMMERSIONE
P51,P550021,FILTRO OLIO AD IMMERSIONE,https://e-commerce.michelecaroli.com/wso/pages/user/wso0205.jsf?idaa=156394&codart=P550021&marart=227&seopth=DONALDSON-FILTRI-P550021-FILTRO-OLIO-AD-IMMERSIONE
P50L,51021E,FILTRO OLIO#,https://e-commerce.michelecaroli.com/wso/pages/user/wso0205.jsf?idaa=369090&codart=51021E&marart=218&seopth=WIX-INDUSTRIAL-HD-51021E-FILTRO-OLIO-
P50910,51506,FILTRO IDRAULICO,https://e-commerce.michelecaroli.com/wso/pages/user/wso0205.jsf?idaa=368390&codart=51506&marart=218&seopth=WIX-INDUSTRIAL-HD-51506-FILTRO-IDRAULICO
P507,51727,FILTRO OLIO,https://e-commerce.michelecaroli.com/wso/pages/user/wso0205.jsf?idaa=368581&codart=51727&marart=218&seopth=WIX-INDUSTRIAL-HD-51727-FILTRO-OLIO
P5068,P550695,"HYDRAULIC FILTER, SPIN-ON",https://e-commerce.michelecaroli.com/wso/pages/user/wso0205.jsf?idaa=441556&codart=P550695&marart=227&seopth=DONALDSON-FILTRI-P550695-HYDRAULIC-FILTER-SPIN-ON
P5067,SO040,FILTRO OLIO P553771# HIFI,https://e-commerce.michelecaroli.com/wso/pages/user/wso0205.jsf?idaa=300659&codart=SO040&marart=230&seopth=HIFI-FILTRI-SO040-FILTRO-OLIO-P553771-HIFI
P506011,SN25053,SEPAR. P506011 HIFI,https://e-commerce.michelecaroli.com/wso/pages/user/wso0205.jsf?idaa=299836&codart=SN25053&marart=230&seopth=HIFI-FILTRI-SN25053-SEPAR-P506011-HIFI
P506011,SN25053,SEPAR. P506011 HIFI,https://e-commerce.michelecaroli.com/wso/pages/user/wso0205.jsf?idaa=299836&codart=SN25053&marart=230&seopth=HIFI-FILTRI-SN25053-SEPAR-P506011-HIFI
P506010,P506010,"FILTRO ABITACOLO 237,5X237,5X67 DO NALDSON",https://e-commerce.michelecaroli.com/wso/pages/user/wso0205.jsf?idaa=311933&codart=P506010&marart=227&seopth=DONALDSON-FILTRI-P506010-FILTRO-ABITACOLO-237-5X237-5X67-DO
P505192,P505192,"AIR FILTER, PRIMARY OBROUND",https://e-commerce.michelecaroli.com/wso/pages/user/wso0205.jsf?idaa=441472&codart=P505192&marart=227&seopth=DONALDSON-FILTRI-P505192-AIR-FILTER-PRIMARY-OBROUND
P50415B,CP063136064P,,https://e-commerce.michelecaroli.com/wso/pages/user/wso0205.jsf?idaa=438635&codart=CP063136064P&marart=230&seopth=HIFI-FILTRI-CP063136064P-FILTRO
P50414B,P778810,FASCIA MONTAGGIO P77-8810,https://e-commerce.michelecaroli.com/wso/pages/user/wso0205.jsf?idaa=157886&codart=P778810&marart=227&seopth=DONALDSON-FILTRI-P778810-FASCIA-MONTAGGIO-P77-8810
P503370,P503360,"AIR FILTER, PRIMARY ROUND ABBINATO CON P503370",https://e-commerce.michelecaroli.com/wso/pages/user/wso0205.jsf?idaa=441470&codart=P503360&marart=227&seopth=DONALDSON-FILTRI-P503360-AIR-FILTER-PRIMARY-ROUND
P503370,P503360,"AIR FILTER, PRIMARY ROUND ABBINATO CON P503370",https://e-commerce.michelecaroli.com/wso/pages/user/wso0205.jsf?idaa=441470&codart=P503360&marart=227&seopth=DONALDSON-FILTRI-P503360-AIR-FILTER-PRIMARY-ROUND
P502913,SN21035,FILTRO NAFTA P502913 HIFI,https://e-commerce.michelecaroli.com/wso/pages/user/wso0205.jsf?idaa=299732&codart=SN21035&marart=230&seopth=HIFI-FILTRI-SN21035-FILTRO-NAFTA-P502913-HIFI
P502913,SN21035,FILTRO NAFTA P502913 HIFI,https://e-commerce.michelecaroli.com/wso/pages/user/wso0205.jsf?idaa=299732&codart=SN21035&marart=230&seopth=HIFI-FILTRI-SN21035-FILTRO-NAFTA-P502913-HIFI
P502903,P502903,"LUBE FILTER, SPIN-ON BYPASS",https://e-commerce.michelecaroli.com/wso/pages/user/wso0205.jsf?idaa=441469&codart=P502903&marart=227&seopth=DONALDSON-FILTRI-P502903-LUBE-FILTER-SPIN-ON-BYPASS
P502901,P502901,"FUEL FILTER, CARTRIDGE",https://e-commerce.michelecaroli.com/wso/pages/user/wso0205.jsf?idaa=441468&codart=P502901&marart=227&seopth=DONALDSON-FILTRI-P502901-FUEL-FILTER-CARTRIDGE
P502636,P502636,,https://e-commerce.michelecaroli.com/wso/pages/user/wso0205.jsf?idaa=534520&codart=P502636&marart=227&seopth=DONALDSON-FILTRI-P502636-HYDRAULIC-FILTER-CARTRIDGE
P502522,P502522,SEPARATORE,https://e-commerce.michelecaroli.com/wso/pages/user/wso0205.jsf?idaa=311923&codart=P502522&marart=227&seopth=DONALDSON-FILTRI-P502522-SEPARATORE
P502521,SN25045,FILTRO NAFTA P502422/P502521 HIFI,https://e-commerce.michelecaroli.com/wso/pages/user/wso0205.jsf?idaa=299828&codart=SN25045&marart=230&seopth=HIFI-FILTRI-SN25045-FILTRO-NAFTA-P502422-P502521-HIFI
P502521,SN25045,FILTRO NAFTA P502422/P502521 HIFI,https://e-commerce.michelecaroli.com/wso/pages/user/wso0205.jsf?idaa=299828&codart=SN25045&marart=230&seopth=HIFI-FILTRI-SN25045-FILTRO-NAFTA-P502422-P502521-HIFI
P502507,SO447,FILTRO OLIO P502507 HIFI,https://e-commerce.michelecaroli.com/wso/pages/user/wso0205.jsf?idaa=300155&codart=SO447&marart=230&seopth=HIFI-FILTRI-SO447-FILTRO-OLIO-P502507-HIFI
P502507,SO447,FILTRO OLIO P502507 HIFI,https://e-commerce.michelecaroli.com/wso/pages/user/wso0205.jsf?idaa=300155&codart=SO447&marart=230&seopth=HIFI-FILTRI-SO447-FILTRO-OLIO-P502507-HIFI
P502471,SO307,FILTRO OLIO P502222 HIFI,https://e-commerce.michelecaroli.com/wso/pages/user/wso0205.jsf?idaa=300879&codart=SO307&marart=230&seopth=HIFI-FILTRI-SO307-FILTRO-OLIO-P502222-HIFI
P502418,P502418,,https://e-commerce.michelecaroli.com/wso/pages/user/wso0205.jsf?idaa=156075&codart=P502418&marart=227&seopth=DONALDSON-FILTRI-P502418-FILTRO-GASOLIO
P502407,P502407,FILTRO IDRAULICO,https://e-commerce.michelecaroli.com/wso/pages/user/wso0205.jsf?idaa=156073&codart=P502407&marart=227&seopth=DONALDSON-FILTRI-P502407-FILTRO-IDRAULICO
P502404,SN70196,FILTRO NAFTA P502404 HIFI,https://e-commerce.michelecaroli.com/wso/pages/user/wso0205.jsf?idaa=299515&codart=SN70196&marart=230&seopth=HIFI-FILTRI-SN70196-FILTRO-NAFTA-P502404-HIFI
P502404,SN70196,FILTRO NAFTA P502404 HIFI,https://e-commerce.michelecaroli.com/wso/pages/user/wso0205.jsf?idaa=299515&codart=SN70196&marart=230&seopth=HIFI-FILTRI-SN70196-FILTRO-NAFTA-P502404-HIFI
P502403,P502403,,https://e-commerce.michelecaroli.com/wso/pages/user/wso0205.jsf?idaa=156069&codart=P502403&marart=227&seopth=DONALDSON-FILTRI-P502403-FILTRO-GASOLIO-DONALDSON-P50-2403
P502355,P502355,"FUEL FILTER, WATER SEPARATOR SPIN-O",https://e-commerce.michelecaroli.com/wso/pages/user/wso0205.jsf?idaa=441445&codart=P502355&marart=227&seopth=DONALDSON-FILTRI-P502355-FUEL-FILTER-WATER-SEPARATOR-SPIN-O
P502353,P502353,FILTRO OLIO DONALDSON AD IMMERSIONE,https://e-commerce.michelecaroli.com/wso/pages/user/wso0205.jsf?idaa=156060&codart=P502353&marart=227&seopth=DONALDSON-FILTRI-P502353-FILTRO-OLIO-DONALDSON-AD-IMMERSIONE
P502352,P502352,FILTRO OLIO DONALDSON AD IMMERSIONE,https://e-commerce.michelecaroli.com/wso/pages/user/wso0205.jsf?idaa=156059&codart=P502352&marart=227&seopth=DONALDSON-FILTRI-P502352-FILTRO-OLIO-DONALDSON-AD-IMMERSIONE
P502245,P502245,FILTRO OLIO DONALDSON AD IMMERSIONE,https://e-commerce.michelecaroli.com/wso/pages/user/wso0205.jsf?idaa=156055&codart=P502245&marart=227&seopth=DONALDSON-FILTRI-P502245-FILTRO-OLIO-DONALDSON-AD-IMMERSIONE
P502231,SH62249,FILTRO HYDR. P502231 HIFI,https://e-commerce.michelecaroli.com/wso/pages/user/wso0205.jsf?idaa=294992&codart=SH62249&marart=230&seopth=HIFI-FILTRI-SH62249-FILTRO-HYDR-P502231-HIFI
P502231,SH62249,FILTRO HYDR. P502231 HIFI,https://e-commerce.michelecaroli.com/wso/pages/user/wso0205.jsf?idaa=294992&codart=SH62249&marart=230&seopth=HIFI-FILTRI-SH62249-FILTRO-HYDR-P502231-HIFI
P502203,P502203,FILTRO OLIO DONALDSON AD IMMERSIONE,https://e-commerce.michelecaroli.com/wso/pages/user/wso0205.jsf?idaa=156045&codart=P502203&marart=227&seopth=DONALDSON-FILTRI-P502203-FILTRO-OLIO-DONALDSON-AD-IMMERSIONE
P502187,P502187,FILTRO OLIO,https://e-commerce.michelecaroli.com/wso/pages/user/wso0205.jsf?idaa=156039&codart=P502187&marart=227&seopth=DONALDSON-FILTRI-P502187-FILTRO-OLIO
P502184,P502184,FILTRO OLIO DONALDSON IMMERSION,https://e-commerce.michelecaroli.com/wso/pages/user/wso0205.jsf?idaa=156038&codart=P502184&marart=227&seopth=DONALDSON-FILTRI-P502184-FILTRO-OLIO-DONALDSON-IMMERSION
P502180,P502180,FILTRO OLIO DONALDSON AD IMMERSIONE,https://e-commerce.michelecaroli.com/wso/pages/user/wso0205.jsf?idaa=156036&codart=P502180&marart=227&seopth=DONALDSON-FILTRI-P502180-FILTRO-OLIO-DONALDSON-AD-IMMERSIONE
P502158,SP-970,FILTRO CARB. ALCO,https://e-commerce.michelecaroli.com/wso/pages/user/wso0205.jsf?idaa=466431&codart=SP-970&marart=ALCO&seopth=ALCO-SP-970-FILTRO-CARB-ALCO
P502158,SP-970,FILTRO CARB. ALCO,https://e-commerce.michelecaroli.com/wso/pages/user/wso0205.jsf?idaa=466431&codart=SP-970&marart=ALCO&seopth=ALCO-SP-970-FILTRO-CARB-ALCO
P502155,FT6245,FILTRO NAFTA P552564 HIFI,https://e-commerce.michelecaroli.com/wso/pages/user/wso0205.jsf?idaa=394790&codart=FT6245&marart=230&seopth=HIFI-FILTRI-FT6245-FILTRO-NAFTA-P552564-HIFI
P502147,FT8813,FILTRO OLIO P550405 HIFI,https://e-commerce.michelecaroli.com/wso/pages/user/wso0205.jsf?idaa=394796&codart=FT8813&marart=230&seopth=HIFI-FILTRI-FT8813-FILTRO-OLIO-P550405-HIFI
P502107,SO128,FILTRO OLIO P502107 HIFI,https://e-commerce.michelecaroli.com/wso/pages/user/wso0205.jsf?idaa=300834&codart=SO128&marart=230&seopth=HIFI-FILTRI-SO128-FILTRO-OLIO-P502107-HIFI
P502107,SO128,FILTRO OLIO P502107 HIFI,https://e-commerce.michelecaroli.com/wso/pages/user/wso0205.jsf?idaa=300834&codart=SO128&marart=230&seopth=HIFI-FILTRI-SO128-FILTRO-OLIO-P502107-HIFI
P502088,P502088,FILTRO OLIO,https://e-commerce.michelecaroli.com/wso/pages/user/wso0205.jsf?idaa=156012&codart=P502088&marart=227&seopth=DONALDSON-FILTRI-P502088-FILTRO-OLIO
P502083,P502083,FILTRO OLIO DONALDSON P50-2083,https://e-commerce.michelecaroli.com/wso/pages/user/wso0205.jsf?idaa=156010&codart=P502083&marart=227&seopth=DONALDSON-FILTRI-P502083-FILTRO-OLIO-DONALDSON-P50-2083
P502081,SO6208,FILTRO OLIO P502081 HIFI,https://e-commerce.michelecaroli.com/wso/pages/user/wso0205.jsf?idaa=300341&codart=SO6208&marart=230&seopth=HIFI-FILTRI-SO6208-FILTRO-OLIO-P502081-HIFI
P502076,SO9000,FILTRO OLIO P502076 HIFI,https://e-commerce.michelecaroli.com/wso/pages/user/wso0205.jsf?idaa=301451&codart=SO9000&marart=230&seopth=HIFI-FILTRI-SO9000-FILTRO-OLIO-P502076-HIFI
P502076,SO9000,FILTRO OLIO P502076 HIFI,https://e-commerce.michelecaroli.com/wso/pages/user/wso0205.jsf?idaa=301451&codart=SO9000&marart=230&seopth=HIFI-FILTRI-SO9000-FILTRO-OLIO-P502076-HIFI
P502072,P502072,FILTRO OLIO DONALDSON P50-2072,https://e-commerce.michelecaroli.com/wso/pages/user/wso0205.jsf?idaa=156006&codart=P502072&marart=227&seopth=DONALDSON-FILTRI-P502072-FILTRO-OLIO-DONALDSON-P50-2072
