Code searched,Matched code,Part Category on Michele,Link to Michele product
OBGF841460,33112E,FILTRO NAFTA# P550861,https://e-commerce.michelecaroli.com/wso/pages/user/wso0205.jsf?idaa=368986&codart=33112E&marart=218&seopth=WIX-INDUSTRIAL-HD-33112E-FILTRO-NAFTA-P550861
OBC100,24104,FILTRO NAFTA,https://e-commerce.michelecaroli.com/wso/pages/user/wso0205.jsf?idaa=365491&codart=24104&marart=218&seopth=WIX-INDUSTRIAL-HD-24104-FILTRO-NAFTA
OBA6731A,SO7106,FILTRO OLIO P550170 HIFI,https://e-commerce.michelecaroli.com/wso/pages/user/wso0205.jsf?idaa=301239&codart=SO7106&marart=230&seopth=HIFI-FILTRI-SO7106-FILTRO-OLIO-P550170-HIFI
OB63114302,51358,FILTRO OLIO,https://e-commerce.michelecaroli.com/wso/pages/user/wso0205.jsf?idaa=368280&codart=51358&marart=218&seopth=WIX-INDUSTRIAL-HD-51358-FILTRO-OLIO
OB63114302,51358,FILTRO OLIO,https://e-commerce.michelecaroli.com/wso/pages/user/wso0205.jsf?idaa=368280&codart=51358&marart=218&seopth=WIX-INDUSTRIAL-HD-51358-FILTRO-OLIO
OB3114302,51358,FILTRO OLIO,https://e-commerce.michelecaroli.com/wso/pages/user/wso0205.jsf?idaa=368280&codart=51358&marart=218&seopth=WIX-INDUSTRIAL-HD-51358-FILTRO-OLIO
OB1308,24750,ACCESSORI,https://e-commerce.michelecaroli.com/wso/pages/user/wso0205.jsf?idaa=365630&codart=24750&marart=218&seopth=WIX-INDUSTRIAL-HD-24750-ACCESSORI
OB1303,P174779,ADAPTER KIT,https://e-commerce.michelecaroli.com/wso/pages/user/wso0205.jsf?idaa=441089&codart=P174779&marart=227&seopth=DONALDSON-FILTRI-P174779-ADAPTER-KIT
OB1292281,51168,FILTRO OLIO,https://e-commerce.michelecaroli.com/wso/pages/user/wso0205.jsf?idaa=368153&codart=51168&marart=218&seopth=WIX-INDUSTRIAL-HD-51168-FILTRO-OLIO
OB1292280,51168,FILTRO OLIO,https://e-commerce.michelecaroli.com/wso/pages/user/wso0205.jsf?idaa=368153&codart=51168&marart=218&seopth=WIX-INDUSTRIAL-HD-51168-FILTRO-OLIO
OB1002350,1R0659,,https://e-commerce.michelecaroli.com/wso/pages/user/wso0205.jsf?idaa=146663&codart=1R0659&marart=222&seopth=FILTRI-VARI-1R0659-FILTRO-OLIO-CAT
OB1002320,1R0659,,https://e-commerce.michelecaroli.com/wso/pages/user/wso0205.jsf?idaa=146663&codart=1R0659&marart=222&seopth=FILTRI-VARI-1R0659-FILTRO-OLIO-CAT
OAS99044,OS5129,SEPAR. ARIA/OLIO HIFI,https://e-commerce.michelecaroli.com/wso/pages/user/wso0205.jsf?idaa=398514&codart=OS5129&marart=230&seopth=HIFI-FILTRI-OS5129-SEPAR-ARIA-OLIO-HIFI
OAS99042,OS5201,SEPAR. ARIA/OLIO HIFI,https://e-commerce.michelecaroli.com/wso/pages/user/wso0205.jsf?idaa=398544&codart=OS5201&marart=230&seopth=HIFI-FILTRI-OS5201-SEPAR-ARIA-OLIO-HIFI
OAS99041,P525768,SEPARATORE,https://e-commerce.michelecaroli.com/wso/pages/user/wso0205.jsf?idaa=313764&codart=P525768&marart=227&seopth=DONALDSON-FILTRI-P525768-SEPARATORE
OAS99035,P782913,FILTRO DISOLEATORE,https://e-commerce.michelecaroli.com/wso/pages/user/wso0205.jsf?idaa=158005&codart=P782913&marart=227&seopth=DONALDSON-FILTRI-P782913-FILTRO-DISOLEATORE
OAS99018,P525187,SEPARATORE,https://e-commerce.michelecaroli.com/wso/pages/user/wso0205.jsf?idaa=156170&codart=P525187&marart=227&seopth=DONALDSON-FILTRI-P525187-SEPARATORE
OAS99017,OS781,SEPAR. ARIA/OLIO HIFI,https://e-commerce.michelecaroli.com/wso/pages/user/wso0205.jsf?idaa=398592&codart=OS781&marart=230&seopth=HIFI-FILTRI-OS781-SEPAR-ARIA-OLIO-HIFI
OAS99006,OT2836,SEPAR. P528185 HIFI,https://e-commerce.michelecaroli.com/wso/pages/user/wso0205.jsf?idaa=398675&codart=OT2836&marart=230&seopth=HIFI-FILTRI-OT2836-SEPAR-P528185-HIFI
OAS4258,P604195,DISOLEATORE DONALDSON P60-4195,https://e-commerce.michelecaroli.com/wso/pages/user/wso0205.jsf?idaa=157315&codart=P604195&marart=227&seopth=DONALDSON-FILTRI-P604195-DISOLEATORE-DONALDSON-P60-4195
OAS4246,P525187,SEPARATORE,https://e-commerce.michelecaroli.com/wso/pages/user/wso0205.jsf?idaa=156170&codart=P525187&marart=227&seopth=DONALDSON-FILTRI-P525187-SEPARATORE
OAS4241,P525185,SEPARATORE,https://e-commerce.michelecaroli.com/wso/pages/user/wso0205.jsf?idaa=156168&codart=P525185&marart=227&seopth=DONALDSON-FILTRI-P525185-SEPARATORE
OAS4241,P525185,SEPARATORE,https://e-commerce.michelecaroli.com/wso/pages/user/wso0205.jsf?idaa=156168&codart=P525185&marart=227&seopth=DONALDSON-FILTRI-P525185-SEPARATORE
OAS4239,OT2433,SEPAR. P525184 HIFI,https://e-commerce.michelecaroli.com/wso/pages/user/wso0205.jsf?idaa=398674&codart=OT2433&marart=230&seopth=HIFI-FILTRI-OT2433-SEPAR-P525184-HIFI
OAS4206,P525212,FILTRO SEPARATORE DONALDSON,https://e-commerce.michelecaroli.com/wso/pages/user/wso0205.jsf?idaa=382180&codart=P525212&marart=227&seopth=DONALDSON-FILTRI-P525212-FILTRO-SEPARATORE-DONALDSON
OA5483,46849,,https://e-commerce.michelecaroli.com/wso/pages/user/wso0205.jsf?idaa=367564&codart=46849&marart=218&seopth=WIX-INDUSTRIAL-HD-46849-FILTRO-ARIA
OA1215,OA1215,,https://e-commerce.michelecaroli.com/wso/pages/user/wso0205.jsf?idaa=398384&codart=OA1215&marart=230&seopth=HIFI-FILTRI-OA1215-SEPAR-ARIA-OLIO-HIFI
OA1208,OA1208,,https://e-commerce.michelecaroli.com/wso/pages/user/wso0205.jsf?idaa=398380&codart=OA1208&marart=230&seopth=HIFI-FILTRI-OA1208-SEPAR-ARIA-OLIO-HIFI
OA1203,OA1203,SEPAR. ARIA/OLIO HIFI DA1409 SOTRAS,https://e-commerce.michelecaroli.com/wso/pages/user/wso0205.jsf?idaa=398378&codart=OA1203&marart=230&seopth=HIFI-FILTRI-OA1203-SEPAR-ARIA-OLIO-HIFI-DA1409-SOTRAS
OA1202,OA1202,,https://e-commerce.michelecaroli.com/wso/pages/user/wso0205.jsf?idaa=398377&codart=OA1202&marart=230&seopth=HIFI-FILTRI-OA1202-SEPAR-ARIA-OLIO-HIFI
OA1199,OA1199,,https://e-commerce.michelecaroli.com/wso/pages/user/wso0205.jsf?idaa=398375&codart=OA1199&marart=230&seopth=HIFI-FILTRI-OA1199-SEPAR-ARIA-OLIO-HIFI
OA1192,OA1192,SEPAR. ARIA/OLIO HIFI,https://e-commerce.michelecaroli.com/wso/pages/user/wso0205.jsf?idaa=398374&codart=OA1192&marart=230&seopth=HIFI-FILTRI-OA1192-SEPAR-ARIA-OLIO-HIFI
OA1187,OA1187,,https://e-commerce.michelecaroli.com/wso/pages/user/wso0205.jsf?idaa=398369&codart=OA1187&marart=230&seopth=HIFI-FILTRI-OA1187-SEPAR-ARIA-OLIO-HIFI
OA1185,OA1185,SEPAR. ARIA/OLIO HIFI,https://e-commerce.michelecaroli.com/wso/pages/user/wso0205.jsf?idaa=398368&codart=OA1185&marart=230&seopth=HIFI-FILTRI-OA1185-SEPAR-ARIA-OLIO-HIFI
OA1181,OA1181,,https://e-commerce.michelecaroli.com/wso/pages/user/wso0205.jsf?idaa=398365&codart=OA1181&marart=230&seopth=HIFI-FILTRI-OA1181-SEPAR-ARIA-OLIO-HIFI
OA1179,OA1179,,https://e-commerce.michelecaroli.com/wso/pages/user/wso0205.jsf?idaa=398363&codart=OA1179&marart=230&seopth=HIFI-FILTRI-OA1179-SEPAR-ARIA-OLIO-HIFI
OA1175,OA1175,,https://e-commerce.michelecaroli.com/wso/pages/user/wso0205.jsf?idaa=398360&codart=OA1175&marart=230&seopth=HIFI-FILTRI-OA1175-SEPAR-ARIA-OLIO-HIFI
OA1172,OA1172,,https://e-commerce.michelecaroli.com/wso/pages/user/wso0205.jsf?idaa=398358&codart=OA1172&marart=230&seopth=HIFI-FILTRI-OA1172-SEPAR-ARIA-OLIO-HIFI
OA1171,OA1171,,https://e-commerce.michelecaroli.com/wso/pages/user/wso0205.jsf?idaa=398357&codart=OA1171&marart=230&seopth=HIFI-FILTRI-OA1171-SEPAR-ARIA-OLIO-HIFI
OA1168,OA1168,,https://e-commerce.michelecaroli.com/wso/pages/user/wso0205.jsf?idaa=398355&codart=OA1168&marart=230&seopth=HIFI-FILTRI-OA1168-SEPAR-ARIA-OLIO-HIFI
OA1159,OA1159,,https://e-commerce.michelecaroli.com/wso/pages/user/wso0205.jsf?idaa=398350&codart=OA1159&marart=230&seopth=HIFI-FILTRI-OA1159-SEPAR-ARIA-OLIO-HIFI
OA1158,OA1158,,https://e-commerce.michelecaroli.com/wso/pages/user/wso0205.jsf?idaa=398349&codart=OA1158&marart=230&seopth=HIFI-FILTRI-OA1158-SEPAR-ARIA-OLIO-HIFI
OA1153,OA1153,,https://e-commerce.michelecaroli.com/wso/pages/user/wso0205.jsf?idaa=398347&codart=OA1153&marart=230&seopth=HIFI-FILTRI-OA1153-SEPAR-ARIA-OLIO-HIFI
OA1150,OA1150,SEPAR. ARIA/OLIO HIFI,https://e-commerce.michelecaroli.com/wso/pages/user/wso0205.jsf?idaa=398345&codart=OA1150&marart=230&seopth=HIFI-FILTRI-OA1150-SEPAR-ARIA-OLIO-HIFI
OA1144,OA1144,SEPAR. ARIA/OLIO HIFI,https://e-commerce.michelecaroli.com/wso/pages/user/wso0205.jsf?idaa=398341&codart=OA1144&marart=230&seopth=HIFI-FILTRI-OA1144-SEPAR-ARIA-OLIO-HIFI
OA1141,OA1141,SEPAR. ARIA/OLIO HIFI,https://e-commerce.michelecaroli.com/wso/pages/user/wso0205.jsf?idaa=398338&codart=OA1141&marart=230&seopth=HIFI-FILTRI-OA1141-SEPAR-ARIA-OLIO-HIFI
OA1140,OA1140,,https://e-commerce.michelecaroli.com/wso/pages/user/wso0205.jsf?idaa=398337&codart=OA1140&marart=230&seopth=HIFI-FILTRI-OA1140-SEPAR-ARIA-OLIO-HIFI
OA1137,OA1137,,https://e-commerce.michelecaroli.com/wso/pages/user/wso0205.jsf?idaa=398335&codart=OA1137&marart=230&seopth=HIFI-FILTRI-OA1137-SEPAR-ARIA-OLIO-HIFI
OA1132,OA1132,,https://e-commerce.michelecaroli.com/wso/pages/user/wso0205.jsf?idaa=398332&codart=OA1132&marart=230&seopth=HIFI-FILTRI-OA1132-SEPAR-ARIA-OLIO-HIFI
OA1131,OA1131,SEPAR. ARIA/OLIO HIFI,https://e-commerce.michelecaroli.com/wso/pages/user/wso0205.jsf?idaa=398331&codart=OA1131&marart=230&seopth=HIFI-FILTRI-OA1131-SEPAR-ARIA-OLIO-HIFI
OA1124,OA1124,,https://e-commerce.michelecaroli.com/wso/pages/user/wso0205.jsf?idaa=398326&codart=OA1124&marart=230&seopth=HIFI-FILTRI-OA1124-SEPAR-ARIA-OLIO-HIFI
OA1121,OA1121,,https://e-commerce.michelecaroli.com/wso/pages/user/wso0205.jsf?idaa=398325&codart=OA1121&marart=230&seopth=HIFI-FILTRI-OA1121-SEPAR-ARIA-OLIO-HIFI
OA1117,OA1117,,https://e-commerce.michelecaroli.com/wso/pages/user/wso0205.jsf?idaa=398321&codart=OA1117&marart=230&seopth=HIFI-FILTRI-OA1117-SEPAR-ARIA-OLIO-HIFI
OA1115,OA1115,,https://e-commerce.michelecaroli.com/wso/pages/user/wso0205.jsf?idaa=398320&codart=OA1115&marart=230&seopth=HIFI-FILTRI-OA1115-SEPAR-ARIA-OLIO-HIFI
OA1114,OA1114,SEPAR. ARIA/OLIO HIFI,https://e-commerce.michelecaroli.com/wso/pages/user/wso0205.jsf?idaa=398319&codart=OA1114&marart=230&seopth=HIFI-FILTRI-OA1114-SEPAR-ARIA-OLIO-HIFI
OA1112,OA1112,,https://e-commerce.michelecaroli.com/wso/pages/user/wso0205.jsf?idaa=398318&codart=OA1112&marart=230&seopth=HIFI-FILTRI-OA1112-SEPAR-ARIA-OLIO-HIFI
OA1104,OA1104,,https://e-commerce.michelecaroli.com/wso/pages/user/wso0205.jsf?idaa=398312&codart=OA1104&marart=230&seopth=HIFI-FILTRI-OA1104-SEPAR-ARIA-OLIO-HIFI
OA1096,OA1096,,https://e-commerce.michelecaroli.com/wso/pages/user/wso0205.jsf?idaa=398305&codart=OA1096&marart=230&seopth=HIFI-FILTRI-OA1096-SEPAR-ARIA-OLIO-HIFI
OA1090,OA1090,,https://e-commerce.michelecaroli.com/wso/pages/user/wso0205.jsf?idaa=398300&codart=OA1090&marart=230&seopth=HIFI-FILTRI-OA1090-SEPAR-ARIA-OLIO-HIFI
OA1082,OA1082,,https://e-commerce.michelecaroli.com/wso/pages/user/wso0205.jsf?idaa=398294&codart=OA1082&marart=230&seopth=HIFI-FILTRI-OA1082-SEPAR-ARIA-OLIO-HIFI
OA1023,OA1023,,https://e-commerce.michelecaroli.com/wso/pages/user/wso0205.jsf?idaa=398256&codart=OA1023&marart=230&seopth=HIFI-FILTRI-OA1023-SEPAR-ARIA-OLIO-HIFI
O98,SO595,FILTRO OLIO P550396 HIFI,https://e-commerce.michelecaroli.com/wso/pages/user/wso0205.jsf?idaa=300204&codart=SO595&marart=230&seopth=HIFI-FILTRI-SO595-FILTRO-OLIO-P550396-HIFI
O952,SO952,FILTRO OLIO HIFI,https://e-commerce.michelecaroli.com/wso/pages/user/wso0205.jsf?idaa=301519&codart=SO952&marart=230&seopth=HIFI-FILTRI-SO952-FILTRO-OLIO-HIFI
O950,SN7230,FILTRO CARB. P550054 HIFI,https://e-commerce.michelecaroli.com/wso/pages/user/wso0205.jsf?idaa=299702&codart=SN7230&marart=230&seopth=HIFI-FILTRI-SN7230-FILTRO-CARB-P550054-HIFI
O950,SN7230,FILTRO CARB. P550054 HIFI,https://e-commerce.michelecaroli.com/wso/pages/user/wso0205.jsf?idaa=299702&codart=SN7230&marart=230&seopth=HIFI-FILTRI-SN7230-FILTRO-CARB-P550054-HIFI
O93995,P550173,FILTRO OLIO ATTUALE P550935,https://e-commerce.michelecaroli.com/wso/pages/user/wso0205.jsf?idaa=156489&codart=P550173&marart=227&seopth=DONALDSON-FILTRI-P550173-FILTRO-OLIO-ATTUALE-P550935
O93821,P550173,FILTRO OLIO ATTUALE P550935,https://e-commerce.michelecaroli.com/wso/pages/user/wso0205.jsf?idaa=156489&codart=P550173&marart=227&seopth=DONALDSON-FILTRI-P550173-FILTRO-OLIO-ATTUALE-P550935
O932102,SO040,FILTRO OLIO P553771# HIFI,https://e-commerce.michelecaroli.com/wso/pages/user/wso0205.jsf?idaa=300659&codart=SO040&marart=230&seopth=HIFI-FILTRI-SO040-FILTRO-OLIO-P553771-HIFI
O931405,2654403-ATS,FILTRO OLIO/OIL FILTER# PERKINS,https://e-commerce.michelecaroli.com/wso/pages/user/wso0205.jsf?idaa=485766&codart=2654403-ATS&marart=156&seopth=ATS-RICAMBI-PERKINS-CC-2654403-ATS-FILTRO-OLIO-OIL-FILTER-PERKINS
O931403,SP-856,FILTRO OLIO ALCO,https://e-commerce.michelecaroli.com/wso/pages/user/wso0205.jsf?idaa=466345&codart=SP-856&marart=ALCO&seopth=ALCO-SP-856-FILTRO-OLIO-ALCO
O931369,51050,FILTRO OLIO,https://e-commerce.michelecaroli.com/wso/pages/user/wso0205.jsf?idaa=368079&codart=51050&marart=218&seopth=WIX-INDUSTRIAL-HD-51050-FILTRO-OLIO
O9,SO059,FILTRO OLIO HIFI,https://e-commerce.michelecaroli.com/wso/pages/user/wso0205.jsf?idaa=300664&codart=SO059&marart=230&seopth=HIFI-FILTRI-SO059-FILTRO-OLIO-HIFI
O891,51010,FILTRO OLIO,https://e-commerce.michelecaroli.com/wso/pages/user/wso0205.jsf?idaa=368066&codart=51010&marart=218&seopth=WIX-INDUSTRIAL-HD-51010-FILTRO-OLIO
O844,33167E,FILTRO NAFTA# P550060,https://e-commerce.michelecaroli.com/wso/pages/user/wso0205.jsf?idaa=368995&codart=33167E&marart=218&seopth=WIX-INDUSTRIAL-HD-33167E-FILTRO-NAFTA-P550060
O840,SO133,FILTRO OLIO HIFI,https://e-commerce.michelecaroli.com/wso/pages/user/wso0205.jsf?idaa=300837&codart=SO133&marart=230&seopth=HIFI-FILTRI-SO133-FILTRO-OLIO-HIFI
O810,P552471,FILTRO OLIO,https://e-commerce.michelecaroli.com/wso/pages/user/wso0205.jsf?idaa=311988&codart=P552471&marart=227&seopth=DONALDSON-FILTRI-P552471-FILTRO-OLIO
O8003,SO633,FILTRO OLIO HIFI,https://e-commerce.michelecaroli.com/wso/pages/user/wso0205.jsf?idaa=300350&codart=SO633&marart=230&seopth=HIFI-FILTRI-SO633-FILTRO-OLIO-HIFI
O8002,SO633,FILTRO OLIO HIFI,https://e-commerce.michelecaroli.com/wso/pages/user/wso0205.jsf?idaa=300350&codart=SO633&marart=230&seopth=HIFI-FILTRI-SO633-FILTRO-OLIO-HIFI
O8001,SO633,FILTRO OLIO HIFI,https://e-commerce.michelecaroli.com/wso/pages/user/wso0205.jsf?idaa=300350&codart=SO633&marart=230&seopth=HIFI-FILTRI-SO633-FILTRO-OLIO-HIFI
O8,51049,FILTRO OLIO,https://e-commerce.michelecaroli.com/wso/pages/user/wso0205.jsf?idaa=368078&codart=51049&marart=218&seopth=WIX-INDUSTRIAL-HD-51049-FILTRO-OLIO
O791206,SP-812,FILTRO OLIO,https://e-commerce.michelecaroli.com/wso/pages/user/wso0205.jsf?idaa=466312&codart=SP-812&marart=ALCO&seopth=ALCO-SP-812-FILTRO-OLIO
O791205,24.323.00,FILTRO NAFTA UFI 24.323.00,https://e-commerce.michelecaroli.com/wso/pages/user/wso0205.jsf?idaa=148905&codart=24.323.00&marart=UFIHD&seopth=UFI-HD-24-323-00-FILTRO-NAFTA-UFI-24-323-00
O791205,24.323.00,FILTRO NAFTA UFI 24.323.00,https://e-commerce.michelecaroli.com/wso/pages/user/wso0205.jsf?idaa=148905&codart=24.323.00&marart=UFIHD&seopth=UFI-HD-24-323-00-FILTRO-NAFTA-UFI-24-323-00
O791204,T1624,FILTRO OLIO P550227 HIFI,https://e-commerce.michelecaroli.com/wso/pages/user/wso0205.jsf?idaa=395320&codart=T1624&marart=230&seopth=HIFI-FILTRI-T1624-FILTRO-OLIO-P550227-HIFI
O791004,T6720,FILTRO OLIO P550078 HIFI,https://e-commerce.michelecaroli.com/wso/pages/user/wso0205.jsf?idaa=395341&codart=T6720&marart=230&seopth=HIFI-FILTRI-T6720-FILTRO-OLIO-P550078-HIFI
O791003,P502020,"LUBE FILTER, SPIN-ON FULL FLOW",https://e-commerce.michelecaroli.com/wso/pages/user/wso0205.jsf?idaa=441443&codart=P502020&marart=227&seopth=DONALDSON-FILTRI-P502020-LUBE-FILTER-SPIN-ON-FULL-FLOW
O7905,SO633,FILTRO OLIO HIFI,https://e-commerce.michelecaroli.com/wso/pages/user/wso0205.jsf?idaa=300350&codart=SO633&marart=230&seopth=HIFI-FILTRI-SO633-FILTRO-OLIO-HIFI
O7904,51637,FILTRO OLIO,https://e-commerce.michelecaroli.com/wso/pages/user/wso0205.jsf?idaa=368510&codart=51637&marart=218&seopth=WIX-INDUSTRIAL-HD-51637-FILTRO-OLIO
O7902,51175,FILTRO IDRAULICO,https://e-commerce.michelecaroli.com/wso/pages/user/wso0205.jsf?idaa=368158&codart=51175&marart=218&seopth=WIX-INDUSTRIAL-HD-51175-FILTRO-IDRAULICO
O7901,SO1594,FILTRO OLIO P550183 HIFI,https://e-commerce.michelecaroli.com/wso/pages/user/wso0205.jsf?idaa=300845&codart=SO1594&marart=230&seopth=HIFI-FILTRI-SO1594-FILTRO-OLIO-P550183-HIFI
O7802,P550311,FILTRO OLIO AD IMMERSIONE,https://e-commerce.michelecaroli.com/wso/pages/user/wso0205.jsf?idaa=156542&codart=P550311&marart=227&seopth=DONALDSON-FILTRI-P550311-FILTRO-OLIO-AD-IMMERSIONE
O78000,SO4003,FILTRO OLIO P502225 HIFI,https://e-commerce.michelecaroli.com/wso/pages/user/wso0205.jsf?idaa=300126&codart=SO4003&marart=230&seopth=HIFI-FILTRI-SO4003-FILTRO-OLIO-P502225-HIFI
O77904,P502020,"LUBE FILTER, SPIN-ON FULL FLOW",https://e-commerce.michelecaroli.com/wso/pages/user/wso0205.jsf?idaa=441443&codart=P502020&marart=227&seopth=DONALDSON-FILTRI-P502020-LUBE-FILTER-SPIN-ON-FULL-FLOW
O77902,SO780,FILTRO OLIO P550047 HIFI,https://e-commerce.michelecaroli.com/wso/pages/user/wso0205.jsf?idaa=301372&codart=SO780&marart=230&seopth=HIFI-FILTRI-SO780-FILTRO-OLIO-P550047-HIFI
O77840,WL7074,FILTRO OLIO FORDKA-FIESTA-FOCUS,https://e-commerce.michelecaroli.com/wso/pages/user/wso0205.jsf?idaa=143482&codart=WL7074&marart=219&seopth=WIX-AUTO-FILTRI-WL7074-FILTRO-OLIO-FORDKA-FIESTA-FOCUS
O726,57555,FILTRO OLIO,https://e-commerce.michelecaroli.com/wso/pages/user/wso0205.jsf?idaa=368890&codart=57555&marart=218&seopth=WIX-INDUSTRIAL-HD-57555-FILTRO-OLIO
O7159,P550069,FILTRO OLIO DONALDSON P55-0069,https://e-commerce.michelecaroli.com/wso/pages/user/wso0205.jsf?idaa=156431&codart=P550069&marart=227&seopth=DONALDSON-FILTRI-P550069-FILTRO-OLIO-DONALDSON-P55-0069
O702,SO941,FILTRO OLIO P550361 HIFI,https://e-commerce.michelecaroli.com/wso/pages/user/wso0205.jsf?idaa=301517&codart=SO941&marart=230&seopth=HIFI-FILTRI-SO941-FILTRO-OLIO-P550361-HIFI
O702,SO941,FILTRO OLIO P550361 HIFI,https://e-commerce.michelecaroli.com/wso/pages/user/wso0205.jsf?idaa=301517&codart=SO941&marart=230&seopth=HIFI-FILTRI-SO941-FILTRO-OLIO-P550361-HIFI
O7,51036,FILTRO OLIO P550051,https://e-commerce.michelecaroli.com/wso/pages/user/wso0205.jsf?idaa=368073&codart=51036&marart=218&seopth=WIX-INDUSTRIAL-HD-51036-FILTRO-OLIO-P550051
O7,51036,FILTRO OLIO P550051,https://e-commerce.michelecaroli.com/wso/pages/user/wso0205.jsf?idaa=368073&codart=51036&marart=218&seopth=WIX-INDUSTRIAL-HD-51036-FILTRO-OLIO-P550051
