Code searched,Matched code,Part Category on Michele,Link to Michele product
PEA552,SA545,FILTRO ARIA RENAULT 4,https://e-commerce.michelecaroli.com/wso/pages/user/wso0205.jsf?idaa=438616&codart=SA545&marart=230&seopth=HIFI-FILTRI-SA545-FILTRO-ARIA-RENAULT-4
PEA550,42370,FILTRO ARIA,https://e-commerce.michelecaroli.com/wso/pages/user/wso0205.jsf?idaa=366478&codart=42370&marart=218&seopth=WIX-INDUSTRIAL-HD-42370-FILTRO-ARIA
PEA4760940104,PEA4760940104,,https://e-commerce.michelecaroli.com/wso/pages/user/wso0205.jsf?idaa=398753&codart=PEA4760940104&marart=230&seopth=HIFI-FILTRI-PEA4760940104-FILTRO-ARIA-HIFI
PEA4760940004,PEA4760940004,,https://e-commerce.michelecaroli.com/wso/pages/user/wso0205.jsf?idaa=398752&codart=PEA4760940004&marart=230&seopth=HIFI-FILTRI-PEA4760940004-FILTRO-ARIA-HIFI
PE9781,WF8452,"FILTRO CARB.HON. ACCORD IX (08-), C R-V III",https://e-commerce.michelecaroli.com/wso/pages/user/wso0205.jsf?idaa=143440&codart=WF8452&marart=219&seopth=WIX-AUTO-FILTRI-WF8452-FILTRO-CARB-HON-ACCORD-IX-08-C
PE9736,WF8427,"FILTRO CARB.AUDI Q7 (4L)PORSCHE CAY ENNE/CAYENNE S,VW. PASSAT, TOUAREG",https://e-commerce.michelecaroli.com/wso/pages/user/wso0205.jsf?idaa=143418&codart=WF8427&marart=219&seopth=WIX-AUTO-FILTRI-WF8427-FILTRO-CARB-AUDI-Q7-4L-PORSCHE-CAY
PE97310,WF8492,"FILTRO CARB.AUDI Q3. VW CC, PASSAT 36 / CC (357), TIGUAN",https://e-commerce.michelecaroli.com/wso/pages/user/wso0205.jsf?idaa=443942&codart=WF8492&marart=219&seopth=WIX-AUTO-FILTRI-WF8492-FILTRO-CARB-AUDI-Q3-VW-CC-PASSAT
PE9731,WF8313,"FILTRO CARB.VW. LT 28, LT 35, LT 46 462.8TDI4/02->",https://e-commerce.michelecaroli.com/wso/pages/user/wso0205.jsf?idaa=143312&codart=WF8313&marart=219&seopth=WIX-AUTO-FILTRI-WF8313-FILTRO-CARB-VW-LT-28-LT-35-LT-46
PE970,WF8240,"FILTRO CARB.BMW SERIE 3 (E46) 01->, 320D (E46",https://e-commerce.michelecaroli.com/wso/pages/user/wso0205.jsf?idaa=143275&codart=WF8240&marart=219&seopth=WIX-AUTO-FILTRI-WF8240-FILTRO-CARB-BMW-SERIE-3-E46-
PE962,WF8241,"FILTRO CARB.MERC. C (W202/S202), CL K (A/C209), E (W/S210), M (W163), S",https://e-commerce.michelecaroli.com/wso/pages/user/wso0205.jsf?idaa=143276&codart=WF8241&marart=219&seopth=WIX-AUTO-FILTRI-WF8241-FILTRO-CARB-MERC-C-W202-S202-CL
PE94672X,WF8546,FILTRO CARB.CHEVR. CAPTIVACHEVR. EU ROPE CAPTIVA IIOPEL ANTARA VAUXHALL,https://e-commerce.michelecaroli.com/wso/pages/user/wso0205.jsf?idaa=443869&codart=WF8546&marart=219&seopth=WIX-AUTO-FILTRI-WF8546-FILTRO-CARB-CHEVR-CAPTIVACHEVR-EU
PE914,SO6167,FILTRO OLIO HIFI,https://e-commerce.michelecaroli.com/wso/pages/user/wso0205.jsf?idaa=300318&codart=SO6167&marart=230&seopth=HIFI-FILTRI-SO6167-FILTRO-OLIO-HIFI
PE913,51797,FILTRO OLIO,https://e-commerce.michelecaroli.com/wso/pages/user/wso0205.jsf?idaa=368636&codart=51797&marart=218&seopth=WIX-INDUSTRIAL-HD-51797-FILTRO-OLIO
PE8169,SN39925,FILTRO NAFTA HIFI,https://e-commerce.michelecaroli.com/wso/pages/user/wso0205.jsf?idaa=395106&codart=SN39925&marart=230&seopth=HIFI-FILTRI-SN39925-FILTRO-NAFTA-HIFI
PE8169,SN39925,FILTRO NAFTA HIFI,https://e-commerce.michelecaroli.com/wso/pages/user/wso0205.jsf?idaa=395106&codart=SN39925&marart=230&seopth=HIFI-FILTRI-SN39925-FILTRO-NAFTA-HIFI
PE8167,WF8401,"FILTRO CARB.CI.C5 II, C6PEUG. 407, 607",https://e-commerce.michelecaroli.com/wso/pages/user/wso0205.jsf?idaa=143397&codart=WF8401&marart=219&seopth=WIX-AUTO-FILTRI-WF8401-FILTRO-CARB-CI-C5-II-C6PEUG-407-
PE8167,WF8401,"FILTRO CARB.CI.C5 II, C6PEUG. 407, 607",https://e-commerce.michelecaroli.com/wso/pages/user/wso0205.jsf?idaa=143397&codart=WF8401&marart=219&seopth=WIX-AUTO-FILTRI-WF8401-FILTRO-CARB-CI-C5-II-C6PEUG-407-
PE8165,WF8321,"FILTRO CARB.CI.C4, C5, C5 II, C8, J UMPY IIFIATFO.C-MAX, FOCUS C-MAX, F",https://e-commerce.michelecaroli.com/wso/pages/user/wso0205.jsf?idaa=143320&codart=WF8321&marart=219&seopth=WIX-AUTO-FILTRI-WF8321-FILTRO-CARB-CI-C4-C5-C5-II-C8-J
PE8163,SN39914,FILTRO NAFTA HIFI,https://e-commerce.michelecaroli.com/wso/pages/user/wso0205.jsf?idaa=299968&codart=SN39914&marart=230&seopth=HIFI-FILTRI-SN39914-FILTRO-NAFTA-HIFI
PE8163,SN39914,FILTRO NAFTA HIFI,https://e-commerce.michelecaroli.com/wso/pages/user/wso0205.jsf?idaa=299968&codart=SN39914&marart=230&seopth=HIFI-FILTRI-SN39914-FILTRO-NAFTA-HIFI
PE8158,WF8493,"FILTRO CARB.FIAT TALENTO IIMERC.-BE NZ VITO III (447), X (W470)NISS. NA",https://e-commerce.michelecaroli.com/wso/pages/user/wso0205.jsf?idaa=443573&codart=WF8493&marart=219&seopth=WIX-AUTO-FILTRI-WF8493-FILTRO-CARB-FIAT-TALENTO-IIMERC-BE
PE8156,WF8367,"FILTRO CARB.FO.C-MAX, FOCUS C-MAX, FOCUS II, GALAXY II, MONDEO IV (07-",https://e-commerce.michelecaroli.com/wso/pages/user/wso0205.jsf?idaa=143366&codart=WF8367&marart=219&seopth=WIX-AUTO-FILTRI-WF8367-FILTRO-CARB-FO-C-MAX-FOCUS-C-MAX-
PE8155,WF8315,"FILTRO CARB.NISS. INTERSTAR, PRIMAS TAR, OPEL MOVANO A, REN. MASTER, MA",https://e-commerce.michelecaroli.com/wso/pages/user/wso0205.jsf?idaa=143314&codart=WF8315&marart=219&seopth=WIX-AUTO-FILTRI-WF8315-FILTRO-CARB-NISS-INTERSTAR-PRIMAS
PE811,P502020,"LUBE FILTER, SPIN-ON FULL FLOW",https://e-commerce.michelecaroli.com/wso/pages/user/wso0205.jsf?idaa=441443&codart=P502020&marart=227&seopth=DONALDSON-FILTRI-P502020-LUBE-FILTER-SPIN-ON-FULL-FLOW
PE79011285,46346,FILTRO ARIA,https://e-commerce.michelecaroli.com/wso/pages/user/wso0205.jsf?idaa=367140&codart=46346&marart=218&seopth=WIX-INDUSTRIAL-HD-46346-FILTRO-ARIA
PE749,P502476,FILTRO OLIO DONALDSON P50-2476,https://e-commerce.michelecaroli.com/wso/pages/user/wso0205.jsf?idaa=156088&codart=P502476&marart=227&seopth=DONALDSON-FILTRI-P502476-FILTRO-OLIO-DONALDSON-P50-2476
PE72457169,PE72457169,,https://e-commerce.michelecaroli.com/wso/pages/user/wso0205.jsf?idaa=398750&codart=PE72457169&marart=230&seopth=HIFI-FILTRI-PE72457169-FILTRO-OLIO-HIFI
PE713,P550210,FILTRO HYDR.ATTUALE P550940,https://e-commerce.michelecaroli.com/wso/pages/user/wso0205.jsf?idaa=156505&codart=P550210&marart=227&seopth=DONALDSON-FILTRI-P550210-FILTRO-HYDR-ATTUALE-P550940
PE71011292,SA16579,FILTRO ARIA P772579# HIFI,https://e-commerce.michelecaroli.com/wso/pages/user/wso0205.jsf?idaa=289365&codart=SA16579&marart=230&seopth=HIFI-FILTRI-SA16579-FILTRO-ARIA-P772579-HIFI
PE68016093,SO4154,FILTRO OLIO P550362 HIFI,https://e-commerce.michelecaroli.com/wso/pages/user/wso0205.jsf?idaa=300144&codart=SO4154&marart=230&seopth=HIFI-FILTRI-SO4154-FILTRO-OLIO-P550362-HIFI
PE6224,P550055,FILTRO GASOLIO,https://e-commerce.michelecaroli.com/wso/pages/user/wso0205.jsf?idaa=156419&codart=P550055&marart=227&seopth=DONALDSON-FILTRI-P550055-FILTRO-GASOLIO
PE6222,33260,FILTRO NAFTA,https://e-commerce.michelecaroli.com/wso/pages/user/wso0205.jsf?idaa=365363&codart=33260&marart=218&seopth=WIX-INDUSTRIAL-HD-33260-FILTRO-NAFTA
PE611,T1624,FILTRO OLIO P550227 HIFI,https://e-commerce.michelecaroli.com/wso/pages/user/wso0205.jsf?idaa=395320&codart=T1624&marart=230&seopth=HIFI-FILTRI-T1624-FILTRO-OLIO-P550227-HIFI
PE5811,PE5811,,https://e-commerce.michelecaroli.com/wso/pages/user/wso0205.jsf?idaa=398749&codart=PE5811&marart=230&seopth=HIFI-FILTRI-PE5811-HIFI
PE5806,PE5806,,https://e-commerce.michelecaroli.com/wso/pages/user/wso0205.jsf?idaa=398748&codart=PE5806&marart=230&seopth=HIFI-FILTRI-PE5806-FILTRO-NAFTA-HIFI
PE549,SO8000,FILTRO OLIO HIFI,https://e-commerce.michelecaroli.com/wso/pages/user/wso0205.jsf?idaa=301383&codart=SO8000&marart=230&seopth=HIFI-FILTRI-SO8000-FILTRO-OLIO-HIFI
PE5228,SP-902,FILTRO CARB.,https://e-commerce.michelecaroli.com/wso/pages/user/wso0205.jsf?idaa=466374&codart=SP-902&marart=ALCO&seopth=ALCO-SP-902-FILTRO-CARB-
PE513,T6720,FILTRO OLIO P550078 HIFI,https://e-commerce.michelecaroli.com/wso/pages/user/wso0205.jsf?idaa=395341&codart=T6720&marart=230&seopth=HIFI-FILTRI-T6720-FILTRO-OLIO-P550078-HIFI
PE5027,51282,FILTRO OLIO,https://e-commerce.michelecaroli.com/wso/pages/user/wso0205.jsf?idaa=368230&codart=51282&marart=218&seopth=WIX-INDUSTRIAL-HD-51282-FILTRO-OLIO
PE5023,51282,FILTRO OLIO,https://e-commerce.michelecaroli.com/wso/pages/user/wso0205.jsf?idaa=368230&codart=51282&marart=218&seopth=WIX-INDUSTRIAL-HD-51282-FILTRO-OLIO
PE502,T6720,FILTRO OLIO P550078 HIFI,https://e-commerce.michelecaroli.com/wso/pages/user/wso0205.jsf?idaa=395341&codart=T6720&marart=230&seopth=HIFI-FILTRI-T6720-FILTRO-OLIO-P550078-HIFI
PE4212,SP-902,FILTRO CARB.,https://e-commerce.michelecaroli.com/wso/pages/user/wso0205.jsf?idaa=466374&codart=SP-902&marart=ALCO&seopth=ALCO-SP-902-FILTRO-CARB-
PE404,T6720,FILTRO OLIO P550078 HIFI,https://e-commerce.michelecaroli.com/wso/pages/user/wso0205.jsf?idaa=395341&codart=T6720&marart=230&seopth=HIFI-FILTRI-T6720-FILTRO-OLIO-P550078-HIFI
PE33727,PE33727,,https://e-commerce.michelecaroli.com/wso/pages/user/wso0205.jsf?idaa=398747&codart=PE33727&marart=230&seopth=HIFI-FILTRI-PE33727-FILTRO-OLIO-HIFI
PE33726,PE33726,,https://e-commerce.michelecaroli.com/wso/pages/user/wso0205.jsf?idaa=398746&codart=PE33726&marart=230&seopth=HIFI-FILTRI-PE33726-FILTRO-OLIO-HIFI
PE33661,PE33661,,https://e-commerce.michelecaroli.com/wso/pages/user/wso0205.jsf?idaa=398745&codart=PE33661&marart=230&seopth=HIFI-FILTRI-PE33661-FILTRO-OLIO-HIFI
PE318,SO580,FILTRO OLIO P550008# HIFI,https://e-commerce.michelecaroli.com/wso/pages/user/wso0205.jsf?idaa=300199&codart=SO580&marart=230&seopth=HIFI-FILTRI-SO580-FILTRO-OLIO-P550008-HIFI
PE313,T1624,FILTRO OLIO P550227 HIFI,https://e-commerce.michelecaroli.com/wso/pages/user/wso0205.jsf?idaa=395320&codart=T1624&marart=230&seopth=HIFI-FILTRI-T1624-FILTRO-OLIO-P550227-HIFI
PE3034305,PE3034305,,https://e-commerce.michelecaroli.com/wso/pages/user/wso0205.jsf?idaa=398744&codart=PE3034305&marart=230&seopth=HIFI-FILTRI-PE3034305-FILTRO-NAFTA-HIFI
PE3031131,PE3031131,,https://e-commerce.michelecaroli.com/wso/pages/user/wso0205.jsf?idaa=398743&codart=PE3031131&marart=230&seopth=HIFI-FILTRI-PE3031131-FILTRO-NAFTA-HIFI
PE3031130,PE3031130,,https://e-commerce.michelecaroli.com/wso/pages/user/wso0205.jsf?idaa=398742&codart=PE3031130&marart=230&seopth=HIFI-FILTRI-PE3031130-FILTRO-OLIO-HIFI
PE3012,51302E,FILTRO OLIO P550052,https://e-commerce.michelecaroli.com/wso/pages/user/wso0205.jsf?idaa=369112&codart=51302E&marart=218&seopth=WIX-INDUSTRIAL-HD-51302E-FILTRO-OLIO-P550052
PE2014,51302E,FILTRO OLIO P550052,https://e-commerce.michelecaroli.com/wso/pages/user/wso0205.jsf?idaa=369112&codart=51302E&marart=218&seopth=WIX-INDUSTRIAL-HD-51302E-FILTRO-OLIO-P550052
PE10011907,SA11790,FILTRO ARIA P776695 HIFI,https://e-commerce.michelecaroli.com/wso/pages/user/wso0205.jsf?idaa=336267&codart=SA11790&marart=230&seopth=HIFI-FILTRI-SA11790-FILTRO-ARIA-P776695-HIFI
PDI16,PDI16,,https://e-commerce.michelecaroli.com/wso/pages/user/wso0205.jsf?idaa=398741&codart=PDI16&marart=230&seopth=HIFI-FILTRI-PDI16-INDIC-DI-PRESSIONE-HIFI
PD81,SN324,FILTRO NAFTA P554620 HIFI,https://e-commerce.michelecaroli.com/wso/pages/user/wso0205.jsf?idaa=299957&codart=SN324&marart=230&seopth=HIFI-FILTRI-SN324-FILTRO-NAFTA-P554620-HIFI
PD51SERIES,51006E,,https://e-commerce.michelecaroli.com/wso/pages/user/wso0205.jsf?idaa=369088&codart=51006E&marart=218&seopth=WIX-INDUSTRIAL-HD-51006E-FILTRO-OLIO
PD51,51021E,FILTRO OLIO#,https://e-commerce.michelecaroli.com/wso/pages/user/wso0205.jsf?idaa=369090&codart=51021E&marart=218&seopth=WIX-INDUSTRIAL-HD-51021E-FILTRO-OLIO-
PD50SERIES,51021E,FILTRO OLIO#,https://e-commerce.michelecaroli.com/wso/pages/user/wso0205.jsf?idaa=369090&codart=51021E&marart=218&seopth=WIX-INDUSTRIAL-HD-51021E-FILTRO-OLIO-
PD50,51021E,FILTRO OLIO#,https://e-commerce.michelecaroli.com/wso/pages/user/wso0205.jsf?idaa=369090&codart=51021E&marart=218&seopth=WIX-INDUSTRIAL-HD-51021E-FILTRO-OLIO-
PD42,33358SE,FILTRO GASOLIO P553004,https://e-commerce.michelecaroli.com/wso/pages/user/wso0205.jsf?idaa=348479&codart=33358SE&marart=219&seopth=WIX-AUTO-FILTRI-33358SE-FILTRO-GASOLIO-P553004
PD28211,SA10215,,https://e-commerce.michelecaroli.com/wso/pages/user/wso0205.jsf?idaa=335957&codart=SA10215&marart=230&seopth=HIFI-FILTRI-SA10215-FILTRO-ARIA-HIFI
PD2821,SA10215,,https://e-commerce.michelecaroli.com/wso/pages/user/wso0205.jsf?idaa=335957&codart=SA10215&marart=230&seopth=HIFI-FILTRI-SA10215-FILTRO-ARIA-HIFI
PD22734T,42710,FILTRO ARIA,https://e-commerce.michelecaroli.com/wso/pages/user/wso0205.jsf?idaa=366749&codart=42710&marart=218&seopth=WIX-INDUSTRIAL-HD-42710-FILTRO-ARIA
PD22731T,42710,FILTRO ARIA,https://e-commerce.michelecaroli.com/wso/pages/user/wso0205.jsf?idaa=366749&codart=42710&marart=218&seopth=WIX-INDUSTRIAL-HD-42710-FILTRO-ARIA
PD204,2040TM,FILTRO RACOR 10 MICRON BLU#,https://e-commerce.michelecaroli.com/wso/pages/user/wso0205.jsf?idaa=159116&codart=2040TM&marart=228&seopth=RACOR-PARKER-2040TM-FILTRO-RACOR-10-MICRON-BLU-
PD202,33210,FILTRO NAFTA#,https://e-commerce.michelecaroli.com/wso/pages/user/wso0205.jsf?idaa=365888&codart=33210&marart=218&seopth=WIX-INDUSTRIAL-HD-33210-FILTRO-NAFTA-
PD14365A,S7111NC,FILTRO CAV296 SOFIMA,https://e-commerce.michelecaroli.com/wso/pages/user/wso0205.jsf?idaa=446634&codart=S7111NC&marart=SOFI&seopth=SOFIMA-S7111NC-FILTRO-CAV296-SOFIMA
PD14365,S7111NC,FILTRO CAV296 SOFIMA,https://e-commerce.michelecaroli.com/wso/pages/user/wso0205.jsf?idaa=446634&codart=S7111NC&marart=SOFI&seopth=SOFIMA-S7111NC-FILTRO-CAV296-SOFIMA
PD124,24.309.00,FILTRO NAFTA DAF,https://e-commerce.michelecaroli.com/wso/pages/user/wso0205.jsf?idaa=148897&codart=24.309.00&marart=UFIHD&seopth=UFI-HD-24-309-00-FILTRO-NAFTA-DAF
PD123,SN209,FILTRO NAFTA P553855 HIFI,https://e-commerce.michelecaroli.com/wso/pages/user/wso0205.jsf?idaa=299724&codart=SN209&marart=230&seopth=HIFI-FILTRI-SN209-FILTRO-NAFTA-P553855-HIFI
PD122,33367,FILTRO NAFTA WIX,https://e-commerce.michelecaroli.com/wso/pages/user/wso0205.jsf?idaa=365399&codart=33367&marart=218&seopth=WIX-INDUSTRIAL-HD-33367-FILTRO-NAFTA-WIX
PD101,SN185,FILTRO NAFTA P557440# HIFI,https://e-commerce.michelecaroli.com/wso/pages/user/wso0205.jsf?idaa=298907&codart=SN185&marart=230&seopth=HIFI-FILTRI-SN185-FILTRO-NAFTA-P557440-HIFI
PCS5062M,SN1212,FILTRO NAFTA P558000 HIFI,https://e-commerce.michelecaroli.com/wso/pages/user/wso0205.jsf?idaa=298888&codart=SN1212&marart=230&seopth=HIFI-FILTRI-SN1212-FILTRO-NAFTA-P558000-HIFI
PCS5062,SN1212,FILTRO NAFTA P558000 HIFI,https://e-commerce.michelecaroli.com/wso/pages/user/wso0205.jsf?idaa=298888&codart=SN1212&marart=230&seopth=HIFI-FILTRI-SN1212-FILTRO-NAFTA-P558000-HIFI
PCS5060G,P558010,FILTRO NAFTA SEP.P55-8010,https://e-commerce.michelecaroli.com/wso/pages/user/wso0205.jsf?idaa=157183&codart=P558010&marart=227&seopth=DONALDSON-FILTRI-P558010-FILTRO-NAFTA-SEP-P55-8010
PCS5060,P558010,FILTRO NAFTA SEP.P55-8010,https://e-commerce.michelecaroli.com/wso/pages/user/wso0205.jsf?idaa=157183&codart=P558010&marart=227&seopth=DONALDSON-FILTRI-P558010-FILTRO-NAFTA-SEP-P55-8010
PCS5059M,SN1212,FILTRO NAFTA P558000 HIFI,https://e-commerce.michelecaroli.com/wso/pages/user/wso0205.jsf?idaa=298888&codart=SN1212&marart=230&seopth=HIFI-FILTRI-SN1212-FILTRO-NAFTA-P558000-HIFI
PCS5059,SN1212,FILTRO NAFTA P558000 HIFI,https://e-commerce.michelecaroli.com/wso/pages/user/wso0205.jsf?idaa=298888&codart=SN1212&marart=230&seopth=HIFI-FILTRI-SN1212-FILTRO-NAFTA-P558000-HIFI
PCS1144,P558010,FILTRO NAFTA SEP.P55-8010,https://e-commerce.michelecaroli.com/wso/pages/user/wso0205.jsf?idaa=157183&codart=P558010&marart=227&seopth=DONALDSON-FILTRI-P558010-FILTRO-NAFTA-SEP-P55-8010
PCK8348,PCK8348,,https://e-commerce.michelecaroli.com/wso/pages/user/wso0205.jsf?idaa=338104&codart=PCK8348&marart=231&seopth=FILTRI-FIIAM-PCK8348-FILTRO-ABITACOLO
PCK8278,PCK8278,,https://e-commerce.michelecaroli.com/wso/pages/user/wso0205.jsf?idaa=339060&codart=PCK8278&marart=231&seopth=FILTRI-FIIAM-PCK8278-FILTRO-ABITACOLO
PCK8226,PCK8226,,https://e-commerce.michelecaroli.com/wso/pages/user/wso0205.jsf?idaa=337825&codart=PCK8226&marart=231&seopth=FILTRI-FIIAM-PCK8226-FILTRO-ABITACOLO
PCK8214,PCK8214,,https://e-commerce.michelecaroli.com/wso/pages/user/wso0205.jsf?idaa=337737&codart=PCK8214&marart=231&seopth=FILTRI-FIIAM-PCK8214-FILTRO-ABITACOLO
PCK82042,PCK8204-2,,https://e-commerce.michelecaroli.com/wso/pages/user/wso0205.jsf?idaa=338577&codart=PCK8204-2&marart=231&seopth=FILTRI-FIIAM-PCK8204-2-FILTRO-ABITACOLO
PCK8172,PCK8172,,https://e-commerce.michelecaroli.com/wso/pages/user/wso0205.jsf?idaa=338534&codart=PCK8172&marart=231&seopth=FILTRI-FIIAM-PCK8172-FILTRO-ABITACOLO
PCK81682,PCK8168-2,,https://e-commerce.michelecaroli.com/wso/pages/user/wso0205.jsf?idaa=339059&codart=PCK8168-2&marart=231&seopth=FILTRI-FIIAM-PCK8168-2-FILTRO-ABITACOLO
PCK8158,PCK8158,,https://e-commerce.michelecaroli.com/wso/pages/user/wso0205.jsf?idaa=338139&codart=PCK8158&marart=231&seopth=FILTRI-FIIAM-PCK8158-FILTRO-ABITACOLO
PCK8123,PCK8123,,https://e-commerce.michelecaroli.com/wso/pages/user/wso0205.jsf?idaa=337872&codart=PCK8123&marart=231&seopth=FILTRI-FIIAM-PCK8123-FILTRO-ABITACOLO
PCK8103,PCK8103,,https://e-commerce.michelecaroli.com/wso/pages/user/wso0205.jsf?idaa=338341&codart=PCK8103&marart=231&seopth=FILTRI-FIIAM-PCK8103-FILTRO-ABITACOLO
PCK8068,PCK8068,,https://e-commerce.michelecaroli.com/wso/pages/user/wso0205.jsf?idaa=338083&codart=PCK8068&marart=231&seopth=FILTRI-FIIAM-PCK8068-FILTRO-ABITACOLO
PCK8036,PCK8036,,https://e-commerce.michelecaroli.com/wso/pages/user/wso0205.jsf?idaa=337701&codart=PCK8036&marart=231&seopth=FILTRI-FIIAM-PCK8036-FILTRO-ABITACOLO
PCK3804,PCK3804,,https://e-commerce.michelecaroli.com/wso/pages/user/wso0205.jsf?idaa=337023&codart=PCK3804&marart=231&seopth=FILTRI-FIIAM-PCK3804-FILTRO-ABITACOLO
PCG3802,33097,FILTRO NAFTA,https://e-commerce.michelecaroli.com/wso/pages/user/wso0205.jsf?idaa=365777&codart=33097&marart=218&seopth=WIX-INDUSTRIAL-HD-33097-FILTRO-NAFTA
PCG3727,P550209,FILTRO NAFTA DONALDSON P55-0209,https://e-commerce.michelecaroli.com/wso/pages/user/wso0205.jsf?idaa=156504&codart=P550209&marart=227&seopth=DONALDSON-FILTRI-P550209-FILTRO-NAFTA-DONALDSON-P55-0209
PCE055032,SA10385K,FILTRO ARIA P181050# HIFI ABBINATO CON SA14762,https://e-commerce.michelecaroli.com/wso/pages/user/wso0205.jsf?idaa=336011&codart=SA10385K&marart=230&seopth=HIFI-FILTRI-SA10385K-FILTRO-ARIA-P181050-HIFI
PCE05015,SA11871,FILTRO ARIA P127308 HIFI,https://e-commerce.michelecaroli.com/wso/pages/user/wso0205.jsf?idaa=336302&codart=SA11871&marart=230&seopth=HIFI-FILTRI-SA11871-FILTRO-ARIA-P127308-HIFI
PCE050052,42920,FILTRO ARIA P119375,https://e-commerce.michelecaroli.com/wso/pages/user/wso0205.jsf?idaa=366896&codart=42920&marart=218&seopth=WIX-INDUSTRIAL-HD-42920-FILTRO-ARIA-P119375
PCE0500502,42920,FILTRO ARIA P119375,https://e-commerce.michelecaroli.com/wso/pages/user/wso0205.jsf?idaa=366896&codart=42920&marart=218&seopth=WIX-INDUSTRIAL-HD-42920-FILTRO-ARIA-P119375
PCE050032,SA11854,FILTRO ARIA P119373 HIFI,https://e-commerce.michelecaroli.com/wso/pages/user/wso0205.jsf?idaa=336297&codart=SA11854&marart=230&seopth=HIFI-FILTRI-SA11854-FILTRO-ARIA-P119373-HIFI
PCE0500302,SA11854,FILTRO ARIA P119373 HIFI,https://e-commerce.michelecaroli.com/wso/pages/user/wso0205.jsf?idaa=336297&codart=SA11854&marart=230&seopth=HIFI-FILTRI-SA11854-FILTRO-ARIA-P119373-HIFI
