Code searched,Matched code,Part Category on Michele,Link to Michele product
PA7935,PA7935,,https://e-commerce.michelecaroli.com/wso/pages/user/wso0205.jsf?idaa=408199&codart=PA7935&marart=233&seopth=SF-FILTER-PA7935-FILTRO-ARIA
PA7934,PA7934,,https://e-commerce.michelecaroli.com/wso/pages/user/wso0205.jsf?idaa=408198&codart=PA7934&marart=233&seopth=SF-FILTER-PA7934-FILTRO-ARIA
PA79331,PA7933/1,,https://e-commerce.michelecaroli.com/wso/pages/user/wso0205.jsf?idaa=408197&codart=PA7933%2F1&marart=233&seopth=SF-FILTER-PA7933-1-FILTRO-ARIA
PA7928,PA7928,,https://e-commerce.michelecaroli.com/wso/pages/user/wso0205.jsf?idaa=408193&codart=PA7928&marart=233&seopth=SF-FILTER-PA7928-FILTRO-ARIA
PA7927,PA7927,,https://e-commerce.michelecaroli.com/wso/pages/user/wso0205.jsf?idaa=408192&codart=PA7927&marart=233&seopth=SF-FILTER-PA7927-FILTRO-ARIA
PA7923,PA7923,,https://e-commerce.michelecaroli.com/wso/pages/user/wso0205.jsf?idaa=408189&codart=PA7923&marart=233&seopth=SF-FILTER-PA7923-FILTRO-ARIA
PA7921,PA7921,,https://e-commerce.michelecaroli.com/wso/pages/user/wso0205.jsf?idaa=408187&codart=PA7921&marart=233&seopth=SF-FILTER-PA7921-FILTRO-ARIA
PA7919,PA7919,,https://e-commerce.michelecaroli.com/wso/pages/user/wso0205.jsf?idaa=408185&codart=PA7919&marart=233&seopth=SF-FILTER-PA7919-FILTRO-ARIA
PA7918,PA7918,,https://e-commerce.michelecaroli.com/wso/pages/user/wso0205.jsf?idaa=408184&codart=PA7918&marart=233&seopth=SF-FILTER-PA7918-FILTRO-ARIA
PA7917,PA7917,,https://e-commerce.michelecaroli.com/wso/pages/user/wso0205.jsf?idaa=408183&codart=PA7917&marart=233&seopth=SF-FILTER-PA7917-FILTRO-ARIA
PA7916,PA7916,,https://e-commerce.michelecaroli.com/wso/pages/user/wso0205.jsf?idaa=408182&codart=PA7916&marart=233&seopth=SF-FILTER-PA7916-FILTRO-ARIA
PA7915,PA7915,,https://e-commerce.michelecaroli.com/wso/pages/user/wso0205.jsf?idaa=408181&codart=PA7915&marart=233&seopth=SF-FILTER-PA7915-FILTRO-ARIA
PA7912,PA7912,,https://e-commerce.michelecaroli.com/wso/pages/user/wso0205.jsf?idaa=408180&codart=PA7912&marart=233&seopth=SF-FILTER-PA7912-FILTRO-ARIA
PA7907,PA7907,,https://e-commerce.michelecaroli.com/wso/pages/user/wso0205.jsf?idaa=408176&codart=PA7907&marart=233&seopth=SF-FILTER-PA7907-FILTRO-ARIA
PA7905,PA7905,,https://e-commerce.michelecaroli.com/wso/pages/user/wso0205.jsf?idaa=408175&codart=PA7905&marart=233&seopth=SF-FILTER-PA7905-FILTRO-ARIA
PA7904,PA7904,,https://e-commerce.michelecaroli.com/wso/pages/user/wso0205.jsf?idaa=408174&codart=PA7904&marart=233&seopth=SF-FILTER-PA7904-FILTRO-ARIA
PA7902,VKPA82410,POMPA ACQUA RITMO (138_) 1.7 Diesel,https://e-commerce.michelecaroli.com/wso/pages/user/wso0205.jsf?idaa=139006&codart=VKPA82410&marart=180&seopth=SKF-CUSCINETTI-VKPA82410-POMPA-ACQUA-RITMO-138_-1-7-Diesel
PA7902,VKPA82410,POMPA ACQUA RITMO (138_) 1.7 Diesel,https://e-commerce.michelecaroli.com/wso/pages/user/wso0205.jsf?idaa=139006&codart=VKPA82410&marart=180&seopth=SKF-CUSCINETTI-VKPA82410-POMPA-ACQUA-RITMO-138_-1-7-Diesel
PA7901,PA7901,,https://e-commerce.michelecaroli.com/wso/pages/user/wso0205.jsf?idaa=408172&codart=PA7901&marart=233&seopth=SF-FILTER-PA7901-FILTRO-ARIA
PA790,P136254,FILTRO ARIA DONALDSON P13-6254,https://e-commerce.michelecaroli.com/wso/pages/user/wso0205.jsf?idaa=154752&codart=P136254&marart=227&seopth=DONALDSON-FILTRI-P136254-FILTRO-ARIA-DONALDSON-P13-6254
PA7897,PA7897,,https://e-commerce.michelecaroli.com/wso/pages/user/wso0205.jsf?idaa=408168&codart=PA7897&marart=233&seopth=SF-FILTER-PA7897-FILTRO-ARIA
PA7896,PA7896,,https://e-commerce.michelecaroli.com/wso/pages/user/wso0205.jsf?idaa=408167&codart=PA7896&marart=233&seopth=SF-FILTER-PA7896-FILTRO-ARIA
PA7895,PA7895,,https://e-commerce.michelecaroli.com/wso/pages/user/wso0205.jsf?idaa=408166&codart=PA7895&marart=233&seopth=SF-FILTER-PA7895-FILTRO-ARIA
PA7894,PA7894,,https://e-commerce.michelecaroli.com/wso/pages/user/wso0205.jsf?idaa=408165&codart=PA7894&marart=233&seopth=SF-FILTER-PA7894-FILTRO-ARIA
PA7894,PA7894,,https://e-commerce.michelecaroli.com/wso/pages/user/wso0205.jsf?idaa=408165&codart=PA7894&marart=233&seopth=SF-FILTER-PA7894-FILTRO-ARIA
PA7892,PA7892,,https://e-commerce.michelecaroli.com/wso/pages/user/wso0205.jsf?idaa=408164&codart=PA7892&marart=233&seopth=SF-FILTER-PA7892-FILTRO-ARIA
PA7891,PA7891,,https://e-commerce.michelecaroli.com/wso/pages/user/wso0205.jsf?idaa=408163&codart=PA7891&marart=233&seopth=SF-FILTER-PA7891-FILTRO-ARIA
PA789,SA16168,FILTRO ARIA HIFI,https://e-commerce.michelecaroli.com/wso/pages/user/wso0205.jsf?idaa=289111&codart=SA16168&marart=230&seopth=HIFI-FILTRI-SA16168-FILTRO-ARIA-HIFI
PA7888,PA7888,,https://e-commerce.michelecaroli.com/wso/pages/user/wso0205.jsf?idaa=408161&codart=PA7888&marart=233&seopth=SF-FILTER-PA7888-FILTRO-ARIA
PA7886,PA7886,,https://e-commerce.michelecaroli.com/wso/pages/user/wso0205.jsf?idaa=408159&codart=PA7886&marart=233&seopth=SF-FILTER-PA7886-FILTRO-ARIA
PA7884,PA7884,,https://e-commerce.michelecaroli.com/wso/pages/user/wso0205.jsf?idaa=408158&codart=PA7884&marart=233&seopth=SF-FILTER-PA7884-FILTRO-ARIA
PA7881,PA7881,,https://e-commerce.michelecaroli.com/wso/pages/user/wso0205.jsf?idaa=408156&codart=PA7881&marart=233&seopth=SF-FILTER-PA7881-FILTRO-ARIA
PA7879,PA7879,,https://e-commerce.michelecaroli.com/wso/pages/user/wso0205.jsf?idaa=408154&codart=PA7879&marart=233&seopth=SF-FILTER-PA7879-FILTRO-ARIA
PA7877,PA7877,,https://e-commerce.michelecaroli.com/wso/pages/user/wso0205.jsf?idaa=408152&codart=PA7877&marart=233&seopth=SF-FILTER-PA7877-FILTRO-ARIA
PA7876,PA7876,,https://e-commerce.michelecaroli.com/wso/pages/user/wso0205.jsf?idaa=408151&codart=PA7876&marart=233&seopth=SF-FILTER-PA7876-FILTRO-ARIA
PA7872,PA7872,,https://e-commerce.michelecaroli.com/wso/pages/user/wso0205.jsf?idaa=408149&codart=PA7872&marart=233&seopth=SF-FILTER-PA7872-FILTRO-ARIA
PA7870,PA7870,,https://e-commerce.michelecaroli.com/wso/pages/user/wso0205.jsf?idaa=408147&codart=PA7870&marart=233&seopth=SF-FILTER-PA7870-FILTRO-ARIA
PA7866,PA7866,,https://e-commerce.michelecaroli.com/wso/pages/user/wso0205.jsf?idaa=408144&codart=PA7866&marart=233&seopth=SF-FILTER-PA7866-FILTRO-ARIA
PA7865,PA7865,,https://e-commerce.michelecaroli.com/wso/pages/user/wso0205.jsf?idaa=408143&codart=PA7865&marart=233&seopth=SF-FILTER-PA7865-FILTRO-ARIA
PA7864,PA7864,,https://e-commerce.michelecaroli.com/wso/pages/user/wso0205.jsf?idaa=408142&codart=PA7864&marart=233&seopth=SF-FILTER-PA7864-FILTRO-ARIA
PA78591,PA7859/1,,https://e-commerce.michelecaroli.com/wso/pages/user/wso0205.jsf?idaa=408140&codart=PA7859%2F1&marart=233&seopth=SF-FILTER-PA7859-1-FILTRO-ARIA
PA7859,PA7859,,https://e-commerce.michelecaroli.com/wso/pages/user/wso0205.jsf?idaa=408139&codart=PA7859&marart=233&seopth=SF-FILTER-PA7859-FILTRO-ARIA
PA7858,PA7858,,https://e-commerce.michelecaroli.com/wso/pages/user/wso0205.jsf?idaa=408138&codart=PA7858&marart=233&seopth=SF-FILTER-PA7858-FILTRO-ARIA
PA7857,PA7857,,https://e-commerce.michelecaroli.com/wso/pages/user/wso0205.jsf?idaa=408137&codart=PA7857&marart=233&seopth=SF-FILTER-PA7857-FILTRO-ARIA
PA7856,PA7856,,https://e-commerce.michelecaroli.com/wso/pages/user/wso0205.jsf?idaa=408136&codart=PA7856&marart=233&seopth=SF-FILTER-PA7856-FILTRO-ARIA
PA7849,PA7849,,https://e-commerce.michelecaroli.com/wso/pages/user/wso0205.jsf?idaa=408134&codart=PA7849&marart=233&seopth=SF-FILTER-PA7849-FILTRO-ARIA
PA7849,PA7849,,https://e-commerce.michelecaroli.com/wso/pages/user/wso0205.jsf?idaa=408134&codart=PA7849&marart=233&seopth=SF-FILTER-PA7849-FILTRO-ARIA
PA7849,PA7849,,https://e-commerce.michelecaroli.com/wso/pages/user/wso0205.jsf?idaa=408134&codart=PA7849&marart=233&seopth=SF-FILTER-PA7849-FILTRO-ARIA
PA7844,PA7844,,https://e-commerce.michelecaroli.com/wso/pages/user/wso0205.jsf?idaa=408131&codart=PA7844&marart=233&seopth=SF-FILTER-PA7844-FILTRO-ARIA
PA7843,PA7843,,https://e-commerce.michelecaroli.com/wso/pages/user/wso0205.jsf?idaa=408130&codart=PA7843&marart=233&seopth=SF-FILTER-PA7843-FILTRO-ARIA
PA7838,PA7838,,https://e-commerce.michelecaroli.com/wso/pages/user/wso0205.jsf?idaa=408128&codart=PA7838&marart=233&seopth=SF-FILTER-PA7838-FILTRO-ARIA
PA7837,PA7837,,https://e-commerce.michelecaroli.com/wso/pages/user/wso0205.jsf?idaa=408127&codart=PA7837&marart=233&seopth=SF-FILTER-PA7837-FILTRO-ARIA
PA7835,PA7835,,https://e-commerce.michelecaroli.com/wso/pages/user/wso0205.jsf?idaa=408126&codart=PA7835&marart=233&seopth=SF-FILTER-PA7835-FILTRO-ARIA
PA7827,PA7827,,https://e-commerce.michelecaroli.com/wso/pages/user/wso0205.jsf?idaa=408120&codart=PA7827&marart=233&seopth=SF-FILTER-PA7827-FILTRO-ARIA
PA7811,PA7811,,https://e-commerce.michelecaroli.com/wso/pages/user/wso0205.jsf?idaa=408111&codart=PA7811&marart=233&seopth=SF-FILTER-PA7811-FILTRO-ARIA
PA7811,PA7811,,https://e-commerce.michelecaroli.com/wso/pages/user/wso0205.jsf?idaa=408111&codart=PA7811&marart=233&seopth=SF-FILTER-PA7811-FILTRO-ARIA
PA7808,PA7808,,https://e-commerce.michelecaroli.com/wso/pages/user/wso0205.jsf?idaa=408109&codart=PA7808&marart=233&seopth=SF-FILTER-PA7808-FILTRO-ARIA
PA7808,PA7808,,https://e-commerce.michelecaroli.com/wso/pages/user/wso0205.jsf?idaa=408109&codart=PA7808&marart=233&seopth=SF-FILTER-PA7808-FILTRO-ARIA
PA7806,PA7806,,https://e-commerce.michelecaroli.com/wso/pages/user/wso0205.jsf?idaa=408108&codart=PA7806&marart=233&seopth=SF-FILTER-PA7806-FILTRO-ARIA
PA7797,PA7797,,https://e-commerce.michelecaroli.com/wso/pages/user/wso0205.jsf?idaa=408102&codart=PA7797&marart=233&seopth=SF-FILTER-PA7797-FILTRO-ARIA
PA7779,PA7779,,https://e-commerce.michelecaroli.com/wso/pages/user/wso0205.jsf?idaa=408086&codart=PA7779&marart=233&seopth=SF-FILTER-PA7779-FILTRO-ARIA
PA7775,PA7775,,https://e-commerce.michelecaroli.com/wso/pages/user/wso0205.jsf?idaa=338332&codart=PA7775&marart=231&seopth=FILTRI-FIIAM-PA7775-FILTRO-ARIA
PA7775,PA7775,,https://e-commerce.michelecaroli.com/wso/pages/user/wso0205.jsf?idaa=338332&codart=PA7775&marart=231&seopth=FILTRI-FIIAM-PA7775-FILTRO-ARIA
PA7770,PA7770,,https://e-commerce.michelecaroli.com/wso/pages/user/wso0205.jsf?idaa=408078&codart=PA7770&marart=233&seopth=SF-FILTER-PA7770-FILTRO-ARIA
PA7769,PA7769,,https://e-commerce.michelecaroli.com/wso/pages/user/wso0205.jsf?idaa=336780&codart=PA7769&marart=231&seopth=FILTRI-FIIAM-PA7769-FILTRO-ARIA
PA7757,PA7757,,https://e-commerce.michelecaroli.com/wso/pages/user/wso0205.jsf?idaa=408074&codart=PA7757&marart=233&seopth=SF-FILTER-PA7757-FILTRO-ARIA
PA7757,PA7757,,https://e-commerce.michelecaroli.com/wso/pages/user/wso0205.jsf?idaa=408074&codart=PA7757&marart=233&seopth=SF-FILTER-PA7757-FILTRO-ARIA
PA77561,PA7756/1,,https://e-commerce.michelecaroli.com/wso/pages/user/wso0205.jsf?idaa=408073&codart=PA7756%2F1&marart=233&seopth=SF-FILTER-PA7756-1-FILTRO-ARIA
PA7754,PA7754,,https://e-commerce.michelecaroli.com/wso/pages/user/wso0205.jsf?idaa=338561&codart=PA7754&marart=231&seopth=FILTRI-FIIAM-PA7754-FILTRO-ARIA
PA7754,PA7754,,https://e-commerce.michelecaroli.com/wso/pages/user/wso0205.jsf?idaa=338561&codart=PA7754&marart=231&seopth=FILTRI-FIIAM-PA7754-FILTRO-ARIA
PA7748,PA7748,,https://e-commerce.michelecaroli.com/wso/pages/user/wso0205.jsf?idaa=338962&codart=PA7748&marart=231&seopth=FILTRI-FIIAM-PA7748-FILTRO-ARIA
PA7748,PA7748,,https://e-commerce.michelecaroli.com/wso/pages/user/wso0205.jsf?idaa=338962&codart=PA7748&marart=231&seopth=FILTRI-FIIAM-PA7748-FILTRO-ARIA
PA7739,PA7739,,https://e-commerce.michelecaroli.com/wso/pages/user/wso0205.jsf?idaa=336926&codart=PA7739&marart=231&seopth=FILTRI-FIIAM-PA7739-FILTRO-ARIA
PA7736,PA7736,,https://e-commerce.michelecaroli.com/wso/pages/user/wso0205.jsf?idaa=408061&codart=PA7736&marart=233&seopth=SF-FILTER-PA7736-FILTRO-ARIA
PA7735,PA7735,,https://e-commerce.michelecaroli.com/wso/pages/user/wso0205.jsf?idaa=339082&codart=PA7735&marart=231&seopth=FILTRI-FIIAM-PA7735-FILTRO-ARIA
PA7735,PA7735,,https://e-commerce.michelecaroli.com/wso/pages/user/wso0205.jsf?idaa=339082&codart=PA7735&marart=231&seopth=FILTRI-FIIAM-PA7735-FILTRO-ARIA
PA7733,PA7733,,https://e-commerce.michelecaroli.com/wso/pages/user/wso0205.jsf?idaa=338001&codart=PA7733&marart=231&seopth=FILTRI-FIIAM-PA7733-FILTRO-ARIA
PA7733,PA7733,,https://e-commerce.michelecaroli.com/wso/pages/user/wso0205.jsf?idaa=338001&codart=PA7733&marart=231&seopth=FILTRI-FIIAM-PA7733-FILTRO-ARIA
PA7731,PA7731,,https://e-commerce.michelecaroli.com/wso/pages/user/wso0205.jsf?idaa=337037&codart=PA7731&marart=231&seopth=FILTRI-FIIAM-PA7731-FILTRO-ARIA
PA7731,PA7731,,https://e-commerce.michelecaroli.com/wso/pages/user/wso0205.jsf?idaa=337037&codart=PA7731&marart=231&seopth=FILTRI-FIIAM-PA7731-FILTRO-ARIA
PA7728,PA7728,,https://e-commerce.michelecaroli.com/wso/pages/user/wso0205.jsf?idaa=338000&codart=PA7728&marart=231&seopth=FILTRI-FIIAM-PA7728-FILTRO-ARIA
PA7728,PA7728,,https://e-commerce.michelecaroli.com/wso/pages/user/wso0205.jsf?idaa=338000&codart=PA7728&marart=231&seopth=FILTRI-FIIAM-PA7728-FILTRO-ARIA
PA7727,PA7727,,https://e-commerce.michelecaroli.com/wso/pages/user/wso0205.jsf?idaa=337723&codart=PA7727&marart=231&seopth=FILTRI-FIIAM-PA7727-FILTRO-ARIA
PA7727,PA7727,,https://e-commerce.michelecaroli.com/wso/pages/user/wso0205.jsf?idaa=337723&codart=PA7727&marart=231&seopth=FILTRI-FIIAM-PA7727-FILTRO-ARIA
PA7727,PA7727,,https://e-commerce.michelecaroli.com/wso/pages/user/wso0205.jsf?idaa=337723&codart=PA7727&marart=231&seopth=FILTRI-FIIAM-PA7727-FILTRO-ARIA
PA7724,PA7724,,https://e-commerce.michelecaroli.com/wso/pages/user/wso0205.jsf?idaa=336865&codart=PA7724&marart=231&seopth=FILTRI-FIIAM-PA7724-FILTRO-ARIA
PA7719,PA7719,,https://e-commerce.michelecaroli.com/wso/pages/user/wso0205.jsf?idaa=336864&codart=PA7719&marart=231&seopth=FILTRI-FIIAM-PA7719-FILTRO-ARIA
PA7719,PA7719,,https://e-commerce.michelecaroli.com/wso/pages/user/wso0205.jsf?idaa=336864&codart=PA7719&marart=231&seopth=FILTRI-FIIAM-PA7719-FILTRO-ARIA
PA7716,PA7716,,https://e-commerce.michelecaroli.com/wso/pages/user/wso0205.jsf?idaa=338936&codart=PA7716&marart=231&seopth=FILTRI-FIIAM-PA7716-FILTRO-ARIA
PA7716,PA7716,,https://e-commerce.michelecaroli.com/wso/pages/user/wso0205.jsf?idaa=338936&codart=PA7716&marart=231&seopth=FILTRI-FIIAM-PA7716-FILTRO-ARIA
PA7711,PA7711,,https://e-commerce.michelecaroli.com/wso/pages/user/wso0205.jsf?idaa=338279&codart=PA7711&marart=231&seopth=FILTRI-FIIAM-PA7711-FILTRO-ARIA
PA7711,PA7711,,https://e-commerce.michelecaroli.com/wso/pages/user/wso0205.jsf?idaa=338279&codart=PA7711&marart=231&seopth=FILTRI-FIIAM-PA7711-FILTRO-ARIA
PA7709,PA7709,,https://e-commerce.michelecaroli.com/wso/pages/user/wso0205.jsf?idaa=408044&codart=PA7709&marart=233&seopth=SF-FILTER-PA7709-FILTRO-ARIA
PA7707,PA7707,,https://e-commerce.michelecaroli.com/wso/pages/user/wso0205.jsf?idaa=337813&codart=PA7707&marart=231&seopth=FILTRI-FIIAM-PA7707-FILTRO-ARIA
PA7704,PA7704,,https://e-commerce.michelecaroli.com/wso/pages/user/wso0205.jsf?idaa=338243&codart=PA7704&marart=231&seopth=FILTRI-FIIAM-PA7704-FILTRO-ARIA
PA7703,PA7703,,https://e-commerce.michelecaroli.com/wso/pages/user/wso0205.jsf?idaa=301638&codart=PA7703&marart=231&seopth=FILTRI-FIIAM-PA7703-FILTRO-ARIA
PA77014,PA77014,,https://e-commerce.michelecaroli.com/wso/pages/user/wso0205.jsf?idaa=408041&codart=PA77014&marart=233&seopth=SF-FILTER-PA77014-FILTRO-ARIA
PA7695,PA7695,,https://e-commerce.michelecaroli.com/wso/pages/user/wso0205.jsf?idaa=339107&codart=PA7695&marart=231&seopth=FILTRI-FIIAM-PA7695-FILTRO-ARIA
PA7695,PA7695,,https://e-commerce.michelecaroli.com/wso/pages/user/wso0205.jsf?idaa=339107&codart=PA7695&marart=231&seopth=FILTRI-FIIAM-PA7695-FILTRO-ARIA
PA7683,PA7683,,https://e-commerce.michelecaroli.com/wso/pages/user/wso0205.jsf?idaa=301596&codart=PA7683&marart=231&seopth=FILTRI-FIIAM-PA7683-FILTRO-ARIA
PA7680,PA7680,,https://e-commerce.michelecaroli.com/wso/pages/user/wso0205.jsf?idaa=336925&codart=PA7680&marart=231&seopth=FILTRI-FIIAM-PA7680-FILTRO-ARIA
PA7680,PA7680,,https://e-commerce.michelecaroli.com/wso/pages/user/wso0205.jsf?idaa=336925&codart=PA7680&marart=231&seopth=FILTRI-FIIAM-PA7680-FILTRO-ARIA
