Code searched,Matched code,Part Category on Michele,Link to Michele product
NA005667,P007191,FASCIA MONTAGGIO P00-7191,https://e-commerce.michelecaroli.com/wso/pages/user/wso0205.jsf?idaa=154488&codart=P007191&marart=227&seopth=DONALDSON-FILTRI-P007191-FASCIA-MONTAGGIO-P00-7191
N9681,24.308.00,FILTRO NAFTA UFI 24.308.00,https://e-commerce.michelecaroli.com/wso/pages/user/wso0205.jsf?idaa=148896&codart=24.308.00&marart=UFIHD&seopth=UFI-HD-24-308-00-FILTRO-NAFTA-UFI-24-308-00
N9676,24.309.00,FILTRO NAFTA DAF,https://e-commerce.michelecaroli.com/wso/pages/user/wso0205.jsf?idaa=148897&codart=24.309.00&marart=UFIHD&seopth=UFI-HD-24-309-00-FILTRO-NAFTA-DAF
N9675,SN324,FILTRO NAFTA P554620 HIFI,https://e-commerce.michelecaroli.com/wso/pages/user/wso0205.jsf?idaa=299957&codart=SN324&marart=230&seopth=HIFI-FILTRI-SN324-FILTRO-NAFTA-P554620-HIFI
N95570,SO3342,FILTRO OLIO P555570 HIFI,https://e-commerce.michelecaroli.com/wso/pages/user/wso0205.jsf?idaa=300897&codart=SO3342&marart=230&seopth=HIFI-FILTRI-SO3342-FILTRO-OLIO-P555570-HIFI
N9496F4,P536434,FILTRO ARIA,https://e-commerce.michelecaroli.com/wso/pages/user/wso0205.jsf?idaa=157016&codart=P536434&marart=227&seopth=DONALDSON-FILTRI-P536434-FILTRO-ARIA
N9359,P550120,FILTRO GASOLIO,https://e-commerce.michelecaroli.com/wso/pages/user/wso0205.jsf?idaa=156464&codart=P550120&marart=227&seopth=DONALDSON-FILTRI-P550120-FILTRO-GASOLIO
N9359,P550120,FILTRO GASOLIO,https://e-commerce.michelecaroli.com/wso/pages/user/wso0205.jsf?idaa=156464&codart=P550120&marart=227&seopth=DONALDSON-FILTRI-P550120-FILTRO-GASOLIO
N9349,SP-1414,FILTRO OLIO ALCO,https://e-commerce.michelecaroli.com/wso/pages/user/wso0205.jsf?idaa=466102&codart=SP-1414&marart=ALCO&seopth=ALCO-SP-1414-FILTRO-OLIO-ALCO
N9230,SN5057,FILTRO NAFTA P550862 HIFI,https://e-commerce.michelecaroli.com/wso/pages/user/wso0205.jsf?idaa=299365&codart=SN5057&marart=230&seopth=HIFI-FILTRI-SN5057-FILTRO-NAFTA-P550862-HIFI
N9209,SN158,FILTRO NAFTA HIFI,https://e-commerce.michelecaroli.com/wso/pages/user/wso0205.jsf?idaa=298904&codart=SN158&marart=230&seopth=HIFI-FILTRI-SN158-FILTRO-NAFTA-HIFI
N92000900CH,N92000900CH,,https://e-commerce.michelecaroli.com/wso/pages/user/wso0205.jsf?idaa=398043&codart=N92000900CH&marart=230&seopth=HIFI-FILTRI-N92000900CH-FILTRO-ARIA-HIFI
N91084501,843.510,,https://e-commerce.michelecaroli.com/wso/pages/user/wso0205.jsf?idaa=512962&codart=843.510&marart=ELRIN&seopth=ELRING-843-510-O-RING-63-09-X-3-53-ACM-RD
N90HL70R60,SAT01SBB178002,,https://e-commerce.michelecaroli.com/wso/pages/user/wso0205.jsf?idaa=438643&codart=SAT01SBB178002&marart=230&seopth=HIFI-FILTRI-SAT01SBB178002-FILTRO
N9027,46733,FILTRO ARIA,https://e-commerce.michelecaroli.com/wso/pages/user/wso0205.jsf?idaa=367468&codart=46733&marart=218&seopth=WIX-INDUSTRIAL-HD-46733-FILTRO-ARIA
N9024,46554E,,https://e-commerce.michelecaroli.com/wso/pages/user/wso0205.jsf?idaa=369064&codart=46554E&marart=218&seopth=WIX-INDUSTRIAL-HD-46554E-FILTRO-ARIA-P771561
N9016,P130764,FILTRO ARIA DONALDSON P13-0764,https://e-commerce.michelecaroli.com/wso/pages/user/wso0205.jsf?idaa=154701&codart=P130764&marart=227&seopth=DONALDSON-FILTRI-P130764-FILTRO-ARIA-DONALDSON-P13-0764
N89000900CX,N89000900CX,,https://e-commerce.michelecaroli.com/wso/pages/user/wso0205.jsf?idaa=398042&codart=N89000900CX&marart=230&seopth=HIFI-FILTRI-N89000900CX-FILTRO-ARIA-HIFI
N8881931,DBA5067,"AIR FILTER, PRIMARY DONALDSON BLUE",https://e-commerce.michelecaroli.com/wso/pages/user/wso0205.jsf?idaa=442382&codart=DBA5067&marart=227&seopth=DONALDSON-FILTRI-DBA5067-AIR-FILTER-PRIMARY-DONALDSON-BLUE
N8433,P017335,"GASKET, BODY OR CUP",https://e-commerce.michelecaroli.com/wso/pages/user/wso0205.jsf?idaa=442976&codart=P017335&marart=227&seopth=DONALDSON-FILTRI-P017335-GASKET-BODY-OR-CUP
N705243L,51010,FILTRO OLIO,https://e-commerce.michelecaroli.com/wso/pages/user/wso0205.jsf?idaa=368066&codart=51010&marart=218&seopth=WIX-INDUSTRIAL-HD-51010-FILTRO-OLIO
N6665,P162855,,https://e-commerce.michelecaroli.com/wso/pages/user/wso0205.jsf?idaa=313721&codart=P162855&marart=227&seopth=DONALDSON-FILTRI-P162855-FILTRO-IDRAULICO
N6650140,H000483,AIR STACK EXTENSION,https://e-commerce.michelecaroli.com/wso/pages/user/wso0205.jsf?idaa=442498&codart=H000483&marart=227&seopth=DONALDSON-FILTRI-H000483-AIR-STACK-EXTENSION
N6174,P552440,FILTRO GASOLIO,https://e-commerce.michelecaroli.com/wso/pages/user/wso0205.jsf?idaa=157049&codart=P552440&marart=227&seopth=DONALDSON-FILTRI-P552440-FILTRO-GASOLIO
N550,RT4,PREFILTRO CARB. DIAM 8 / 8 MM DIAM EST. 36/42 MM ALT. 64/104 MM.,https://e-commerce.michelecaroli.com/wso/pages/user/wso0205.jsf?idaa=398924&codart=RT4&marart=230&seopth=HIFI-FILTRI-RT4-PREFILTRO-CARB-DIAM-8-8-MM
N528D,P142813,FILTRO ARIA DONALDSON A PANNELLO,https://e-commerce.michelecaroli.com/wso/pages/user/wso0205.jsf?idaa=154809&codart=P142813&marart=227&seopth=DONALDSON-FILTRI-P142813-FILTRO-ARIA-DONALDSON-A-PANNELLO
N519D,42783,FILTRO ARIA,https://e-commerce.michelecaroli.com/wso/pages/user/wso0205.jsf?idaa=366813&codart=42783&marart=218&seopth=WIX-INDUSTRIAL-HD-42783-FILTRO-ARIA
N51,SO7106,FILTRO OLIO P550170 HIFI,https://e-commerce.michelecaroli.com/wso/pages/user/wso0205.jsf?idaa=301239&codart=SO7106&marart=230&seopth=HIFI-FILTRI-SO7106-FILTRO-OLIO-P550170-HIFI
N501,P954867,FILTRO,https://e-commerce.michelecaroli.com/wso/pages/user/wso0205.jsf?idaa=382380&codart=P954867&marart=227&seopth=DONALDSON-FILTRI-P954867-FILTRO
N50002000SQ,N50002000SQ,,https://e-commerce.michelecaroli.com/wso/pages/user/wso0205.jsf?idaa=398041&codart=N50002000SQ&marart=230&seopth=HIFI-FILTRI-N50002000SQ-FILTRO-ARIA-HIFI
N50001000SL,N50001000SL,,https://e-commerce.michelecaroli.com/wso/pages/user/wso0205.jsf?idaa=398040&codart=N50001000SL&marart=230&seopth=HIFI-FILTRI-N50001000SL-FILTRO-ARIA-HIFI
N499,N499,LAMPADA C/C H7 55W 12V NEOLUX,https://e-commerce.michelecaroli.com/wso/pages/user/wso0205.jsf?idaa=356010&codart=N499&marart=NEO&seopth=NEOLUX-N499-LAMPADA-C-C-H7-55W-12V-NEOLUX
N47500730SL,N47500730SL,,https://e-commerce.michelecaroli.com/wso/pages/user/wso0205.jsf?idaa=398039&codart=N47500730SL&marart=230&seopth=HIFI-FILTRI-N47500730SL-FILTRO-ARIA-HIFI
N474,33114,FILTRO NAFTA,https://e-commerce.michelecaroli.com/wso/pages/user/wso0205.jsf?idaa=365831&codart=33114&marart=218&seopth=WIX-INDUSTRIAL-HD-33114-FILTRO-NAFTA
N473177004,X002278,"INDICATORE DONALDSON 1-/8""-27-NPT MECCANICO MBAR 75",https://e-commerce.michelecaroli.com/wso/pages/user/wso0205.jsf?idaa=158300&codart=X002278&marart=227&seopth=DONALDSON-FILTRI-X002278-INDICATORE-DONALDSON-1-8-27-NPT
N473177003,P102948,RIDUTTORE DONALDSON 44X61X64,https://e-commerce.michelecaroli.com/wso/pages/user/wso0205.jsf?idaa=154517&codart=P102948&marart=227&seopth=DONALDSON-FILTRI-P102948-RIDUTTORE-DONALDSON-44X61X64
N473177001,P105529,GOMITO 90 GRADI P10-5529,https://e-commerce.michelecaroli.com/wso/pages/user/wso0205.jsf?idaa=154530&codart=P105529&marart=227&seopth=DONALDSON-FILTRI-P105529-GOMITO-90-GRADI-P10-5529
N472916001,P105531,"ELBOW, 90 DEG RUBBER",https://e-commerce.michelecaroli.com/wso/pages/user/wso0205.jsf?idaa=442998&codart=P105531&marart=227&seopth=DONALDSON-FILTRI-P105531-ELBOW-90-DEG-RUBBER
N471,95021E,FILTRO NAFTA P550632,https://e-commerce.michelecaroli.com/wso/pages/user/wso0205.jsf?idaa=369629&codart=95021E&marart=218&seopth=WIX-INDUSTRIAL-HD-95021E-FILTRO-NAFTA-P550632
N44580,42250,FILTRO ARIA,https://e-commerce.michelecaroli.com/wso/pages/user/wso0205.jsf?idaa=366408&codart=42250&marart=218&seopth=WIX-INDUSTRIAL-HD-42250-FILTRO-ARIA
N44518,J000202,"CLAMP, ACCUSEAL 4 IN (102 MM)",https://e-commerce.michelecaroli.com/wso/pages/user/wso0205.jsf?idaa=442554&codart=J000202&marart=227&seopth=DONALDSON-FILTRI-J000202-CLAMP-ACCUSEAL-4-IN-102-MM-
N4440,24.413.00,FILTRO NAFTA UFI 24.413.00,https://e-commerce.michelecaroli.com/wso/pages/user/wso0205.jsf?idaa=149678&codart=24.413.00&marart=224&seopth=UFI-SOFIMA-FILTRI-24-413-00-FILTRO-NAFTA-UFI-24-413-00
N4438,FT1182,FILTRO NAFTA P550385 HIFI,https://e-commerce.michelecaroli.com/wso/pages/user/wso0205.jsf?idaa=394780&codart=FT1182&marart=230&seopth=HIFI-FILTRI-FT1182-FILTRO-NAFTA-P550385-HIFI
N4413S,N4413S,,https://e-commerce.michelecaroli.com/wso/pages/user/wso0205.jsf?idaa=398038&codart=N4413S&marart=230&seopth=HIFI-FILTRI-N4413S-FILTRO-ARIA-HIFI
N4310,24.H2O.01,FILTRO NAFTA UFI 24.H2O.01,https://e-commerce.michelecaroli.com/wso/pages/user/wso0205.jsf?idaa=149720&codart=24.H2O.01&marart=UFIHD&seopth=UFI-HD-24-H2O-01-FILTRO-NAFTA-UFI-24-H2O-01
N4300,SP-902,FILTRO CARB.,https://e-commerce.michelecaroli.com/wso/pages/user/wso0205.jsf?idaa=466374&codart=SP-902&marart=ALCO&seopth=ALCO-SP-902-FILTRO-CARB-
N4281,FT3228,FILTRO NAFTA P551351 HIFI,https://e-commerce.michelecaroli.com/wso/pages/user/wso0205.jsf?idaa=394786&codart=FT3228&marart=230&seopth=HIFI-FILTRI-FT3228-FILTRO-NAFTA-P551351-HIFI
N427679002,42920,FILTRO ARIA P119375,https://e-commerce.michelecaroli.com/wso/pages/user/wso0205.jsf?idaa=366896&codart=42920&marart=218&seopth=WIX-INDUSTRIAL-HD-42920-FILTRO-ARIA-P119375
N427073002,42920,FILTRO ARIA P119375,https://e-commerce.michelecaroli.com/wso/pages/user/wso0205.jsf?idaa=366896&codart=42920&marart=218&seopth=WIX-INDUSTRIAL-HD-42920-FILTRO-ARIA-P119375
N426436001,42920,FILTRO ARIA P119375,https://e-commerce.michelecaroli.com/wso/pages/user/wso0205.jsf?idaa=366896&codart=42920&marart=218&seopth=WIX-INDUSTRIAL-HD-42920-FILTRO-ARIA-P119375
N423193001,G065008,"AIR CLEANER, FWG CYCLOPAC",https://e-commerce.michelecaroli.com/wso/pages/user/wso0205.jsf?idaa=442433&codart=G065008&marart=227&seopth=DONALDSON-FILTRI-G065008-AIR-CLEANER-FWG-CYCLOPAC
N422929004,G065008,"AIR CLEANER, FWG CYCLOPAC",https://e-commerce.michelecaroli.com/wso/pages/user/wso0205.jsf?idaa=442433&codart=G065008&marart=227&seopth=DONALDSON-FILTRI-G065008-AIR-CLEANER-FWG-CYCLOPAC
N422929003,G080023,"AIR CLEANER, FWG CYCLOPAC",https://e-commerce.michelecaroli.com/wso/pages/user/wso0205.jsf?idaa=442437&codart=G080023&marart=227&seopth=DONALDSON-FILTRI-G080023-AIR-CLEANER-FWG-CYCLOPAC
N4204,24.308.00,FILTRO NAFTA UFI 24.308.00,https://e-commerce.michelecaroli.com/wso/pages/user/wso0205.jsf?idaa=148896&codart=24.308.00&marart=UFIHD&seopth=UFI-HD-24-308-00-FILTRO-NAFTA-UFI-24-308-00
N4201,S7111NC,FILTRO CAV296 SOFIMA,https://e-commerce.michelecaroli.com/wso/pages/user/wso0205.jsf?idaa=446634&codart=S7111NC&marart=SOFI&seopth=SOFIMA-S7111NC-FILTRO-CAV296-SOFIMA
N4200,MD-195,FILTRO CARB. ALCO,https://e-commerce.michelecaroli.com/wso/pages/user/wso0205.jsf?idaa=463526&codart=MD-195&marart=ALCO&seopth=ALCO-MD-195-FILTRO-CARB-ALCO
N41580,92126E,,https://e-commerce.michelecaroli.com/wso/pages/user/wso0205.jsf?idaa=369252&codart=92126E&marart=218&seopth=WIX-INDUSTRIAL-HD-92126E-FILTRO-OLIO
N4154,33358SE,FILTRO GASOLIO P553004,https://e-commerce.michelecaroli.com/wso/pages/user/wso0205.jsf?idaa=348479&codart=33358SE&marart=219&seopth=WIX-AUTO-FILTRI-33358SE-FILTRO-GASOLIO-P553004
N4153,33167E,FILTRO NAFTA# P550060,https://e-commerce.michelecaroli.com/wso/pages/user/wso0205.jsf?idaa=368995&codart=33167E&marart=218&seopth=WIX-INDUSTRIAL-HD-33167E-FILTRO-NAFTA-P550060
N4123,SN532,FILTRO NAFTA P550473 HIFI,https://e-commerce.michelecaroli.com/wso/pages/user/wso0205.jsf?idaa=299387&codart=SN532&marart=230&seopth=HIFI-FILTRI-SN532-FILTRO-NAFTA-P550473-HIFI
N4106,SP-966,FILTRO CARB. ALCO,https://e-commerce.michelecaroli.com/wso/pages/user/wso0205.jsf?idaa=466428&codart=SP-966&marart=ALCO&seopth=ALCO-SP-966-FILTRO-CARB-ALCO
N4105,SP-966,FILTRO CARB. ALCO,https://e-commerce.michelecaroli.com/wso/pages/user/wso0205.jsf?idaa=466428&codart=SP-966&marart=ALCO&seopth=ALCO-SP-966-FILTRO-CARB-ALCO
N40M02000SP,N40M02000SP,,https://e-commerce.michelecaroli.com/wso/pages/user/wso0205.jsf?idaa=398037&codart=N40M02000SP&marart=230&seopth=HIFI-FILTRI-N40M02000SP-FILTRO-ARIA-HIFI
N40M01000SP,N40M01000SP,,https://e-commerce.michelecaroli.com/wso/pages/user/wso0205.jsf?idaa=398036&codart=N40M01000SP&marart=230&seopth=HIFI-FILTRI-N40M01000SP-FILTRO-ARIA-HIFI
N4050,33358SE,FILTRO GASOLIO P553004,https://e-commerce.michelecaroli.com/wso/pages/user/wso0205.jsf?idaa=348479&codart=33358SE&marart=219&seopth=WIX-AUTO-FILTRI-33358SE-FILTRO-GASOLIO-P553004
N404079,MD-192K,FILTRO ARIA ALCO,https://e-commerce.michelecaroli.com/wso/pages/user/wso0205.jsf?idaa=463524&codart=MD-192K&marart=ALCO&seopth=ALCO-MD-192K-FILTRO-ARIA-ALCO
N403638,SA10385K,FILTRO ARIA P181050# HIFI ABBINATO CON SA14762,https://e-commerce.michelecaroli.com/wso/pages/user/wso0205.jsf?idaa=336011&codart=SA10385K&marart=230&seopth=HIFI-FILTRI-SA10385K-FILTRO-ARIA-P181050-HIFI
N401267,P182046,FILTRO ARIA DONALDSON P18-2046 ABBINATO C/FILTRO INTERNO P119373,https://e-commerce.michelecaroli.com/wso/pages/user/wso0205.jsf?idaa=155912&codart=P182046&marart=227&seopth=DONALDSON-FILTRI-P182046-FILTRO-ARIA-DONALDSON-P18-2046
N401261,P182045,,https://e-commerce.michelecaroli.com/wso/pages/user/wso0205.jsf?idaa=155911&codart=P182045&marart=227&seopth=DONALDSON-FILTRI-P182045-FILTRO-ARIA-SOSTITUITO-DA-P181045
N4,42577,,https://e-commerce.michelecaroli.com/wso/pages/user/wso0205.jsf?idaa=366637&codart=42577&marart=218&seopth=WIX-INDUSTRIAL-HD-42577-FILTRO-ARIA
N36,P142804,FILTRO ARIA DONALDSON P14-2804,https://e-commerce.michelecaroli.com/wso/pages/user/wso0205.jsf?idaa=154801&codart=P142804&marart=227&seopth=DONALDSON-FILTRI-P142804-FILTRO-ARIA-DONALDSON-P14-2804
N35,51021E,FILTRO OLIO#,https://e-commerce.michelecaroli.com/wso/pages/user/wso0205.jsf?idaa=369090&codart=51021E&marart=218&seopth=WIX-INDUSTRIAL-HD-51021E-FILTRO-OLIO-
N3440421,M070068,SPARK ARRESTOR,https://e-commerce.michelecaroli.com/wso/pages/user/wso0205.jsf?idaa=442869&codart=M070068&marart=227&seopth=DONALDSON-FILTRI-M070068-SPARK-ARRESTOR
N34,SO7106,FILTRO OLIO P550170 HIFI,https://e-commerce.michelecaroli.com/wso/pages/user/wso0205.jsf?idaa=301239&codart=SO7106&marart=230&seopth=HIFI-FILTRI-SO7106-FILTRO-OLIO-P550170-HIFI
N33AC,51010,FILTRO OLIO,https://e-commerce.michelecaroli.com/wso/pages/user/wso0205.jsf?idaa=368066&codart=51010&marart=218&seopth=WIX-INDUSTRIAL-HD-51010-FILTRO-OLIO
N33,51010,FILTRO OLIO,https://e-commerce.michelecaroli.com/wso/pages/user/wso0205.jsf?idaa=368066&codart=51010&marart=218&seopth=WIX-INDUSTRIAL-HD-51010-FILTRO-OLIO
N3095,42700,FILTRO ARIA,https://e-commerce.michelecaroli.com/wso/pages/user/wso0205.jsf?idaa=366741&codart=42700&marart=218&seopth=WIX-INDUSTRIAL-HD-42700-FILTRO-ARIA
N3088,P181097,"AIR FILTER, PRIMARY ROUND",https://e-commerce.michelecaroli.com/wso/pages/user/wso0205.jsf?idaa=441113&codart=P181097&marart=227&seopth=DONALDSON-FILTRI-P181097-AIR-FILTER-PRIMARY-ROUND
N3085,P181003,FILTRO ARIA DONALDSON P18-1003,https://e-commerce.michelecaroli.com/wso/pages/user/wso0205.jsf?idaa=155775&codart=P181003&marart=227&seopth=DONALDSON-FILTRI-P181003-FILTRO-ARIA-DONALDSON-P18-1003
N308,N308,CUSCINETTO N 308 ECP 40X90X23 MM. INTERNO C/RULLI SFILABILE AMBO LATI,https://e-commerce.michelecaroli.com/wso/pages/user/wso0205.jsf?idaa=131220&codart=N308&marart=180&seopth=SKF-CUSCINETTI-N308-CUSCINETTO-N-308-ECP-40X90X23-MM-
N308,N308,CUSCINETTO N 308 ECP 40X90X23 MM. INTERNO C/RULLI SFILABILE AMBO LATI,https://e-commerce.michelecaroli.com/wso/pages/user/wso0205.jsf?idaa=131220&codart=N308&marart=180&seopth=SKF-CUSCINETTI-N308-CUSCINETTO-N-308-ECP-40X90X23-MM-
N3050,SA10384K,FILTRO ARIA ESTERNO P772545 HIFI ACCOPPIATO CON SA10754,https://e-commerce.michelecaroli.com/wso/pages/user/wso0205.jsf?idaa=336010&codart=SA10384K&marart=230&seopth=HIFI-FILTRI-SA10384K-FILTRO-ARIA-ESTERNO-P772545-HIFI
N303,N303,CUSCINETTO SKF N303ECP 17X47X14 MM. INTERNO C/RULLI SFILABILE AMBO LATI,https://e-commerce.michelecaroli.com/wso/pages/user/wso0205.jsf?idaa=131215&codart=N303&marart=180&seopth=SKF-CUSCINETTI-N303-CUSCINETTO-SKF-N303ECP-17X47X14-MM-
N2N89521K,X004536,"SEAL CLAMP, 2 IN (51 MM) STAINLESS",https://e-commerce.michelecaroli.com/wso/pages/user/wso0205.jsf?idaa=443366&codart=X004536&marart=227&seopth=DONALDSON-FILTRI-X004536-SEAL-CLAMP-2-IN-51-MM-STAINLESS
N296,P550366,,https://e-commerce.michelecaroli.com/wso/pages/user/wso0205.jsf?idaa=156568&codart=P550366&marart=227&seopth=DONALDSON-FILTRI-P550366-FILTRO-NAFTA-DONALDSON-P55-0366
N2950567,SAH01C08ADP001,,https://e-commerce.michelecaroli.com/wso/pages/user/wso0205.jsf?idaa=438541&codart=SAH01C08ADP001&marart=230&seopth=HIFI-FILTRI-SAH01C08ADP001-FILTRO
N295,P550366,,https://e-commerce.michelecaroli.com/wso/pages/user/wso0205.jsf?idaa=156568&codart=P550366&marart=227&seopth=DONALDSON-FILTRI-P550366-FILTRO-NAFTA-DONALDSON-P55-0366
N27580,SO7106,FILTRO OLIO P550170 HIFI,https://e-commerce.michelecaroli.com/wso/pages/user/wso0205.jsf?idaa=301239&codart=SO7106&marart=230&seopth=HIFI-FILTRI-SO7106-FILTRO-OLIO-P550170-HIFI
N2750559,24.308.00,FILTRO NAFTA UFI 24.308.00,https://e-commerce.michelecaroli.com/wso/pages/user/wso0205.jsf?idaa=148896&codart=24.308.00&marart=UFIHD&seopth=UFI-HD-24-308-00-FILTRO-NAFTA-UFI-24-308-00
N2750,42490,FILTRO ARIA,https://e-commerce.michelecaroli.com/wso/pages/user/wso0205.jsf?idaa=366557&codart=42490&marart=218&seopth=WIX-INDUSTRIAL-HD-42490-FILTRO-ARIA
N27,33080,FILTRO NAFTA esaurito wix,https://e-commerce.michelecaroli.com/wso/pages/user/wso0205.jsf?idaa=365765&codart=33080&marart=218&seopth=WIX-INDUSTRIAL-HD-33080-FILTRO-NAFTA-esaurito-wix
N25M02000SA,N25M02000SA,,https://e-commerce.michelecaroli.com/wso/pages/user/wso0205.jsf?idaa=398035&codart=N25M02000SA&marart=230&seopth=HIFI-FILTRI-N25M02000SA-FILTRO-ARIA-HIFI
N25M01500SA,N25M01500SA,,https://e-commerce.michelecaroli.com/wso/pages/user/wso0205.jsf?idaa=398034&codart=N25M01500SA&marart=230&seopth=HIFI-FILTRI-N25M01500SA-FILTRO-ARIA-HIFI
N2587,42440,FILTRO ARIA,https://e-commerce.michelecaroli.com/wso/pages/user/wso0205.jsf?idaa=366527&codart=42440&marart=218&seopth=WIX-INDUSTRIAL-HD-42440-FILTRO-ARIA
N2581,P182008,FILTRO ARIA,https://e-commerce.michelecaroli.com/wso/pages/user/wso0205.jsf?idaa=313754&codart=P182008&marart=227&seopth=DONALDSON-FILTRI-P182008-FILTRO-ARIA
N2530,42636,FILTRO ARIA,https://e-commerce.michelecaroli.com/wso/pages/user/wso0205.jsf?idaa=366687&codart=42636&marart=218&seopth=WIX-INDUSTRIAL-HD-42636-FILTRO-ARIA
N2520,P181005,FILTRO ARIA DONALDSON P18-1005,https://e-commerce.michelecaroli.com/wso/pages/user/wso0205.jsf?idaa=155777&codart=P181005&marart=227&seopth=DONALDSON-FILTRI-P181005-FILTRO-ARIA-DONALDSON-P18-1005
N2505,42096,FILTRO ARIA,https://e-commerce.michelecaroli.com/wso/pages/user/wso0205.jsf?idaa=366311&codart=42096&marart=218&seopth=WIX-INDUSTRIAL-HD-42096-FILTRO-ARIA
N2431,SA11591,FILTRO ARIA ESTERNO P771546 HIFI ACCOPPIATO CON SA11590,https://e-commerce.michelecaroli.com/wso/pages/user/wso0205.jsf?idaa=336186&codart=SA11591&marart=230&seopth=HIFI-FILTRI-SA11591-FILTRO-ARIA-ESTERNO-P771546-HIFI
N23505789,P206607,"CLAMP, V-BAND 5.8 IN (149 MM)",https://e-commerce.michelecaroli.com/wso/pages/user/wso0205.jsf?idaa=441238&codart=P206607&marart=227&seopth=DONALDSON-FILTRI-P206607-CLAMP-V-BAND-5-8-IN-149-MM-
N234,SN80234,FILTRO NAFTA HIFI,https://e-commerce.michelecaroli.com/wso/pages/user/wso0205.jsf?idaa=300548&codart=SN80234&marart=230&seopth=HIFI-FILTRI-SN80234-FILTRO-NAFTA-HIFI
N226500A1,SAHB0108P002,,https://e-commerce.michelecaroli.com/wso/pages/user/wso0205.jsf?idaa=438613&codart=SAHB0108P002&marart=230&seopth=HIFI-FILTRI-SAHB0108P002-FILTRO
N2221,X002351,INDICATORE DONALDSON X00-2351,https://e-commerce.michelecaroli.com/wso/pages/user/wso0205.jsf?idaa=158301&codart=X002351&marart=227&seopth=DONALDSON-FILTRI-X002351-INDICATORE-DONALDSON-X00-2351
N2150581,B140167,FILTRO DONALDSON EGB14-0167,https://e-commerce.michelecaroli.com/wso/pages/user/wso0205.jsf?idaa=154054&codart=B140167&marart=227&seopth=DONALDSON-FILTRI-B140167-FILTRO-DONALDSON-EGB14-0167
N21470A,M090544,"MUFFLER, ROUND STYLE 1",https://e-commerce.michelecaroli.com/wso/pages/user/wso0205.jsf?idaa=442907&codart=M090544&marart=227&seopth=DONALDSON-FILTRI-M090544-MUFFLER-ROUND-STYLE-1
N20M02000VI,N20M02000VI,,https://e-commerce.michelecaroli.com/wso/pages/user/wso0205.jsf?idaa=398033&codart=N20M02000VI&marart=230&seopth=HIFI-FILTRI-N20M02000VI-FILTRO-ARIA-HIFI
N20M02000SN,N20M02000SN,,https://e-commerce.michelecaroli.com/wso/pages/user/wso0205.jsf?idaa=398032&codart=N20M02000SN&marart=230&seopth=HIFI-FILTRI-N20M02000SN-FILTRO-ARIA-HIFI
N20M02000SL,N20M02000SL,,https://e-commerce.michelecaroli.com/wso/pages/user/wso0205.jsf?idaa=398031&codart=N20M02000SL&marart=230&seopth=HIFI-FILTRI-N20M02000SL-FILTRO-ARIA-HIFI
N20M02000SI,N20M02000SI,,https://e-commerce.michelecaroli.com/wso/pages/user/wso0205.jsf?idaa=398030&codart=N20M02000SI&marart=230&seopth=HIFI-FILTRI-N20M02000SI-FILTRO-ARIA-HIFI
N20M02000SE,N20M02000SE,,https://e-commerce.michelecaroli.com/wso/pages/user/wso0205.jsf?idaa=398029&codart=N20M02000SE&marart=230&seopth=HIFI-FILTRI-N20M02000SE-FILTRO-ARIA-HIFI
N20M02000SD,N20M02000SD,,https://e-commerce.michelecaroli.com/wso/pages/user/wso0205.jsf?idaa=398028&codart=N20M02000SD&marart=230&seopth=HIFI-FILTRI-N20M02000SD-FILTRO-ARIA-HIFI
N20M02000SB,N20M02000SB,,https://e-commerce.michelecaroli.com/wso/pages/user/wso0205.jsf?idaa=398027&codart=N20M02000SB&marart=230&seopth=HIFI-FILTRI-N20M02000SB-FILTRO-ARIA-HIFI
N20M01500VI,N20M01500VI,,https://e-commerce.michelecaroli.com/wso/pages/user/wso0205.jsf?idaa=398026&codart=N20M01500VI&marart=230&seopth=HIFI-FILTRI-N20M01500VI-FILTRO-ARIA-HIFI
N20M01500SI,N20M01500SI,,https://e-commerce.michelecaroli.com/wso/pages/user/wso0205.jsf?idaa=398025&codart=N20M01500SI&marart=230&seopth=HIFI-FILTRI-N20M01500SI-FILTRO-ARIA-HIFI
N20M01500SD,N20M01500SD,,https://e-commerce.michelecaroli.com/wso/pages/user/wso0205.jsf?idaa=398024&codart=N20M01500SD&marart=230&seopth=HIFI-FILTRI-N20M01500SD-FILTRO-ARIA-HIFI
N20M01500SB,N20M01500SB,,https://e-commerce.michelecaroli.com/wso/pages/user/wso0205.jsf?idaa=398023&codart=N20M01500SB&marart=230&seopth=HIFI-FILTRI-N20M01500SB-FILTRO-ARIA-HIFI
N20M01400SL,N20M01400SL,,https://e-commerce.michelecaroli.com/wso/pages/user/wso0205.jsf?idaa=398022&codart=N20M01400SL&marart=230&seopth=HIFI-FILTRI-N20M01400SL-FILTRO-ARIA-HIFI
N20M01000VI,N20M01000VI,,https://e-commerce.michelecaroli.com/wso/pages/user/wso0205.jsf?idaa=398021&codart=N20M01000VI&marart=230&seopth=HIFI-FILTRI-N20M01000VI-FILTRO-ARIA-HIFI
N20M01000SN,N20M01000SN,,https://e-commerce.michelecaroli.com/wso/pages/user/wso0205.jsf?idaa=398020&codart=N20M01000SN&marart=230&seopth=HIFI-FILTRI-N20M01000SN-FILTRO-ARIA-HIFI
N20M01000SL,N20M01000SL,,https://e-commerce.michelecaroli.com/wso/pages/user/wso0205.jsf?idaa=398019&codart=N20M01000SL&marart=230&seopth=HIFI-FILTRI-N20M01000SL-FILTRO-ARIA-HIFI
N20M01000SI,N20M01000SI,,https://e-commerce.michelecaroli.com/wso/pages/user/wso0205.jsf?idaa=398018&codart=N20M01000SI&marart=230&seopth=HIFI-FILTRI-N20M01000SI-FILTRO-ARIA-HIFI
N20M01000SE,N20M01000SE,,https://e-commerce.michelecaroli.com/wso/pages/user/wso0205.jsf?idaa=398017&codart=N20M01000SE&marart=230&seopth=HIFI-FILTRI-N20M01000SE-FILTRO-ARIA-HIFI
N20M01000SB,N20M01000SB,,https://e-commerce.michelecaroli.com/wso/pages/user/wso0205.jsf?idaa=398016&codart=N20M01000SB&marart=230&seopth=HIFI-FILTRI-N20M01000SB-FILTRO-ARIA-HIFI
N20M01000SA,N20M01000SA,,https://e-commerce.michelecaroli.com/wso/pages/user/wso0205.jsf?idaa=398015&codart=N20M01000SA&marart=230&seopth=HIFI-FILTRI-N20M01000SA-FILTRO-ARIA-HIFI
N20M00900VI,N20M00900VI,,https://e-commerce.michelecaroli.com/wso/pages/user/wso0205.jsf?idaa=398014&codart=N20M00900VI&marart=230&seopth=HIFI-FILTRI-N20M00900VI-FILTRO-ARIA-HIFI
N20M00750VI,N20M00750VI,,https://e-commerce.michelecaroli.com/wso/pages/user/wso0205.jsf?idaa=398013&codart=N20M00750VI&marart=230&seopth=HIFI-FILTRI-N20M00750VI-FILTRO-ARIA-HIFI
N20M00600VI,N20M00600VI,,https://e-commerce.michelecaroli.com/wso/pages/user/wso0205.jsf?idaa=398012&codart=N20M00600VI&marart=230&seopth=HIFI-FILTRI-N20M00600VI-FILTRO-ARIA-HIFI
N20M00500VI,N20M00500VI,,https://e-commerce.michelecaroli.com/wso/pages/user/wso0205.jsf?idaa=398011&codart=N20M00500VI&marart=230&seopth=HIFI-FILTRI-N20M00500VI-FILTRO-ARIA-HIFI
N20M00500SN,N20M00500SN,,https://e-commerce.michelecaroli.com/wso/pages/user/wso0205.jsf?idaa=398010&codart=N20M00500SN&marart=230&seopth=HIFI-FILTRI-N20M00500SN-FILTRO-ARIA-HIFI
N2095,42941,FILTRO ARIA,https://e-commerce.michelecaroli.com/wso/pages/user/wso0205.jsf?idaa=366913&codart=42941&marart=218&seopth=WIX-INDUSTRIAL-HD-42941-FILTRO-ARIA
N2085,42203,FILTRO ARIA,https://e-commerce.michelecaroli.com/wso/pages/user/wso0205.jsf?idaa=366376&codart=42203&marart=218&seopth=WIX-INDUSTRIAL-HD-42203-FILTRO-ARIA
N2079,42966E,FILTRO ARIA P181007,https://e-commerce.michelecaroli.com/wso/pages/user/wso0205.jsf?idaa=369046&codart=42966E&marart=218&seopth=WIX-INDUSTRIAL-HD-42966E-FILTRO-ARIA-P181007
N2070,42776,FILTRO ARIA,https://e-commerce.michelecaroli.com/wso/pages/user/wso0205.jsf?idaa=366807&codart=42776&marart=218&seopth=WIX-INDUSTRIAL-HD-42776-FILTRO-ARIA
N2040,SA10823,FILTRO ARIA HIFI,https://e-commerce.michelecaroli.com/wso/pages/user/wso0205.jsf?idaa=336064&codart=SA10823&marart=230&seopth=HIFI-FILTRI-SA10823-FILTRO-ARIA-HIFI
N204,N204,CUSCINETTO N 204 ECP 20X47X14 MM. INTERNO C/RULLI SFILABILE AMBO LATI,https://e-commerce.michelecaroli.com/wso/pages/user/wso0205.jsf?idaa=131198&codart=N204&marart=180&seopth=SKF-CUSCINETTI-N204-CUSCINETTO-N-204-ECP-20X47X14-MM-
N204,N204,CUSCINETTO N 204 ECP 20X47X14 MM. INTERNO C/RULLI SFILABILE AMBO LATI,https://e-commerce.michelecaroli.com/wso/pages/user/wso0205.jsf?idaa=131198&codart=N204&marart=180&seopth=SKF-CUSCINETTI-N204-CUSCINETTO-N-204-ECP-20X47X14-MM-
N2033,42853,FILTRO ARIA,https://e-commerce.michelecaroli.com/wso/pages/user/wso0205.jsf?idaa=366853&codart=42853&marart=218&seopth=WIX-INDUSTRIAL-HD-42853-FILTRO-ARIA
N2021,42890,FILTRO ARIA,https://e-commerce.michelecaroli.com/wso/pages/user/wso0205.jsf?idaa=366876&codart=42890&marart=218&seopth=WIX-INDUSTRIAL-HD-42890-FILTRO-ARIA
N20001000SL,N20001000SL,,https://e-commerce.michelecaroli.com/wso/pages/user/wso0205.jsf?idaa=398009&codart=N20001000SL&marart=230&seopth=HIFI-FILTRI-N20001000SL-FILTRO-ARIA-HIFI
N20001000SE,N20001000SE,,https://e-commerce.michelecaroli.com/wso/pages/user/wso0205.jsf?idaa=398008&codart=N20001000SE&marart=230&seopth=HIFI-FILTRI-N20001000SE-FILTRO-ARIA-HIFI
N20001000PX,N20001000PX,,https://e-commerce.michelecaroli.com/wso/pages/user/wso0205.jsf?idaa=398007&codart=N20001000PX&marart=230&seopth=HIFI-FILTRI-N20001000PX-FILTRO-ARIA-HIFI
N20001000PW,N20001000PW,,https://e-commerce.michelecaroli.com/wso/pages/user/wso0205.jsf?idaa=398006&codart=N20001000PW&marart=230&seopth=HIFI-FILTRI-N20001000PW-FILTRO-ARIA-HIFI
N20001000PV,N20001000PV,,https://e-commerce.michelecaroli.com/wso/pages/user/wso0205.jsf?idaa=398005&codart=N20001000PV&marart=230&seopth=HIFI-FILTRI-N20001000PV-FILTRO-ARIA-HIFI
N20001000PS,N20001000PS,,https://e-commerce.michelecaroli.com/wso/pages/user/wso0205.jsf?idaa=398004&codart=N20001000PS&marart=230&seopth=HIFI-FILTRI-N20001000PS-FILTRO-ARIA-HIFI
N20001000PR,N20001000PR,,https://e-commerce.michelecaroli.com/wso/pages/user/wso0205.jsf?idaa=398003&codart=N20001000PR&marart=230&seopth=HIFI-FILTRI-N20001000PR-FILTRO-ARIA-HIFI
N20001000PQ,N20001000PQ,,https://e-commerce.michelecaroli.com/wso/pages/user/wso0205.jsf?idaa=398002&codart=N20001000PQ&marart=230&seopth=HIFI-FILTRI-N20001000PQ-FILTRO-ARIA-HIFI
N20001000PO,N20001000PO,,https://e-commerce.michelecaroli.com/wso/pages/user/wso0205.jsf?idaa=398001&codart=N20001000PO&marart=230&seopth=HIFI-FILTRI-N20001000PO-FILTRO-ARIA-HIFI
N20001000PN,N20001000PN,,https://e-commerce.michelecaroli.com/wso/pages/user/wso0205.jsf?idaa=398000&codart=N20001000PN&marart=230&seopth=HIFI-FILTRI-N20001000PN-FILTRO-ARIA-HIFI
N20001000PK,N20001000PK,,https://e-commerce.michelecaroli.com/wso/pages/user/wso0205.jsf?idaa=397999&codart=N20001000PK&marart=230&seopth=HIFI-FILTRI-N20001000PK-FILTRO-ARIA-HIFI
N20001000PJ,N20001000PJ,,https://e-commerce.michelecaroli.com/wso/pages/user/wso0205.jsf?idaa=397998&codart=N20001000PJ&marart=230&seopth=HIFI-FILTRI-N20001000PJ-FILTRO-ARIA-HIFI
N20001000PI,N20001000PI,,https://e-commerce.michelecaroli.com/wso/pages/user/wso0205.jsf?idaa=397997&codart=N20001000PI&marart=230&seopth=HIFI-FILTRI-N20001000PI-FILTRO-ARIA-HIFI
N20001000PF,N20001000PF,,https://e-commerce.michelecaroli.com/wso/pages/user/wso0205.jsf?idaa=397995&codart=N20001000PF&marart=230&seopth=HIFI-FILTRI-N20001000PF-FILTRO-ARIA-HIFI
N20001000PE,N20001000PE,,https://e-commerce.michelecaroli.com/wso/pages/user/wso0205.jsf?idaa=397994&codart=N20001000PE&marart=230&seopth=HIFI-FILTRI-N20001000PE-FILTRO-ARIA-HIFI
N20001000PD,N20001000PD,,https://e-commerce.michelecaroli.com/wso/pages/user/wso0205.jsf?idaa=397993&codart=N20001000PD&marart=230&seopth=HIFI-FILTRI-N20001000PD-FILTRO-ARIA-HIFI
N20001000PB,N20001000PB,,https://e-commerce.michelecaroli.com/wso/pages/user/wso0205.jsf?idaa=397991&codart=N20001000PB&marart=230&seopth=HIFI-FILTRI-N20001000PB-FILTRO-ARIA-HIFI
N190042J,P101292,RIDUTTORE@ DONALDSON 87X102X133,https://e-commerce.michelecaroli.com/wso/pages/user/wso0205.jsf?idaa=154508&codart=P101292&marart=227&seopth=DONALDSON-FILTRI-P101292-RIDUTTORE-DONALDSON-87X102X133
N190042,P101292,RIDUTTORE@ DONALDSON 87X102X133,https://e-commerce.michelecaroli.com/wso/pages/user/wso0205.jsf?idaa=154508&codart=P101292&marart=227&seopth=DONALDSON-FILTRI-P101292-RIDUTTORE-DONALDSON-87X102X133
N19000700SN,N19000700SN,,https://e-commerce.michelecaroli.com/wso/pages/user/wso0205.jsf?idaa=397990&codart=N19000700SN&marart=230&seopth=HIFI-FILTRI-N19000700SN-FILTRO-ARIA-HIFI
N1888,P524831,FILTRO ARIA DONALDSON P52-4831,https://e-commerce.michelecaroli.com/wso/pages/user/wso0205.jsf?idaa=156160&codart=P524831&marart=227&seopth=DONALDSON-FILTRI-P524831-FILTRO-ARIA-DONALDSON-P52-4831
N18633,P105545,GOMITO 45 GRADI DIAM.102 MM.,https://e-commerce.michelecaroli.com/wso/pages/user/wso0205.jsf?idaa=154536&codart=P105545&marart=227&seopth=DONALDSON-FILTRI-P105545-GOMITO-45-GRADI-DIAM-102-MM-
N1806,42096,FILTRO ARIA,https://e-commerce.michelecaroli.com/wso/pages/user/wso0205.jsf?idaa=366311&codart=42096&marart=218&seopth=WIX-INDUSTRIAL-HD-42096-FILTRO-ARIA
N1801,46204,FILTRO ARIA,https://e-commerce.michelecaroli.com/wso/pages/user/wso0205.jsf?idaa=367054&codart=46204&marart=218&seopth=WIX-INDUSTRIAL-HD-46204-FILTRO-ARIA
N1798,42377,FILTRO ARIA,https://e-commerce.michelecaroli.com/wso/pages/user/wso0205.jsf?idaa=366485&codart=42377&marart=218&seopth=WIX-INDUSTRIAL-HD-42377-FILTRO-ARIA
N1795,42700,FILTRO ARIA,https://e-commerce.michelecaroli.com/wso/pages/user/wso0205.jsf?idaa=366741&codart=42700&marart=218&seopth=WIX-INDUSTRIAL-HD-42700-FILTRO-ARIA
N1792,P182008,FILTRO ARIA,https://e-commerce.michelecaroli.com/wso/pages/user/wso0205.jsf?idaa=313754&codart=P182008&marart=227&seopth=DONALDSON-FILTRI-P182008-FILTRO-ARIA
N1788,42493,FILTRO ARIA,https://e-commerce.michelecaroli.com/wso/pages/user/wso0205.jsf?idaa=366560&codart=42493&marart=218&seopth=WIX-INDUSTRIAL-HD-42493-FILTRO-ARIA
N1785,P181003,FILTRO ARIA DONALDSON P18-1003,https://e-commerce.michelecaroli.com/wso/pages/user/wso0205.jsf?idaa=155775&codart=P181003&marart=227&seopth=DONALDSON-FILTRI-P181003-FILTRO-ARIA-DONALDSON-P18-1003
N1778,SA10821,,https://e-commerce.michelecaroli.com/wso/pages/user/wso0205.jsf?idaa=472590&codart=SA10821&marart=230&seopth=HIFI-FILTRI-SA10821-FILTRO-ARIA-HIFI-P181185
N1775,P182055,FILTRO ARIA,https://e-commerce.michelecaroli.com/wso/pages/user/wso0205.jsf?idaa=155915&codart=P182055&marart=227&seopth=DONALDSON-FILTRI-P182055-FILTRO-ARIA
N1766,P181099,FILTRO ARIA DONALDSON PI8-1099,https://e-commerce.michelecaroli.com/wso/pages/user/wso0205.jsf?idaa=155853&codart=P181099&marart=227&seopth=DONALDSON-FILTRI-P181099-FILTRO-ARIA-DONALDSON-PI8-1099
N1761,P131343,FILTRO ARIA DONALDSON P13-1343 ABBINATO C/FILTRO INTERNO P122425,https://e-commerce.michelecaroli.com/wso/pages/user/wso0205.jsf?idaa=154722&codart=P131343&marart=227&seopth=DONALDSON-FILTRI-P131343-FILTRO-ARIA-DONALDSON-P13-1343
N1760,MD-290,FILTRO ARIA,https://e-commerce.michelecaroli.com/wso/pages/user/wso0205.jsf?idaa=463573&codart=MD-290&marart=ALCO&seopth=ALCO-MD-290-FILTRO-ARIA
N1759,42202,FILTRO ARIA,https://e-commerce.michelecaroli.com/wso/pages/user/wso0205.jsf?idaa=366375&codart=42202&marart=218&seopth=WIX-INDUSTRIAL-HD-42202-FILTRO-ARIA
N1751,SA10440,FILTRO ARIA SICUREZZ P119374 HIFI ACCOPPIATO CON SA10368,https://e-commerce.michelecaroli.com/wso/pages/user/wso0205.jsf?idaa=336026&codart=SA10440&marart=230&seopth=HIFI-FILTRI-SA10440-FILTRO-ARIA-SICUREZZ-P119374-HIFI
N1750,46675,FILTRO ARIA,https://e-commerce.michelecaroli.com/wso/pages/user/wso0205.jsf?idaa=367417&codart=46675&marart=218&seopth=WIX-INDUSTRIAL-HD-46675-FILTRO-ARIA
N1730,42925,FILTRO ARIA,https://e-commerce.michelecaroli.com/wso/pages/user/wso0205.jsf?idaa=366901&codart=42925&marart=218&seopth=WIX-INDUSTRIAL-HD-42925-FILTRO-ARIA
N16603,P112608,MANICOTTO S/RIDUZIONE 203X203X127,https://e-commerce.michelecaroli.com/wso/pages/user/wso0205.jsf?idaa=154566&codart=P112608&marart=227&seopth=DONALDSON-FILTRI-P112608-MANICOTTO-S-RIDUZIONE-203X203X127
N1654699205,MD-192K,FILTRO ARIA ALCO,https://e-commerce.michelecaroli.com/wso/pages/user/wso0205.jsf?idaa=463524&codart=MD-192K&marart=ALCO&seopth=ALCO-MD-192K-FILTRO-ARIA-ALCO
N1654699204,SA17246,FILTRO ARIA HIFI SICUREZZA,https://e-commerce.michelecaroli.com/wso/pages/user/wso0205.jsf?idaa=289593&codart=SA17246&marart=230&seopth=HIFI-FILTRI-SA17246-FILTRO-ARIA-HIFI-SICUREZZA
N1628,42583,FILTRO ARIA,https://e-commerce.michelecaroli.com/wso/pages/user/wso0205.jsf?idaa=366643&codart=42583&marart=218&seopth=WIX-INDUSTRIAL-HD-42583-FILTRO-ARIA
N16252,P114319,MANICOTTO S/RIDZUIONE 89X89X133,https://e-commerce.michelecaroli.com/wso/pages/user/wso0205.jsf?idaa=154587&codart=P114319&marart=227&seopth=DONALDSON-FILTRI-P114319-MANICOTTO-S-RIDZUIONE-89X89X133
N16000500SG,N16000500SG,,https://e-commerce.michelecaroli.com/wso/pages/user/wso0205.jsf?idaa=397989&codart=N16000500SG&marart=230&seopth=HIFI-FILTRI-N16000500SG-FILTRO-ARIA-HIFI
N1572,P182046,FILTRO ARIA DONALDSON P18-2046 ABBINATO C/FILTRO INTERNO P119373,https://e-commerce.michelecaroli.com/wso/pages/user/wso0205.jsf?idaa=155912&codart=P182046&marart=227&seopth=DONALDSON-FILTRI-P182046-FILTRO-ARIA-DONALDSON-P18-2046
N1570,42695,FILTRO ARIA,https://e-commerce.michelecaroli.com/wso/pages/user/wso0205.jsf?idaa=366737&codart=42695&marart=218&seopth=WIX-INDUSTRIAL-HD-42695-FILTRO-ARIA
N1559,P181023,FILTRO ARIA DONALDSON P18-1023,https://e-commerce.michelecaroli.com/wso/pages/user/wso0205.jsf?idaa=155791&codart=P181023&marart=227&seopth=DONALDSON-FILTRI-P181023-FILTRO-ARIA-DONALDSON-P18-1023
N1557,42776,FILTRO ARIA,https://e-commerce.michelecaroli.com/wso/pages/user/wso0205.jsf?idaa=366807&codart=42776&marart=218&seopth=WIX-INDUSTRIAL-HD-42776-FILTRO-ARIA
N1550,42398,FILTRO ARIA,https://e-commerce.michelecaroli.com/wso/pages/user/wso0205.jsf?idaa=366499&codart=42398&marart=218&seopth=WIX-INDUSTRIAL-HD-42398-FILTRO-ARIA
N1538,42943,FILTRO ARIA NON FORNIBILE WIX,https://e-commerce.michelecaroli.com/wso/pages/user/wso0205.jsf?idaa=366915&codart=42943&marart=218&seopth=WIX-INDUSTRIAL-HD-42943-FILTRO-ARIA-NON-FORNIBILE-WIX
N1533,SA10285,FILTRO ARIA P181104 HIFI SCIUREZZA ABBINATO CON SA10288/SA10909,https://e-commerce.michelecaroli.com/wso/pages/user/wso0205.jsf?idaa=335974&codart=SA10285&marart=230&seopth=HIFI-FILTRI-SA10285-FILTRO-ARIA-P181104-HIFI-SCIUREZZA
N1532,P182001,FILTRO ARIA,https://e-commerce.michelecaroli.com/wso/pages/user/wso0205.jsf?idaa=313753&codart=P182001&marart=227&seopth=DONALDSON-FILTRI-P182001-FILTRO-ARIA
N1530,42759,FILTRO ARIA,https://e-commerce.michelecaroli.com/wso/pages/user/wso0205.jsf?idaa=366793&codart=42759&marart=218&seopth=WIX-INDUSTRIAL-HD-42759-FILTRO-ARIA
N153,SN537,FILTRO NAFTA HIFI,https://e-commerce.michelecaroli.com/wso/pages/user/wso0205.jsf?idaa=299389&codart=SN537&marart=230&seopth=HIFI-FILTRI-SN537-FILTRO-NAFTA-HIFI
N1529,P182000,"AIR FILTER, PRIMARY FINNED",https://e-commerce.michelecaroli.com/wso/pages/user/wso0205.jsf?idaa=441114&codart=P182000&marart=227&seopth=DONALDSON-FILTRI-P182000-AIR-FILTER-PRIMARY-FINNED
N1520861525,51282,FILTRO OLIO,https://e-commerce.michelecaroli.com/wso/pages/user/wso0205.jsf?idaa=368230&codart=51282&marart=218&seopth=WIX-INDUSTRIAL-HD-51282-FILTRO-OLIO
N1517,46280,FILTRO ARIA,https://e-commerce.michelecaroli.com/wso/pages/user/wso0205.jsf?idaa=367097&codart=46280&marart=218&seopth=WIX-INDUSTRIAL-HD-46280-FILTRO-ARIA
N15000500SN,N15000500SN,,https://e-commerce.michelecaroli.com/wso/pages/user/wso0205.jsf?idaa=397988&codart=N15000500SN&marart=230&seopth=HIFI-FILTRI-N15000500SN-FILTRO-ARIA-HIFI
N1500,P130884,FILTRO ARIA DONALDSON PI3-0884,https://e-commerce.michelecaroli.com/wso/pages/user/wso0205.jsf?idaa=154709&codart=P130884&marart=227&seopth=DONALDSON-FILTRI-P130884-FILTRO-ARIA-DONALDSON-PI3-0884
N1500,P130884,FILTRO ARIA DONALDSON PI3-0884,https://e-commerce.michelecaroli.com/wso/pages/user/wso0205.jsf?idaa=154709&codart=P130884&marart=227&seopth=DONALDSON-FILTRI-P130884-FILTRO-ARIA-DONALDSON-PI3-0884
N14752,P105608,MANICOTTO S/RIDUZIONE 76X76X135,https://e-commerce.michelecaroli.com/wso/pages/user/wso0205.jsf?idaa=154538&codart=P105608&marart=227&seopth=DONALDSON-FILTRI-P105608-MANICOTTO-S-RIDUZIONE-76X76X135
N14650615SN,N14650615SN,,https://e-commerce.michelecaroli.com/wso/pages/user/wso0205.jsf?idaa=397987&codart=N14650615SN&marart=230&seopth=HIFI-FILTRI-N14650615SN-FILTRO-ARIA-HIFI
N14595,P162400,INDICATORE ELETTRICO,https://e-commerce.michelecaroli.com/wso/pages/user/wso0205.jsf?idaa=311847&codart=P162400&marart=227&seopth=DONALDSON-FILTRI-P162400-INDICATORE-ELETTRICO
