Code searched,Matched code,Part Category on Michele,Link to Michele product
P163322,P163322,FILTRO HYDR.ATTUALE P164384,https://e-commerce.michelecaroli.com/wso/pages/user/wso0205.jsf?idaa=155582&codart=P163322&marart=227&seopth=DONALDSON-FILTRI-P163322-FILTRO-HYDR-ATTUALE-P164384
P163322,P163322,FILTRO HYDR.ATTUALE P164384,https://e-commerce.michelecaroli.com/wso/pages/user/wso0205.jsf?idaa=155582&codart=P163322&marart=227&seopth=DONALDSON-FILTRI-P163322-FILTRO-HYDR-ATTUALE-P164384
P163243,51175,FILTRO IDRAULICO,https://e-commerce.michelecaroli.com/wso/pages/user/wso0205.jsf?idaa=368158&codart=51175&marart=218&seopth=WIX-INDUSTRIAL-HD-51175-FILTRO-IDRAULICO
P163172,P163172,FILTRO IDRAULICO,https://e-commerce.michelecaroli.com/wso/pages/user/wso0205.jsf?idaa=311848&codart=P163172&marart=227&seopth=DONALDSON-FILTRI-P163172-FILTRO-IDRAULICO
P163068,SH56760,FILTRO HYDR. P550388 HIFI GILBARCO 140845093,https://e-commerce.michelecaroli.com/wso/pages/user/wso0205.jsf?idaa=294222&codart=SH56760&marart=230&seopth=HIFI-FILTRI-SH56760-FILTRO-HYDR-P550388-HIFI
P163,51168,FILTRO OLIO,https://e-commerce.michelecaroli.com/wso/pages/user/wso0205.jsf?idaa=368153&codart=51168&marart=218&seopth=WIX-INDUSTRIAL-HD-51168-FILTRO-OLIO
P162A,SN158,FILTRO NAFTA HIFI,https://e-commerce.michelecaroli.com/wso/pages/user/wso0205.jsf?idaa=298904&codart=SN158&marart=230&seopth=HIFI-FILTRI-SN158-FILTRO-NAFTA-HIFI
P162957,51697,FILTRO IDRAULICO,https://e-commerce.michelecaroli.com/wso/pages/user/wso0205.jsf?idaa=368562&codart=51697&marart=218&seopth=WIX-INDUSTRIAL-HD-51697-FILTRO-IDRAULICO
P162957,51697,FILTRO IDRAULICO,https://e-commerce.michelecaroli.com/wso/pages/user/wso0205.jsf?idaa=368562&codart=51697&marart=218&seopth=WIX-INDUSTRIAL-HD-51697-FILTRO-IDRAULICO
P162955,P162955,FILTRO IDRAULICO,https://e-commerce.michelecaroli.com/wso/pages/user/wso0205.jsf?idaa=155580&codart=P162955&marart=227&seopth=DONALDSON-FILTRI-P162955-FILTRO-IDRAULICO
P1628U,42583,FILTRO ARIA,https://e-commerce.michelecaroli.com/wso/pages/user/wso0205.jsf?idaa=366643&codart=42583&marart=218&seopth=WIX-INDUSTRIAL-HD-42583-FILTRO-ARIA
P162855,P162855,,https://e-commerce.michelecaroli.com/wso/pages/user/wso0205.jsf?idaa=313721&codart=P162855&marart=227&seopth=DONALDSON-FILTRI-P162855-FILTRO-IDRAULICO
P162696,P162696,INDICATORE@ DONALDSON PI6-2696,https://e-commerce.michelecaroli.com/wso/pages/user/wso0205.jsf?idaa=155578&codart=P162696&marart=227&seopth=DONALDSON-FILTRI-P162696-INDICATORE-DONALDSON-PI6-2696
P162471,P162471,,https://e-commerce.michelecaroli.com/wso/pages/user/wso0205.jsf?idaa=155577&codart=P162471&marart=227&seopth=DONALDSON-FILTRI-P162471-FILTRO-HYDR-ATTUALE-P164266
P162471,P162471,,https://e-commerce.michelecaroli.com/wso/pages/user/wso0205.jsf?idaa=155577&codart=P162471&marart=227&seopth=DONALDSON-FILTRI-P162471-FILTRO-HYDR-ATTUALE-P164266
P162368,P162368,FILTRO HYDR.DONALDSON P16-2368,https://e-commerce.michelecaroli.com/wso/pages/user/wso0205.jsf?idaa=155576&codart=P162368&marart=227&seopth=DONALDSON-FILTRI-P162368-FILTRO-HYDR-DONALDSON-P16-2368
P162205,P162205,FILTRO HYDR.DONALDSON P16-2205,https://e-commerce.michelecaroli.com/wso/pages/user/wso0205.jsf?idaa=155575&codart=P162205&marart=227&seopth=DONALDSON-FILTRI-P162205-FILTRO-HYDR-DONALDSON-P16-2205
P162205,P162205,FILTRO HYDR.DONALDSON P16-2205,https://e-commerce.michelecaroli.com/wso/pages/user/wso0205.jsf?idaa=155575&codart=P162205&marart=227&seopth=DONALDSON-FILTRI-P162205-FILTRO-HYDR-DONALDSON-P16-2205
P162049,51826,FILTRO OLIO,https://e-commerce.michelecaroli.com/wso/pages/user/wso0205.jsf?idaa=368656&codart=51826&marart=218&seopth=WIX-INDUSTRIAL-HD-51826-FILTRO-OLIO
P161961,51679,FILTRO IDRAULICO,https://e-commerce.michelecaroli.com/wso/pages/user/wso0205.jsf?idaa=368546&codart=51679&marart=218&seopth=WIX-INDUSTRIAL-HD-51679-FILTRO-IDRAULICO
P161927,P161927,,https://e-commerce.michelecaroli.com/wso/pages/user/wso0205.jsf?idaa=155573&codart=P161927&marart=227&seopth=DONALDSON-FILTRI-P161927-FILTRO-HYDR-DONALDSON-PI6-1927
P161919,51559,FILTRO IDRAULICO,https://e-commerce.michelecaroli.com/wso/pages/user/wso0205.jsf?idaa=368439&codart=51559&marart=218&seopth=WIX-INDUSTRIAL-HD-51559-FILTRO-IDRAULICO
P161917,P161917,FILTRO HYDR.DONALDSON P16-1917,https://e-commerce.michelecaroli.com/wso/pages/user/wso0205.jsf?idaa=155572&codart=P161917&marart=227&seopth=DONALDSON-FILTRI-P161917-FILTRO-HYDR-DONALDSON-P16-1917
P161917,P161917,FILTRO HYDR.DONALDSON P16-1917,https://e-commerce.michelecaroli.com/wso/pages/user/wso0205.jsf?idaa=155572&codart=P161917&marart=227&seopth=DONALDSON-FILTRI-P161917-FILTRO-HYDR-DONALDSON-P16-1917
P161672,51826,FILTRO OLIO,https://e-commerce.michelecaroli.com/wso/pages/user/wso0205.jsf?idaa=368656&codart=51826&marart=218&seopth=WIX-INDUSTRIAL-HD-51826-FILTRO-OLIO
P161632,P161632,FILTRO HYDR.DONALDSON P16-1632,https://e-commerce.michelecaroli.com/wso/pages/user/wso0205.jsf?idaa=155570&codart=P161632&marart=227&seopth=DONALDSON-FILTRI-P161632-FILTRO-HYDR-DONALDSON-P16-1632
P161632,P161632,FILTRO HYDR.DONALDSON P16-1632,https://e-commerce.michelecaroli.com/wso/pages/user/wso0205.jsf?idaa=155570&codart=P161632&marart=227&seopth=DONALDSON-FILTRI-P161632-FILTRO-HYDR-DONALDSON-P16-1632
P161571,P161571,FILTRO IDRAULICO,https://e-commerce.michelecaroli.com/wso/pages/user/wso0205.jsf?idaa=155569&codart=P161571&marart=227&seopth=DONALDSON-FILTRI-P161571-FILTRO-IDRAULICO
P161571,P161571,FILTRO IDRAULICO,https://e-commerce.michelecaroli.com/wso/pages/user/wso0205.jsf?idaa=155569&codart=P161571&marart=227&seopth=DONALDSON-FILTRI-P161571-FILTRO-IDRAULICO
P161552,P161552,FILTRO IDRAULICO,https://e-commerce.michelecaroli.com/wso/pages/user/wso0205.jsf?idaa=155568&codart=P161552&marart=227&seopth=DONALDSON-FILTRI-P161552-FILTRO-IDRAULICO
P161552,P161552,FILTRO IDRAULICO,https://e-commerce.michelecaroli.com/wso/pages/user/wso0205.jsf?idaa=155568&codart=P161552&marart=227&seopth=DONALDSON-FILTRI-P161552-FILTRO-IDRAULICO
P161402,P161402,FILTRO HYDR.DONALDSON P16-1402,https://e-commerce.michelecaroli.com/wso/pages/user/wso0205.jsf?idaa=155566&codart=P161402&marart=227&seopth=DONALDSON-FILTRI-P161402-FILTRO-HYDR-DONALDSON-P16-1402
P161402,P161402,FILTRO HYDR.DONALDSON P16-1402,https://e-commerce.michelecaroli.com/wso/pages/user/wso0205.jsf?idaa=155566&codart=P161402&marart=227&seopth=DONALDSON-FILTRI-P161402-FILTRO-HYDR-DONALDSON-P16-1402
P161267,51610,FILTRO IDRAULICO P162766,https://e-commerce.michelecaroli.com/wso/pages/user/wso0205.jsf?idaa=368486&codart=51610&marart=218&seopth=WIX-INDUSTRIAL-HD-51610-FILTRO-IDRAULICO-P162766
P161113,51593,FILTRO IDRAULICO,https://e-commerce.michelecaroli.com/wso/pages/user/wso0205.jsf?idaa=368471&codart=51593&marart=218&seopth=WIX-INDUSTRIAL-HD-51593-FILTRO-IDRAULICO
P161060,51716,FILTRO IDRAULICO,https://e-commerce.michelecaroli.com/wso/pages/user/wso0205.jsf?idaa=368571&codart=51716&marart=218&seopth=WIX-INDUSTRIAL-HD-51716-FILTRO-IDRAULICO
P161015,P161015,FILTRO HYDR.DONALDSON P16-1015,https://e-commerce.michelecaroli.com/wso/pages/user/wso0205.jsf?idaa=154879&codart=P161015&marart=227&seopth=DONALDSON-FILTRI-P161015-FILTRO-HYDR-DONALDSON-P16-1015
P161010,P161010,FILTRO IDRAULICO,https://e-commerce.michelecaroli.com/wso/pages/user/wso0205.jsf?idaa=311846&codart=P161010&marart=227&seopth=DONALDSON-FILTRI-P161010-FILTRO-IDRAULICO
P161,1R0659,,https://e-commerce.michelecaroli.com/wso/pages/user/wso0205.jsf?idaa=146663&codart=1R0659&marart=222&seopth=FILTRI-VARI-1R0659-FILTRO-OLIO-CAT
P160700,P160700,"HYDRAULIC FILTER, CARTRIDGE",https://e-commerce.michelecaroli.com/wso/pages/user/wso0205.jsf?idaa=440908&codart=P160700&marart=227&seopth=DONALDSON-FILTRI-P160700-HYDRAULIC-FILTER-CARTRIDGE
P160698,51573,,https://e-commerce.michelecaroli.com/wso/pages/user/wso0205.jsf?idaa=368453&codart=51573&marart=218&seopth=WIX-INDUSTRIAL-HD-51573-FILTRO-IDRAULICO
P160696,51576,FILTRO IDRAULICO,https://e-commerce.michelecaroli.com/wso/pages/user/wso0205.jsf?idaa=368455&codart=51576&marart=218&seopth=WIX-INDUSTRIAL-HD-51576-FILTRO-IDRAULICO
P160696,51576,FILTRO IDRAULICO,https://e-commerce.michelecaroli.com/wso/pages/user/wso0205.jsf?idaa=368455&codart=51576&marart=218&seopth=WIX-INDUSTRIAL-HD-51576-FILTRO-IDRAULICO
P160666,51510,FILTRO IDRAULICO,https://e-commerce.michelecaroli.com/wso/pages/user/wso0205.jsf?idaa=368394&codart=51510&marart=218&seopth=WIX-INDUSTRIAL-HD-51510-FILTRO-IDRAULICO
P160658,51499,FILTRO IDRAULICO,https://e-commerce.michelecaroli.com/wso/pages/user/wso0205.jsf?idaa=368385&codart=51499&marart=218&seopth=WIX-INDUSTRIAL-HD-51499-FILTRO-IDRAULICO
P160574,51574,FILTRO IDRAULICO,https://e-commerce.michelecaroli.com/wso/pages/user/wso0205.jsf?idaa=368454&codart=51574&marart=218&seopth=WIX-INDUSTRIAL-HD-51574-FILTRO-IDRAULICO
P160508,51530,FILTRO IDRAULICO,https://e-commerce.michelecaroli.com/wso/pages/user/wso0205.jsf?idaa=368413&codart=51530&marart=218&seopth=WIX-INDUSTRIAL-HD-51530-FILTRO-IDRAULICO
P160480,57802,FILTRO OLIO,https://e-commerce.michelecaroli.com/wso/pages/user/wso0205.jsf?idaa=368940&codart=57802&marart=218&seopth=WIX-INDUSTRIAL-HD-57802-FILTRO-OLIO
P160353,P160353,INDICATORE,https://e-commerce.michelecaroli.com/wso/pages/user/wso0205.jsf?idaa=313719&codart=P160353&marart=227&seopth=DONALDSON-FILTRI-P160353-INDICATORE
P160216,P160216,FILTRO HYDR.ATTUALE P164699,https://e-commerce.michelecaroli.com/wso/pages/user/wso0205.jsf?idaa=154874&codart=P160216&marart=227&seopth=DONALDSON-FILTRI-P160216-FILTRO-HYDR-ATTUALE-P164699
P160216,P160216,FILTRO HYDR.ATTUALE P164699,https://e-commerce.michelecaroli.com/wso/pages/user/wso0205.jsf?idaa=154874&codart=P160216&marart=227&seopth=DONALDSON-FILTRI-P160216-FILTRO-HYDR-ATTUALE-P164699
P160208,51499,FILTRO IDRAULICO,https://e-commerce.michelecaroli.com/wso/pages/user/wso0205.jsf?idaa=368385&codart=51499&marart=218&seopth=WIX-INDUSTRIAL-HD-51499-FILTRO-IDRAULICO
P160108,51559,FILTRO IDRAULICO,https://e-commerce.michelecaroli.com/wso/pages/user/wso0205.jsf?idaa=368439&codart=51559&marart=218&seopth=WIX-INDUSTRIAL-HD-51559-FILTRO-IDRAULICO
P160058,51537,FILTRO IDRAULICO,https://e-commerce.michelecaroli.com/wso/pages/user/wso0205.jsf?idaa=368420&codart=51537&marart=218&seopth=WIX-INDUSTRIAL-HD-51537-FILTRO-IDRAULICO
P160058,51537,FILTRO IDRAULICO,https://e-commerce.michelecaroli.com/wso/pages/user/wso0205.jsf?idaa=368420&codart=51537&marart=218&seopth=WIX-INDUSTRIAL-HD-51537-FILTRO-IDRAULICO
P160023,P161010,FILTRO IDRAULICO,https://e-commerce.michelecaroli.com/wso/pages/user/wso0205.jsf?idaa=311846&codart=P161010&marart=227&seopth=DONALDSON-FILTRI-P161010-FILTRO-IDRAULICO
P16,42582,FILTRO ARIA,https://e-commerce.michelecaroli.com/wso/pages/user/wso0205.jsf?idaa=366642&codart=42582&marart=218&seopth=WIX-INDUSTRIAL-HD-42582-FILTRO-ARIA
P16,42582,FILTRO ARIA,https://e-commerce.michelecaroli.com/wso/pages/user/wso0205.jsf?idaa=366642&codart=42582&marart=218&seopth=WIX-INDUSTRIAL-HD-42582-FILTRO-ARIA
P15P,SO580,FILTRO OLIO P550008# HIFI,https://e-commerce.michelecaroli.com/wso/pages/user/wso0205.jsf?idaa=300199&codart=SO580&marart=230&seopth=HIFI-FILTRI-SO580-FILTRO-OLIO-P550008-HIFI
P159820,P159820,RIDUTTORE A GOMITO P15-9820,https://e-commerce.michelecaroli.com/wso/pages/user/wso0205.jsf?idaa=154872&codart=P159820&marart=227&seopth=DONALDSON-FILTRI-P159820-RIDUTTORE-A-GOMITO-P15-9820
P159811,SA10857,FILTRO ARIA HIFI,https://e-commerce.michelecaroli.com/wso/pages/user/wso0205.jsf?idaa=336081&codart=SA10857&marart=230&seopth=HIFI-FILTRI-SA10857-FILTRO-ARIA-HIFI
P159039,P159039,,https://e-commerce.michelecaroli.com/wso/pages/user/wso0205.jsf?idaa=154868&codart=P159039&marart=227&seopth=DONALDSON-FILTRI-P159039-FILTRO-ARIA-DONALDSON-P15-9039
P159039,P159039,,https://e-commerce.michelecaroli.com/wso/pages/user/wso0205.jsf?idaa=154868&codart=P159039&marart=227&seopth=DONALDSON-FILTRI-P159039-FILTRO-ARIA-DONALDSON-P15-9039
P159,P558717,FILTRO OLIO,https://e-commerce.michelecaroli.com/wso/pages/user/wso0205.jsf?idaa=157195&codart=P558717&marart=227&seopth=DONALDSON-FILTRI-P558717-FILTRO-OLIO
P159,P558717,FILTRO OLIO,https://e-commerce.michelecaroli.com/wso/pages/user/wso0205.jsf?idaa=157195&codart=P558717&marart=227&seopth=DONALDSON-FILTRI-P558717-FILTRO-OLIO
P158914,P158914,VALVOLA D'EVACUAZIONE DIAM.51,https://e-commerce.michelecaroli.com/wso/pages/user/wso0205.jsf?idaa=154865&codart=P158914&marart=227&seopth=DONALDSON-FILTRI-P158914-VALVOLA-D-EVACUAZIONE-DIAM-51
P158914,P158914,VALVOLA D'EVACUAZIONE DIAM.51,https://e-commerce.michelecaroli.com/wso/pages/user/wso0205.jsf?idaa=154865&codart=P158914&marart=227&seopth=DONALDSON-FILTRI-P158914-VALVOLA-D-EVACUAZIONE-DIAM-51
P158893,P158893,PANNELLO DONALDSON P15-8893,https://e-commerce.michelecaroli.com/wso/pages/user/wso0205.jsf?idaa=154864&codart=P158893&marart=227&seopth=DONALDSON-FILTRI-P158893-PANNELLO-DONALDSON-P15-8893
P158852,P158852,"AIR FILTER, PRIMARY ROUND",https://e-commerce.michelecaroli.com/wso/pages/user/wso0205.jsf?idaa=440905&codart=P158852&marart=227&seopth=DONALDSON-FILTRI-P158852-AIR-FILTER-PRIMARY-ROUND
P158677,P181120,FILTRO ARIA DONALDSON P18-1120 ABBINATO CON P158677 P158675,https://e-commerce.michelecaroli.com/wso/pages/user/wso0205.jsf?idaa=155868&codart=P181120&marart=227&seopth=DONALDSON-FILTRI-P181120-FILTRO-ARIA-DONALDSON-P18-1120
P158677,P181120,FILTRO ARIA DONALDSON P18-1120 ABBINATO CON P158677 P158675,https://e-commerce.michelecaroli.com/wso/pages/user/wso0205.jsf?idaa=155868&codart=P181120&marart=227&seopth=DONALDSON-FILTRI-P181120-FILTRO-ARIA-DONALDSON-P18-1120
P15838,42250,FILTRO ARIA,https://e-commerce.michelecaroli.com/wso/pages/user/wso0205.jsf?idaa=366408&codart=42250&marart=218&seopth=WIX-INDUSTRIAL-HD-42250-FILTRO-ARIA
P158333,P158333,"FILTRO ABITACOLO 152,4X965,2X55,6 DONALDSON",https://e-commerce.michelecaroli.com/wso/pages/user/wso0205.jsf?idaa=154847&codart=P158333&marart=227&seopth=DONALDSON-FILTRI-P158333-FILTRO-ABITACOLO-152-4X965-2X55-6
P158333,P158333,"FILTRO ABITACOLO 152,4X965,2X55,6 DONALDSON",https://e-commerce.michelecaroli.com/wso/pages/user/wso0205.jsf?idaa=154847&codart=P158333&marart=227&seopth=DONALDSON-FILTRI-P158333-FILTRO-ABITACOLO-152-4X965-2X55-6
P158182,46554E,,https://e-commerce.michelecaroli.com/wso/pages/user/wso0205.jsf?idaa=369064&codart=46554E&marart=218&seopth=WIX-INDUSTRIAL-HD-46554E-FILTRO-ARIA-P771561
P158,P558717,FILTRO OLIO,https://e-commerce.michelecaroli.com/wso/pages/user/wso0205.jsf?idaa=157195&codart=P558717&marart=227&seopth=DONALDSON-FILTRI-P558717-FILTRO-OLIO
P157,P502020,"LUBE FILTER, SPIN-ON FULL FLOW",https://e-commerce.michelecaroli.com/wso/pages/user/wso0205.jsf?idaa=441443&codart=P502020&marart=227&seopth=DONALDSON-FILTRI-P502020-LUBE-FILTER-SPIN-ON-FULL-FLOW
P155842,P155842,FILTRO ARIA DONALDSON P15-5842,https://e-commerce.michelecaroli.com/wso/pages/user/wso0205.jsf?idaa=154844&codart=P155842&marart=227&seopth=DONALDSON-FILTRI-P155842-FILTRO-ARIA-DONALDSON-P15-5842
P155434,42920,FILTRO ARIA P119375,https://e-commerce.michelecaroli.com/wso/pages/user/wso0205.jsf?idaa=366896&codart=42920&marart=218&seopth=WIX-INDUSTRIAL-HD-42920-FILTRO-ARIA-P119375
P154711,MD-120K,FILTRO ARIA ALCO P181054,https://e-commerce.michelecaroli.com/wso/pages/user/wso0205.jsf?idaa=463489&codart=MD-120K&marart=ALCO&seopth=ALCO-MD-120K-FILTRO-ARIA-ALCO-P181054
P154631,SA17246,FILTRO ARIA HIFI SICUREZZA,https://e-commerce.michelecaroli.com/wso/pages/user/wso0205.jsf?idaa=289593&codart=SA17246&marart=230&seopth=HIFI-FILTRI-SA17246-FILTRO-ARIA-HIFI-SICUREZZA
P154575,P154575,FILTRO ARIA DONALDSON CONICO,https://e-commerce.michelecaroli.com/wso/pages/user/wso0205.jsf?idaa=154842&codart=P154575&marart=227&seopth=DONALDSON-FILTRI-P154575-FILTRO-ARIA-DONALDSON-CONICO
P154003,SA17246,FILTRO ARIA HIFI SICUREZZA,https://e-commerce.michelecaroli.com/wso/pages/user/wso0205.jsf?idaa=289593&codart=SA17246&marart=230&seopth=HIFI-FILTRI-SA17246-FILTRO-ARIA-HIFI-SICUREZZA
P1539,42890,FILTRO ARIA,https://e-commerce.michelecaroli.com/wso/pages/user/wso0205.jsf?idaa=366876&codart=42890&marart=218&seopth=WIX-INDUSTRIAL-HD-42890-FILTRO-ARIA
P1535X,33144,FILTRO NAFTA,https://e-commerce.michelecaroli.com/wso/pages/user/wso0205.jsf?idaa=365852&codart=33144&marart=218&seopth=WIX-INDUSTRIAL-HD-33144-FILTRO-NAFTA
P153551,P153551,FILTRO ARIA DONALDSON P15-3551,https://e-commerce.michelecaroli.com/wso/pages/user/wso0205.jsf?idaa=154841&codart=P153551&marart=227&seopth=DONALDSON-FILTRI-P153551-FILTRO-ARIA-DONALDSON-P15-3551
P153551,P153551,FILTRO ARIA DONALDSON P15-3551,https://e-commerce.michelecaroli.com/wso/pages/user/wso0205.jsf?idaa=154841&codart=P153551&marart=227&seopth=DONALDSON-FILTRI-P153551-FILTRO-ARIA-DONALDSON-P15-3551
P15353N,33144,FILTRO NAFTA,https://e-commerce.michelecaroli.com/wso/pages/user/wso0205.jsf?idaa=365852&codart=33144&marart=218&seopth=WIX-INDUSTRIAL-HD-33144-FILTRO-NAFTA
P15353,33144,FILTRO NAFTA,https://e-commerce.michelecaroli.com/wso/pages/user/wso0205.jsf?idaa=365852&codart=33144&marart=218&seopth=WIX-INDUSTRIAL-HD-33144-FILTRO-NAFTA
P1535,33144,FILTRO NAFTA,https://e-commerce.michelecaroli.com/wso/pages/user/wso0205.jsf?idaa=365852&codart=33144&marart=218&seopth=WIX-INDUSTRIAL-HD-33144-FILTRO-NAFTA
P153361,42920,FILTRO ARIA P119375,https://e-commerce.michelecaroli.com/wso/pages/user/wso0205.jsf?idaa=366896&codart=42920&marart=218&seopth=WIX-INDUSTRIAL-HD-42920-FILTRO-ARIA-P119375
P153357,MD-120K,FILTRO ARIA ALCO P181054,https://e-commerce.michelecaroli.com/wso/pages/user/wso0205.jsf?idaa=463489&codart=MD-120K&marart=ALCO&seopth=ALCO-MD-120K-FILTRO-ARIA-ALCO-P181054
P153355,SA10384K,FILTRO ARIA ESTERNO P772545 HIFI ACCOPPIATO CON SA10754,https://e-commerce.michelecaroli.com/wso/pages/user/wso0205.jsf?idaa=336010&codart=SA10384K&marart=230&seopth=HIFI-FILTRI-SA10384K-FILTRO-ARIA-ESTERNO-P772545-HIFI
P153354,P182046,FILTRO ARIA DONALDSON P18-2046 ABBINATO C/FILTRO INTERNO P119373,https://e-commerce.michelecaroli.com/wso/pages/user/wso0205.jsf?idaa=155912&codart=P182046&marart=227&seopth=DONALDSON-FILTRI-P182046-FILTRO-ARIA-DONALDSON-P18-2046
P153353,SA10440,FILTRO ARIA SICUREZZ P119374 HIFI ACCOPPIATO CON SA10368,https://e-commerce.michelecaroli.com/wso/pages/user/wso0205.jsf?idaa=336026&codart=SA10440&marart=230&seopth=HIFI-FILTRI-SA10440-FILTRO-ARIA-SICUREZZ-P119374-HIFI
P153352,42119,FILTRO ARIA P181034/P182034,https://e-commerce.michelecaroli.com/wso/pages/user/wso0205.jsf?idaa=366333&codart=42119&marart=218&seopth=WIX-INDUSTRIAL-HD-42119-FILTRO-ARIA-P181034-P182034
P153350,MD-192K,FILTRO ARIA ALCO,https://e-commerce.michelecaroli.com/wso/pages/user/wso0205.jsf?idaa=463524&codart=MD-192K&marart=ALCO&seopth=ALCO-MD-192K-FILTRO-ARIA-ALCO
P153321,MD-192K,FILTRO ARIA ALCO,https://e-commerce.michelecaroli.com/wso/pages/user/wso0205.jsf?idaa=463524&codart=MD-192K&marart=ALCO&seopth=ALCO-MD-192K-FILTRO-ARIA-ALCO
P152830,MD-120K,FILTRO ARIA ALCO P181054,https://e-commerce.michelecaroli.com/wso/pages/user/wso0205.jsf?idaa=463489&codart=MD-120K&marart=ALCO&seopth=ALCO-MD-120K-FILTRO-ARIA-ALCO-P181054
P152718,42920,FILTRO ARIA P119375,https://e-commerce.michelecaroli.com/wso/pages/user/wso0205.jsf?idaa=366896&codart=42920&marart=218&seopth=WIX-INDUSTRIAL-HD-42920-FILTRO-ARIA-P119375
P152716,SA10440,FILTRO ARIA SICUREZZ P119374 HIFI ACCOPPIATO CON SA10368,https://e-commerce.michelecaroli.com/wso/pages/user/wso0205.jsf?idaa=336026&codart=SA10440&marart=230&seopth=HIFI-FILTRI-SA10440-FILTRO-ARIA-SICUREZZ-P119374-HIFI
P152714,SA14100,FILTRO ARIA P119778 HIFI,https://e-commerce.michelecaroli.com/wso/pages/user/wso0205.jsf?idaa=288876&codart=SA14100&marart=230&seopth=HIFI-FILTRI-SA14100-FILTRO-ARIA-P119778-HIFI
P152659,42119,FILTRO ARIA P181034/P182034,https://e-commerce.michelecaroli.com/wso/pages/user/wso0205.jsf?idaa=366333&codart=42119&marart=218&seopth=WIX-INDUSTRIAL-HD-42119-FILTRO-ARIA-P181034-P182034
P152656,93021E,,https://e-commerce.michelecaroli.com/wso/pages/user/wso0205.jsf?idaa=369299&codart=93021E&marart=218&seopth=WIX-INDUSTRIAL-HD-93021E-FILTRO-ARIA
P152655,SA10384K,FILTRO ARIA ESTERNO P772545 HIFI ACCOPPIATO CON SA10754,https://e-commerce.michelecaroli.com/wso/pages/user/wso0205.jsf?idaa=336010&codart=SA10384K&marart=230&seopth=HIFI-FILTRI-SA10384K-FILTRO-ARIA-ESTERNO-P772545-HIFI
P152652,P182063,FILTRO ARIA DONALDSON P18-2063 ABBINATO CON P119778,https://e-commerce.michelecaroli.com/wso/pages/user/wso0205.jsf?idaa=155918&codart=P182063&marart=227&seopth=DONALDSON-FILTRI-P182063-FILTRO-ARIA-DONALDSON-P18-2063
P152651,SA10785K,,https://e-commerce.michelecaroli.com/wso/pages/user/wso0205.jsf?idaa=355491&codart=SA10785K&marart=230&seopth=HIFI-FILTRI-SA10785K-FILTRO-ARIA-P113703-HIFI
P152644,SA14009K,FILTRO ARIA HIFI,https://e-commerce.michelecaroli.com/wso/pages/user/wso0205.jsf?idaa=288854&codart=SA14009K&marart=230&seopth=HIFI-FILTRI-SA14009K-FILTRO-ARIA-HIFI
P152632,MD-120K,FILTRO ARIA ALCO P181054,https://e-commerce.michelecaroli.com/wso/pages/user/wso0205.jsf?idaa=463489&codart=MD-120K&marart=ALCO&seopth=ALCO-MD-120K-FILTRO-ARIA-ALCO-P181054
P152630,MD-120K,FILTRO ARIA ALCO P181054,https://e-commerce.michelecaroli.com/wso/pages/user/wso0205.jsf?idaa=463489&codart=MD-120K&marart=ALCO&seopth=ALCO-MD-120K-FILTRO-ARIA-ALCO-P181054
P152583,P182046,FILTRO ARIA DONALDSON P18-2046 ABBINATO C/FILTRO INTERNO P119373,https://e-commerce.michelecaroli.com/wso/pages/user/wso0205.jsf?idaa=155912&codart=P182046&marart=227&seopth=DONALDSON-FILTRI-P182046-FILTRO-ARIA-DONALDSON-P18-2046
P152580,P182046,FILTRO ARIA DONALDSON P18-2046 ABBINATO C/FILTRO INTERNO P119373,https://e-commerce.michelecaroli.com/wso/pages/user/wso0205.jsf?idaa=155912&codart=P182046&marart=227&seopth=DONALDSON-FILTRI-P182046-FILTRO-ARIA-DONALDSON-P18-2046
P152576,P182046,FILTRO ARIA DONALDSON P18-2046 ABBINATO C/FILTRO INTERNO P119373,https://e-commerce.michelecaroli.com/wso/pages/user/wso0205.jsf?idaa=155912&codart=P182046&marart=227&seopth=DONALDSON-FILTRI-P182046-FILTRO-ARIA-DONALDSON-P18-2046
P152553,46380,FILTRO ARIA,https://e-commerce.michelecaroli.com/wso/pages/user/wso0205.jsf?idaa=367167&codart=46380&marart=218&seopth=WIX-INDUSTRIAL-HD-46380-FILTRO-ARIA
P152038,46554E,,https://e-commerce.michelecaroli.com/wso/pages/user/wso0205.jsf?idaa=369064&codart=46554E&marart=218&seopth=WIX-INDUSTRIAL-HD-46554E-FILTRO-ARIA-P771561
P151922,MD-120K,FILTRO ARIA ALCO P181054,https://e-commerce.michelecaroli.com/wso/pages/user/wso0205.jsf?idaa=463489&codart=MD-120K&marart=ALCO&seopth=ALCO-MD-120K-FILTRO-ARIA-ALCO-P181054
P151921,P182046,FILTRO ARIA DONALDSON P18-2046 ABBINATO C/FILTRO INTERNO P119373,https://e-commerce.michelecaroli.com/wso/pages/user/wso0205.jsf?idaa=155912&codart=P182046&marart=227&seopth=DONALDSON-FILTRI-P182046-FILTRO-ARIA-DONALDSON-P18-2046
P151909,P182049,FILTRO ARIA ESTERNO ABBINATO C/FILTRO INTERNO P116446,https://e-commerce.michelecaroli.com/wso/pages/user/wso0205.jsf?idaa=155913&codart=P182049&marart=227&seopth=DONALDSON-FILTRI-P182049-FILTRO-ARIA-ESTERNO
P151908,SA10840,FILTRO ARIA SICUREZZA P116446 HIFI,https://e-commerce.michelecaroli.com/wso/pages/user/wso0205.jsf?idaa=336073&codart=SA10840&marart=230&seopth=HIFI-FILTRI-SA10840-FILTRO-ARIA-SICUREZZA-P116446-HIFI
P151906,P182063,FILTRO ARIA DONALDSON P18-2063 ABBINATO CON P119778,https://e-commerce.michelecaroli.com/wso/pages/user/wso0205.jsf?idaa=155918&codart=P182063&marart=227&seopth=DONALDSON-FILTRI-P182063-FILTRO-ARIA-DONALDSON-P18-2063
P151905,SA14100,FILTRO ARIA P119778 HIFI,https://e-commerce.michelecaroli.com/wso/pages/user/wso0205.jsf?idaa=288876&codart=SA14100&marart=230&seopth=HIFI-FILTRI-SA14100-FILTRO-ARIA-P119778-HIFI
P151776,93021E,,https://e-commerce.michelecaroli.com/wso/pages/user/wso0205.jsf?idaa=369299&codart=93021E&marart=218&seopth=WIX-INDUSTRIAL-HD-93021E-FILTRO-ARIA
P151774,SA14009K,FILTRO ARIA HIFI,https://e-commerce.michelecaroli.com/wso/pages/user/wso0205.jsf?idaa=288854&codart=SA14009K&marart=230&seopth=HIFI-FILTRI-SA14009K-FILTRO-ARIA-HIFI
P151771,P182046,FILTRO ARIA DONALDSON P18-2046 ABBINATO C/FILTRO INTERNO P119373,https://e-commerce.michelecaroli.com/wso/pages/user/wso0205.jsf?idaa=155912&codart=P182046&marart=227&seopth=DONALDSON-FILTRI-P182046-FILTRO-ARIA-DONALDSON-P18-2046
P151769,P182049,FILTRO ARIA ESTERNO ABBINATO C/FILTRO INTERNO P116446,https://e-commerce.michelecaroli.com/wso/pages/user/wso0205.jsf?idaa=155913&codart=P182049&marart=227&seopth=DONALDSON-FILTRI-P182049-FILTRO-ARIA-ESTERNO
P151757,MD-7102,FILTRO ARIA,https://e-commerce.michelecaroli.com/wso/pages/user/wso0205.jsf?idaa=464129&codart=MD-7102&marart=ALCO&seopth=ALCO-MD-7102-FILTRO-ARIA
P151747,MD-7102,FILTRO ARIA,https://e-commerce.michelecaroli.com/wso/pages/user/wso0205.jsf?idaa=464129&codart=MD-7102&marart=ALCO&seopth=ALCO-MD-7102-FILTRO-ARIA
P15159,33144,FILTRO NAFTA,https://e-commerce.michelecaroli.com/wso/pages/user/wso0205.jsf?idaa=365852&codart=33144&marart=218&seopth=WIX-INDUSTRIAL-HD-33144-FILTRO-NAFTA
P151458,SA10840,FILTRO ARIA SICUREZZA P116446 HIFI,https://e-commerce.michelecaroli.com/wso/pages/user/wso0205.jsf?idaa=336073&codart=SA10840&marart=230&seopth=HIFI-FILTRI-SA10840-FILTRO-ARIA-SICUREZZA-P116446-HIFI
P151385,SA10840,FILTRO ARIA SICUREZZA P116446 HIFI,https://e-commerce.michelecaroli.com/wso/pages/user/wso0205.jsf?idaa=336073&codart=SA10840&marart=230&seopth=HIFI-FILTRI-SA10840-FILTRO-ARIA-SICUREZZA-P116446-HIFI
P151384,SA10385K,FILTRO ARIA P181050# HIFI ABBINATO CON SA14762,https://e-commerce.michelecaroli.com/wso/pages/user/wso0205.jsf?idaa=336011&codart=SA10385K&marart=230&seopth=HIFI-FILTRI-SA10385K-FILTRO-ARIA-P181050-HIFI
P151158,P182046,FILTRO ARIA DONALDSON P18-2046 ABBINATO C/FILTRO INTERNO P119373,https://e-commerce.michelecaroli.com/wso/pages/user/wso0205.jsf?idaa=155912&codart=P182046&marart=227&seopth=DONALDSON-FILTRI-P182046-FILTRO-ARIA-DONALDSON-P18-2046
P151157,P182046,FILTRO ARIA DONALDSON P18-2046 ABBINATO C/FILTRO INTERNO P119373,https://e-commerce.michelecaroli.com/wso/pages/user/wso0205.jsf?idaa=155912&codart=P182046&marart=227&seopth=DONALDSON-FILTRI-P182046-FILTRO-ARIA-DONALDSON-P18-2046
P151146,P182063,FILTRO ARIA DONALDSON P18-2063 ABBINATO CON P119778,https://e-commerce.michelecaroli.com/wso/pages/user/wso0205.jsf?idaa=155918&codart=P182063&marart=227&seopth=DONALDSON-FILTRI-P182063-FILTRO-ARIA-DONALDSON-P18-2063
P151145,SA14009K,FILTRO ARIA HIFI,https://e-commerce.michelecaroli.com/wso/pages/user/wso0205.jsf?idaa=288854&codart=SA14009K&marart=230&seopth=HIFI-FILTRI-SA14009K-FILTRO-ARIA-HIFI
P151028,P151028,FILTRO ARIA OBSOLETO,https://e-commerce.michelecaroli.com/wso/pages/user/wso0205.jsf?idaa=154838&codart=P151028&marart=227&seopth=DONALDSON-FILTRI-P151028-FILTRO-ARIA
P151,51133,FILTRO OLIO# P550132,https://e-commerce.michelecaroli.com/wso/pages/user/wso0205.jsf?idaa=368125&codart=51133&marart=218&seopth=WIX-INDUSTRIAL-HD-51133-FILTRO-OLIO-P550132
P150926,SA10823,FILTRO ARIA HIFI,https://e-commerce.michelecaroli.com/wso/pages/user/wso0205.jsf?idaa=336064&codart=SA10823&marart=230&seopth=HIFI-FILTRI-SA10823-FILTRO-ARIA-HIFI
P150705,MD-192K,FILTRO ARIA ALCO,https://e-commerce.michelecaroli.com/wso/pages/user/wso0205.jsf?idaa=463524&codart=MD-192K&marart=ALCO&seopth=ALCO-MD-192K-FILTRO-ARIA-ALCO
P150703,46533,FILTRO ARIA,https://e-commerce.michelecaroli.com/wso/pages/user/wso0205.jsf?idaa=367296&codart=46533&marart=218&seopth=WIX-INDUSTRIAL-HD-46533-FILTRO-ARIA
P150693,P150693,FILTRO ARIA DONALDSON CONICO,https://e-commerce.michelecaroli.com/wso/pages/user/wso0205.jsf?idaa=154835&codart=P150693&marart=227&seopth=DONALDSON-FILTRI-P150693-FILTRO-ARIA-DONALDSON-CONICO
P150692,P150692,FILTRO ARIA DONALDSON CONICO,https://e-commerce.michelecaroli.com/wso/pages/user/wso0205.jsf?idaa=154834&codart=P150692&marart=227&seopth=DONALDSON-FILTRI-P150692-FILTRO-ARIA-DONALDSON-CONICO
P150615,P182063,FILTRO ARIA DONALDSON P18-2063 ABBINATO CON P119778,https://e-commerce.michelecaroli.com/wso/pages/user/wso0205.jsf?idaa=155918&codart=P182063&marart=227&seopth=DONALDSON-FILTRI-P182063-FILTRO-ARIA-DONALDSON-P18-2063
P150612,P182063,FILTRO ARIA DONALDSON P18-2063 ABBINATO CON P119778,https://e-commerce.michelecaroli.com/wso/pages/user/wso0205.jsf?idaa=155918&codart=P182063&marart=227&seopth=DONALDSON-FILTRI-P182063-FILTRO-ARIA-DONALDSON-P18-2063
P150610,SA14009K,FILTRO ARIA HIFI,https://e-commerce.michelecaroli.com/wso/pages/user/wso0205.jsf?idaa=288854&codart=SA14009K&marart=230&seopth=HIFI-FILTRI-SA14009K-FILTRO-ARIA-HIFI
P150580,SH56232,FILTRO HYDR. P173055 HIFI,https://e-commerce.michelecaroli.com/wso/pages/user/wso0205.jsf?idaa=294079&codart=SH56232&marart=230&seopth=HIFI-FILTRI-SH56232-FILTRO-HYDR-P173055-HIFI
P150564,24.323.00,FILTRO NAFTA UFI 24.323.00,https://e-commerce.michelecaroli.com/wso/pages/user/wso0205.jsf?idaa=148905&codart=24.323.00&marart=UFIHD&seopth=UFI-HD-24-323-00-FILTRO-NAFTA-UFI-24-323-00
P150564,24.323.00,FILTRO NAFTA UFI 24.323.00,https://e-commerce.michelecaroli.com/wso/pages/user/wso0205.jsf?idaa=148905&codart=24.323.00&marart=UFIHD&seopth=UFI-HD-24-323-00-FILTRO-NAFTA-UFI-24-323-00
P150348,P150348,"FILTRO ABITACOLO 303X595X65,3 DONA LDSON",https://e-commerce.michelecaroli.com/wso/pages/user/wso0205.jsf?idaa=154833&codart=P150348&marart=227&seopth=DONALDSON-FILTRI-P150348-FILTRO-ABITACOLO-303X595X65-3-DONA
P1503,33512,FILTRO NAFTA,https://e-commerce.michelecaroli.com/wso/pages/user/wso0205.jsf?idaa=365932&codart=33512&marart=218&seopth=WIX-INDUSTRIAL-HD-33512-FILTRO-NAFTA
P150061,P182046,FILTRO ARIA DONALDSON P18-2046 ABBINATO C/FILTRO INTERNO P119373,https://e-commerce.michelecaroli.com/wso/pages/user/wso0205.jsf?idaa=155912&codart=P182046&marart=227&seopth=DONALDSON-FILTRI-P182046-FILTRO-ARIA-DONALDSON-P18-2046
P149099,P149099,VALVOLA D'EVACUAZIONE DIAM.25,https://e-commerce.michelecaroli.com/wso/pages/user/wso0205.jsf?idaa=440902&codart=P149099&marart=227&seopth=DONALDSON-FILTRI-P149099-VALVOLA-D-EVACUAZIONE-DIAM-25
P149,51021E,FILTRO OLIO#,https://e-commerce.michelecaroli.com/wso/pages/user/wso0205.jsf?idaa=369090&codart=51021E&marart=218&seopth=WIX-INDUSTRIAL-HD-51021E-FILTRO-OLIO-
P149,51021E,FILTRO OLIO#,https://e-commerce.michelecaroli.com/wso/pages/user/wso0205.jsf?idaa=369090&codart=51021E&marart=218&seopth=WIX-INDUSTRIAL-HD-51021E-FILTRO-OLIO-
P148968,MD-120K,FILTRO ARIA ALCO P181054,https://e-commerce.michelecaroli.com/wso/pages/user/wso0205.jsf?idaa=463489&codart=MD-120K&marart=ALCO&seopth=ALCO-MD-120K-FILTRO-ARIA-ALCO-P181054
P148966,P148966,"AIR FILTER, PRIMARY FINNED",https://e-commerce.michelecaroli.com/wso/pages/user/wso0205.jsf?idaa=440956&codart=P148966&marart=227&seopth=DONALDSON-FILTRI-P148966-AIR-FILTER-PRIMARY-FINNED
P148966,P148966,"AIR FILTER, PRIMARY FINNED",https://e-commerce.michelecaroli.com/wso/pages/user/wso0205.jsf?idaa=440956&codart=P148966&marart=227&seopth=DONALDSON-FILTRI-P148966-AIR-FILTER-PRIMARY-FINNED
P148823,46467,FILTRO ARIA P775457,https://e-commerce.michelecaroli.com/wso/pages/user/wso0205.jsf?idaa=367237&codart=46467&marart=218&seopth=WIX-INDUSTRIAL-HD-46467-FILTRO-ARIA-P775457
P148821,42119,FILTRO ARIA P181034/P182034,https://e-commerce.michelecaroli.com/wso/pages/user/wso0205.jsf?idaa=366333&codart=42119&marart=218&seopth=WIX-INDUSTRIAL-HD-42119-FILTRO-ARIA-P181034-P182034
P148645,P148645,PANNELLO,https://e-commerce.michelecaroli.com/wso/pages/user/wso0205.jsf?idaa=154829&codart=P148645&marart=227&seopth=DONALDSON-FILTRI-P148645-PANNELLO
P148384,SA14100,FILTRO ARIA P119778 HIFI,https://e-commerce.michelecaroli.com/wso/pages/user/wso0205.jsf?idaa=288876&codart=SA14100&marart=230&seopth=HIFI-FILTRI-SA14100-FILTRO-ARIA-P119778-HIFI
P148381,SA10384K,FILTRO ARIA ESTERNO P772545 HIFI ACCOPPIATO CON SA10754,https://e-commerce.michelecaroli.com/wso/pages/user/wso0205.jsf?idaa=336010&codart=SA10384K&marart=230&seopth=HIFI-FILTRI-SA10384K-FILTRO-ARIA-ESTERNO-P772545-HIFI
P148380,42119,FILTRO ARIA P181034/P182034,https://e-commerce.michelecaroli.com/wso/pages/user/wso0205.jsf?idaa=366333&codart=42119&marart=218&seopth=WIX-INDUSTRIAL-HD-42119-FILTRO-ARIA-P181034-P182034
P148348,P148348,"CLAMP, T-BOLT",https://e-commerce.michelecaroli.com/wso/pages/user/wso0205.jsf?idaa=440953&codart=P148348&marart=227&seopth=DONALDSON-FILTRI-P148348-CLAMP-T-BOLT
P148347,P148347,"CLAMP, T-BOLT",https://e-commerce.michelecaroli.com/wso/pages/user/wso0205.jsf?idaa=440952&codart=P148347&marart=227&seopth=DONALDSON-FILTRI-P148347-CLAMP-T-BOLT
P148343016700,P148343,"CLAMP, T-BOLT",https://e-commerce.michelecaroli.com/wso/pages/user/wso0205.jsf?idaa=440948&codart=P148343&marart=227&seopth=DONALDSON-FILTRI-P148343-CLAMP-T-BOLT
P148343,P148343,"CLAMP, T-BOLT",https://e-commerce.michelecaroli.com/wso/pages/user/wso0205.jsf?idaa=440948&codart=P148343&marart=227&seopth=DONALDSON-FILTRI-P148343-CLAMP-T-BOLT
P148342,P148342,FASCETTA,https://e-commerce.michelecaroli.com/wso/pages/user/wso0205.jsf?idaa=402995&codart=P148342&marart=227&seopth=DONALDSON-FILTRI-P148342-FASCETTA
P148341016700,P148341,"CLAMP, T-BOLT",https://e-commerce.michelecaroli.com/wso/pages/user/wso0205.jsf?idaa=440947&codart=P148341&marart=227&seopth=DONALDSON-FILTRI-P148341-CLAMP-T-BOLT
P148341,P148341,"CLAMP, T-BOLT",https://e-commerce.michelecaroli.com/wso/pages/user/wso0205.jsf?idaa=440947&codart=P148341&marart=227&seopth=DONALDSON-FILTRI-P148341-CLAMP-T-BOLT
P148266,MD-192K,FILTRO ARIA ALCO,https://e-commerce.michelecaroli.com/wso/pages/user/wso0205.jsf?idaa=463524&codart=MD-192K&marart=ALCO&seopth=ALCO-MD-192K-FILTRO-ARIA-ALCO
P148,SO7106,FILTRO OLIO P550170 HIFI,https://e-commerce.michelecaroli.com/wso/pages/user/wso0205.jsf?idaa=301239&codart=SO7106&marart=230&seopth=HIFI-FILTRI-SO7106-FILTRO-OLIO-P550170-HIFI
P148,SO7106,FILTRO OLIO P550170 HIFI,https://e-commerce.michelecaroli.com/wso/pages/user/wso0205.jsf?idaa=301239&codart=SO7106&marart=230&seopth=HIFI-FILTRI-SO7106-FILTRO-OLIO-P550170-HIFI
P147,51138,FILTRO OLIO,https://e-commerce.michelecaroli.com/wso/pages/user/wso0205.jsf?idaa=368129&codart=51138&marart=218&seopth=WIX-INDUSTRIAL-HD-51138-FILTRO-OLIO
P147,51138,FILTRO OLIO,https://e-commerce.michelecaroli.com/wso/pages/user/wso0205.jsf?idaa=368129&codart=51138&marart=218&seopth=WIX-INDUSTRIAL-HD-51138-FILTRO-OLIO
P1461,P558462,FILTRO OLIO DONALDSON P55-84 62,https://e-commerce.michelecaroli.com/wso/pages/user/wso0205.jsf?idaa=157189&codart=P558462&marart=227&seopth=DONALDSON-FILTRI-P558462-FILTRO-OLIO-DONALDSON-P55-84-62
P146,SO595,FILTRO OLIO P550396 HIFI,https://e-commerce.michelecaroli.com/wso/pages/user/wso0205.jsf?idaa=300204&codart=SO595&marart=230&seopth=HIFI-FILTRI-SO595-FILTRO-OLIO-P550396-HIFI
P145897,42521,FILTRO ARIA,https://e-commerce.michelecaroli.com/wso/pages/user/wso0205.jsf?idaa=366586&codart=42521&marart=218&seopth=WIX-INDUSTRIAL-HD-42521-FILTRO-ARIA
P145895,P182063,FILTRO ARIA DONALDSON P18-2063 ABBINATO CON P119778,https://e-commerce.michelecaroli.com/wso/pages/user/wso0205.jsf?idaa=155918&codart=P182063&marart=227&seopth=DONALDSON-FILTRI-P182063-FILTRO-ARIA-DONALDSON-P18-2063
P145894,SA10833,FILTRO ARIA P114931 HIFI,https://e-commerce.michelecaroli.com/wso/pages/user/wso0205.jsf?idaa=336071&codart=SA10833&marart=230&seopth=HIFI-FILTRI-SA10833-FILTRO-ARIA-P114931-HIFI
P145889,MD-192K,FILTRO ARIA ALCO,https://e-commerce.michelecaroli.com/wso/pages/user/wso0205.jsf?idaa=463524&codart=MD-192K&marart=ALCO&seopth=ALCO-MD-192K-FILTRO-ARIA-ALCO
P145719,SA17246,FILTRO ARIA HIFI SICUREZZA,https://e-commerce.michelecaroli.com/wso/pages/user/wso0205.jsf?idaa=289593&codart=SA17246&marart=230&seopth=HIFI-FILTRI-SA17246-FILTRO-ARIA-HIFI-SICUREZZA
P145709,P145709,"FILTRO ABITACOLO 279X660X55,7 DONA LDSON",https://e-commerce.michelecaroli.com/wso/pages/user/wso0205.jsf?idaa=154819&codart=P145709&marart=227&seopth=DONALDSON-FILTRI-P145709-FILTRO-ABITACOLO-279X660X55-7-DONA
P145706,P182049,FILTRO ARIA ESTERNO ABBINATO C/FILTRO INTERNO P116446,https://e-commerce.michelecaroli.com/wso/pages/user/wso0205.jsf?idaa=155913&codart=P182049&marart=227&seopth=DONALDSON-FILTRI-P182049-FILTRO-ARIA-ESTERNO
P145142,46828,FILTRO ARIA,https://e-commerce.michelecaroli.com/wso/pages/user/wso0205.jsf?idaa=367548&codart=46828&marart=218&seopth=WIX-INDUSTRIAL-HD-46828-FILTRO-ARIA
P145140,MD-120K,FILTRO ARIA ALCO P181054,https://e-commerce.michelecaroli.com/wso/pages/user/wso0205.jsf?idaa=463489&codart=MD-120K&marart=ALCO&seopth=ALCO-MD-120K-FILTRO-ARIA-ALCO-P181054
P144969,P148969,FILTRO ARIA,https://e-commerce.michelecaroli.com/wso/pages/user/wso0205.jsf?idaa=154830&codart=P148969&marart=227&seopth=DONALDSON-FILTRI-P148969-FILTRO-ARIA
P1443,MD-337C,FILTRO OLIO ALCO,https://e-commerce.michelecaroli.com/wso/pages/user/wso0205.jsf?idaa=463617&codart=MD-337C&marart=ALCO&seopth=ALCO-MD-337C-FILTRO-OLIO-ALCO
P143515,46864,FILTRO ARIA,https://e-commerce.michelecaroli.com/wso/pages/user/wso0205.jsf?idaa=367579&codart=46864&marart=218&seopth=WIX-INDUSTRIAL-HD-46864-FILTRO-ARIA
P143422,P143422,BASE DONALDSON PI4-3422,https://e-commerce.michelecaroli.com/wso/pages/user/wso0205.jsf?idaa=154810&codart=P143422&marart=227&seopth=DONALDSON-FILTRI-P143422-BASE-DONALDSON-PI4-3422
P143316,42119,FILTRO ARIA P181034/P182034,https://e-commerce.michelecaroli.com/wso/pages/user/wso0205.jsf?idaa=366333&codart=42119&marart=218&seopth=WIX-INDUSTRIAL-HD-42119-FILTRO-ARIA-P181034-P182034
P143141,MD-120K,FILTRO ARIA ALCO P181054,https://e-commerce.michelecaroli.com/wso/pages/user/wso0205.jsf?idaa=463489&codart=MD-120K&marart=ALCO&seopth=ALCO-MD-120K-FILTRO-ARIA-ALCO-P181054
P142813,P142813,FILTRO ARIA DONALDSON A PANNELLO,https://e-commerce.michelecaroli.com/wso/pages/user/wso0205.jsf?idaa=154809&codart=P142813&marart=227&seopth=DONALDSON-FILTRI-P142813-FILTRO-ARIA-DONALDSON-A-PANNELLO
P142811,P142811,"FILTRO ABITACOLO 482,6X482,6X136,6 5 DONALDSON",https://e-commerce.michelecaroli.com/wso/pages/user/wso0205.jsf?idaa=154807&codart=P142811&marart=227&seopth=DONALDSON-FILTRI-P142811-FILTRO-ABITACOLO-482-6X482-6X136-6
P142810016133,42782,FILTRO ARIA P142810,https://e-commerce.michelecaroli.com/wso/pages/user/wso0205.jsf?idaa=366812&codart=42782&marart=218&seopth=WIX-INDUSTRIAL-HD-42782-FILTRO-ARIA-P142810
P142808,P142808,,https://e-commerce.michelecaroli.com/wso/pages/user/wso0205.jsf?idaa=154805&codart=P142808&marart=227&seopth=DONALDSON-FILTRI-P142808-PANNELLO-DONALDSON-P14-2808
P142804,P142804,FILTRO ARIA DONALDSON P14-2804,https://e-commerce.michelecaroli.com/wso/pages/user/wso0205.jsf?idaa=154801&codart=P142804&marart=227&seopth=DONALDSON-FILTRI-P142804-FILTRO-ARIA-DONALDSON-P14-2804
P1428,SH56147,FILTRO HYDR. P559740 HIFI,https://e-commerce.michelecaroli.com/wso/pages/user/wso0205.jsf?idaa=294034&codart=SH56147&marart=230&seopth=HIFI-FILTRI-SH56147-FILTRO-HYDR-P559740-HIFI
P142795,P142795,"FILTRO ABITACOLO 207,1X266,19X207 DONALDSON",https://e-commerce.michelecaroli.com/wso/pages/user/wso0205.jsf?idaa=154793&codart=P142795&marart=227&seopth=DONALDSON-FILTRI-P142795-FILTRO-ABITACOLO-207-1X266-19X207
P142792,P142792,FILTRO ABITACOLO 142X142X208 DONAL DSON,https://e-commerce.michelecaroli.com/wso/pages/user/wso0205.jsf?idaa=440942&codart=P142792&marart=227&seopth=DONALDSON-FILTRI-P142792-FILTRO-ABITACOLO-142X142X208-DONAL
P142792,P142792,FILTRO ABITACOLO 142X142X208 DONAL DSON,https://e-commerce.michelecaroli.com/wso/pages/user/wso0205.jsf?idaa=440942&codart=P142792&marart=227&seopth=DONALDSON-FILTRI-P142792-FILTRO-ABITACOLO-142X142X208-DONAL
