Code searched,Matched code,Part Category on Michele,Link to Michele product
QS3675A,51522,FILTRO OLIO,https://e-commerce.michelecaroli.com/wso/pages/user/wso0205.jsf?idaa=368405&codart=51522&marart=218&seopth=WIX-INDUSTRIAL-HD-51522-FILTRO-OLIO
QS3675,51042,FILTRO OLIO,https://e-commerce.michelecaroli.com/wso/pages/user/wso0205.jsf?idaa=368076&codart=51042&marart=218&seopth=WIX-INDUSTRIAL-HD-51042-FILTRO-OLIO
QS3614,51348,FILTRO OLIO# P550335,https://e-commerce.michelecaroli.com/wso/pages/user/wso0205.jsf?idaa=368274&codart=51348&marart=218&seopth=WIX-INDUSTRIAL-HD-51348-FILTRO-OLIO-P550335
QS3612,P550671,FILTRO OLIO,https://e-commerce.michelecaroli.com/wso/pages/user/wso0205.jsf?idaa=156730&codart=P550671&marart=227&seopth=DONALDSON-FILTRI-P550671-FILTRO-OLIO
QS3600,P550400,FILTRO OLIO DONALDSON P55-0400,https://e-commerce.michelecaroli.com/wso/pages/user/wso0205.jsf?idaa=156593&codart=P550400&marart=227&seopth=DONALDSON-FILTRI-P550400-FILTRO-OLIO-DONALDSON-P55-0400
QS36,SO654,FILTRO OLIO P555680 HIFI,https://e-commerce.michelecaroli.com/wso/pages/user/wso0205.jsf?idaa=300363&codart=SO654&marart=230&seopth=HIFI-FILTRI-SO654-FILTRO-OLIO-P555680-HIFI
QS3595,SN5021,FILTRO NAFTA P550928 HIFI,https://e-commerce.michelecaroli.com/wso/pages/user/wso0205.jsf?idaa=299357&codart=SN5021&marart=230&seopth=HIFI-FILTRI-SN5021-FILTRO-NAFTA-P550928-HIFI
QS3594,33121,FILTRO NAFTA,https://e-commerce.michelecaroli.com/wso/pages/user/wso0205.jsf?idaa=365838&codart=33121&marart=218&seopth=WIX-INDUSTRIAL-HD-33121-FILTRO-NAFTA
QS3593A,P550173,FILTRO OLIO ATTUALE P550935,https://e-commerce.michelecaroli.com/wso/pages/user/wso0205.jsf?idaa=156489&codart=P550173&marart=227&seopth=DONALDSON-FILTRI-P550173-FILTRO-OLIO-ATTUALE-P550935
QS3593,SP-934,FILTRO OLIO,https://e-commerce.michelecaroli.com/wso/pages/user/wso0205.jsf?idaa=466400&codart=SP-934&marart=ALCO&seopth=ALCO-SP-934-FILTRO-OLIO
QS3569,SP-915,FILTRO OLIO ALCO,https://e-commerce.michelecaroli.com/wso/pages/user/wso0205.jsf?idaa=466385&codart=SP-915&marart=ALCO&seopth=ALCO-SP-915-FILTRO-OLIO-ALCO
QS3562,P550173,FILTRO OLIO ATTUALE P550935,https://e-commerce.michelecaroli.com/wso/pages/user/wso0205.jsf?idaa=156489&codart=P550173&marart=227&seopth=DONALDSON-FILTRI-P550173-FILTRO-OLIO-ATTUALE-P550935
QS3555A,P550777,FILTRO@OLIO DONALDSON conf.6,https://e-commerce.michelecaroli.com/wso/pages/user/wso0205.jsf?idaa=156797&codart=P550777&marart=227&seopth=DONALDSON-FILTRI-P550777-FILTRO-OLIO-DONALDSON-conf-6
QS3555,P550777,FILTRO@OLIO DONALDSON conf.6,https://e-commerce.michelecaroli.com/wso/pages/user/wso0205.jsf?idaa=156797&codart=P550777&marart=227&seopth=DONALDSON-FILTRI-P550777-FILTRO-OLIO-DONALDSON-conf-6
QS3535,51036,FILTRO OLIO P550051,https://e-commerce.michelecaroli.com/wso/pages/user/wso0205.jsf?idaa=368073&codart=51036&marart=218&seopth=WIX-INDUSTRIAL-HD-51036-FILTRO-OLIO-P550051
QS3531,P502048,FILTRO OLIO,https://e-commerce.michelecaroli.com/wso/pages/user/wso0205.jsf?idaa=155998&codart=P502048&marart=227&seopth=DONALDSON-FILTRI-P502048-FILTRO-OLIO
QS3528,SN105,FILTRO NAFTA P550105 HIFI,https://e-commerce.michelecaroli.com/wso/pages/user/wso0205.jsf?idaa=298869&codart=SN105&marart=230&seopth=HIFI-FILTRI-SN105-FILTRO-NAFTA-P550105-HIFI
QS3519,SO3342,FILTRO OLIO P555570 HIFI,https://e-commerce.michelecaroli.com/wso/pages/user/wso0205.jsf?idaa=300897&codart=SO3342&marart=230&seopth=HIFI-FILTRI-SO3342-FILTRO-OLIO-P555570-HIFI
QS3508,SP-915,FILTRO OLIO ALCO,https://e-commerce.michelecaroli.com/wso/pages/user/wso0205.jsf?idaa=466385&codart=SP-915&marart=ALCO&seopth=ALCO-SP-915-FILTRO-OLIO-ALCO
QS3506,51042,FILTRO OLIO,https://e-commerce.michelecaroli.com/wso/pages/user/wso0205.jsf?idaa=368076&codart=51042&marart=218&seopth=WIX-INDUSTRIAL-HD-51042-FILTRO-OLIO
QS3432,51042,FILTRO OLIO,https://e-commerce.michelecaroli.com/wso/pages/user/wso0205.jsf?idaa=368076&codart=51042&marart=218&seopth=WIX-INDUSTRIAL-HD-51042-FILTRO-OLIO
QS3431,33216,,https://e-commerce.michelecaroli.com/wso/pages/user/wso0205.jsf?idaa=365892&codart=33216&marart=218&seopth=WIX-INDUSTRIAL-HD-33216-FILTRO-NAFTA
QS3387A,SO780,FILTRO OLIO P550047 HIFI,https://e-commerce.michelecaroli.com/wso/pages/user/wso0205.jsf?idaa=301372&codart=SO780&marart=230&seopth=HIFI-FILTRI-SO780-FILTRO-OLIO-P550047-HIFI
QS3387,SO780,FILTRO OLIO P550047 HIFI,https://e-commerce.michelecaroli.com/wso/pages/user/wso0205.jsf?idaa=301372&codart=SO780&marart=230&seopth=HIFI-FILTRI-SO780-FILTRO-OLIO-P550047-HIFI
QS3375,P550671,FILTRO OLIO,https://e-commerce.michelecaroli.com/wso/pages/user/wso0205.jsf?idaa=156730&codart=P550671&marart=227&seopth=DONALDSON-FILTRI-P550671-FILTRO-OLIO
QS3354,SO780,FILTRO OLIO P550047 HIFI,https://e-commerce.michelecaroli.com/wso/pages/user/wso0205.jsf?idaa=301372&codart=SO780&marart=230&seopth=HIFI-FILTRI-SO780-FILTRO-OLIO-P550047-HIFI
QS3335,SO691,FILTRO OLIO P554005 HIFI,https://e-commerce.michelecaroli.com/wso/pages/user/wso0205.jsf?idaa=300376&codart=SO691&marart=230&seopth=HIFI-FILTRI-SO691-FILTRO-OLIO-P554005-HIFI
QS3306A,51797,FILTRO OLIO,https://e-commerce.michelecaroli.com/wso/pages/user/wso0205.jsf?idaa=368636&codart=51797&marart=218&seopth=WIX-INDUSTRIAL-HD-51797-FILTRO-OLIO
QS3306,51797,FILTRO OLIO,https://e-commerce.michelecaroli.com/wso/pages/user/wso0205.jsf?idaa=368636&codart=51797&marart=218&seopth=WIX-INDUSTRIAL-HD-51797-FILTRO-OLIO
QS3304,P552071,FILTRO ACQUA DONALDSON conf.12 50 M ICRON,https://e-commerce.michelecaroli.com/wso/pages/user/wso0205.jsf?idaa=157025&codart=P552071&marart=227&seopth=DONALDSON-FILTRI-P552071-FILTRO-ACQUA-DONALDSON-conf-12-50-M
QS30,SP4464,,https://e-commerce.michelecaroli.com/wso/pages/user/wso0205.jsf?idaa=414708&codart=SP4464&marart=233&seopth=SF-FILTER-SP4464-FILTRO-OLIO
QS2951,P502020,"LUBE FILTER, SPIN-ON FULL FLOW",https://e-commerce.michelecaroli.com/wso/pages/user/wso0205.jsf?idaa=441443&codart=P502020&marart=227&seopth=DONALDSON-FILTRI-P502020-LUBE-FILTER-SPIN-ON-FULL-FLOW
QS293D,P552471,FILTRO OLIO,https://e-commerce.michelecaroli.com/wso/pages/user/wso0205.jsf?idaa=311988&codart=P552471&marart=227&seopth=DONALDSON-FILTRI-P552471-FILTRO-OLIO
QS2930,P552471,FILTRO OLIO,https://e-commerce.michelecaroli.com/wso/pages/user/wso0205.jsf?idaa=311988&codart=P552471&marart=227&seopth=DONALDSON-FILTRI-P552471-FILTRO-OLIO
QS2870A,SP-812,FILTRO OLIO,https://e-commerce.michelecaroli.com/wso/pages/user/wso0205.jsf?idaa=466312&codart=SP-812&marart=ALCO&seopth=ALCO-SP-812-FILTRO-OLIO
QS2870,SP-812,FILTRO OLIO,https://e-commerce.michelecaroli.com/wso/pages/user/wso0205.jsf?idaa=466312&codart=SP-812&marart=ALCO&seopth=ALCO-SP-812-FILTRO-OLIO
QS2856A,SO780,FILTRO OLIO P550047 HIFI,https://e-commerce.michelecaroli.com/wso/pages/user/wso0205.jsf?idaa=301372&codart=SO780&marart=230&seopth=HIFI-FILTRI-SO780-FILTRO-OLIO-P550047-HIFI
QS2850,SP-915,FILTRO OLIO ALCO,https://e-commerce.michelecaroli.com/wso/pages/user/wso0205.jsf?idaa=466385&codart=SP-915&marart=ALCO&seopth=ALCO-SP-915-FILTRO-OLIO-ALCO
QS2849A,SO8000,FILTRO OLIO HIFI,https://e-commerce.michelecaroli.com/wso/pages/user/wso0205.jsf?idaa=301383&codart=SO8000&marart=230&seopth=HIFI-FILTRI-SO8000-FILTRO-OLIO-HIFI
QS2849,SO8000,FILTRO OLIO HIFI,https://e-commerce.michelecaroli.com/wso/pages/user/wso0205.jsf?idaa=301383&codart=SO8000&marart=230&seopth=HIFI-FILTRI-SO8000-FILTRO-OLIO-HIFI
QS2844,P550210,FILTRO HYDR.ATTUALE P550940,https://e-commerce.michelecaroli.com/wso/pages/user/wso0205.jsf?idaa=156505&codart=P550210&marart=227&seopth=DONALDSON-FILTRI-P550210-FILTRO-HYDR-ATTUALE-P550940
QS2842,P552819,FILTRO OLIO DONALDSON P55-2819,https://e-commerce.michelecaroli.com/wso/pages/user/wso0205.jsf?idaa=157063&codart=P552819&marart=227&seopth=DONALDSON-FILTRI-P552819-FILTRO-OLIO-DONALDSON-P55-2819
QS2825,T6720,FILTRO OLIO P550078 HIFI,https://e-commerce.michelecaroli.com/wso/pages/user/wso0205.jsf?idaa=395341&codart=T6720&marart=230&seopth=HIFI-FILTRI-T6720-FILTRO-OLIO-P550078-HIFI
QS25230,SA7005,FILTRO ARIA HIFI,https://e-commerce.michelecaroli.com/wso/pages/user/wso0205.jsf?idaa=291036&codart=SA7005&marart=230&seopth=HIFI-FILTRI-SA7005-FILTRO-ARIA-HIFI
QS200,SO553,FILTRO OLIO P550141 HIFI,https://e-commerce.michelecaroli.com/wso/pages/user/wso0205.jsf?idaa=300187&codart=SO553&marart=230&seopth=HIFI-FILTRI-SO553-FILTRO-OLIO-P550141-HIFI
QS20,SO014,FILTRO OLIO HIFI,https://e-commerce.michelecaroli.com/wso/pages/user/wso0205.jsf?idaa=300658&codart=SO014&marart=230&seopth=HIFI-FILTRI-SO014-FILTRO-OLIO-HIFI
QS2,P550965,FILTRO OLIO,https://e-commerce.michelecaroli.com/wso/pages/user/wso0205.jsf?idaa=156876&codart=P550965&marart=227&seopth=DONALDSON-FILTRI-P550965-FILTRO-OLIO
QS19,SP-915,FILTRO OLIO ALCO,https://e-commerce.michelecaroli.com/wso/pages/user/wso0205.jsf?idaa=466385&codart=SP-915&marart=ALCO&seopth=ALCO-SP-915-FILTRO-OLIO-ALCO
QS1654,51553,FILTRO IDRAULICO,https://e-commerce.michelecaroli.com/wso/pages/user/wso0205.jsf?idaa=368434&codart=51553&marart=218&seopth=WIX-INDUSTRIAL-HD-51553-FILTRO-IDRAULICO
QS16,SO689,FILTRO OLIO P552518 HIFI,https://e-commerce.michelecaroli.com/wso/pages/user/wso0205.jsf?idaa=300375&codart=SO689&marart=230&seopth=HIFI-FILTRI-SO689-FILTRO-OLIO-P552518-HIFI
QS14612,SP-1002,FILTRO OLIO,https://e-commerce.michelecaroli.com/wso/pages/user/wso0205.jsf?idaa=465814&codart=SP-1002&marart=ALCO&seopth=ALCO-SP-1002-FILTRO-OLIO
QS14610,23.265.00,FILTRO OLIO UFI 23.265.00,https://e-commerce.michelecaroli.com/wso/pages/user/wso0205.jsf?idaa=149484&codart=23.265.00&marart=224&seopth=UFI-SOFIMA-FILTRI-23-265-00-FILTRO-OLIO-UFI-23-265-00
QS14006,51042,FILTRO OLIO,https://e-commerce.michelecaroli.com/wso/pages/user/wso0205.jsf?idaa=368076&codart=51042&marart=218&seopth=WIX-INDUSTRIAL-HD-51042-FILTRO-OLIO
QS13,51061,FILTRO OLIO,https://e-commerce.michelecaroli.com/wso/pages/user/wso0205.jsf?idaa=368085&codart=51061&marart=218&seopth=WIX-INDUSTRIAL-HD-51061-FILTRO-OLIO
QS1147A,SN206,FILTRO NAFTA P556916 HIFI,https://e-commerce.michelecaroli.com/wso/pages/user/wso0205.jsf?idaa=299720&codart=SN206&marart=230&seopth=HIFI-FILTRI-SN206-FILTRO-NAFTA-P556916-HIFI
QS1147,SN206,FILTRO NAFTA P556916 HIFI,https://e-commerce.michelecaroli.com/wso/pages/user/wso0205.jsf?idaa=299720&codart=SN206&marart=230&seopth=HIFI-FILTRI-SN206-FILTRO-NAFTA-P556916-HIFI
QS1146,33118,FILTRO NAFTA P556915,https://e-commerce.michelecaroli.com/wso/pages/user/wso0205.jsf?idaa=365835&codart=33118&marart=218&seopth=WIX-INDUSTRIAL-HD-33118-FILTRO-NAFTA-P556915
QS1130,SN203,FILTRO NAFTA P551130 HIFI A SCATO LA,https://e-commerce.michelecaroli.com/wso/pages/user/wso0205.jsf?idaa=299716&codart=SN203&marart=230&seopth=HIFI-FILTRI-SN203-FILTRO-NAFTA-P551130-HIFI-A-SCATO
QS1110,33218,FILTRO NAFTA,https://e-commerce.michelecaroli.com/wso/pages/user/wso0205.jsf?idaa=365894&codart=33218&marart=218&seopth=WIX-INDUSTRIAL-HD-33218-FILTRO-NAFTA
QS1109,33219,FILTRO NAFTA,https://e-commerce.michelecaroli.com/wso/pages/user/wso0205.jsf?idaa=365895&codart=33219&marart=218&seopth=WIX-INDUSTRIAL-HD-33219-FILTRO-NAFTA
QS1104,SN185,FILTRO NAFTA P557440# HIFI,https://e-commerce.michelecaroli.com/wso/pages/user/wso0205.jsf?idaa=298907&codart=SN185&marart=230&seopth=HIFI-FILTRI-SN185-FILTRO-NAFTA-P557440-HIFI
QS1103,SN105,FILTRO NAFTA P550105 HIFI,https://e-commerce.michelecaroli.com/wso/pages/user/wso0205.jsf?idaa=298869&codart=SN105&marart=230&seopth=HIFI-FILTRI-SN105-FILTRO-NAFTA-P550105-HIFI
QS1101,SN104,FILTRO,https://e-commerce.michelecaroli.com/wso/pages/user/wso0205.jsf?idaa=438540&codart=SN104&marart=230&seopth=HIFI-FILTRI-SN104-FILTRO
QS11,51049,FILTRO OLIO,https://e-commerce.michelecaroli.com/wso/pages/user/wso0205.jsf?idaa=368078&codart=51049&marart=218&seopth=WIX-INDUSTRIAL-HD-51049-FILTRO-OLIO
QPF7,51049,FILTRO OLIO,https://e-commerce.michelecaroli.com/wso/pages/user/wso0205.jsf?idaa=368078&codart=51049&marart=218&seopth=WIX-INDUSTRIAL-HD-51049-FILTRO-OLIO
QOH4115,33167E,FILTRO NAFTA# P550060,https://e-commerce.michelecaroli.com/wso/pages/user/wso0205.jsf?idaa=368995&codart=33167E&marart=218&seopth=WIX-INDUSTRIAL-HD-33167E-FILTRO-NAFTA-P550060
QK25,51407XE,FILTRO IDRAULICO,https://e-commerce.michelecaroli.com/wso/pages/user/wso0205.jsf?idaa=369116&codart=51407XE&marart=218&seopth=WIX-INDUSTRIAL-HD-51407XE-FILTRO-IDRAULICO
QK10,51407XE,FILTRO IDRAULICO,https://e-commerce.michelecaroli.com/wso/pages/user/wso0205.jsf?idaa=369116&codart=51407XE&marart=218&seopth=WIX-INDUSTRIAL-HD-51407XE-FILTRO-IDRAULICO
QJ0203001,G150049,"AIR CLEANER, EPG RADIALSEAL",https://e-commerce.michelecaroli.com/wso/pages/user/wso0205.jsf?idaa=442465&codart=G150049&marart=227&seopth=DONALDSON-FILTRI-G150049-AIR-CLEANER-EPG-RADIALSEAL
QF834,42665,FILTRO ARIA,https://e-commerce.michelecaroli.com/wso/pages/user/wso0205.jsf?idaa=366709&codart=42665&marart=218&seopth=WIX-INDUSTRIAL-HD-42665-FILTRO-ARIA
QART1,QART1,,https://e-commerce.michelecaroli.com/wso/pages/user/wso0205.jsf?idaa=398886&codart=QART1&marart=230&seopth=HIFI-FILTRI-QART1-FILTRO-CARB-HIFI
QA3950,P550173,FILTRO OLIO ATTUALE P550935,https://e-commerce.michelecaroli.com/wso/pages/user/wso0205.jsf?idaa=156489&codart=P550173&marart=227&seopth=DONALDSON-FILTRI-P550173-FILTRO-OLIO-ATTUALE-P550935
QA39,SO3316,FILTRO OLIO P555616 HIFI,https://e-commerce.michelecaroli.com/wso/pages/user/wso0205.jsf?idaa=300885&codart=SO3316&marart=230&seopth=HIFI-FILTRI-SO3316-FILTRO-OLIO-P555616-HIFI
QA3387A,SO780,FILTRO OLIO P550047 HIFI,https://e-commerce.michelecaroli.com/wso/pages/user/wso0205.jsf?idaa=301372&codart=SO780&marart=230&seopth=HIFI-FILTRI-SO780-FILTRO-OLIO-P550047-HIFI
QA3306A,WL7107,"FIILTRO OLIO BEDFO.BOBCATCASE JOHN DEERE. KUBOTA. HON. ACCORD, CIVIC,",https://e-commerce.michelecaroli.com/wso/pages/user/wso0205.jsf?idaa=143507&codart=WL7107&marart=219&seopth=WIX-AUTO-FILTRI-WL7107-FIILTRO-OLIO-BEDFO-BOBCATCASE-JOHN
QA2856A,SO780,FILTRO OLIO P550047 HIFI,https://e-commerce.michelecaroli.com/wso/pages/user/wso0205.jsf?idaa=301372&codart=SO780&marart=230&seopth=HIFI-FILTRI-SO780-FILTRO-OLIO-P550047-HIFI
Q6631972,SAT01SDB127001,,https://e-commerce.michelecaroli.com/wso/pages/user/wso0205.jsf?idaa=438562&codart=SAT01SDB127001&marart=230&seopth=HIFI-FILTRI-SAT01SDB127001-FILTRO
Q6150536,SH66025,FILTRO HYDR. P170311 HIFI,https://e-commerce.michelecaroli.com/wso/pages/user/wso0205.jsf?idaa=400077&codart=SH66025&marart=230&seopth=HIFI-FILTRI-SH66025-FILTRO-HYDR-P170311-HIFI
Q6050118,P112611,RIDUTTORE DONALDSON 127X152X152,https://e-commerce.michelecaroli.com/wso/pages/user/wso0205.jsf?idaa=154569&codart=P112611&marart=227&seopth=DONALDSON-FILTRI-P112611-RIDUTTORE-DONALDSON-127X152X152
Q551D4,SA10833,FILTRO ARIA P114931 HIFI,https://e-commerce.michelecaroli.com/wso/pages/user/wso0205.jsf?idaa=336071&codart=SA10833&marart=230&seopth=HIFI-FILTRI-SA10833-FILTRO-ARIA-P114931-HIFI
Q551C4,42290,FILTRO ARIA,https://e-commerce.michelecaroli.com/wso/pages/user/wso0205.jsf?idaa=366434&codart=42290&marart=218&seopth=WIX-INDUSTRIAL-HD-42290-FILTRO-ARIA
Q551B1B,X002251,"INDICATORE DONALDSON 1-/8""-27-NPT MECCANICO MBAR 50",https://e-commerce.michelecaroli.com/wso/pages/user/wso0205.jsf?idaa=158295&codart=X002251&marart=227&seopth=DONALDSON-FILTRI-X002251-INDICATORE-DONALDSON-1-8-27-NPT
Q5335,P551018,FILTRO OLIO,https://e-commerce.michelecaroli.com/wso/pages/user/wso0205.jsf?idaa=313776&codart=P551018&marart=227&seopth=DONALDSON-FILTRI-P551018-FILTRO-OLIO
Q522S,33073,FILTRO NAFTA,https://e-commerce.michelecaroli.com/wso/pages/user/wso0205.jsf?idaa=365761&codart=33073&marart=218&seopth=WIX-INDUSTRIAL-HD-33073-FILTRO-NAFTA
Q4244,S7111NC,FILTRO CAV296 SOFIMA,https://e-commerce.michelecaroli.com/wso/pages/user/wso0205.jsf?idaa=446634&codart=S7111NC&marart=SOFI&seopth=SOFIMA-S7111NC-FILTRO-CAV296-SOFIMA
Q3542610,H000165,RAIN CAP METALLO,https://e-commerce.michelecaroli.com/wso/pages/user/wso0205.jsf?idaa=442492&codart=H000165&marart=227&seopth=DONALDSON-FILTRI-H000165-RAIN-CAP-METALLO
Q35426,H000165,RAIN CAP METALLO,https://e-commerce.michelecaroli.com/wso/pages/user/wso0205.jsf?idaa=442492&codart=H000165&marart=227&seopth=DONALDSON-FILTRI-H000165-RAIN-CAP-METALLO
Q3542510,X002015,RAIN CAP DONALDSON X00-2015,https://e-commerce.michelecaroli.com/wso/pages/user/wso0205.jsf?idaa=158292&codart=X002015&marart=227&seopth=DONALDSON-FILTRI-X002015-RAIN-CAP-DONALDSON-X00-2015
Q35425,X002015,RAIN CAP DONALDSON X00-2015,https://e-commerce.michelecaroli.com/wso/pages/user/wso0205.jsf?idaa=158292&codart=X002015&marart=227&seopth=DONALDSON-FILTRI-X002015-RAIN-CAP-DONALDSON-X00-2015
Q3542410,X001988,"INLET HOOD, METAL",https://e-commerce.michelecaroli.com/wso/pages/user/wso0205.jsf?idaa=443355&codart=X001988&marart=227&seopth=DONALDSON-FILTRI-X001988-INLET-HOOD-METAL
Q35424,X001988,"INLET HOOD, METAL",https://e-commerce.michelecaroli.com/wso/pages/user/wso0205.jsf?idaa=443355&codart=X001988&marart=227&seopth=DONALDSON-FILTRI-X001988-INLET-HOOD-METAL
Q335,51151,FILTRO OLIO,https://e-commerce.michelecaroli.com/wso/pages/user/wso0205.jsf?idaa=368138&codart=51151&marart=218&seopth=WIX-INDUSTRIAL-HD-51151-FILTRO-OLIO
Q3,51010,FILTRO OLIO,https://e-commerce.michelecaroli.com/wso/pages/user/wso0205.jsf?idaa=368066&codart=51010&marart=218&seopth=WIX-INDUSTRIAL-HD-51010-FILTRO-OLIO
Q27372,P004076,FASCIA MONTAGGIO P00-4076,https://e-commerce.michelecaroli.com/wso/pages/user/wso0205.jsf?idaa=154484&codart=P004076&marart=227&seopth=DONALDSON-FILTRI-P004076-FASCIA-MONTAGGIO-P00-4076
Q27355,P004079,FASCIA MONTAGGIO P00-4079,https://e-commerce.michelecaroli.com/wso/pages/user/wso0205.jsf?idaa=154485&codart=P004079&marart=227&seopth=DONALDSON-FILTRI-P004079-FASCIA-MONTAGGIO-P00-4079
Q27177,P007191,FASCIA MONTAGGIO P00-7191,https://e-commerce.michelecaroli.com/wso/pages/user/wso0205.jsf?idaa=154488&codart=P007191&marart=227&seopth=DONALDSON-FILTRI-P007191-FASCIA-MONTAGGIO-P00-7191
Q27176,P002348,FASCIA MONTAGGIO PO0-2348,https://e-commerce.michelecaroli.com/wso/pages/user/wso0205.jsf?idaa=154481&codart=P002348&marart=227&seopth=DONALDSON-FILTRI-P002348-FASCIA-MONTAGGIO-PO0-2348
Q1H4119,33112E,FILTRO NAFTA# P550861,https://e-commerce.michelecaroli.com/wso/pages/user/wso0205.jsf?idaa=368986&codart=33112E&marart=218&seopth=WIX-INDUSTRIAL-HD-33112E-FILTRO-NAFTA-P550861
Q15H4123,SO040,FILTRO OLIO P553771# HIFI,https://e-commerce.michelecaroli.com/wso/pages/user/wso0205.jsf?idaa=300659&codart=SO040&marart=230&seopth=HIFI-FILTRI-SO040-FILTRO-OLIO-P553771-HIFI
Q111,51717,FILTRO OLIO,https://e-commerce.michelecaroli.com/wso/pages/user/wso0205.jsf?idaa=368572&codart=51717&marart=218&seopth=WIX-INDUSTRIAL-HD-51717-FILTRO-OLIO
Q0950558,SO580,FILTRO OLIO P550008# HIFI,https://e-commerce.michelecaroli.com/wso/pages/user/wso0205.jsf?idaa=300199&codart=SO580&marart=230&seopth=HIFI-FILTRI-SO580-FILTRO-OLIO-P550008-HIFI
Q0950558,SO580,FILTRO OLIO P550008# HIFI,https://e-commerce.michelecaroli.com/wso/pages/user/wso0205.jsf?idaa=300199&codart=SO580&marart=230&seopth=HIFI-FILTRI-SO580-FILTRO-OLIO-P550008-HIFI
