Code searched,Matched code,Part Category on Michele,Link to Michele product
OK15,SO694,,https://e-commerce.michelecaroli.com/wso/pages/user/wso0205.jsf?idaa=438619&codart=SO694&marart=230&seopth=HIFI-FILTRI-SO694-FILTRO
OK148,SP-869,FILTRO IDRAULICO,https://e-commerce.michelecaroli.com/wso/pages/user/wso0205.jsf?idaa=466354&codart=SP-869&marart=ALCO&seopth=ALCO-SP-869-FILTRO-IDRAULICO
OK14,SO580,FILTRO OLIO P550008# HIFI,https://e-commerce.michelecaroli.com/wso/pages/user/wso0205.jsf?idaa=300199&codart=SO580&marart=230&seopth=HIFI-FILTRI-SO580-FILTRO-OLIO-P550008-HIFI
OK139,SO517,,https://e-commerce.michelecaroli.com/wso/pages/user/wso0205.jsf?idaa=438582&codart=SO517&marart=230&seopth=HIFI-FILTRI-SO517-FILTRO
OK135,P550975,FILTRO OLIO DONALDSON P55-0975,https://e-commerce.michelecaroli.com/wso/pages/user/wso0205.jsf?idaa=156884&codart=P550975&marart=227&seopth=DONALDSON-FILTRI-P550975-FILTRO-OLIO-DONALDSON-P55-0975
OK127,P550173,FILTRO OLIO ATTUALE P550935,https://e-commerce.michelecaroli.com/wso/pages/user/wso0205.jsf?idaa=156489&codart=P550173&marart=227&seopth=DONALDSON-FILTRI-P550173-FILTRO-OLIO-ATTUALE-P550935
OK126,T6720,FILTRO OLIO P550078 HIFI,https://e-commerce.michelecaroli.com/wso/pages/user/wso0205.jsf?idaa=395341&codart=T6720&marart=230&seopth=HIFI-FILTRI-T6720-FILTRO-OLIO-P550078-HIFI
OK12,P550095,FILTRO OLIO DONALDSON P55-0095 OBSO LETO,https://e-commerce.michelecaroli.com/wso/pages/user/wso0205.jsf?idaa=156453&codart=P550095&marart=227&seopth=DONALDSON-FILTRI-P550095-FILTRO-OLIO-DONALDSON-P55-0095-OBSO
OK117,SO045,FILTRO OLIO P551604# HIFI,https://e-commerce.michelecaroli.com/wso/pages/user/wso0205.jsf?idaa=300661&codart=SO045&marart=230&seopth=HIFI-FILTRI-SO045-FILTRO-OLIO-P551604-HIFI
OK112,SO780,FILTRO OLIO P550047 HIFI,https://e-commerce.michelecaroli.com/wso/pages/user/wso0205.jsf?idaa=301372&codart=SO780&marart=230&seopth=HIFI-FILTRI-SO780-FILTRO-OLIO-P550047-HIFI
OK106,P502048,FILTRO OLIO,https://e-commerce.michelecaroli.com/wso/pages/user/wso0205.jsf?idaa=155998&codart=P502048&marart=227&seopth=DONALDSON-FILTRI-P502048-FILTRO-OLIO
OK101,P550173,FILTRO OLIO ATTUALE P550935,https://e-commerce.michelecaroli.com/wso/pages/user/wso0205.jsf?idaa=156489&codart=P550173&marart=227&seopth=DONALDSON-FILTRI-P550173-FILTRO-OLIO-ATTUALE-P550935
OK100,33354,FILTRO NAFTA P551127,https://e-commerce.michelecaroli.com/wso/pages/user/wso0205.jsf?idaa=365345&codart=33354&marart=218&seopth=WIX-INDUSTRIAL-HD-33354-FILTRO-NAFTA-P551127
OJE1514302,23.265.00,FILTRO OLIO UFI 23.265.00,https://e-commerce.michelecaroli.com/wso/pages/user/wso0205.jsf?idaa=149484&codart=23.265.00&marart=224&seopth=UFI-SOFIMA-FILTRI-23-265-00-FILTRO-OLIO-UFI-23-265-00
OJ1127,42760,FILTRO ARIA,https://e-commerce.michelecaroli.com/wso/pages/user/wso0205.jsf?idaa=366794&codart=42760&marart=218&seopth=WIX-INDUSTRIAL-HD-42760-FILTRO-ARIA
OIA18662A1,SO7106,FILTRO OLIO P550170 HIFI,https://e-commerce.michelecaroli.com/wso/pages/user/wso0205.jsf?idaa=301239&codart=SO7106&marart=230&seopth=HIFI-FILTRI-SO7106-FILTRO-OLIO-P550170-HIFI
OIA18662,SO7106,FILTRO OLIO P550170 HIFI,https://e-commerce.michelecaroli.com/wso/pages/user/wso0205.jsf?idaa=301239&codart=SO7106&marart=230&seopth=HIFI-FILTRI-SO7106-FILTRO-OLIO-P550170-HIFI
OIA18658A1,SO7106,FILTRO OLIO P550170 HIFI,https://e-commerce.michelecaroli.com/wso/pages/user/wso0205.jsf?idaa=301239&codart=SO7106&marart=230&seopth=HIFI-FILTRI-SO7106-FILTRO-OLIO-P550170-HIFI
OHL378,P182049,FILTRO ARIA ESTERNO ABBINATO C/FILTRO INTERNO P116446,https://e-commerce.michelecaroli.com/wso/pages/user/wso0205.jsf?idaa=155913&codart=P182049&marart=227&seopth=DONALDSON-FILTRI-P182049-FILTRO-ARIA-ESTERNO
OHA6714A,SO7106,FILTRO OLIO P550170 HIFI,https://e-commerce.michelecaroli.com/wso/pages/user/wso0205.jsf?idaa=301239&codart=SO7106&marart=230&seopth=HIFI-FILTRI-SO7106-FILTRO-OLIO-P550170-HIFI
OHA6714A,SO7106,FILTRO OLIO P550170 HIFI,https://e-commerce.michelecaroli.com/wso/pages/user/wso0205.jsf?idaa=301239&codart=SO7106&marart=230&seopth=HIFI-FILTRI-SO7106-FILTRO-OLIO-P550170-HIFI
OH4885,M080024,SPARK ARRESTOR,https://e-commerce.michelecaroli.com/wso/pages/user/wso0205.jsf?idaa=442872&codart=M080024&marart=227&seopth=DONALDSON-FILTRI-M080024-SPARK-ARRESTOR
OH224,51151,FILTRO OLIO,https://e-commerce.michelecaroli.com/wso/pages/user/wso0205.jsf?idaa=368138&codart=51151&marart=218&seopth=WIX-INDUSTRIAL-HD-51151-FILTRO-OLIO
OFS820X3B,P568619,"HYDRAULIC FILTER, CARTRIDGE",https://e-commerce.michelecaroli.com/wso/pages/user/wso0205.jsf?idaa=442066&codart=P568619&marart=227&seopth=DONALDSON-FILTRI-P568619-HYDRAULIC-FILTER-CARTRIDGE
OFM300,51468,FILTRO IDRAULICO,https://e-commerce.michelecaroli.com/wso/pages/user/wso0205.jsf?idaa=368363&codart=51468&marart=218&seopth=WIX-INDUSTRIAL-HD-51468-FILTRO-IDRAULICO
OFM202,51468,FILTRO IDRAULICO,https://e-commerce.michelecaroli.com/wso/pages/user/wso0205.jsf?idaa=368363&codart=51468&marart=218&seopth=WIX-INDUSTRIAL-HD-51468-FILTRO-IDRAULICO
OFM200,51468,FILTRO IDRAULICO,https://e-commerce.michelecaroli.com/wso/pages/user/wso0205.jsf?idaa=368363&codart=51468&marart=218&seopth=WIX-INDUSTRIAL-HD-51468-FILTRO-IDRAULICO
OFE3R14302,SP-1002,FILTRO OLIO,https://e-commerce.michelecaroli.com/wso/pages/user/wso0205.jsf?idaa=465814&codart=SP-1002&marart=ALCO&seopth=ALCO-SP-1002-FILTRO-OLIO
OF93,51006E,,https://e-commerce.michelecaroli.com/wso/pages/user/wso0205.jsf?idaa=369088&codart=51006E&marart=218&seopth=WIX-INDUSTRIAL-HD-51006E-FILTRO-OLIO
OF92,51006E,,https://e-commerce.michelecaroli.com/wso/pages/user/wso0205.jsf?idaa=369088&codart=51006E&marart=218&seopth=WIX-INDUSTRIAL-HD-51006E-FILTRO-OLIO
OF92,51006E,,https://e-commerce.michelecaroli.com/wso/pages/user/wso0205.jsf?idaa=369088&codart=51006E&marart=218&seopth=WIX-INDUSTRIAL-HD-51006E-FILTRO-OLIO
OF900,P550311,FILTRO OLIO AD IMMERSIONE,https://e-commerce.michelecaroli.com/wso/pages/user/wso0205.jsf?idaa=156542&codart=P550311&marart=227&seopth=DONALDSON-FILTRI-P550311-FILTRO-OLIO-AD-IMMERSIONE
OF8A,SO580,FILTRO OLIO P550008# HIFI,https://e-commerce.michelecaroli.com/wso/pages/user/wso0205.jsf?idaa=300199&codart=SO580&marart=230&seopth=HIFI-FILTRI-SO580-FILTRO-OLIO-P550008-HIFI
OF834,42665,FILTRO ARIA,https://e-commerce.michelecaroli.com/wso/pages/user/wso0205.jsf?idaa=366709&codart=42665&marart=218&seopth=WIX-INDUSTRIAL-HD-42665-FILTRO-ARIA
OF83,T1639,FILTRO OLIO P502019 HIFI,https://e-commerce.michelecaroli.com/wso/pages/user/wso0205.jsf?idaa=395324&codart=T1639&marart=230&seopth=HIFI-FILTRI-T1639-FILTRO-OLIO-P502019-HIFI
OF82,51006E,,https://e-commerce.michelecaroli.com/wso/pages/user/wso0205.jsf?idaa=369088&codart=51006E&marart=218&seopth=WIX-INDUSTRIAL-HD-51006E-FILTRO-OLIO
OF81,23.127.00,FILTRO OLIO UFI 23.127.00,https://e-commerce.michelecaroli.com/wso/pages/user/wso0205.jsf?idaa=149367&codart=23.127.00&marart=UFIHD&seopth=UFI-HD-23-127-00-FILTRO-OLIO-UFI-23-127-00
OF8019,SH63432,FILTRO HYDR. HIFI,https://e-commerce.michelecaroli.com/wso/pages/user/wso0205.jsf?idaa=295361&codart=SH63432&marart=230&seopth=HIFI-FILTRI-SH63432-FILTRO-HYDR-HIFI
OF72,T1637,FILTRO OLIO P502016 HIFI,https://e-commerce.michelecaroli.com/wso/pages/user/wso0205.jsf?idaa=344931&codart=T1637&marart=230&seopth=HIFI-FILTRI-T1637-FILTRO-OLIO-P502016-HIFI
OF70,51675,FILTRO OLIO,https://e-commerce.michelecaroli.com/wso/pages/user/wso0205.jsf?idaa=368542&codart=51675&marart=218&seopth=WIX-INDUSTRIAL-HD-51675-FILTRO-OLIO
OF7,SP-907,FILTRO OLIO,https://e-commerce.michelecaroli.com/wso/pages/user/wso0205.jsf?idaa=466379&codart=SP-907&marart=ALCO&seopth=ALCO-SP-907-FILTRO-OLIO
OF604,SO1594,FILTRO OLIO P550183 HIFI,https://e-commerce.michelecaroli.com/wso/pages/user/wso0205.jsf?idaa=300845&codart=SO1594&marart=230&seopth=HIFI-FILTRI-SO1594-FILTRO-OLIO-P550183-HIFI
OF553,51302E,FILTRO OLIO P550052,https://e-commerce.michelecaroli.com/wso/pages/user/wso0205.jsf?idaa=369112&codart=51302E&marart=218&seopth=WIX-INDUSTRIAL-HD-51302E-FILTRO-OLIO-P550052
OF552,51302E,FILTRO OLIO P550052,https://e-commerce.michelecaroli.com/wso/pages/user/wso0205.jsf?idaa=369112&codart=51302E&marart=218&seopth=WIX-INDUSTRIAL-HD-51302E-FILTRO-OLIO-P550052
OF55,51368,FILTRO OLIO,https://e-commerce.michelecaroli.com/wso/pages/user/wso0205.jsf?idaa=368288&codart=51368&marart=218&seopth=WIX-INDUSTRIAL-HD-51368-FILTRO-OLIO
OF5230,SA7005,FILTRO ARIA HIFI,https://e-commerce.michelecaroli.com/wso/pages/user/wso0205.jsf?idaa=291036&codart=SA7005&marart=230&seopth=HIFI-FILTRI-SA7005-FILTRO-ARIA-HIFI
OF51,T8204,FILTRO OLIO P502051 HIFI,https://e-commerce.michelecaroli.com/wso/pages/user/wso0205.jsf?idaa=395356&codart=T8204&marart=230&seopth=HIFI-FILTRI-T8204-FILTRO-OLIO-P502051-HIFI
OF51,T8204,FILTRO OLIO P502051 HIFI,https://e-commerce.michelecaroli.com/wso/pages/user/wso0205.jsf?idaa=395356&codart=T8204&marart=230&seopth=HIFI-FILTRI-T8204-FILTRO-OLIO-P502051-HIFI
OF50,P502020,"LUBE FILTER, SPIN-ON FULL FLOW",https://e-commerce.michelecaroli.com/wso/pages/user/wso0205.jsf?idaa=441443&codart=P502020&marart=227&seopth=DONALDSON-FILTRI-P502020-LUBE-FILTER-SPIN-ON-FULL-FLOW
OF4872,SO10034,,https://e-commerce.michelecaroli.com/wso/pages/user/wso0205.jsf?idaa=300686&codart=SO10034&marart=230&seopth=HIFI-FILTRI-SO10034-FILTRO-OLIO-P550371-HIFI
OF47,SO780,FILTRO OLIO P550047 HIFI,https://e-commerce.michelecaroli.com/wso/pages/user/wso0205.jsf?idaa=301372&codart=SO780&marart=230&seopth=HIFI-FILTRI-SO780-FILTRO-OLIO-P550047-HIFI
OF4670,23.127.00,FILTRO OLIO UFI 23.127.00,https://e-commerce.michelecaroli.com/wso/pages/user/wso0205.jsf?idaa=149367&codart=23.127.00&marart=UFIHD&seopth=UFI-HD-23-127-00-FILTRO-OLIO-UFI-23-127-00
OF4651,P550965,FILTRO OLIO,https://e-commerce.michelecaroli.com/wso/pages/user/wso0205.jsf?idaa=156876&codart=P550965&marart=227&seopth=DONALDSON-FILTRI-P550965-FILTRO-OLIO
OF456,MD-013,FILTRO OLIO,https://e-commerce.michelecaroli.com/wso/pages/user/wso0205.jsf?idaa=463424&codart=MD-013&marart=ALCO&seopth=ALCO-MD-013-FILTRO-OLIO
OF4457,T1624,FILTRO OLIO P550227 HIFI,https://e-commerce.michelecaroli.com/wso/pages/user/wso0205.jsf?idaa=395320&codart=T1624&marart=230&seopth=HIFI-FILTRI-T1624-FILTRO-OLIO-P550227-HIFI
OF44,51042,FILTRO OLIO,https://e-commerce.michelecaroli.com/wso/pages/user/wso0205.jsf?idaa=368076&codart=51042&marart=218&seopth=WIX-INDUSTRIAL-HD-51042-FILTRO-OLIO
OF433,51076,FILTRO OLIO,https://e-commerce.michelecaroli.com/wso/pages/user/wso0205.jsf?idaa=368095&codart=51076&marart=218&seopth=WIX-INDUSTRIAL-HD-51076-FILTRO-OLIO
OF432,51010,FILTRO OLIO,https://e-commerce.michelecaroli.com/wso/pages/user/wso0205.jsf?idaa=368066&codart=51010&marart=218&seopth=WIX-INDUSTRIAL-HD-51010-FILTRO-OLIO
OF431,SO941,FILTRO OLIO P550361 HIFI,https://e-commerce.michelecaroli.com/wso/pages/user/wso0205.jsf?idaa=301517&codart=SO941&marart=230&seopth=HIFI-FILTRI-SO941-FILTRO-OLIO-P550361-HIFI
OF43,SO689,FILTRO OLIO P552518 HIFI,https://e-commerce.michelecaroli.com/wso/pages/user/wso0205.jsf?idaa=300375&codart=SO689&marart=230&seopth=HIFI-FILTRI-SO689-FILTRO-OLIO-P552518-HIFI
OF427,P502032,FILTRO OLIO DONALDSON P50-2032,https://e-commerce.michelecaroli.com/wso/pages/user/wso0205.jsf?idaa=155993&codart=P502032&marart=227&seopth=DONALDSON-FILTRI-P502032-FILTRO-OLIO-DONALDSON-P50-2032
OF426,51839,,https://e-commerce.michelecaroli.com/wso/pages/user/wso0205.jsf?idaa=368663&codart=51839&marart=218&seopth=WIX-INDUSTRIAL-HD-51839-FILTRO-OLIO
OF424,OF424,,https://e-commerce.michelecaroli.com/wso/pages/user/wso0205.jsf?idaa=67800&codart=OF424&marart=155&seopth=PERKINS-OF424-RACCORDO-UNION
OF424,OF424,,https://e-commerce.michelecaroli.com/wso/pages/user/wso0205.jsf?idaa=67800&codart=OF424&marart=155&seopth=PERKINS-OF424-RACCORDO-UNION
OF423,T6730,FILTRO OLIO P550067 HIFI,https://e-commerce.michelecaroli.com/wso/pages/user/wso0205.jsf?idaa=395343&codart=T6730&marart=230&seopth=HIFI-FILTRI-T6730-FILTRO-OLIO-P550067-HIFI
OF422,P550173,FILTRO OLIO ATTUALE P550935,https://e-commerce.michelecaroli.com/wso/pages/user/wso0205.jsf?idaa=156489&codart=P550173&marart=227&seopth=DONALDSON-FILTRI-P550173-FILTRO-OLIO-ATTUALE-P550935
OF422,P550173,FILTRO OLIO ATTUALE P550935,https://e-commerce.michelecaroli.com/wso/pages/user/wso0205.jsf?idaa=156489&codart=P550173&marart=227&seopth=DONALDSON-FILTRI-P550173-FILTRO-OLIO-ATTUALE-P550935
OF416,51794,FILTRO OLIO,https://e-commerce.michelecaroli.com/wso/pages/user/wso0205.jsf?idaa=368633&codart=51794&marart=218&seopth=WIX-INDUSTRIAL-HD-51794-FILTRO-OLIO
OF413,SP4464,,https://e-commerce.michelecaroli.com/wso/pages/user/wso0205.jsf?idaa=414708&codart=SP4464&marart=233&seopth=SF-FILTER-SP4464-FILTRO-OLIO
OF40A,51061,FILTRO OLIO,https://e-commerce.michelecaroli.com/wso/pages/user/wso0205.jsf?idaa=368085&codart=51061&marart=218&seopth=WIX-INDUSTRIAL-HD-51061-FILTRO-OLIO
OF409,51080,FILTRO OLIO,https://e-commerce.michelecaroli.com/wso/pages/user/wso0205.jsf?idaa=368097&codart=51080&marart=218&seopth=WIX-INDUSTRIAL-HD-51080-FILTRO-OLIO
OF408,51006E,,https://e-commerce.michelecaroli.com/wso/pages/user/wso0205.jsf?idaa=369088&codart=51006E&marart=218&seopth=WIX-INDUSTRIAL-HD-51006E-FILTRO-OLIO
OF407,SH56157,FILTRO HYDR. P550222 HIFI,https://e-commerce.michelecaroli.com/wso/pages/user/wso0205.jsf?idaa=294040&codart=SH56157&marart=230&seopth=HIFI-FILTRI-SH56157-FILTRO-HYDR-P550222-HIFI
OF406,P552471,FILTRO OLIO,https://e-commerce.michelecaroli.com/wso/pages/user/wso0205.jsf?idaa=311988&codart=P552471&marart=227&seopth=DONALDSON-FILTRI-P552471-FILTRO-OLIO
OF404,26540153,FILTRO OLIO/OIL FILTER,https://e-commerce.michelecaroli.com/wso/pages/user/wso0205.jsf?idaa=46765&codart=26540153&marart=155&seopth=PERKINS-26540153-FILTRO-OLIO-OIL-FILTER
OF4,51127,FILTRO IDRAULICO,https://e-commerce.michelecaroli.com/wso/pages/user/wso0205.jsf?idaa=368123&codart=51127&marart=218&seopth=WIX-INDUSTRIAL-HD-51127-FILTRO-IDRAULICO
OF356,SO633,FILTRO OLIO HIFI,https://e-commerce.michelecaroli.com/wso/pages/user/wso0205.jsf?idaa=300350&codart=SO633&marart=230&seopth=HIFI-FILTRI-SO633-FILTRO-OLIO-HIFI
OF355,SN158,FILTRO NAFTA HIFI,https://e-commerce.michelecaroli.com/wso/pages/user/wso0205.jsf?idaa=298904&codart=SN158&marart=230&seopth=HIFI-FILTRI-SN158-FILTRO-NAFTA-HIFI
OF354,SO633,FILTRO OLIO HIFI,https://e-commerce.michelecaroli.com/wso/pages/user/wso0205.jsf?idaa=300350&codart=SO633&marart=230&seopth=HIFI-FILTRI-SO633-FILTRO-OLIO-HIFI
OF3531,P502048,FILTRO OLIO,https://e-commerce.michelecaroli.com/wso/pages/user/wso0205.jsf?idaa=155998&codart=P502048&marart=227&seopth=DONALDSON-FILTRI-P502048-FILTRO-OLIO
OF351,SO633,FILTRO OLIO HIFI,https://e-commerce.michelecaroli.com/wso/pages/user/wso0205.jsf?idaa=300350&codart=SO633&marart=230&seopth=HIFI-FILTRI-SO633-FILTRO-OLIO-HIFI
OF33,P502072,FILTRO OLIO DONALDSON P50-2072,https://e-commerce.michelecaroli.com/wso/pages/user/wso0205.jsf?idaa=156006&codart=P502072&marart=227&seopth=DONALDSON-FILTRI-P502072-FILTRO-OLIO-DONALDSON-P50-2072
OF32010,P169019,"HYDRAULIC FILTER, STRAINER",https://e-commerce.michelecaroli.com/wso/pages/user/wso0205.jsf?idaa=441000&codart=P169019&marart=227&seopth=DONALDSON-FILTRI-P169019-HYDRAULIC-FILTER-STRAINER
OF320,P169019,"HYDRAULIC FILTER, STRAINER",https://e-commerce.michelecaroli.com/wso/pages/user/wso0205.jsf?idaa=441000&codart=P169019&marart=227&seopth=DONALDSON-FILTRI-P169019-HYDRAULIC-FILTER-STRAINER
OF32,51036,FILTRO OLIO P550051,https://e-commerce.michelecaroli.com/wso/pages/user/wso0205.jsf?idaa=368073&codart=51036&marart=218&seopth=WIX-INDUSTRIAL-HD-51036-FILTRO-OLIO-P550051
OF310,P502180,FILTRO OLIO DONALDSON AD IMMERSIONE,https://e-commerce.michelecaroli.com/wso/pages/user/wso0205.jsf?idaa=156036&codart=P502180&marart=227&seopth=DONALDSON-FILTRI-P502180-FILTRO-OLIO-DONALDSON-AD-IMMERSIONE
OF30,51042,FILTRO OLIO,https://e-commerce.michelecaroli.com/wso/pages/user/wso0205.jsf?idaa=368076&codart=51042&marart=218&seopth=WIX-INDUSTRIAL-HD-51042-FILTRO-OLIO
OF30,51042,FILTRO OLIO,https://e-commerce.michelecaroli.com/wso/pages/user/wso0205.jsf?idaa=368076&codart=51042&marart=218&seopth=WIX-INDUSTRIAL-HD-51042-FILTRO-OLIO
OF2849,SO8000,FILTRO OLIO HIFI,https://e-commerce.michelecaroli.com/wso/pages/user/wso0205.jsf?idaa=301383&codart=SO8000&marart=230&seopth=HIFI-FILTRI-SO8000-FILTRO-OLIO-HIFI
OF27,51042,FILTRO OLIO,https://e-commerce.michelecaroli.com/wso/pages/user/wso0205.jsf?idaa=368076&codart=51042&marart=218&seopth=WIX-INDUSTRIAL-HD-51042-FILTRO-OLIO
OF26,SP-907,FILTRO OLIO,https://e-commerce.michelecaroli.com/wso/pages/user/wso0205.jsf?idaa=466379&codart=SP-907&marart=ALCO&seopth=ALCO-SP-907-FILTRO-OLIO
OF252,SP-812,FILTRO OLIO,https://e-commerce.michelecaroli.com/wso/pages/user/wso0205.jsf?idaa=466312&codart=SP-812&marart=ALCO&seopth=ALCO-SP-812-FILTRO-OLIO
OF25,SP-915,FILTRO OLIO ALCO,https://e-commerce.michelecaroli.com/wso/pages/user/wso0205.jsf?idaa=466385&codart=SP-915&marart=ALCO&seopth=ALCO-SP-915-FILTRO-OLIO-ALCO
OF229,51006E,,https://e-commerce.michelecaroli.com/wso/pages/user/wso0205.jsf?idaa=369088&codart=51006E&marart=218&seopth=WIX-INDUSTRIAL-HD-51006E-FILTRO-OLIO
OF22,51049,FILTRO OLIO,https://e-commerce.michelecaroli.com/wso/pages/user/wso0205.jsf?idaa=368078&codart=51049&marart=218&seopth=WIX-INDUSTRIAL-HD-51049-FILTRO-OLIO
OF2167,P550095,FILTRO OLIO DONALDSON P55-0095 OBSO LETO,https://e-commerce.michelecaroli.com/wso/pages/user/wso0205.jsf?idaa=156453&codart=P550095&marart=227&seopth=DONALDSON-FILTRI-P550095-FILTRO-OLIO-DONALDSON-P55-0095-OBSO
OF2036,T8306,,https://e-commerce.michelecaroli.com/wso/pages/user/wso0205.jsf?idaa=395364&codart=T8306&marart=230&seopth=HIFI-FILTRI-T8306-FILTRO-OLIO-HIFI
OF2035,23.127.00,FILTRO OLIO UFI 23.127.00,https://e-commerce.michelecaroli.com/wso/pages/user/wso0205.jsf?idaa=149367&codart=23.127.00&marart=UFIHD&seopth=UFI-HD-23-127-00-FILTRO-OLIO-UFI-23-127-00
OF2033,P550173,FILTRO OLIO ATTUALE P550935,https://e-commerce.michelecaroli.com/wso/pages/user/wso0205.jsf?idaa=156489&codart=P550173&marart=227&seopth=DONALDSON-FILTRI-P550173-FILTRO-OLIO-ATTUALE-P550935
OF2032,SA7005,FILTRO ARIA HIFI,https://e-commerce.michelecaroli.com/wso/pages/user/wso0205.jsf?idaa=291036&codart=SA7005&marart=230&seopth=HIFI-FILTRI-SA7005-FILTRO-ARIA-HIFI
OF2028,SP-812,FILTRO OLIO,https://e-commerce.michelecaroli.com/wso/pages/user/wso0205.jsf?idaa=466312&codart=SP-812&marart=ALCO&seopth=ALCO-SP-812-FILTRO-OLIO
