Code searched,Matched code,Part Category on Michele,Link to Michele product
QSC236A,51076,FILTRO OLIO,https://e-commerce.michelecaroli.com/wso/pages/user/wso0205.jsf?idaa=368095&codart=51076&marart=218&seopth=WIX-INDUSTRIAL-HD-51076-FILTRO-OLIO
QSC236,51076,FILTRO OLIO,https://e-commerce.michelecaroli.com/wso/pages/user/wso0205.jsf?idaa=368095&codart=51076&marart=218&seopth=WIX-INDUSTRIAL-HD-51076-FILTRO-OLIO
QSC235,51153,FILTRO OLIO,https://e-commerce.michelecaroli.com/wso/pages/user/wso0205.jsf?idaa=368139&codart=51153&marart=218&seopth=WIX-INDUSTRIAL-HD-51153-FILTRO-OLIO
QSC211A,51954,FILTRO OLIO,https://e-commerce.michelecaroli.com/wso/pages/user/wso0205.jsf?idaa=368689&codart=51954&marart=218&seopth=WIX-INDUSTRIAL-HD-51954-FILTRO-OLIO
QSC211,51954,FILTRO OLIO,https://e-commerce.michelecaroli.com/wso/pages/user/wso0205.jsf?idaa=368689&codart=51954&marart=218&seopth=WIX-INDUSTRIAL-HD-51954-FILTRO-OLIO
QSC21,51006E,,https://e-commerce.michelecaroli.com/wso/pages/user/wso0205.jsf?idaa=369088&codart=51006E&marart=218&seopth=WIX-INDUSTRIAL-HD-51006E-FILTRO-OLIO
QSC191A,1R0659,,https://e-commerce.michelecaroli.com/wso/pages/user/wso0205.jsf?idaa=146663&codart=1R0659&marart=222&seopth=FILTRI-VARI-1R0659-FILTRO-OLIO-CAT
QSC191,1R0659,,https://e-commerce.michelecaroli.com/wso/pages/user/wso0205.jsf?idaa=146663&codart=1R0659&marart=222&seopth=FILTRI-VARI-1R0659-FILTRO-OLIO-CAT
QSC1701,P551296,FILTRO OLIO DONALDSON P55-1296,https://e-commerce.michelecaroli.com/wso/pages/user/wso0205.jsf?idaa=157656&codart=P551296&marart=227&seopth=DONALDSON-FILTRI-P551296-FILTRO-OLIO-DONALDSON-P55-1296
QSC1696,P551296,FILTRO OLIO DONALDSON P55-1296,https://e-commerce.michelecaroli.com/wso/pages/user/wso0205.jsf?idaa=157656&codart=P551296&marart=227&seopth=DONALDSON-FILTRI-P551296-FILTRO-OLIO-DONALDSON-P55-1296
QSC1694,P558877,FILTRO HYDR.DONALDSON P55-8877,https://e-commerce.michelecaroli.com/wso/pages/user/wso0205.jsf?idaa=157197&codart=P558877&marart=227&seopth=DONALDSON-FILTRI-P558877-FILTRO-HYDR-DONALDSON-P55-8877
QSC1685,51373,FILTRO IDRAULICO,https://e-commerce.michelecaroli.com/wso/pages/user/wso0205.jsf?idaa=368291&codart=51373&marart=218&seopth=WIX-INDUSTRIAL-HD-51373-FILTRO-IDRAULICO
QSC14,P551014,FILTRO OLIO DONALDSON P55-1014,https://e-commerce.michelecaroli.com/wso/pages/user/wso0205.jsf?idaa=156890&codart=P551014&marart=227&seopth=DONALDSON-FILTRI-P551014-FILTRO-OLIO-DONALDSON-P55-1014
QSC127,SN109,FILTRO NAFTA P553261 HIFI,https://e-commerce.michelecaroli.com/wso/pages/user/wso0205.jsf?idaa=298873&codart=SN109&marart=230&seopth=HIFI-FILTRI-SN109-FILTRO-NAFTA-P553261-HIFI
QSC1189,95125E,,https://e-commerce.michelecaroli.com/wso/pages/user/wso0205.jsf?idaa=369668&codart=95125E&marart=218&seopth=WIX-INDUSTRIAL-HD-95125E-FILTRO-NAFTA
QSC1188,33539,FILTRO NAFTA,https://e-commerce.michelecaroli.com/wso/pages/user/wso0205.jsf?idaa=365948&codart=33539&marart=218&seopth=WIX-INDUSTRIAL-HD-33539-FILTRO-NAFTA
QSC1175,33512,FILTRO NAFTA,https://e-commerce.michelecaroli.com/wso/pages/user/wso0205.jsf?idaa=365932&codart=33512&marart=218&seopth=WIX-INDUSTRIAL-HD-33512-FILTRO-NAFTA
QSC1174,33073,FILTRO NAFTA,https://e-commerce.michelecaroli.com/wso/pages/user/wso0205.jsf?idaa=365761&codart=33073&marart=218&seopth=WIX-INDUSTRIAL-HD-33073-FILTRO-NAFTA
QSC1173,SN109,FILTRO NAFTA P553261 HIFI,https://e-commerce.michelecaroli.com/wso/pages/user/wso0205.jsf?idaa=298873&codart=SN109&marart=230&seopth=HIFI-FILTRI-SN109-FILTRO-NAFTA-P553261-HIFI
QSC1169,SN111,FILTRO NAFTA P550552 HIFI,https://e-commerce.michelecaroli.com/wso/pages/user/wso0205.jsf?idaa=298875&codart=SN111&marart=230&seopth=HIFI-FILTRI-SN111-FILTRO-NAFTA-P550552-HIFI
QSAK584,SA10439K,FILTRO ARIA P130770 HIFI,https://e-commerce.michelecaroli.com/wso/pages/user/wso0205.jsf?idaa=336025&codart=SA10439K&marart=230&seopth=HIFI-FILTRI-SA10439K-FILTRO-ARIA-P130770-HIFI
QSAK579,P181067,FILTRO ARIA DONALDSON P18-1067 OBSOLETO,https://e-commerce.michelecaroli.com/wso/pages/user/wso0205.jsf?idaa=155829&codart=P181067&marart=227&seopth=DONALDSON-FILTRI-P181067-FILTRO-ARIA-DONALDSON-P18-1067
QSAK565,SA14009K,FILTRO ARIA HIFI,https://e-commerce.michelecaroli.com/wso/pages/user/wso0205.jsf?idaa=288854&codart=SA14009K&marart=230&seopth=HIFI-FILTRI-SA14009K-FILTRO-ARIA-HIFI
QSAK559,P181023,FILTRO ARIA DONALDSON P18-1023,https://e-commerce.michelecaroli.com/wso/pages/user/wso0205.jsf?idaa=155791&codart=P181023&marart=227&seopth=DONALDSON-FILTRI-P181023-FILTRO-ARIA-DONALDSON-P18-1023
QSAK558,42943,FILTRO ARIA NON FORNIBILE WIX,https://e-commerce.michelecaroli.com/wso/pages/user/wso0205.jsf?idaa=366915&codart=42943&marart=218&seopth=WIX-INDUSTRIAL-HD-42943-FILTRO-ARIA-NON-FORNIBILE-WIX
QSAK556,SA16239,FILTRO ARIA P136258 HIFI,https://e-commerce.michelecaroli.com/wso/pages/user/wso0205.jsf?idaa=289152&codart=SA16239&marart=230&seopth=HIFI-FILTRI-SA16239-FILTRO-ARIA-P136258-HIFI
QSAK553,SA10769K,FILTRO ARIA P108736# HIFI ABBIMNATO CON SA14762,https://e-commerce.michelecaroli.com/wso/pages/user/wso0205.jsf?idaa=336046&codart=SA10769K&marart=230&seopth=HIFI-FILTRI-SA10769K-FILTRO-ARIA-P108736-HIFI
QSAK546,SA10384K,FILTRO ARIA ESTERNO P772545 HIFI ACCOPPIATO CON SA10754,https://e-commerce.michelecaroli.com/wso/pages/user/wso0205.jsf?idaa=336010&codart=SA10384K&marart=230&seopth=HIFI-FILTRI-SA10384K-FILTRO-ARIA-ESTERNO-P772545-HIFI
QSAK539,P181077,FILTRO ARIA DONALDSON PI8-1077,https://e-commerce.michelecaroli.com/wso/pages/user/wso0205.jsf?idaa=155836&codart=P181077&marart=227&seopth=DONALDSON-FILTRI-P181077-FILTRO-ARIA-DONALDSON-PI8-1077
QSAK532,42139,FILTRO ARIA,https://e-commerce.michelecaroli.com/wso/pages/user/wso0205.jsf?idaa=366351&codart=42139&marart=218&seopth=WIX-INDUSTRIAL-HD-42139-FILTRO-ARIA
QSAK530,MD-566K,FILTRO ARIA,https://e-commerce.michelecaroli.com/wso/pages/user/wso0205.jsf?idaa=464017&codart=MD-566K&marart=ALCO&seopth=ALCO-MD-566K-FILTRO-ARIA
QSAK508,42540,FILTRO ARIA,https://e-commerce.michelecaroli.com/wso/pages/user/wso0205.jsf?idaa=366604&codart=42540&marart=218&seopth=WIX-INDUSTRIAL-HD-42540-FILTRO-ARIA
QSAK5052S,SA10385K,FILTRO ARIA P181050# HIFI ABBINATO CON SA14762,https://e-commerce.michelecaroli.com/wso/pages/user/wso0205.jsf?idaa=336011&codart=SA10385K&marart=230&seopth=HIFI-FILTRI-SA10385K-FILTRO-ARIA-P181050-HIFI
QSAK503,42914,FILTRO ARIA,https://e-commerce.michelecaroli.com/wso/pages/user/wso0205.jsf?idaa=366890&codart=42914&marart=218&seopth=WIX-INDUSTRIAL-HD-42914-FILTRO-ARIA
QSAK3243,P606067,FILTRO ARIA DONALDSON P60-6067,https://e-commerce.michelecaroli.com/wso/pages/user/wso0205.jsf?idaa=157323&codart=P606067&marart=227&seopth=DONALDSON-FILTRI-P606067-FILTRO-ARIA-DONALDSON-P60-6067
QSAK289,P131359,FILTRO ARIA DONALDSON P13-1359,https://e-commerce.michelecaroli.com/wso/pages/user/wso0205.jsf?idaa=154725&codart=P131359&marart=227&seopth=DONALDSON-FILTRI-P131359-FILTRO-ARIA-DONALDSON-P13-1359
QSAK281,P110854,FILTRO ARIA DONALDSON PI1-0854 OBSOLETO,https://e-commerce.michelecaroli.com/wso/pages/user/wso0205.jsf?idaa=154558&codart=P110854&marart=227&seopth=DONALDSON-FILTRI-P110854-FILTRO-ARIA-DONALDSON-PI1-0854
QSAK278,SA10785K,,https://e-commerce.michelecaroli.com/wso/pages/user/wso0205.jsf?idaa=355491&codart=SA10785K&marart=230&seopth=HIFI-FILTRI-SA10785K-FILTRO-ARIA-P113703-HIFI
QSAK275,42212,FILTRO ARIA,https://e-commerce.michelecaroli.com/wso/pages/user/wso0205.jsf?idaa=366381&codart=42212&marart=218&seopth=WIX-INDUSTRIAL-HD-42212-FILTRO-ARIA
QSAK259,P182000,"AIR FILTER, PRIMARY FINNED",https://e-commerce.michelecaroli.com/wso/pages/user/wso0205.jsf?idaa=441114&codart=P182000&marart=227&seopth=DONALDSON-FILTRI-P182000-AIR-FILTER-PRIMARY-FINNED
QSAK257,P182001,FILTRO ARIA,https://e-commerce.michelecaroli.com/wso/pages/user/wso0205.jsf?idaa=313753&codart=P182001&marart=227&seopth=DONALDSON-FILTRI-P182001-FILTRO-ARIA
QSAK256,SA10385K,FILTRO ARIA P181050# HIFI ABBINATO CON SA14762,https://e-commerce.michelecaroli.com/wso/pages/user/wso0205.jsf?idaa=336011&codart=SA10385K&marart=230&seopth=HIFI-FILTRI-SA10385K-FILTRO-ARIA-P181050-HIFI
QSAK254,P182045,,https://e-commerce.michelecaroli.com/wso/pages/user/wso0205.jsf?idaa=155911&codart=P182045&marart=227&seopth=DONALDSON-FILTRI-P182045-FILTRO-ARIA-SOSTITUITO-DA-P181045
QSAK253,MD-192K,FILTRO ARIA ALCO,https://e-commerce.michelecaroli.com/wso/pages/user/wso0205.jsf?idaa=463524&codart=MD-192K&marart=ALCO&seopth=ALCO-MD-192K-FILTRO-ARIA-ALCO
QSAK1563,SA10385K,FILTRO ARIA P181050# HIFI ABBINATO CON SA14762,https://e-commerce.michelecaroli.com/wso/pages/user/wso0205.jsf?idaa=336011&codart=SA10385K&marart=230&seopth=HIFI-FILTRI-SA10385K-FILTRO-ARIA-P181050-HIFI
QSAK1545,SA10785K,,https://e-commerce.michelecaroli.com/wso/pages/user/wso0205.jsf?idaa=355491&codart=SA10785K&marart=230&seopth=HIFI-FILTRI-SA10785K-FILTRO-ARIA-P113703-HIFI
QSAK1536,P181060,FILTRO ARIA DONALDSON P18-1060,https://e-commerce.michelecaroli.com/wso/pages/user/wso0205.jsf?idaa=155824&codart=P181060&marart=227&seopth=DONALDSON-FILTRI-P181060-FILTRO-ARIA-DONALDSON-P18-1060
QSAK1531,MD-7392K,FILTRO ARIA,https://e-commerce.michelecaroli.com/wso/pages/user/wso0205.jsf?idaa=464238&codart=MD-7392K&marart=ALCO&seopth=ALCO-MD-7392K-FILTRO-ARIA
QSAK1530,42202,FILTRO ARIA,https://e-commerce.michelecaroli.com/wso/pages/user/wso0205.jsf?idaa=366375&codart=42202&marart=218&seopth=WIX-INDUSTRIAL-HD-42202-FILTRO-ARIA
QSAK1518,SA10384K,FILTRO ARIA ESTERNO P772545 HIFI ACCOPPIATO CON SA10754,https://e-commerce.michelecaroli.com/wso/pages/user/wso0205.jsf?idaa=336010&codart=SA10384K&marart=230&seopth=HIFI-FILTRI-SA10384K-FILTRO-ARIA-ESTERNO-P772545-HIFI
QSA9269,46573,FILTRO ARIA,https://e-commerce.michelecaroli.com/wso/pages/user/wso0205.jsf?idaa=367329&codart=46573&marart=218&seopth=WIX-INDUSTRIAL-HD-46573-FILTRO-ARIA
QSA8755,42487,FILTRO ARIA,https://e-commerce.michelecaroli.com/wso/pages/user/wso0205.jsf?idaa=366554&codart=42487&marart=218&seopth=WIX-INDUSTRIAL-HD-42487-FILTRO-ARIA
QSA8037,P536732,FILTRO ARIA,https://e-commerce.michelecaroli.com/wso/pages/user/wso0205.jsf?idaa=157022&codart=P536732&marart=227&seopth=DONALDSON-FILTRI-P536732-FILTRO-ARIA
QSA7774,SA6063,FILTRO ARIA HIFI,https://e-commerce.michelecaroli.com/wso/pages/user/wso0205.jsf?idaa=290925&codart=SA6063&marart=230&seopth=HIFI-FILTRI-SA6063-FILTRO-ARIA-HIFI
QSA77,SA10793,FILTRO ARIA P528231 HIFI 152X108X50 MM.,https://e-commerce.michelecaroli.com/wso/pages/user/wso0205.jsf?idaa=336055&codart=SA10793&marart=230&seopth=HIFI-FILTRI-SA10793-FILTRO-ARIA-P528231-HIFI
QSA7640,SA6067,FILTRO ARIA HIFI,https://e-commerce.michelecaroli.com/wso/pages/user/wso0205.jsf?idaa=290929&codart=SA6067&marart=230&seopth=HIFI-FILTRI-SA6067-FILTRO-ARIA-HIFI
QSA7614,46390,FILTRO ARIA,https://e-commerce.michelecaroli.com/wso/pages/user/wso0205.jsf?idaa=367173&codart=46390&marart=218&seopth=WIX-INDUSTRIAL-HD-46390-FILTRO-ARIA
QSA7421,46117,FILTRO ARIA,https://e-commerce.michelecaroli.com/wso/pages/user/wso0205.jsf?idaa=367015&codart=46117&marart=218&seopth=WIX-INDUSTRIAL-HD-46117-FILTRO-ARIA
QSA70,42370,FILTRO ARIA,https://e-commerce.michelecaroli.com/wso/pages/user/wso0205.jsf?idaa=366478&codart=42370&marart=218&seopth=WIX-INDUSTRIAL-HD-42370-FILTRO-ARIA
QSA6690,P606060,"FILTRO ABITACOLO 169X249,17X50,55 DONALDSON",https://e-commerce.michelecaroli.com/wso/pages/user/wso0205.jsf?idaa=442308&codart=P606060&marart=227&seopth=DONALDSON-FILTRI-P606060-FILTRO-ABITACOLO-169X249-17X50-55
QSA595,P182008,FILTRO ARIA,https://e-commerce.michelecaroli.com/wso/pages/user/wso0205.jsf?idaa=313754&codart=P182008&marart=227&seopth=DONALDSON-FILTRI-P182008-FILTRO-ARIA
QSA588,P136407,,https://e-commerce.michelecaroli.com/wso/pages/user/wso0205.jsf?idaa=154761&codart=P136407&marart=227&seopth=DONALDSON-FILTRI-P136407-FILTRO-ARIA-DONALDSON-P13-6407
QSA586,SA16168,FILTRO ARIA HIFI,https://e-commerce.michelecaroli.com/wso/pages/user/wso0205.jsf?idaa=289111&codart=SA16168&marart=230&seopth=HIFI-FILTRI-SA16168-FILTRO-ARIA-HIFI
QSA578,42954,FILTRO ARIA,https://e-commerce.michelecaroli.com/wso/pages/user/wso0205.jsf?idaa=366923&codart=42954&marart=218&seopth=WIX-INDUSTRIAL-HD-42954-FILTRO-ARIA
QSA575,42695,FILTRO ARIA,https://e-commerce.michelecaroli.com/wso/pages/user/wso0205.jsf?idaa=366737&codart=42695&marart=218&seopth=WIX-INDUSTRIAL-HD-42695-FILTRO-ARIA
QSA573,42440,FILTRO ARIA,https://e-commerce.michelecaroli.com/wso/pages/user/wso0205.jsf?idaa=366527&codart=42440&marart=218&seopth=WIX-INDUSTRIAL-HD-42440-FILTRO-ARIA
QSA572,42627,FILTRO ARIA,https://e-commerce.michelecaroli.com/wso/pages/user/wso0205.jsf?idaa=366678&codart=42627&marart=218&seopth=WIX-INDUSTRIAL-HD-42627-FILTRO-ARIA
QSA563,P182044,FILTRO ARIA DONALDSON ABBINATO CON FILTRO INTERNO P119371,https://e-commerce.michelecaroli.com/wso/pages/user/wso0205.jsf?idaa=155910&codart=P182044&marart=227&seopth=DONALDSON-FILTRI-P182044-FILTRO-ARIA-DONALDSON
QSA552,42114,,https://e-commerce.michelecaroli.com/wso/pages/user/wso0205.jsf?idaa=366329&codart=42114&marart=218&seopth=WIX-INDUSTRIAL-HD-42114-FILTRO-ARIA
QSA550,P528219,FILTRO ARIA DONALDSON P52-8219,https://e-commerce.michelecaroli.com/wso/pages/user/wso0205.jsf?idaa=156233&codart=P528219&marart=227&seopth=DONALDSON-FILTRI-P528219-FILTRO-ARIA-DONALDSON-P52-8219
QSA542,42976,FILTRO ARIA,https://e-commerce.michelecaroli.com/wso/pages/user/wso0205.jsf?idaa=366938&codart=42976&marart=218&seopth=WIX-INDUSTRIAL-HD-42976-FILTRO-ARIA
QSA536,42128,FILTRO ARIA,https://e-commerce.michelecaroli.com/wso/pages/user/wso0205.jsf?idaa=366342&codart=42128&marart=218&seopth=WIX-INDUSTRIAL-HD-42128-FILTRO-ARIA
QSA535,93349E,FILTRO ARIA P181041,https://e-commerce.michelecaroli.com/wso/pages/user/wso0205.jsf?idaa=369573&codart=93349E&marart=218&seopth=WIX-INDUSTRIAL-HD-93349E-FILTRO-ARIA-P181041
QSA534,P136254,FILTRO ARIA DONALDSON P13-6254,https://e-commerce.michelecaroli.com/wso/pages/user/wso0205.jsf?idaa=154752&codart=P136254&marart=227&seopth=DONALDSON-FILTRI-P136254-FILTRO-ARIA-DONALDSON-P13-6254
QSA524,P117624,NON ORDINABILE MINIMO 32 PZ,https://e-commerce.michelecaroli.com/wso/pages/user/wso0205.jsf?idaa=154607&codart=P117624&marart=227&seopth=DONALDSON-FILTRI-P117624-NON-ORDINABILE-MINIMO-32-PZ
QSA523,42119,FILTRO ARIA P181034/P182034,https://e-commerce.michelecaroli.com/wso/pages/user/wso0205.jsf?idaa=366333&codart=42119&marart=218&seopth=WIX-INDUSTRIAL-HD-42119-FILTRO-ARIA-P181034-P182034
QSA507,P182046,FILTRO ARIA DONALDSON P18-2046 ABBINATO C/FILTRO INTERNO P119373,https://e-commerce.michelecaroli.com/wso/pages/user/wso0205.jsf?idaa=155912&codart=P182046&marart=227&seopth=DONALDSON-FILTRI-P182046-FILTRO-ARIA-DONALDSON-P18-2046
QSA506,42316,FILTRO ARIA,https://e-commerce.michelecaroli.com/wso/pages/user/wso0205.jsf?idaa=366449&codart=42316&marart=218&seopth=WIX-INDUSTRIAL-HD-42316-FILTRO-ARIA
QSA502,MD-290,FILTRO ARIA,https://e-commerce.michelecaroli.com/wso/pages/user/wso0205.jsf?idaa=463573&codart=MD-290&marart=ALCO&seopth=ALCO-MD-290-FILTRO-ARIA
QSA4939,SA1216,,https://e-commerce.michelecaroli.com/wso/pages/user/wso0205.jsf?idaa=336443&codart=SA1216&marart=230&seopth=HIFI-FILTRI-SA1216-FILTRO-ARIA-HIFI
QSA4828,SA14550,FILTRO ARIA HIFI,https://e-commerce.michelecaroli.com/wso/pages/user/wso0205.jsf?idaa=399011&codart=SA14550&marart=230&seopth=HIFI-FILTRI-SA14550-FILTRO-ARIA-HIFI
QSA4778,20224,FILTRO ARIA JAPKO,https://e-commerce.michelecaroli.com/wso/pages/user/wso0205.jsf?idaa=509307&codart=20224&marart=JAPKO&seopth=JAPKO-20224-FILTRO-ARIA-JAPKO
QSA45512,42846,FILTRO ARIA,https://e-commerce.michelecaroli.com/wso/pages/user/wso0205.jsf?idaa=366848&codart=42846&marart=218&seopth=WIX-INDUSTRIAL-HD-42846-FILTRO-ARIA
QSA45090,46440,FILTRO ARIA,https://e-commerce.michelecaroli.com/wso/pages/user/wso0205.jsf?idaa=367213&codart=46440&marart=218&seopth=WIX-INDUSTRIAL-HD-46440-FILTRO-ARIA
QSA45047,SA6067,FILTRO ARIA HIFI,https://e-commerce.michelecaroli.com/wso/pages/user/wso0205.jsf?idaa=290929&codart=SA6067&marart=230&seopth=HIFI-FILTRI-SA6067-FILTRO-ARIA-HIFI
QSA3914,46316,FILTRO ARIA,https://e-commerce.michelecaroli.com/wso/pages/user/wso0205.jsf?idaa=367122&codart=46316&marart=218&seopth=WIX-INDUSTRIAL-HD-46316-FILTRO-ARIA
QSA376,SA1304,,https://e-commerce.michelecaroli.com/wso/pages/user/wso0205.jsf?idaa=288799&codart=SA1304&marart=230&seopth=HIFI-FILTRI-SA1304-FILTRO-ARIA-P526756-HIFI
QSA371,42933,,https://e-commerce.michelecaroli.com/wso/pages/user/wso0205.jsf?idaa=366908&codart=42933&marart=218&seopth=WIX-INDUSTRIAL-HD-42933-FILTRO-ARIA
QSA3660,SA7005,FILTRO ARIA HIFI,https://e-commerce.michelecaroli.com/wso/pages/user/wso0205.jsf?idaa=291036&codart=SA7005&marart=230&seopth=HIFI-FILTRI-SA7005-FILTRO-ARIA-HIFI
QSA3647,P524386,,https://e-commerce.michelecaroli.com/wso/pages/user/wso0205.jsf?idaa=156154&codart=P524386&marart=227&seopth=DONALDSON-FILTRI-P524386-FILTRO-ARIA-DONALDSON-P52-4386
QSA3559,SA11723,FILTRO ARIA P524382 HIFI,https://e-commerce.michelecaroli.com/wso/pages/user/wso0205.jsf?idaa=336237&codart=SA11723&marart=230&seopth=HIFI-FILTRI-SA11723-FILTRO-ARIA-P524382-HIFI
QSA3492,42096,FILTRO ARIA,https://e-commerce.michelecaroli.com/wso/pages/user/wso0205.jsf?idaa=366311&codart=42096&marart=218&seopth=WIX-INDUSTRIAL-HD-42096-FILTRO-ARIA
QSA34883,46316,FILTRO ARIA,https://e-commerce.michelecaroli.com/wso/pages/user/wso0205.jsf?idaa=367122&codart=46316&marart=218&seopth=WIX-INDUSTRIAL-HD-46316-FILTRO-ARIA
QSA34879,SA6063,FILTRO ARIA HIFI,https://e-commerce.michelecaroli.com/wso/pages/user/wso0205.jsf?idaa=290925&codart=SA6063&marart=230&seopth=HIFI-FILTRI-SA6063-FILTRO-ARIA-HIFI
QSA3441,SA7005,FILTRO ARIA HIFI,https://e-commerce.michelecaroli.com/wso/pages/user/wso0205.jsf?idaa=291036&codart=SA7005&marart=230&seopth=HIFI-FILTRI-SA7005-FILTRO-ARIA-HIFI
QSA326,P524355,FILTRO ARIA DONALDSON P52-4355 OBSOLETO,https://e-commerce.michelecaroli.com/wso/pages/user/wso0205.jsf?idaa=156142&codart=P524355&marart=227&seopth=DONALDSON-FILTRI-P524355-FILTRO-ARIA-DONALDSON-P52-4355
QSA324,42116,FILTRO ARIA,https://e-commerce.michelecaroli.com/wso/pages/user/wso0205.jsf?idaa=366331&codart=42116&marart=218&seopth=WIX-INDUSTRIAL-HD-42116-FILTRO-ARIA
QSA3216,P110852,FILTRO ARIA OBSOLETO,https://e-commerce.michelecaroli.com/wso/pages/user/wso0205.jsf?idaa=154556&codart=P110852&marart=227&seopth=DONALDSON-FILTRI-P110852-FILTRO-ARIA
QSA3212,42014,FILTRO ARIA,https://e-commerce.michelecaroli.com/wso/pages/user/wso0205.jsf?idaa=366250&codart=42014&marart=218&seopth=WIX-INDUSTRIAL-HD-42014-FILTRO-ARIA
QSA303,P524358,FILTRO ARIA DONALDSON P52-4358 OBSOLETO,https://e-commerce.michelecaroli.com/wso/pages/user/wso0205.jsf?idaa=156145&codart=P524358&marart=227&seopth=DONALDSON-FILTRI-P524358-FILTRO-ARIA-DONALDSON-P52-4358
QSA293,P119184,FILTRO ARIA DONALDSON M11L-9184,https://e-commerce.michelecaroli.com/wso/pages/user/wso0205.jsf?idaa=154620&codart=P119184&marart=227&seopth=DONALDSON-FILTRI-P119184-FILTRO-ARIA-DONALDSON-M11L-9184
