Code searched,Matched code,Part Category on Michele,Link to Michele product
PER4514,51444,FILTRO OLIO,https://e-commerce.michelecaroli.com/wso/pages/user/wso0205.jsf?idaa=368341&codart=51444&marart=218&seopth=WIX-INDUSTRIAL-HD-51444-FILTRO-OLIO
PER4509F,33519,FILTRO NAFTA,https://e-commerce.michelecaroli.com/wso/pages/user/wso0205.jsf?idaa=365936&codart=33519&marart=218&seopth=WIX-INDUSTRIAL-HD-33519-FILTRO-NAFTA
PER4509,33519,FILTRO NAFTA,https://e-commerce.michelecaroli.com/wso/pages/user/wso0205.jsf?idaa=365936&codart=33519&marart=218&seopth=WIX-INDUSTRIAL-HD-33519-FILTRO-NAFTA
PER4476,P502020,"LUBE FILTER, SPIN-ON FULL FLOW",https://e-commerce.michelecaroli.com/wso/pages/user/wso0205.jsf?idaa=441443&codart=P502020&marart=227&seopth=DONALDSON-FILTRI-P502020-LUBE-FILTER-SPIN-ON-FULL-FLOW
PER4469F,SP-902,FILTRO CARB.,https://e-commerce.michelecaroli.com/wso/pages/user/wso0205.jsf?idaa=466374&codart=SP-902&marart=ALCO&seopth=ALCO-SP-902-FILTRO-CARB-
PER4466,SP-812,FILTRO OLIO,https://e-commerce.michelecaroli.com/wso/pages/user/wso0205.jsf?idaa=466312&codart=SP-812&marart=ALCO&seopth=ALCO-SP-812-FILTRO-OLIO
PER4465F,SN5132,FILTRO,https://e-commerce.michelecaroli.com/wso/pages/user/wso0205.jsf?idaa=438698&codart=SN5132&marart=230&seopth=HIFI-FILTRI-SN5132-FILTRO
PER4457,T1624,FILTRO OLIO P550227 HIFI,https://e-commerce.michelecaroli.com/wso/pages/user/wso0205.jsf?idaa=395320&codart=T1624&marart=230&seopth=HIFI-FILTRI-T1624-FILTRO-OLIO-P550227-HIFI
PER4423F,SN5038,FILTRO NAFTA P551329 HIFI,https://e-commerce.michelecaroli.com/wso/pages/user/wso0205.jsf?idaa=299361&codart=SN5038&marart=230&seopth=HIFI-FILTRI-SN5038-FILTRO-NAFTA-P551329-HIFI
PER4422,P551018,FILTRO OLIO,https://e-commerce.michelecaroli.com/wso/pages/user/wso0205.jsf?idaa=313776&codart=P551018&marart=227&seopth=DONALDSON-FILTRI-P551018-FILTRO-OLIO
PER4421,DBL7345,"LUBE FILTER, SPIN-ON FULL FLOW DONA",https://e-commerce.michelecaroli.com/wso/pages/user/wso0205.jsf?idaa=442419&codart=DBL7345&marart=227&seopth=DONALDSON-FILTRI-DBL7345-LUBE-FILTER-SPIN-ON-FULL-FLOW-DONA
PER44,33354,FILTRO NAFTA P551127,https://e-commerce.michelecaroli.com/wso/pages/user/wso0205.jsf?idaa=365345&codart=33354&marart=218&seopth=WIX-INDUSTRIAL-HD-33354-FILTRO-NAFTA-P551127
PER42M,T6720,FILTRO OLIO P550078 HIFI,https://e-commerce.michelecaroli.com/wso/pages/user/wso0205.jsf?idaa=395341&codart=T6720&marart=230&seopth=HIFI-FILTRI-T6720-FILTRO-OLIO-P550078-HIFI
PER42,T6720,FILTRO OLIO P550078 HIFI,https://e-commerce.michelecaroli.com/wso/pages/user/wso0205.jsf?idaa=395341&codart=T6720&marart=230&seopth=HIFI-FILTRI-T6720-FILTRO-OLIO-P550078-HIFI
PER41,SN183,FILTRO NAFTA P559100 HIFI,https://e-commerce.michelecaroli.com/wso/pages/user/wso0205.jsf?idaa=298906&codart=SN183&marart=230&seopth=HIFI-FILTRI-SN183-FILTRO-NAFTA-P559100-HIFI
PER40M,51061,FILTRO OLIO,https://e-commerce.michelecaroli.com/wso/pages/user/wso0205.jsf?idaa=368085&codart=51061&marart=218&seopth=WIX-INDUSTRIAL-HD-51061-FILTRO-OLIO
PER4011,51036,FILTRO OLIO P550051,https://e-commerce.michelecaroli.com/wso/pages/user/wso0205.jsf?idaa=368073&codart=51036&marart=218&seopth=WIX-INDUSTRIAL-HD-51036-FILTRO-OLIO-P550051
PER4007,51042,FILTRO OLIO,https://e-commerce.michelecaroli.com/wso/pages/user/wso0205.jsf?idaa=368076&codart=51042&marart=218&seopth=WIX-INDUSTRIAL-HD-51042-FILTRO-OLIO
PER4002,P502032,FILTRO OLIO DONALDSON P50-2032,https://e-commerce.michelecaroli.com/wso/pages/user/wso0205.jsf?idaa=155993&codart=P502032&marart=227&seopth=DONALDSON-FILTRI-P502032-FILTRO-OLIO-DONALDSON-P50-2032
PER4001,P550173,FILTRO OLIO ATTUALE P550935,https://e-commerce.michelecaroli.com/wso/pages/user/wso0205.jsf?idaa=156489&codart=P550173&marart=227&seopth=DONALDSON-FILTRI-P550173-FILTRO-OLIO-ATTUALE-P550935
PER4000,51061,FILTRO OLIO,https://e-commerce.michelecaroli.com/wso/pages/user/wso0205.jsf?idaa=368085&codart=51061&marart=218&seopth=WIX-INDUSTRIAL-HD-51061-FILTRO-OLIO
PER40,51061,FILTRO OLIO,https://e-commerce.michelecaroli.com/wso/pages/user/wso0205.jsf?idaa=368085&codart=51061&marart=218&seopth=WIX-INDUSTRIAL-HD-51061-FILTRO-OLIO
PER393,P550173,FILTRO OLIO ATTUALE P550935,https://e-commerce.michelecaroli.com/wso/pages/user/wso0205.jsf?idaa=156489&codart=P550173&marart=227&seopth=DONALDSON-FILTRI-P550173-FILTRO-OLIO-ATTUALE-P550935
PER39,P555627,FILTRO NAFTA DONALDSON P55-5627,https://e-commerce.michelecaroli.com/wso/pages/user/wso0205.jsf?idaa=157141&codart=P555627&marart=227&seopth=DONALDSON-FILTRI-P555627-FILTRO-NAFTA-DONALDSON-P55-5627
PER389F,33959,FILTRO NAFTA,https://e-commerce.michelecaroli.com/wso/pages/user/wso0205.jsf?idaa=366203&codart=33959&marart=218&seopth=WIX-INDUSTRIAL-HD-33959-FILTRO-NAFTA
PER388F,33958,FILTRO NAFTA P550958,https://e-commerce.michelecaroli.com/wso/pages/user/wso0205.jsf?idaa=366202&codart=33958&marart=218&seopth=WIX-INDUSTRIAL-HD-33958-FILTRO-NAFTA-P550958
PER38,P552253,FILTRO NAFTA DONALDSON P55-2253,https://e-commerce.michelecaroli.com/wso/pages/user/wso0205.jsf?idaa=157038&codart=P552253&marart=227&seopth=DONALDSON-FILTRI-P552253-FILTRO-NAFTA-DONALDSON-P55-2253
PER375F,SP-902,FILTRO CARB.,https://e-commerce.michelecaroli.com/wso/pages/user/wso0205.jsf?idaa=466374&codart=SP-902&marart=ALCO&seopth=ALCO-SP-902-FILTRO-CARB-
PER375,SP-902,FILTRO CARB.,https://e-commerce.michelecaroli.com/wso/pages/user/wso0205.jsf?idaa=466374&codart=SP-902&marart=ALCO&seopth=ALCO-SP-902-FILTRO-CARB-
PER373,T1624,FILTRO OLIO P550227 HIFI,https://e-commerce.michelecaroli.com/wso/pages/user/wso0205.jsf?idaa=395320&codart=T1624&marart=230&seopth=HIFI-FILTRI-T1624-FILTRO-OLIO-P550227-HIFI
PER37,33367,FILTRO NAFTA WIX,https://e-commerce.michelecaroli.com/wso/pages/user/wso0205.jsf?idaa=365399&codart=33367&marart=218&seopth=WIX-INDUSTRIAL-HD-33367-FILTRO-NAFTA-WIX
PER362,SP-812,FILTRO OLIO,https://e-commerce.michelecaroli.com/wso/pages/user/wso0205.jsf?idaa=466312&codart=SP-812&marart=ALCO&seopth=ALCO-SP-812-FILTRO-OLIO
PER36,33367,FILTRO NAFTA WIX,https://e-commerce.michelecaroli.com/wso/pages/user/wso0205.jsf?idaa=365399&codart=33367&marart=218&seopth=WIX-INDUSTRIAL-HD-33367-FILTRO-NAFTA-WIX
PER357F,FT7220,FILTRO NAFTA P550049 HIFI,https://e-commerce.michelecaroli.com/wso/pages/user/wso0205.jsf?idaa=394792&codart=FT7220&marart=230&seopth=HIFI-FILTRI-FT7220-FILTRO-NAFTA-P550049-HIFI
PER35,SN196,FILTRO NAFTA P552251 HIFI,https://e-commerce.michelecaroli.com/wso/pages/user/wso0205.jsf?idaa=298910&codart=SN196&marart=230&seopth=HIFI-FILTRI-SN196-FILTRO-NAFTA-P552251-HIFI
PER349,P550173,FILTRO OLIO ATTUALE P550935,https://e-commerce.michelecaroli.com/wso/pages/user/wso0205.jsf?idaa=156489&codart=P550173&marart=227&seopth=DONALDSON-FILTRI-P550173-FILTRO-OLIO-ATTUALE-P550935
PER343,51839,,https://e-commerce.michelecaroli.com/wso/pages/user/wso0205.jsf?idaa=368663&codart=51839&marart=218&seopth=WIX-INDUSTRIAL-HD-51839-FILTRO-OLIO
PER34,P552253,FILTRO NAFTA DONALDSON P55-2253,https://e-commerce.michelecaroli.com/wso/pages/user/wso0205.jsf?idaa=157038&codart=P552253&marart=227&seopth=DONALDSON-FILTRI-P552253-FILTRO-NAFTA-DONALDSON-P55-2253
PER33M,51049,FILTRO OLIO,https://e-commerce.michelecaroli.com/wso/pages/user/wso0205.jsf?idaa=368078&codart=51049&marart=218&seopth=WIX-INDUSTRIAL-HD-51049-FILTRO-OLIO
PER338,T6720,FILTRO OLIO P550078 HIFI,https://e-commerce.michelecaroli.com/wso/pages/user/wso0205.jsf?idaa=395341&codart=T6720&marart=230&seopth=HIFI-FILTRI-T6720-FILTRO-OLIO-P550078-HIFI
PER337,T1624,FILTRO OLIO P550227 HIFI,https://e-commerce.michelecaroli.com/wso/pages/user/wso0205.jsf?idaa=395320&codart=T1624&marart=230&seopth=HIFI-FILTRI-T1624-FILTRO-OLIO-P550227-HIFI
PER336F,33358SE,FILTRO GASOLIO P553004,https://e-commerce.michelecaroli.com/wso/pages/user/wso0205.jsf?idaa=348479&codart=33358SE&marart=219&seopth=WIX-AUTO-FILTRI-33358SE-FILTRO-GASOLIO-P553004
PER330H,51273,FILTRO IDRAULICO,https://e-commerce.michelecaroli.com/wso/pages/user/wso0205.jsf?idaa=368223&codart=51273&marart=218&seopth=WIX-INDUSTRIAL-HD-51273-FILTRO-IDRAULICO
PER33,51049,FILTRO OLIO,https://e-commerce.michelecaroli.com/wso/pages/user/wso0205.jsf?idaa=368078&codart=51049&marart=218&seopth=WIX-INDUSTRIAL-HD-51049-FILTRO-OLIO
PER324,SO131,FILTRO OLIO HIFI,https://e-commerce.michelecaroli.com/wso/pages/user/wso0205.jsf?idaa=300836&codart=SO131&marart=230&seopth=HIFI-FILTRI-SO131-FILTRO-OLIO-HIFI
PER321,P555522,SOSTITUITO,https://e-commerce.michelecaroli.com/wso/pages/user/wso0205.jsf?idaa=157135&codart=P555522&marart=227&seopth=DONALDSON-FILTRI-P555522-SOSTITUITO
PER319,SO040,FILTRO OLIO P553771# HIFI,https://e-commerce.michelecaroli.com/wso/pages/user/wso0205.jsf?idaa=300659&codart=SO040&marart=230&seopth=HIFI-FILTRI-SO040-FILTRO-OLIO-P553771-HIFI
PER318,T1624,FILTRO OLIO P550227 HIFI,https://e-commerce.michelecaroli.com/wso/pages/user/wso0205.jsf?idaa=395320&codart=T1624&marart=230&seopth=HIFI-FILTRI-T1624-FILTRO-OLIO-P550227-HIFI
PER316,SO580,FILTRO OLIO P550008# HIFI,https://e-commerce.michelecaroli.com/wso/pages/user/wso0205.jsf?idaa=300199&codart=SO580&marart=230&seopth=HIFI-FILTRI-SO580-FILTRO-OLIO-P550008-HIFI
PER314,51271,FILTRO OLIO,https://e-commerce.michelecaroli.com/wso/pages/user/wso0205.jsf?idaa=368221&codart=51271&marart=218&seopth=WIX-INDUSTRIAL-HD-51271-FILTRO-OLIO
PER313,SO734,FILTRO OLIO P551381 HIFI,https://e-commerce.michelecaroli.com/wso/pages/user/wso0205.jsf?idaa=301367&codart=SO734&marart=230&seopth=HIFI-FILTRI-SO734-FILTRO-OLIO-P551381-HIFI
PER311,SO3333,FILTRO OLIO P551670# HIFI,https://e-commerce.michelecaroli.com/wso/pages/user/wso0205.jsf?idaa=300892&codart=SO3333&marart=230&seopth=HIFI-FILTRI-SO3333-FILTRO-OLIO-P551670-HIFI
PER31,33219,FILTRO NAFTA,https://e-commerce.michelecaroli.com/wso/pages/user/wso0205.jsf?idaa=365895&codart=33219&marart=218&seopth=WIX-INDUSTRIAL-HD-33219-FILTRO-NAFTA
PER309,P550210,FILTRO HYDR.ATTUALE P550940,https://e-commerce.michelecaroli.com/wso/pages/user/wso0205.jsf?idaa=156505&codart=P550210&marart=227&seopth=DONALDSON-FILTRI-P550210-FILTRO-HYDR-ATTUALE-P550940
PER307,SO780,FILTRO OLIO P550047 HIFI,https://e-commerce.michelecaroli.com/wso/pages/user/wso0205.jsf?idaa=301372&codart=SO780&marart=230&seopth=HIFI-FILTRI-SO780-FILTRO-OLIO-P550047-HIFI
PER306,SO014,FILTRO OLIO HIFI,https://e-commerce.michelecaroli.com/wso/pages/user/wso0205.jsf?idaa=300658&codart=SO014&marart=230&seopth=HIFI-FILTRI-SO014-FILTRO-OLIO-HIFI
PER305F,FT7220,FILTRO NAFTA P550049 HIFI,https://e-commerce.michelecaroli.com/wso/pages/user/wso0205.jsf?idaa=394792&codart=FT7220&marart=230&seopth=HIFI-FILTRI-FT7220-FILTRO-NAFTA-P550049-HIFI
PER304H,SP-816,FILTRO OLIO ALCO,https://e-commerce.michelecaroli.com/wso/pages/user/wso0205.jsf?idaa=466316&codart=SP-816&marart=ALCO&seopth=ALCO-SP-816-FILTRO-OLIO-ALCO
PER303H,57201,FILTRO OLIO,https://e-commerce.michelecaroli.com/wso/pages/user/wso0205.jsf?idaa=368772&codart=57201&marart=218&seopth=WIX-INDUSTRIAL-HD-57201-FILTRO-OLIO
PER300,SO3333,FILTRO OLIO P551670# HIFI,https://e-commerce.michelecaroli.com/wso/pages/user/wso0205.jsf?idaa=300892&codart=SO3333&marart=230&seopth=HIFI-FILTRI-SO3333-FILTRO-OLIO-P551670-HIFI
PER30,33218,FILTRO NAFTA,https://e-commerce.michelecaroli.com/wso/pages/user/wso0205.jsf?idaa=365894&codart=33218&marart=218&seopth=WIX-INDUSTRIAL-HD-33218-FILTRO-NAFTA
PER3,51050,FILTRO OLIO,https://e-commerce.michelecaroli.com/wso/pages/user/wso0205.jsf?idaa=368079&codart=51050&marart=218&seopth=WIX-INDUSTRIAL-HD-51050-FILTRO-OLIO
PER298F,33811,FILTRO NAFTA,https://e-commerce.michelecaroli.com/wso/pages/user/wso0205.jsf?idaa=366147&codart=33811&marart=218&seopth=WIX-INDUSTRIAL-HD-33811-FILTRO-NAFTA
PER294,SH56387,FILTRO HYDR. P551324 HIFI,https://e-commerce.michelecaroli.com/wso/pages/user/wso0205.jsf?idaa=294164&codart=SH56387&marart=230&seopth=HIFI-FILTRI-SH56387-FILTRO-HYDR-P551324-HIFI
PER292,SP-934,FILTRO OLIO,https://e-commerce.michelecaroli.com/wso/pages/user/wso0205.jsf?idaa=466400&codart=SP-934&marart=ALCO&seopth=ALCO-SP-934-FILTRO-OLIO
PER291,P502048,FILTRO OLIO,https://e-commerce.michelecaroli.com/wso/pages/user/wso0205.jsf?idaa=155998&codart=P502048&marart=227&seopth=DONALDSON-FILTRI-P502048-FILTRO-OLIO
PER290,T6730,FILTRO OLIO P550067 HIFI,https://e-commerce.michelecaroli.com/wso/pages/user/wso0205.jsf?idaa=395343&codart=T6730&marart=230&seopth=HIFI-FILTRI-T6730-FILTRO-OLIO-P550067-HIFI
PER29,51755,FILTRO OLIO,https://e-commerce.michelecaroli.com/wso/pages/user/wso0205.jsf?idaa=368606&codart=51755&marart=218&seopth=WIX-INDUSTRIAL-HD-51755-FILTRO-OLIO
PER288,P550784,,https://e-commerce.michelecaroli.com/wso/pages/user/wso0205.jsf?idaa=156801&codart=P550784&marart=227&seopth=DONALDSON-FILTRI-P550784-SOSTITUITO-DAL-P551864
PER286C,P552071,FILTRO ACQUA DONALDSON conf.12 50 M ICRON,https://e-commerce.michelecaroli.com/wso/pages/user/wso0205.jsf?idaa=157025&codart=P552071&marart=227&seopth=DONALDSON-FILTRI-P552071-FILTRO-ACQUA-DONALDSON-conf-12-50-M
PER286,P550173,FILTRO OLIO ATTUALE P550935,https://e-commerce.michelecaroli.com/wso/pages/user/wso0205.jsf?idaa=156489&codart=P550173&marart=227&seopth=DONALDSON-FILTRI-P550173-FILTRO-OLIO-ATTUALE-P550935
PER284F,SP-905,FILTRO CARB.,https://e-commerce.michelecaroli.com/wso/pages/user/wso0205.jsf?idaa=466377&codart=SP-905&marart=ALCO&seopth=ALCO-SP-905-FILTRO-CARB-
PER283C,P552071,FILTRO ACQUA DONALDSON conf.12 50 M ICRON,https://e-commerce.michelecaroli.com/wso/pages/user/wso0205.jsf?idaa=157025&codart=P552071&marart=227&seopth=DONALDSON-FILTRI-P552071-FILTRO-ACQUA-DONALDSON-conf-12-50-M
PER282H,SH56760,FILTRO HYDR. P550388 HIFI GILBARCO 140845093,https://e-commerce.michelecaroli.com/wso/pages/user/wso0205.jsf?idaa=294222&codart=SH56760&marart=230&seopth=HIFI-FILTRI-SH56760-FILTRO-HYDR-P550388-HIFI
PER2821A,P502020,"LUBE FILTER, SPIN-ON FULL FLOW",https://e-commerce.michelecaroli.com/wso/pages/user/wso0205.jsf?idaa=441443&codart=P502020&marart=227&seopth=DONALDSON-FILTRI-P502020-LUBE-FILTER-SPIN-ON-FULL-FLOW
PER281H,51861,FILTRO OLIO,https://e-commerce.michelecaroli.com/wso/pages/user/wso0205.jsf?idaa=368679&codart=51861&marart=218&seopth=WIX-INDUSTRIAL-HD-51861-FILTRO-OLIO
PER280H,51826,FILTRO OLIO,https://e-commerce.michelecaroli.com/wso/pages/user/wso0205.jsf?idaa=368656&codart=51826&marart=218&seopth=WIX-INDUSTRIAL-HD-51826-FILTRO-OLIO
PER28,SO059,FILTRO OLIO HIFI,https://e-commerce.michelecaroli.com/wso/pages/user/wso0205.jsf?idaa=300664&codart=SO059&marart=230&seopth=HIFI-FILTRI-SO059-FILTRO-OLIO-HIFI
PER279,51810,FILTRO OLIO,https://e-commerce.michelecaroli.com/wso/pages/user/wso0205.jsf?idaa=368647&codart=51810&marart=218&seopth=WIX-INDUSTRIAL-HD-51810-FILTRO-OLIO
PER277,P550095,FILTRO OLIO DONALDSON P55-0095 OBSO LETO,https://e-commerce.michelecaroli.com/wso/pages/user/wso0205.jsf?idaa=156453&codart=P550095&marart=227&seopth=DONALDSON-FILTRI-P550095-FILTRO-OLIO-DONALDSON-P55-0095-OBSO
PER275F,24.308.00,FILTRO NAFTA UFI 24.308.00,https://e-commerce.michelecaroli.com/wso/pages/user/wso0205.jsf?idaa=148896&codart=24.308.00&marart=UFIHD&seopth=UFI-HD-24-308-00-FILTRO-NAFTA-UFI-24-308-00
PER275,P502020,"LUBE FILTER, SPIN-ON FULL FLOW",https://e-commerce.michelecaroli.com/wso/pages/user/wso0205.jsf?idaa=441443&codart=P502020&marart=227&seopth=DONALDSON-FILTRI-P502020-LUBE-FILTER-SPIN-ON-FULL-FLOW
PER274F,33121,FILTRO NAFTA,https://e-commerce.michelecaroli.com/wso/pages/user/wso0205.jsf?idaa=365838&codart=33121&marart=218&seopth=WIX-INDUSTRIAL-HD-33121-FILTRO-NAFTA
PER274,33121,FILTRO NAFTA,https://e-commerce.michelecaroli.com/wso/pages/user/wso0205.jsf?idaa=365838&codart=33121&marart=218&seopth=WIX-INDUSTRIAL-HD-33121-FILTRO-NAFTA
PER270,P550173,FILTRO OLIO ATTUALE P550935,https://e-commerce.michelecaroli.com/wso/pages/user/wso0205.jsf?idaa=156489&codart=P550173&marart=227&seopth=DONALDSON-FILTRI-P550173-FILTRO-OLIO-ATTUALE-P550935
PER266,SN5033,,https://e-commerce.michelecaroli.com/wso/pages/user/wso0205.jsf?idaa=438692&codart=SN5033&marart=230&seopth=HIFI-FILTRI-SN5033-FILTRO-OLIO-P550943-HIFI
PER265F,SN5033,,https://e-commerce.michelecaroli.com/wso/pages/user/wso0205.jsf?idaa=438692&codart=SN5033&marart=230&seopth=HIFI-FILTRI-SN5033-FILTRO-OLIO-P550943-HIFI
PER265,SN5033,,https://e-commerce.michelecaroli.com/wso/pages/user/wso0205.jsf?idaa=438692&codart=SN5033&marart=230&seopth=HIFI-FILTRI-SN5033-FILTRO-OLIO-P550943-HIFI
PER264,51036,FILTRO OLIO P550051,https://e-commerce.michelecaroli.com/wso/pages/user/wso0205.jsf?idaa=368073&codart=51036&marart=218&seopth=WIX-INDUSTRIAL-HD-51036-FILTRO-OLIO-P550051
PER262F,SP-903,FILTRO CARB.,https://e-commerce.michelecaroli.com/wso/pages/user/wso0205.jsf?idaa=466375&codart=SP-903&marart=ALCO&seopth=ALCO-SP-903-FILTRO-CARB-
PER260,P550731,ATTUALE PP59126,https://e-commerce.michelecaroli.com/wso/pages/user/wso0205.jsf?idaa=156768&codart=P550731&marart=227&seopth=DONALDSON-FILTRI-P550731-ATTUALE-PP59126
PER26,SO632,,https://e-commerce.michelecaroli.com/wso/pages/user/wso0205.jsf?idaa=300349&codart=SO632&marart=230&seopth=HIFI-FILTRI-SO632-FILTRO-OLIO-HIFI
PER259,SO3333,FILTRO OLIO P551670# HIFI,https://e-commerce.michelecaroli.com/wso/pages/user/wso0205.jsf?idaa=300892&codart=SO3333&marart=230&seopth=HIFI-FILTRI-SO3333-FILTRO-OLIO-P551670-HIFI
PER257,SP-915,FILTRO OLIO ALCO,https://e-commerce.michelecaroli.com/wso/pages/user/wso0205.jsf?idaa=466385&codart=SP-915&marart=ALCO&seopth=ALCO-SP-915-FILTRO-OLIO-ALCO
PER252,SP-812,FILTRO OLIO,https://e-commerce.michelecaroli.com/wso/pages/user/wso0205.jsf?idaa=466312&codart=SP-812&marart=ALCO&seopth=ALCO-SP-812-FILTRO-OLIO
PER250,P550777,FILTRO@OLIO DONALDSON conf.6,https://e-commerce.michelecaroli.com/wso/pages/user/wso0205.jsf?idaa=156797&codart=P550777&marart=227&seopth=DONALDSON-FILTRI-P550777-FILTRO-OLIO-DONALDSON-conf-6
PER244,SO780,FILTRO OLIO P550047 HIFI,https://e-commerce.michelecaroli.com/wso/pages/user/wso0205.jsf?idaa=301372&codart=SO780&marart=230&seopth=HIFI-FILTRI-SO780-FILTRO-OLIO-P550047-HIFI
PER241,51348,FILTRO OLIO# P550335,https://e-commerce.michelecaroli.com/wso/pages/user/wso0205.jsf?idaa=368274&codart=51348&marart=218&seopth=WIX-INDUSTRIAL-HD-51348-FILTRO-OLIO-P550335
PER240,51521,FILTRO OLIO,https://e-commerce.michelecaroli.com/wso/pages/user/wso0205.jsf?idaa=368404&codart=51521&marart=218&seopth=WIX-INDUSTRIAL-HD-51521-FILTRO-OLIO
PER238,51592,FILTRO OLIO P550166,https://e-commerce.michelecaroli.com/wso/pages/user/wso0205.jsf?idaa=368470&codart=51592&marart=218&seopth=WIX-INDUSTRIAL-HD-51592-FILTRO-OLIO-P550166
PER237,T1624,FILTRO OLIO P550227 HIFI,https://e-commerce.michelecaroli.com/wso/pages/user/wso0205.jsf?idaa=395320&codart=T1624&marart=230&seopth=HIFI-FILTRI-T1624-FILTRO-OLIO-P550227-HIFI
