Code searched,Matched code,Part Category on Michele,Link to Michele product
PF970,P502039,"FILTRO OLIO DONALD EX, P550718",https://e-commerce.michelecaroli.com/wso/pages/user/wso0205.jsf?idaa=155994&codart=P502039&marart=227&seopth=DONALDSON-FILTRI-P502039-FILTRO-OLIO-DONALD-EX-P550718
PF968,33167FE,FILTRO NAFTA# P550860,https://e-commerce.michelecaroli.com/wso/pages/user/wso0205.jsf?idaa=368996&codart=33167FE&marart=218&seopth=WIX-INDUSTRIAL-HD-33167FE-FILTRO-NAFTA-P550860
PF967,SO8000,FILTRO OLIO HIFI,https://e-commerce.michelecaroli.com/wso/pages/user/wso0205.jsf?idaa=301383&codart=SO8000&marart=230&seopth=HIFI-FILTRI-SO8000-FILTRO-OLIO-HIFI
PF967,SO8000,FILTRO OLIO HIFI,https://e-commerce.michelecaroli.com/wso/pages/user/wso0205.jsf?idaa=301383&codart=SO8000&marart=230&seopth=HIFI-FILTRI-SO8000-FILTRO-OLIO-HIFI
PF966,51348,FILTRO OLIO# P550335,https://e-commerce.michelecaroli.com/wso/pages/user/wso0205.jsf?idaa=368274&codart=51348&marart=218&seopth=WIX-INDUSTRIAL-HD-51348-FILTRO-OLIO-P550335
PF966,51348,FILTRO OLIO# P550335,https://e-commerce.michelecaroli.com/wso/pages/user/wso0205.jsf?idaa=368274&codart=51348&marart=218&seopth=WIX-INDUSTRIAL-HD-51348-FILTRO-OLIO-P550335
PF964,P552819,FILTRO OLIO DONALDSON P55-2819,https://e-commerce.michelecaroli.com/wso/pages/user/wso0205.jsf?idaa=157063&codart=P552819&marart=227&seopth=DONALDSON-FILTRI-P552819-FILTRO-OLIO-DONALDSON-P55-2819
PF963,P502048,FILTRO OLIO,https://e-commerce.michelecaroli.com/wso/pages/user/wso0205.jsf?idaa=155998&codart=P502048&marart=227&seopth=DONALDSON-FILTRI-P502048-FILTRO-OLIO
PF963,P502048,FILTRO OLIO,https://e-commerce.michelecaroli.com/wso/pages/user/wso0205.jsf?idaa=155998&codart=P502048&marart=227&seopth=DONALDSON-FILTRI-P502048-FILTRO-OLIO
PF960,SP-915,FILTRO OLIO ALCO,https://e-commerce.michelecaroli.com/wso/pages/user/wso0205.jsf?idaa=466385&codart=SP-915&marart=ALCO&seopth=ALCO-SP-915-FILTRO-OLIO-ALCO
PF951,P550951,FILTRRO TRASMISSIONE AD IMMERSIONE,https://e-commerce.michelecaroli.com/wso/pages/user/wso0205.jsf?idaa=156868&codart=P550951&marart=227&seopth=DONALDSON-FILTRI-P550951-FILTRRO-TRASMISSIONE-AD-IMMERSIONE
PF949,SN7224,,https://e-commerce.michelecaroli.com/wso/pages/user/wso0205.jsf?idaa=299698&codart=SN7224&marart=230&seopth=HIFI-FILTRI-SN7224-FILTRO-NAFTA-HIFI
PF947L,51810,FILTRO OLIO,https://e-commerce.michelecaroli.com/wso/pages/user/wso0205.jsf?idaa=368647&codart=51810&marart=218&seopth=WIX-INDUSTRIAL-HD-51810-FILTRO-OLIO
PF946,SH56235,FILTRO HYDR. P558467 HIFI,https://e-commerce.michelecaroli.com/wso/pages/user/wso0205.jsf?idaa=294080&codart=SH56235&marart=230&seopth=HIFI-FILTRI-SH56235-FILTRO-HYDR-P558467-HIFI
PF941,SH56217,FILTRO,https://e-commerce.michelecaroli.com/wso/pages/user/wso0205.jsf?idaa=438537&codart=SH56217&marart=230&seopth=HIFI-FILTRI-SH56217-FILTRO
PF940,P550777,FILTRO@OLIO DONALDSON conf.6,https://e-commerce.michelecaroli.com/wso/pages/user/wso0205.jsf?idaa=156797&codart=P550777&marart=227&seopth=DONALDSON-FILTRI-P550777-FILTRO-OLIO-DONALDSON-conf-6
PF939,2654403-ATS,FILTRO OLIO/OIL FILTER# PERKINS,https://e-commerce.michelecaroli.com/wso/pages/user/wso0205.jsf?idaa=485766&codart=2654403-ATS&marart=156&seopth=ATS-RICAMBI-PERKINS-CC-2654403-ATS-FILTRO-OLIO-OIL-FILTER-PERKINS
PF933,SO654,FILTRO OLIO P555680 HIFI,https://e-commerce.michelecaroli.com/wso/pages/user/wso0205.jsf?idaa=300363&codart=SO654&marart=230&seopth=HIFI-FILTRI-SO654-FILTRO-OLIO-P555680-HIFI
PF926n,51080,FILTRO OLIO,https://e-commerce.michelecaroli.com/wso/pages/user/wso0205.jsf?idaa=368097&codart=51080&marart=218&seopth=WIX-INDUSTRIAL-HD-51080-FILTRO-OLIO
PF926n,51080,FILTRO OLIO,https://e-commerce.michelecaroli.com/wso/pages/user/wso0205.jsf?idaa=368097&codart=51080&marart=218&seopth=WIX-INDUSTRIAL-HD-51080-FILTRO-OLIO
PF926,51194,FILTRO IDRAULICO,https://e-commerce.michelecaroli.com/wso/pages/user/wso0205.jsf?idaa=368171&codart=51194&marart=218&seopth=WIX-INDUSTRIAL-HD-51194-FILTRO-IDRAULICO
PF926,51194,FILTRO IDRAULICO,https://e-commerce.michelecaroli.com/wso/pages/user/wso0205.jsf?idaa=368171&codart=51194&marart=218&seopth=WIX-INDUSTRIAL-HD-51194-FILTRO-IDRAULICO
PF924,51610,FILTRO IDRAULICO P162766,https://e-commerce.michelecaroli.com/wso/pages/user/wso0205.jsf?idaa=368486&codart=51610&marart=218&seopth=WIX-INDUSTRIAL-HD-51610-FILTRO-IDRAULICO-P162766
PF923,51663,FILTRO HYDRAULICO P556005,https://e-commerce.michelecaroli.com/wso/pages/user/wso0205.jsf?idaa=368531&codart=51663&marart=218&seopth=WIX-INDUSTRIAL-HD-51663-FILTRO-HYDRAULICO-P556005
PF922,SO517,,https://e-commerce.michelecaroli.com/wso/pages/user/wso0205.jsf?idaa=438582&codart=SO517&marart=230&seopth=HIFI-FILTRI-SO517-FILTRO
PF916,33073,FILTRO NAFTA,https://e-commerce.michelecaroli.com/wso/pages/user/wso0205.jsf?idaa=365761&codart=33073&marart=218&seopth=WIX-INDUSTRIAL-HD-33073-FILTRO-NAFTA
PF915,51010,FILTRO OLIO,https://e-commerce.michelecaroli.com/wso/pages/user/wso0205.jsf?idaa=368066&codart=51010&marart=218&seopth=WIX-INDUSTRIAL-HD-51010-FILTRO-OLIO
PF912,P550695,"HYDRAULIC FILTER, SPIN-ON",https://e-commerce.michelecaroli.com/wso/pages/user/wso0205.jsf?idaa=441556&codart=P550695&marart=227&seopth=DONALDSON-FILTRI-P550695-HYDRAULIC-FILTER-SPIN-ON
PF911H,SO3333,FILTRO OLIO P551670# HIFI,https://e-commerce.michelecaroli.com/wso/pages/user/wso0205.jsf?idaa=300892&codart=SO3333&marart=230&seopth=HIFI-FILTRI-SO3333-FILTRO-OLIO-P551670-HIFI
PF911D,P550671,FILTRO OLIO,https://e-commerce.michelecaroli.com/wso/pages/user/wso0205.jsf?idaa=156730&codart=P550671&marart=227&seopth=DONALDSON-FILTRI-P550671-FILTRO-OLIO
PF911,SO3333,FILTRO OLIO P551670# HIFI,https://e-commerce.michelecaroli.com/wso/pages/user/wso0205.jsf?idaa=300892&codart=SO3333&marart=230&seopth=HIFI-FILTRI-SO3333-FILTRO-OLIO-P551670-HIFI
PF907,33512,FILTRO NAFTA,https://e-commerce.michelecaroli.com/wso/pages/user/wso0205.jsf?idaa=365932&codart=33512&marart=218&seopth=WIX-INDUSTRIAL-HD-33512-FILTRO-NAFTA
PF906S,SN109,FILTRO NAFTA P553261 HIFI,https://e-commerce.michelecaroli.com/wso/pages/user/wso0205.jsf?idaa=298873&codart=SN109&marart=230&seopth=HIFI-FILTRI-SN109-FILTRO-NAFTA-P553261-HIFI
PF902S,33512,FILTRO NAFTA,https://e-commerce.michelecaroli.com/wso/pages/user/wso0205.jsf?idaa=365932&codart=33512&marart=218&seopth=WIX-INDUSTRIAL-HD-33512-FILTRO-NAFTA
PF899,P550671,FILTRO OLIO,https://e-commerce.michelecaroli.com/wso/pages/user/wso0205.jsf?idaa=156730&codart=P550671&marart=227&seopth=DONALDSON-FILTRI-P550671-FILTRO-OLIO
PF898,SO654,FILTRO OLIO P555680 HIFI,https://e-commerce.michelecaroli.com/wso/pages/user/wso0205.jsf?idaa=300363&codart=SO654&marart=230&seopth=HIFI-FILTRI-SO654-FILTRO-OLIO-P555680-HIFI
PF894RV,P550471,,https://e-commerce.michelecaroli.com/wso/pages/user/wso0205.jsf?idaa=156629&codart=P550471&marart=227&seopth=DONALDSON-FILTRI-P550471-FILTRO-NAFTA-DONALDSON-P55-0471
PF889,P550951,FILTRRO TRASMISSIONE AD IMMERSIONE,https://e-commerce.michelecaroli.com/wso/pages/user/wso0205.jsf?idaa=156868&codart=P550951&marart=227&seopth=DONALDSON-FILTRI-P550951-FILTRRO-TRASMISSIONE-AD-IMMERSIONE
PF881,51773,FILTRO OLIO,https://e-commerce.michelecaroli.com/wso/pages/user/wso0205.jsf?idaa=368617&codart=51773&marart=218&seopth=WIX-INDUSTRIAL-HD-51773-FILTRO-OLIO
PF880,WL7107,"FIILTRO OLIO BEDFO.BOBCATCASE JOHN DEERE. KUBOTA. HON. ACCORD, CIVIC,",https://e-commerce.michelecaroli.com/wso/pages/user/wso0205.jsf?idaa=143507&codart=WL7107&marart=219&seopth=WIX-AUTO-FILTRI-WL7107-FIILTRO-OLIO-BEDFO-BOBCATCASE-JOHN
PF879L,SO691,FILTRO OLIO P554005 HIFI,https://e-commerce.michelecaroli.com/wso/pages/user/wso0205.jsf?idaa=300376&codart=SO691&marart=230&seopth=HIFI-FILTRI-SO691-FILTRO-OLIO-P554005-HIFI
PF870,33514,FILTRO NAFTA,https://e-commerce.michelecaroli.com/wso/pages/user/wso0205.jsf?idaa=365934&codart=33514&marart=218&seopth=WIX-INDUSTRIAL-HD-33514-FILTRO-NAFTA
PF87,SH56147,FILTRO HYDR. P559740 HIFI,https://e-commerce.michelecaroli.com/wso/pages/user/wso0205.jsf?idaa=294034&codart=SH56147&marart=230&seopth=HIFI-FILTRI-SH56147-FILTRO-HYDR-P559740-HIFI
PF867,SO8000,FILTRO OLIO HIFI,https://e-commerce.michelecaroli.com/wso/pages/user/wso0205.jsf?idaa=301383&codart=SO8000&marart=230&seopth=HIFI-FILTRI-SO8000-FILTRO-OLIO-HIFI
PF859,33943,FILTRO NAFTA P550007,https://e-commerce.michelecaroli.com/wso/pages/user/wso0205.jsf?idaa=366188&codart=33943&marart=218&seopth=WIX-INDUSTRIAL-HD-33943-FILTRO-NAFTA-P550007
PF856L,SO3316,FILTRO OLIO P555616 HIFI,https://e-commerce.michelecaroli.com/wso/pages/user/wso0205.jsf?idaa=300885&codart=SO3316&marart=230&seopth=HIFI-FILTRI-SO3316-FILTRO-OLIO-P555616-HIFI
PF856,SO3316,FILTRO OLIO P555616 HIFI,https://e-commerce.michelecaroli.com/wso/pages/user/wso0205.jsf?idaa=300885&codart=SO3316&marart=230&seopth=HIFI-FILTRI-SO3316-FILTRO-OLIO-P555616-HIFI
PF856,SO3316,FILTRO OLIO P555616 HIFI,https://e-commerce.michelecaroli.com/wso/pages/user/wso0205.jsf?idaa=300885&codart=SO3316&marart=230&seopth=HIFI-FILTRI-SO3316-FILTRO-OLIO-P555616-HIFI
PF855,P550133,FILTRO HYDR.DONALDSON P55-0133,https://e-commerce.michelecaroli.com/wso/pages/user/wso0205.jsf?idaa=156471&codart=P550133&marart=227&seopth=DONALDSON-FILTRI-P550133-FILTRO-HYDR-DONALDSON-P55-0133
PF845A,SN111,FILTRO NAFTA P550552 HIFI,https://e-commerce.michelecaroli.com/wso/pages/user/wso0205.jsf?idaa=298875&codart=SN111&marart=230&seopth=HIFI-FILTRI-SN111-FILTRO-NAFTA-P550552-HIFI
PF840,51679,FILTRO IDRAULICO,https://e-commerce.michelecaroli.com/wso/pages/user/wso0205.jsf?idaa=368546&codart=51679&marart=218&seopth=WIX-INDUSTRIAL-HD-51679-FILTRO-IDRAULICO
PF829,MD-067,FILTRO CARB.,https://e-commerce.michelecaroli.com/wso/pages/user/wso0205.jsf?idaa=463455&codart=MD-067&marart=ALCO&seopth=ALCO-MD-067-FILTRO-CARB-
PF828,51758,FILTRO OLIO,https://e-commerce.michelecaroli.com/wso/pages/user/wso0205.jsf?idaa=368608&codart=51758&marart=218&seopth=WIX-INDUSTRIAL-HD-51758-FILTRO-OLIO
PF828,51758,FILTRO OLIO,https://e-commerce.michelecaroli.com/wso/pages/user/wso0205.jsf?idaa=368608&codart=51758&marart=218&seopth=WIX-INDUSTRIAL-HD-51758-FILTRO-OLIO
PF825,T6720,FILTRO OLIO P550078 HIFI,https://e-commerce.michelecaroli.com/wso/pages/user/wso0205.jsf?idaa=395341&codart=T6720&marart=230&seopth=HIFI-FILTRI-T6720-FILTRO-OLIO-P550078-HIFI
PF824,MD-067,FILTRO CARB.,https://e-commerce.michelecaroli.com/wso/pages/user/wso0205.jsf?idaa=463455&codart=MD-067&marart=ALCO&seopth=ALCO-MD-067-FILTRO-CARB-
PF823,P558877,FILTRO HYDR.DONALDSON P55-8877,https://e-commerce.michelecaroli.com/wso/pages/user/wso0205.jsf?idaa=157197&codart=P558877&marart=227&seopth=DONALDSON-FILTRI-P558877-FILTRO-HYDR-DONALDSON-P55-8877
PF823,P558877,FILTRO HYDR.DONALDSON P55-8877,https://e-commerce.michelecaroli.com/wso/pages/user/wso0205.jsf?idaa=157197&codart=P558877&marart=227&seopth=DONALDSON-FILTRI-P558877-FILTRO-HYDR-DONALDSON-P55-8877
PF822,51092,FILTRO OLIO,https://e-commerce.michelecaroli.com/wso/pages/user/wso0205.jsf?idaa=368106&codart=51092&marart=218&seopth=WIX-INDUSTRIAL-HD-51092-FILTRO-OLIO
PF820,P550965,FILTRO OLIO,https://e-commerce.michelecaroli.com/wso/pages/user/wso0205.jsf?idaa=156876&codart=P550965&marart=227&seopth=DONALDSON-FILTRI-P550965-FILTRO-OLIO
PF818,51408,FILTRO IDRAULICO,https://e-commerce.michelecaroli.com/wso/pages/user/wso0205.jsf?idaa=368312&codart=51408&marart=218&seopth=WIX-INDUSTRIAL-HD-51408-FILTRO-IDRAULICO
PF815,33118,FILTRO NAFTA P556915,https://e-commerce.michelecaroli.com/wso/pages/user/wso0205.jsf?idaa=365835&codart=33118&marart=218&seopth=WIX-INDUSTRIAL-HD-33118-FILTRO-NAFTA-P556915
PF815,33118,FILTRO NAFTA P556915,https://e-commerce.michelecaroli.com/wso/pages/user/wso0205.jsf?idaa=365835&codart=33118&marart=218&seopth=WIX-INDUSTRIAL-HD-33118-FILTRO-NAFTA-P556915
PF814,51404,FILTRO IDRAULICO,https://e-commerce.michelecaroli.com/wso/pages/user/wso0205.jsf?idaa=368309&codart=51404&marart=218&seopth=WIX-INDUSTRIAL-HD-51404-FILTRO-IDRAULICO
PF814,51404,FILTRO IDRAULICO,https://e-commerce.michelecaroli.com/wso/pages/user/wso0205.jsf?idaa=368309&codart=51404&marart=218&seopth=WIX-INDUSTRIAL-HD-51404-FILTRO-IDRAULICO
PF812,51487,FILTRO OLIO,https://e-commerce.michelecaroli.com/wso/pages/user/wso0205.jsf?idaa=368377&codart=51487&marart=218&seopth=WIX-INDUSTRIAL-HD-51487-FILTRO-OLIO
PF812,51487,FILTRO OLIO,https://e-commerce.michelecaroli.com/wso/pages/user/wso0205.jsf?idaa=368377&codart=51487&marart=218&seopth=WIX-INDUSTRIAL-HD-51487-FILTRO-OLIO
PF809,PF809,CATALOGO NADELLA PERNI FOLLI E ROTELLE,https://e-commerce.michelecaroli.com/wso/pages/user/wso0205.jsf?idaa=371007&codart=PF809&marart=CATA&seopth=CATALOGHI-PF809-CATALOGO-NADELLA-PERNI-FOLLI
PF809,PF809,CATALOGO NADELLA PERNI FOLLI E ROTELLE,https://e-commerce.michelecaroli.com/wso/pages/user/wso0205.jsf?idaa=371007&codart=PF809&marart=CATA&seopth=CATALOGHI-PF809-CATALOGO-NADELLA-PERNI-FOLLI
PF80,PF80,,https://e-commerce.michelecaroli.com/wso/pages/user/wso0205.jsf?idaa=131941&codart=PF80&marart=180&seopth=SKF-CUSCINETTI-PF80-COPPIA-FLANGE-CIRCOLARE
PF80,PF80,,https://e-commerce.michelecaroli.com/wso/pages/user/wso0205.jsf?idaa=131941&codart=PF80&marart=180&seopth=SKF-CUSCINETTI-PF80-COPPIA-FLANGE-CIRCOLARE
PF7978,P550824,"FUEL FILTER, WATER SEPARATOR CARTRI",https://e-commerce.michelecaroli.com/wso/pages/user/wso0205.jsf?idaa=441563&codart=P550824&marart=227&seopth=DONALDSON-FILTRI-P550824-FUEL-FILTER-WATER-SEPARATOR-CARTRI
PF7946,P785770,FILTRO N.DONALDSON P78-5770,https://e-commerce.michelecaroli.com/wso/pages/user/wso0205.jsf?idaa=158147&codart=P785770&marart=227&seopth=DONALDSON-FILTRI-P785770-FILTRO-N-DONALDSON-P78-5770
PF7915,SP-905,FILTRO CARB.,https://e-commerce.michelecaroli.com/wso/pages/user/wso0205.jsf?idaa=466377&codart=SP-905&marart=ALCO&seopth=ALCO-SP-905-FILTRO-CARB-
PF7914302,SP-934,FILTRO OLIO,https://e-commerce.michelecaroli.com/wso/pages/user/wso0205.jsf?idaa=466400&codart=SP-934&marart=ALCO&seopth=ALCO-SP-934-FILTRO-OLIO
PF7895,33727,FILTRO NAFTA,https://e-commerce.michelecaroli.com/wso/pages/user/wso0205.jsf?idaa=366076&codart=33727&marart=218&seopth=WIX-INDUSTRIAL-HD-33727-FILTRO-NAFTA
PF7895,33727,FILTRO NAFTA,https://e-commerce.michelecaroli.com/wso/pages/user/wso0205.jsf?idaa=366076&codart=33727&marart=218&seopth=WIX-INDUSTRIAL-HD-33727-FILTRO-NAFTA
PF7812,33899,FILTRO NAFTA,https://e-commerce.michelecaroli.com/wso/pages/user/wso0205.jsf?idaa=366171&codart=33899&marart=218&seopth=WIX-INDUSTRIAL-HD-33899-FILTRO-NAFTA
PF7790,33210,FILTRO NAFTA#,https://e-commerce.michelecaroli.com/wso/pages/user/wso0205.jsf?idaa=365888&codart=33210&marart=218&seopth=WIX-INDUSTRIAL-HD-33210-FILTRO-NAFTA-
PF778910,2040TM,FILTRO RACOR 10 MICRON BLU#,https://e-commerce.michelecaroli.com/wso/pages/user/wso0205.jsf?idaa=159116&codart=2040TM&marart=228&seopth=RACOR-PARKER-2040TM-FILTRO-RACOR-10-MICRON-BLU-
PF7789,2040TM,FILTRO RACOR 10 MICRON BLU#,https://e-commerce.michelecaroli.com/wso/pages/user/wso0205.jsf?idaa=159116&codart=2040TM&marart=228&seopth=RACOR-PARKER-2040TM-FILTRO-RACOR-10-MICRON-BLU-
PF7769,SN30014,FILTRO NAFTA P550631 HIFI,https://e-commerce.michelecaroli.com/wso/pages/user/wso0205.jsf?idaa=299929&codart=SN30014&marart=230&seopth=HIFI-FILTRI-SN30014-FILTRO-NAFTA-P550631-HIFI
PF7688,SN40599,FILTRO NAFTA HIFI,https://e-commerce.michelecaroli.com/wso/pages/user/wso0205.jsf?idaa=299301&codart=SN40599&marart=230&seopth=HIFI-FILTRI-SN40599-FILTRO-NAFTA-HIFI
PF7661,95022e,FILTRO GASOLIO,https://e-commerce.michelecaroli.com/wso/pages/user/wso0205.jsf?idaa=369839&codart=95022e&marart=218&seopth=WIX-INDUSTRIAL-HD-95022e-FILTRO-GASOLIO
PF7651,33349,FILTRO NAFTA,https://e-commerce.michelecaroli.com/wso/pages/user/wso0205.jsf?idaa=365341&codart=33349&marart=218&seopth=WIX-INDUSTRIAL-HD-33349-FILTRO-NAFTA
PF7621,SN40641,FILTRO NAFTA HIFI,https://e-commerce.michelecaroli.com/wso/pages/user/wso0205.jsf?idaa=440899&codart=SN40641&marart=230&seopth=HIFI-FILTRI-SN40641-FILTRO-NAFTA-HIFI
PF7620,SN40641,FILTRO NAFTA HIFI,https://e-commerce.michelecaroli.com/wso/pages/user/wso0205.jsf?idaa=440899&codart=SN40641&marart=230&seopth=HIFI-FILTRI-SN40641-FILTRO-NAFTA-HIFI
PF7610,33349,FILTRO NAFTA,https://e-commerce.michelecaroli.com/wso/pages/user/wso0205.jsf?idaa=365341&codart=33349&marart=218&seopth=WIX-INDUSTRIAL-HD-33349-FILTRO-NAFTA
PF7594,SN21030,FILTRO NAFTA HIFI,https://e-commerce.michelecaroli.com/wso/pages/user/wso0205.jsf?idaa=299728&codart=SN21030&marart=230&seopth=HIFI-FILTRI-SN21030-FILTRO-NAFTA-HIFI
PF7588,P550672,FILTRO NAFTA DONALDSON P55-0672,https://e-commerce.michelecaroli.com/wso/pages/user/wso0205.jsf?idaa=156731&codart=P550672&marart=227&seopth=DONALDSON-FILTRI-P550672-FILTRO-NAFTA-DONALDSON-P55-0672
PF7588,P550672,FILTRO NAFTA DONALDSON P55-0672,https://e-commerce.michelecaroli.com/wso/pages/user/wso0205.jsf?idaa=156731&codart=P550672&marart=227&seopth=DONALDSON-FILTRI-P550672-FILTRO-NAFTA-DONALDSON-P55-0672
PF7578,SN40518,FILTRO NAFTA HIFI,https://e-commerce.michelecaroli.com/wso/pages/user/wso0205.jsf?idaa=300072&codart=SN40518&marart=230&seopth=HIFI-FILTRI-SN40518-FILTRO-NAFTA-HIFI
PF7550,P550038,FILTRO NAFTA DONALDSON P55-0038,https://e-commerce.michelecaroli.com/wso/pages/user/wso0205.jsf?idaa=156405&codart=P550038&marart=227&seopth=DONALDSON-FILTRI-P550038-FILTRO-NAFTA-DONALDSON-P55-0038
PF7548,SN40641,FILTRO NAFTA HIFI,https://e-commerce.michelecaroli.com/wso/pages/user/wso0205.jsf?idaa=440899&codart=SN40641&marart=230&seopth=HIFI-FILTRI-SN40641-FILTRO-NAFTA-HIFI
PF7521,33514,FILTRO NAFTA,https://e-commerce.michelecaroli.com/wso/pages/user/wso0205.jsf?idaa=365934&codart=33514&marart=218&seopth=WIX-INDUSTRIAL-HD-33514-FILTRO-NAFTA
PF712,SO654,FILTRO OLIO P555680 HIFI,https://e-commerce.michelecaroli.com/wso/pages/user/wso0205.jsf?idaa=300363&codart=SO654&marart=230&seopth=HIFI-FILTRI-SO654-FILTRO-OLIO-P555680-HIFI
PF70FR,51010,FILTRO OLIO,https://e-commerce.michelecaroli.com/wso/pages/user/wso0205.jsf?idaa=368066&codart=51010&marart=218&seopth=WIX-INDUSTRIAL-HD-51010-FILTRO-OLIO
PF670,P550671,FILTRO OLIO,https://e-commerce.michelecaroli.com/wso/pages/user/wso0205.jsf?idaa=156730&codart=P550671&marart=227&seopth=DONALDSON-FILTRI-P550671-FILTRO-OLIO
PF65,33073,FILTRO NAFTA,https://e-commerce.michelecaroli.com/wso/pages/user/wso0205.jsf?idaa=365761&codart=33073&marart=218&seopth=WIX-INDUSTRIAL-HD-33073-FILTRO-NAFTA
PF631,SN109,FILTRO NAFTA P553261 HIFI,https://e-commerce.michelecaroli.com/wso/pages/user/wso0205.jsf?idaa=298873&codart=SN109&marart=230&seopth=HIFI-FILTRI-SN109-FILTRO-NAFTA-P553261-HIFI
PF61,51522,FILTRO OLIO,https://e-commerce.michelecaroli.com/wso/pages/user/wso0205.jsf?idaa=368405&codart=51522&marart=218&seopth=WIX-INDUSTRIAL-HD-51522-FILTRO-OLIO
