Code searched,Matched code,Part Category on Michele,Link to Michele product
PA3379,PA3379,"FILTRO ARIA OPEL INSIGNIA 1.6I - 1, 8I -2.0T - 2.8",https://e-commerce.michelecaroli.com/wso/pages/user/wso0205.jsf?idaa=145509&codart=PA3379&marart=221&seopth=FILTRI-MULLER-PA3379-FILTRO-ARIA-OPEL-INSIGNIA-1-6I-1-
PA3375,PA3375,FILTRO ARIA FORD FIESTA V 2.0 ST150,https://e-commerce.michelecaroli.com/wso/pages/user/wso0205.jsf?idaa=145505&codart=PA3375&marart=221&seopth=FILTRI-MULLER-PA3375-FILTRO-ARIA-FORD-FIESTA-V-2-0-ST150
PA3358,PA3358,"FILTRO ARIA BMW 535I,ACTIVEHYBRID(F 10), X3(F25) 35",https://e-commerce.michelecaroli.com/wso/pages/user/wso0205.jsf?idaa=145491&codart=PA3358&marart=221&seopth=FILTRI-MULLER-PA3358-FILTRO-ARIA-BMW-535I-ACTIVEHYBRID-F
PA3357,PA3357,"FILTRO ARIA BMW X3 (83) 2.5SI, 3.0S I, Z4 2.0I, 2.",https://e-commerce.michelecaroli.com/wso/pages/user/wso0205.jsf?idaa=145490&codart=PA3357&marart=221&seopth=FILTRI-MULLER-PA3357-FILTRO-ARIA-BMW-X3-83-2-5SI-3-0S
PA3356,PA3356,FILTRO ARIA BMW X5 (E70) 4.8I,https://e-commerce.michelecaroli.com/wso/pages/user/wso0205.jsf?idaa=145489&codart=PA3356&marart=221&seopth=FILTRI-MULLER-PA3356-FILTRO-ARIA-BMW-X5-E70-4-8I
PA3353,PA3353,"FILTRO ARIA BMW 520I 540I, 545I, 55 0I, 645CI, 650",https://e-commerce.michelecaroli.com/wso/pages/user/wso0205.jsf?idaa=145486&codart=PA3353&marart=221&seopth=FILTRI-MULLER-PA3353-FILTRO-ARIA-BMW-520I-540I-545I-55
PA3344,PA3344,FILTRO ARIA TOYOTA RAV4 II 2.0VVT-I 152HP (06->),https://e-commerce.michelecaroli.com/wso/pages/user/wso0205.jsf?idaa=145477&codart=PA3344&marart=221&seopth=FILTRI-MULLER-PA3344-FILTRO-ARIA-TOYOTA-RAV4-II-2-0VVT-I
PA3341,PA3341,FILTRO ARIA VW JETTA II 2.5 V5 (150 -170HP),https://e-commerce.michelecaroli.com/wso/pages/user/wso0205.jsf?idaa=145474&codart=PA3341&marart=221&seopth=FILTRI-MULLER-PA3341-FILTRO-ARIA-VW-JETTA-II-2-5-V5-150
PA3330,PA3330,"FILTRO ARIA MAZDA MX-5 III 1.8I, 2. 0I",https://e-commerce.michelecaroli.com/wso/pages/user/wso0205.jsf?idaa=145462&codart=PA3330&marart=221&seopth=FILTRI-MULLER-PA3330-FILTRO-ARIA-MAZDA-MX-5-III-1-8I-2-
PA3326,PA3326,"FILTRO ARIA TOYOTA PREVIA 2.4 VVT-I , RAV4 II 2.0 V",https://e-commerce.michelecaroli.com/wso/pages/user/wso0205.jsf?idaa=145457&codart=PA3326&marart=221&seopth=FILTRI-MULLER-PA3326-FILTRO-ARIA-TOYOTA-PREVIA-2-4-VVT-I
PA331,PA331,"FILTRO ARIA FORD MONDEO I-II 2.5 V6 , COUGAR 2.5 V6",https://e-commerce.michelecaroli.com/wso/pages/user/wso0205.jsf?idaa=145439&codart=PA331&marart=221&seopth=FILTRI-MULLER-PA331-FILTRO-ARIA-FORD-MONDEO-I-II-2-5-V6
PA3306,PA3306,"FILTRO ARIA SAAB 9-3I 2.0 16V TURB O (00->02), 2.3",https://e-commerce.michelecaroli.com/wso/pages/user/wso0205.jsf?idaa=145435&codart=PA3306&marart=221&seopth=FILTRI-MULLER-PA3306-FILTRO-ARIA-SAAB-9-3I-2-0-16V-TURB
PA3272,PA3272,"FILTRO ARIA LEXUS RX300, RX350",https://e-commerce.michelecaroli.com/wso/pages/user/wso0205.jsf?idaa=145399&codart=PA3272&marart=221&seopth=FILTRI-MULLER-PA3272-FILTRO-ARIA-LEXUS-RX300-RX350
PA3270,PA3270,"FILTRO ARIA LEXUS GS300, GS450H 06- >",https://e-commerce.michelecaroli.com/wso/pages/user/wso0205.jsf?idaa=146033&codart=PA3270&marart=221&seopth=FILTRI-MULLER-PA3270-FILTRO-ARIA-LEXUS-GS300-GS450H-06-
PA3262,PA3262,FILTRO ARIA KIA PREGIO 2.5 TCI,https://e-commerce.michelecaroli.com/wso/pages/user/wso0205.jsf?idaa=146024&codart=PA3262&marart=221&seopth=FILTRI-MULLER-PA3262-FILTRO-ARIA-KIA-PREGIO-2-5-TCI
PA3243,PA3243,"FILTRO ARIA HYUNDAI ACCENT III 1.4I , 1.6I ; KIA RI",https://e-commerce.michelecaroli.com/wso/pages/user/wso0205.jsf?idaa=146004&codart=PA3243&marart=221&seopth=FILTRI-MULLER-PA3243-FILTRO-ARIA-HYUNDAI-ACCENT-III-1-4I
PA324,PA324,FILTRO ARIA OPEL KADETT E 1.7 D,https://e-commerce.michelecaroli.com/wso/pages/user/wso0205.jsf?idaa=146000&codart=PA324&marart=221&seopth=FILTRI-MULLER-PA324-FILTRO-ARIA-OPEL-KADETT-E-1-7-D
PA3237,PA3237,"FILTRO ARIA HONDA CIVIC VIII 1.4I, 1.8I",https://e-commerce.michelecaroli.com/wso/pages/user/wso0205.jsf?idaa=145997&codart=PA3237&marart=221&seopth=FILTRI-MULLER-PA3237-FILTRO-ARIA-HONDA-CIVIC-VIII-1-4I-
PA3231,PA3231,"FILTRO ARIA DAIHATSU CUOREVII, TREV IS 1.0",https://e-commerce.michelecaroli.com/wso/pages/user/wso0205.jsf?idaa=145991&codart=PA3231&marart=221&seopth=FILTRI-MULLER-PA3231-FILTRO-ARIA-DAIHATSU-CUOREVII-TREV
PA3225,PA3225,"FILTRO ARIA AUDI A3II 3.2, TTII 2.0 TFSI, 3.2; VW G",https://e-commerce.michelecaroli.com/wso/pages/user/wso0205.jsf?idaa=145984&codart=PA3225&marart=221&seopth=FILTRI-MULLER-PA3225-FILTRO-ARIA-AUDI-A3II-3-2-TTII-2-0
PA3195,PA3195,FILTRO ARIA HYUNDAI ACCENT II 1.5 C RDI 03->06,https://e-commerce.michelecaroli.com/wso/pages/user/wso0205.jsf?idaa=145965&codart=PA3195&marart=221&seopth=FILTRI-MULLER-PA3195-FILTRO-ARIA-HYUNDAI-ACCENT-II-1-5-C
PA3192,SA11723,FILTRO ARIA P524382 HIFI,https://e-commerce.michelecaroli.com/wso/pages/user/wso0205.jsf?idaa=336237&codart=SA11723&marart=230&seopth=HIFI-FILTRI-SA11723-FILTRO-ARIA-P524382-HIFI
PA3155,PA3155,"FILTRO ARIA KIA RIO 1.3I 16V, 1.5I 16V",https://e-commerce.michelecaroli.com/wso/pages/user/wso0205.jsf?idaa=145923&codart=PA3155&marart=221&seopth=FILTRI-MULLER-PA3155-FILTRO-ARIA-KIA-RIO-1-3I-16V-1-5I
PA3138,PA3138,"FILTRO ARIA VOLVO XC70-XC90 2.4 20V T, 2.5 20V T,",https://e-commerce.michelecaroli.com/wso/pages/user/wso0205.jsf?idaa=145905&codart=PA3138&marart=221&seopth=FILTRI-MULLER-PA3138-FILTRO-ARIA-VOLVO-XC70-XC90-2-4-20V
PA312,42088,FILTRO ARIA,https://e-commerce.michelecaroli.com/wso/pages/user/wso0205.jsf?idaa=366305&codart=42088&marart=218&seopth=WIX-INDUSTRIAL-HD-42088-FILTRO-ARIA
PA307,PA307,"FILTRO ARIA FORD FIESTA III 1.8 D , 1.6 XR2",https://e-commerce.michelecaroli.com/wso/pages/user/wso0205.jsf?idaa=145859&codart=PA307&marart=221&seopth=FILTRI-MULLER-PA307-FILTRO-ARIA-FORD-FIESTA-III-1-8-D-
PA302,SA11819,PANNELLO P150135 HIFI,https://e-commerce.michelecaroli.com/wso/pages/user/wso0205.jsf?idaa=336285&codart=SA11819&marart=230&seopth=HIFI-FILTRI-SA11819-PANNELLO-P150135-HIFI
PA301,PA301,FILTRO ARIA REN. LAGUNA I 2.2 DIESE L,https://e-commerce.michelecaroli.com/wso/pages/user/wso0205.jsf?idaa=145856&codart=PA301&marart=221&seopth=FILTRI-MULLER-PA301-FILTRO-ARIA-REN-LAGUNA-I-2-2-DIESE
PA300,VKPA82624,POMPA ACQUA,https://e-commerce.michelecaroli.com/wso/pages/user/wso0205.jsf?idaa=139022&codart=VKPA82624&marart=180&seopth=SKF-CUSCINETTI-VKPA82624-POMPA-ACQUA
PA300,VKPA82624,POMPA ACQUA,https://e-commerce.michelecaroli.com/wso/pages/user/wso0205.jsf?idaa=139022&codart=VKPA82624&marart=180&seopth=SKF-CUSCINETTI-VKPA82624-POMPA-ACQUA
PA2976,MD-710K,,https://e-commerce.michelecaroli.com/wso/pages/user/wso0205.jsf?idaa=464131&codart=MD-710K&marart=ALCO&seopth=ALCO-MD-710K-FILTRO-ARIA
PA297,PA297,FILTRO ARIA FORD FIESTA III 1.8 D - TD,https://e-commerce.michelecaroli.com/wso/pages/user/wso0205.jsf?idaa=145853&codart=PA297&marart=221&seopth=FILTRI-MULLER-PA297-FILTRO-ARIA-FORD-FIESTA-III-1-8-D-
PA2969,P775373,FILTRO ARIA SICUREZZA DONALDSON ABBINATO CON P771584,https://e-commerce.michelecaroli.com/wso/pages/user/wso0205.jsf?idaa=158446&codart=P775373&marart=227&seopth=DONALDSON-FILTRI-P775373-FILTRO-ARIA-SICUREZZA-DONALDSON
PA2955,42348E,,https://e-commerce.michelecaroli.com/wso/pages/user/wso0205.jsf?idaa=369020&codart=42348E&marart=218&seopth=WIX-INDUSTRIAL-HD-42348E-FILTRO-ARIA
PA2936,P137523,"FILTRO ABITACOLO 177,8X381X55,6 DO NALDSON",https://e-commerce.michelecaroli.com/wso/pages/user/wso0205.jsf?idaa=154772&codart=P137523&marart=227&seopth=DONALDSON-FILTRI-P137523-FILTRO-ABITACOLO-177-8X381X55-6-DO
PA2935,46597,FILTRO ARIA,https://e-commerce.michelecaroli.com/wso/pages/user/wso0205.jsf?idaa=367350&codart=46597&marart=218&seopth=WIX-INDUSTRIAL-HD-46597-FILTRO-ARIA
PA2931,42669,FILTRO ARIA,https://e-commerce.michelecaroli.com/wso/pages/user/wso0205.jsf?idaa=366713&codart=42669&marart=218&seopth=WIX-INDUSTRIAL-HD-42669-FILTRO-ARIA
PA2916FN,SA16045,FILTRO ARIA P775688 HIFI,https://e-commerce.michelecaroli.com/wso/pages/user/wso0205.jsf?idaa=289042&codart=SA16045&marart=230&seopth=HIFI-FILTRI-SA16045-FILTRO-ARIA-P775688-HIFI
PA2893,PA3477,FILTRO ARIA KIA BESTA 2.2 DIESEL (6 5 HP),https://e-commerce.michelecaroli.com/wso/pages/user/wso0205.jsf?idaa=145613&codart=PA3477&marart=221&seopth=FILTRI-MULLER-PA3477-FILTRO-ARIA-KIA-BESTA-2-2-DIESEL-6
PA2876,46848,FILTRO ARIA,https://e-commerce.michelecaroli.com/wso/pages/user/wso0205.jsf?idaa=367563&codart=46848&marart=218&seopth=WIX-INDUSTRIAL-HD-46848-FILTRO-ARIA
PA2875,46849,,https://e-commerce.michelecaroli.com/wso/pages/user/wso0205.jsf?idaa=367564&codart=46849&marart=218&seopth=WIX-INDUSTRIAL-HD-46849-FILTRO-ARIA
PA2863,DBA5067,"AIR FILTER, PRIMARY DONALDSON BLUE",https://e-commerce.michelecaroli.com/wso/pages/user/wso0205.jsf?idaa=442382&codart=DBA5067&marart=227&seopth=DONALDSON-FILTRI-DBA5067-AIR-FILTER-PRIMARY-DONALDSON-BLUE
PA2859,SA14808K,FILTRO ARIA HIFI,https://e-commerce.michelecaroli.com/wso/pages/user/wso0205.jsf?idaa=288983&codart=SA14808K&marart=230&seopth=HIFI-FILTRI-SA14808K-FILTRO-ARIA-HIFI
PA2843,P181200,FILTRO ARIA DONALDSON P18-1200,https://e-commerce.michelecaroli.com/wso/pages/user/wso0205.jsf?idaa=155897&codart=P181200&marart=227&seopth=DONALDSON-FILTRI-P181200-FILTRO-ARIA-DONALDSON-P18-1200
PA2832,42857,FILTRO ARIA,https://e-commerce.michelecaroli.com/wso/pages/user/wso0205.jsf?idaa=366857&codart=42857&marart=218&seopth=WIX-INDUSTRIAL-HD-42857-FILTRO-ARIA
PA2821,B125003,FILTRO ARIA DONALDSON B12-5003,https://e-commerce.michelecaroli.com/wso/pages/user/wso0205.jsf?idaa=154050&codart=B125003&marart=227&seopth=DONALDSON-FILTRI-B125003-FILTRO-ARIA-DONALDSON-B12-5003
PA282,MD-9714,FILTRO ARIA ALCO,https://e-commerce.michelecaroli.com/wso/pages/user/wso0205.jsf?idaa=465243&codart=MD-9714&marart=ALCO&seopth=ALCO-MD-9714-FILTRO-ARIA-ALCO
PA282,MD-9714,FILTRO ARIA ALCO,https://e-commerce.michelecaroli.com/wso/pages/user/wso0205.jsf?idaa=465243&codart=MD-9714&marart=ALCO&seopth=ALCO-MD-9714-FILTRO-ARIA-ALCO
PA2812,42480E,FILTRO ARIA,https://e-commerce.michelecaroli.com/wso/pages/user/wso0205.jsf?idaa=369037&codart=42480E&marart=218&seopth=WIX-INDUSTRIAL-HD-42480E-FILTRO-ARIA
PA2802,46904,FILTRO ARIA,https://e-commerce.michelecaroli.com/wso/pages/user/wso0205.jsf?idaa=367610&codart=46904&marart=218&seopth=WIX-INDUSTRIAL-HD-46904-FILTRO-ARIA
PA2789,46282,FILTRO ARIA,https://e-commerce.michelecaroli.com/wso/pages/user/wso0205.jsf?idaa=367099&codart=46282&marart=218&seopth=WIX-INDUSTRIAL-HD-46282-FILTRO-ARIA
PA2780,42700,FILTRO ARIA,https://e-commerce.michelecaroli.com/wso/pages/user/wso0205.jsf?idaa=366741&codart=42700&marart=218&seopth=WIX-INDUSTRIAL-HD-42700-FILTRO-ARIA
PA2778,SA11522K,FILTRO ARIA P775749 HIFI,https://e-commerce.michelecaroli.com/wso/pages/user/wso0205.jsf?idaa=336171&codart=SA11522K&marart=230&seopth=HIFI-FILTRI-SA11522K-FILTRO-ARIA-P775749-HIFI
PA2773,P783756,,https://e-commerce.michelecaroli.com/wso/pages/user/wso0205.jsf?idaa=158073&codart=P783756&marart=227&seopth=DONALDSON-FILTRI-P783756-SOSTITUITO-DA-P500231
PA2765,46313,FILTRO ARIA,https://e-commerce.michelecaroli.com/wso/pages/user/wso0205.jsf?idaa=367119&codart=46313&marart=218&seopth=WIX-INDUSTRIAL-HD-46313-FILTRO-ARIA
PA2741,46568,FILTRO ARIA,https://e-commerce.michelecaroli.com/wso/pages/user/wso0205.jsf?idaa=367325&codart=46568&marart=218&seopth=WIX-INDUSTRIAL-HD-46568-FILTRO-ARIA
PA2739,42046,FILTRO ARIA,https://e-commerce.michelecaroli.com/wso/pages/user/wso0205.jsf?idaa=366272&codart=42046&marart=218&seopth=WIX-INDUSTRIAL-HD-42046-FILTRO-ARIA
PA2735,P158677,FILTRO ARIA SICUREZZA DONALDSON ABBINATO CON P181120,https://e-commerce.michelecaroli.com/wso/pages/user/wso0205.jsf?idaa=154860&codart=P158677&marart=227&seopth=DONALDSON-FILTRI-P158677-FILTRO-ARIA-SICUREZZA-DONALDSON
PA2731,P537450,FILTRO ARIA DONALDSON P53-7450,https://e-commerce.michelecaroli.com/wso/pages/user/wso0205.jsf?idaa=156324&codart=P537450&marart=227&seopth=DONALDSON-FILTRI-P537450-FILTRO-ARIA-DONALDSON-P53-7450
PA2718,46877,FILTRO ARIA,https://e-commerce.michelecaroli.com/wso/pages/user/wso0205.jsf?idaa=367592&codart=46877&marart=218&seopth=WIX-INDUSTRIAL-HD-46877-FILTRO-ARIA
PA2715,46830,FILTRO ARIA,https://e-commerce.michelecaroli.com/wso/pages/user/wso0205.jsf?idaa=367549&codart=46830&marart=218&seopth=WIX-INDUSTRIAL-HD-46830-FILTRO-ARIA
PA2714,46778,FILTRO ARIA,https://e-commerce.michelecaroli.com/wso/pages/user/wso0205.jsf?idaa=367505&codart=46778&marart=218&seopth=WIX-INDUSTRIAL-HD-46778-FILTRO-ARIA
PA2706,46695,FILTRO ARIA,https://e-commerce.michelecaroli.com/wso/pages/user/wso0205.jsf?idaa=367435&codart=46695&marart=218&seopth=WIX-INDUSTRIAL-HD-46695-FILTRO-ARIA
PA2706,46695,FILTRO ARIA,https://e-commerce.michelecaroli.com/wso/pages/user/wso0205.jsf?idaa=367435&codart=46695&marart=218&seopth=WIX-INDUSTRIAL-HD-46695-FILTRO-ARIA
PA2705,46883,FILTRO ARIA,https://e-commerce.michelecaroli.com/wso/pages/user/wso0205.jsf?idaa=367596&codart=46883&marart=218&seopth=WIX-INDUSTRIAL-HD-46883-FILTRO-ARIA
PA2704,46800,FILTRO ARIA,https://e-commerce.michelecaroli.com/wso/pages/user/wso0205.jsf?idaa=367524&codart=46800&marart=218&seopth=WIX-INDUSTRIAL-HD-46800-FILTRO-ARIA
PA2703,46840,FILTRO ARIA,https://e-commerce.michelecaroli.com/wso/pages/user/wso0205.jsf?idaa=367557&codart=46840&marart=218&seopth=WIX-INDUSTRIAL-HD-46840-FILTRO-ARIA
PA270,PA270,FILTRO ARIA OPEL OMEGA B 2.5 TD,https://e-commerce.michelecaroli.com/wso/pages/user/wso0205.jsf?idaa=145831&codart=PA270&marart=221&seopth=FILTRI-MULLER-PA270-FILTRO-ARIA-OPEL-OMEGA-B-2-5-TD
PA2693,49183,FILTRO ARIA,https://e-commerce.michelecaroli.com/wso/pages/user/wso0205.jsf?idaa=367832&codart=49183&marart=218&seopth=WIX-INDUSTRIAL-HD-49183-FILTRO-ARIA
PA2692,P102052,PANNELLO DONALDSON P10-2052,https://e-commerce.michelecaroli.com/wso/pages/user/wso0205.jsf?idaa=154512&codart=P102052&marart=227&seopth=DONALDSON-FILTRI-P102052-PANNELLO-DONALDSON-P10-2052
PA2685,46675,FILTRO ARIA,https://e-commerce.michelecaroli.com/wso/pages/user/wso0205.jsf?idaa=367417&codart=46675&marart=218&seopth=WIX-INDUSTRIAL-HD-46675-FILTRO-ARIA
PA2679,P181147,FILTRO ARIA DONALDSON PI8-1147,https://e-commerce.michelecaroli.com/wso/pages/user/wso0205.jsf?idaa=155884&codart=P181147&marart=227&seopth=DONALDSON-FILTRI-P181147-FILTRO-ARIA-DONALDSON-PI8-1147
PA2677,P771003,FILTRO ARIA DONALDSON P77-1003,https://e-commerce.michelecaroli.com/wso/pages/user/wso0205.jsf?idaa=158343&codart=P771003&marart=227&seopth=DONALDSON-FILTRI-P771003-FILTRO-ARIA-DONALDSON-P77-1003
PA2665,SA11913,FILTRO ARIA HIFI,https://e-commerce.michelecaroli.com/wso/pages/user/wso0205.jsf?idaa=336315&codart=SA11913&marart=230&seopth=HIFI-FILTRI-SA11913-FILTRO-ARIA-HIFI
PA2664,46432,FILTRO ARIA,https://e-commerce.michelecaroli.com/wso/pages/user/wso0205.jsf?idaa=367207&codart=46432&marart=218&seopth=WIX-INDUSTRIAL-HD-46432-FILTRO-ARIA
PA2664,46432,FILTRO ARIA,https://e-commerce.michelecaroli.com/wso/pages/user/wso0205.jsf?idaa=367207&codart=46432&marart=218&seopth=WIX-INDUSTRIAL-HD-46432-FILTRO-ARIA
PA2658,P524831,FILTRO ARIA DONALDSON P52-4831,https://e-commerce.michelecaroli.com/wso/pages/user/wso0205.jsf?idaa=156160&codart=P524831&marart=227&seopth=DONALDSON-FILTRI-P524831-FILTRO-ARIA-DONALDSON-P52-4831
PA2657FN,MD-192K,FILTRO ARIA ALCO,https://e-commerce.michelecaroli.com/wso/pages/user/wso0205.jsf?idaa=463524&codart=MD-192K&marart=ALCO&seopth=ALCO-MD-192K-FILTRO-ARIA-ALCO
PA2657FN,MD-192K,FILTRO ARIA ALCO,https://e-commerce.michelecaroli.com/wso/pages/user/wso0205.jsf?idaa=463524&codart=MD-192K&marart=ALCO&seopth=ALCO-MD-192K-FILTRO-ARIA-ALCO
PA2655,46739,FILTRO ARIA,https://e-commerce.michelecaroli.com/wso/pages/user/wso0205.jsf?idaa=367473&codart=46739&marart=218&seopth=WIX-INDUSTRIAL-HD-46739-FILTRO-ARIA
PA2655,46739,FILTRO ARIA,https://e-commerce.michelecaroli.com/wso/pages/user/wso0205.jsf?idaa=367473&codart=46739&marart=218&seopth=WIX-INDUSTRIAL-HD-46739-FILTRO-ARIA
PA2654,SA16400,FILTRO ARIA HIFI,https://e-commerce.michelecaroli.com/wso/pages/user/wso0205.jsf?idaa=289256&codart=SA16400&marart=230&seopth=HIFI-FILTRI-SA16400-FILTRO-ARIA-HIFI
PA2646,SA17135,FILTRO ARIA HIFI,https://e-commerce.michelecaroli.com/wso/pages/user/wso0205.jsf?idaa=289521&codart=SA17135&marart=230&seopth=HIFI-FILTRI-SA17135-FILTRO-ARIA-HIFI
PA264,PA264,"FILTRO ARIA MERC. C180, C200K, C200 D, C220D (W202)",https://e-commerce.michelecaroli.com/wso/pages/user/wso0205.jsf?idaa=145828&codart=PA264&marart=221&seopth=FILTRI-MULLER-PA264-FILTRO-ARIA-MERC-C180-C200K-C200
PA2632,46885,FILTRO ARIA,https://e-commerce.michelecaroli.com/wso/pages/user/wso0205.jsf?idaa=367598&codart=46885&marart=218&seopth=WIX-INDUSTRIAL-HD-46885-FILTRO-ARIA
PA2628,P151028,FILTRO ARIA OBSOLETO,https://e-commerce.michelecaroli.com/wso/pages/user/wso0205.jsf?idaa=154838&codart=P151028&marart=227&seopth=DONALDSON-FILTRI-P151028-FILTRO-ARIA
PA2626,46570,FILTRO ARIA,https://e-commerce.michelecaroli.com/wso/pages/user/wso0205.jsf?idaa=367326&codart=46570&marart=218&seopth=WIX-INDUSTRIAL-HD-46570-FILTRO-ARIA
PA2625,46565,FILTRO ARIA,https://e-commerce.michelecaroli.com/wso/pages/user/wso0205.jsf?idaa=367322&codart=46565&marart=218&seopth=WIX-INDUSTRIAL-HD-46565-FILTRO-ARIA
PA2623,46833,FILTRO ARIA,https://e-commerce.michelecaroli.com/wso/pages/user/wso0205.jsf?idaa=367552&codart=46833&marart=218&seopth=WIX-INDUSTRIAL-HD-46833-FILTRO-ARIA
PA2622,P541582,FILTRO ARIA SICUREZZA DONALDSON ABBINATO CON P130763,https://e-commerce.michelecaroli.com/wso/pages/user/wso0205.jsf?idaa=441536&codart=P541582&marart=227&seopth=DONALDSON-FILTRI-P541582-FILTRO-ARIA-SICUREZZA-DONALDSON
PA2619,P115154,"FILTRO ABITACOLO 152X965X55,6 DONA LDSON",https://e-commerce.michelecaroli.com/wso/pages/user/wso0205.jsf?idaa=440917&codart=P115154&marart=227&seopth=DONALDSON-FILTRI-P115154-FILTRO-ABITACOLO-152X965X55-6-DONA
PA2609,SA11755,FILTRO ARIA P181124 HIFI,https://e-commerce.michelecaroli.com/wso/pages/user/wso0205.jsf?idaa=336250&codart=SA11755&marart=230&seopth=HIFI-FILTRI-SA11755-FILTRO-ARIA-P181124-HIFI
PA2606,46450,FILTRO ARIA,https://e-commerce.michelecaroli.com/wso/pages/user/wso0205.jsf?idaa=367222&codart=46450&marart=218&seopth=WIX-INDUSTRIAL-HD-46450-FILTRO-ARIA
PA2599,46280,FILTRO ARIA,https://e-commerce.michelecaroli.com/wso/pages/user/wso0205.jsf?idaa=367097&codart=46280&marart=218&seopth=WIX-INDUSTRIAL-HD-46280-FILTRO-ARIA
PA2596,46280,FILTRO ARIA,https://e-commerce.michelecaroli.com/wso/pages/user/wso0205.jsf?idaa=367097&codart=46280&marart=218&seopth=WIX-INDUSTRIAL-HD-46280-FILTRO-ARIA
PA2572,46571,FILTRO ARIA,https://e-commerce.michelecaroli.com/wso/pages/user/wso0205.jsf?idaa=367327&codart=46571&marart=218&seopth=WIX-INDUSTRIAL-HD-46571-FILTRO-ARIA
PA257,PA257,"FILTRO ARIA FORD ESCORT 1.6, FIESTA II 1.6 XR2, OR",https://e-commerce.michelecaroli.com/wso/pages/user/wso0205.jsf?idaa=145822&codart=PA257&marart=221&seopth=FILTRI-MULLER-PA257-FILTRO-ARIA-FORD-ESCORT-1-6-FIESTA
PA2564,P142813,FILTRO ARIA DONALDSON A PANNELLO,https://e-commerce.michelecaroli.com/wso/pages/user/wso0205.jsf?idaa=154809&codart=P142813&marart=227&seopth=DONALDSON-FILTRI-P142813-FILTRO-ARIA-DONALDSON-A-PANNELLO
PA2555,P181074,FILTRO ARIA DONALDSON P18-1074,https://e-commerce.michelecaroli.com/wso/pages/user/wso0205.jsf?idaa=155834&codart=P181074&marart=227&seopth=DONALDSON-FILTRI-P181074-FILTRO-ARIA-DONALDSON-P18-1074
PA2550,P130884,FILTRO ARIA DONALDSON PI3-0884,https://e-commerce.michelecaroli.com/wso/pages/user/wso0205.jsf?idaa=154709&codart=P130884&marart=227&seopth=DONALDSON-FILTRI-P130884-FILTRO-ARIA-DONALDSON-PI3-0884
PA254,PA254,"FILTRO ARIA HONDA CIVIC III 1.2, 1. 3, 1.5; ROVER 2",https://e-commerce.michelecaroli.com/wso/pages/user/wso0205.jsf?idaa=145820&codart=PA254&marart=221&seopth=FILTRI-MULLER-PA254-FILTRO-ARIA-HONDA-CIVIC-III-1-2-1-
