Code searched,Matched code,Part Category on Michele,Link to Michele product
P502068,P502068,FILTRO OLIO DONALDSON P50-2068,https://e-commerce.michelecaroli.com/wso/pages/user/wso0205.jsf?idaa=156004&codart=P502068&marart=227&seopth=DONALDSON-FILTRI-P502068-FILTRO-OLIO-DONALDSON-P50-2068
P502063,P502063,FILTRO OLIO,https://e-commerce.michelecaroli.com/wso/pages/user/wso0205.jsf?idaa=156002&codart=P502063&marart=227&seopth=DONALDSON-FILTRI-P502063-FILTRO-OLIO
P502062,51358,FILTRO OLIO,https://e-commerce.michelecaroli.com/wso/pages/user/wso0205.jsf?idaa=368280&codart=51358&marart=218&seopth=WIX-INDUSTRIAL-HD-51358-FILTRO-OLIO
P502062,51358,FILTRO OLIO,https://e-commerce.michelecaroli.com/wso/pages/user/wso0205.jsf?idaa=368280&codart=51358&marart=218&seopth=WIX-INDUSTRIAL-HD-51358-FILTRO-OLIO
P502060,T8211,FILTRO OLIO P502060 HIFI,https://e-commerce.michelecaroli.com/wso/pages/user/wso0205.jsf?idaa=395359&codart=T8211&marart=230&seopth=HIFI-FILTRI-T8211-FILTRO-OLIO-P502060-HIFI
P502060,T8211,FILTRO OLIO P502060 HIFI,https://e-commerce.michelecaroli.com/wso/pages/user/wso0205.jsf?idaa=395359&codart=T8211&marart=230&seopth=HIFI-FILTRI-T8211-FILTRO-OLIO-P502060-HIFI
P502058,P502058,FILTRO OLIO,https://e-commerce.michelecaroli.com/wso/pages/user/wso0205.jsf?idaa=313757&codart=P502058&marart=227&seopth=DONALDSON-FILTRI-P502058-FILTRO-OLIO
P502058,P502058,FILTRO OLIO,https://e-commerce.michelecaroli.com/wso/pages/user/wso0205.jsf?idaa=313757&codart=P502058&marart=227&seopth=DONALDSON-FILTRI-P502058-FILTRO-OLIO
P502057,P502057,FILTRO OLIO,https://e-commerce.michelecaroli.com/wso/pages/user/wso0205.jsf?idaa=156000&codart=P502057&marart=227&seopth=DONALDSON-FILTRI-P502057-FILTRO-OLIO
P502049,P502049,FILTRO OLIO 20 MICRON,https://e-commerce.michelecaroli.com/wso/pages/user/wso0205.jsf?idaa=311913&codart=P502049&marart=227&seopth=DONALDSON-FILTRI-P502049-FILTRO-OLIO-20-MICRON
P502049,P502049,FILTRO OLIO 20 MICRON,https://e-commerce.michelecaroli.com/wso/pages/user/wso0205.jsf?idaa=311913&codart=P502049&marart=227&seopth=DONALDSON-FILTRI-P502049-FILTRO-OLIO-20-MICRON
P502048,P502048,FILTRO OLIO,https://e-commerce.michelecaroli.com/wso/pages/user/wso0205.jsf?idaa=155998&codart=P502048&marart=227&seopth=DONALDSON-FILTRI-P502048-FILTRO-OLIO
P502043,P502043,FILTRO OLIO DONALDSON P50-2043,https://e-commerce.michelecaroli.com/wso/pages/user/wso0205.jsf?idaa=155996&codart=P502043&marart=227&seopth=DONALDSON-FILTRI-P502043-FILTRO-OLIO-DONALDSON-P50-2043
P501878533,M085207,"MUFFLER, ROUND STYLE 5",https://e-commerce.michelecaroli.com/wso/pages/user/wso0205.jsf?idaa=442882&codart=M085207&marart=227&seopth=DONALDSON-FILTRI-M085207-MUFFLER-ROUND-STYLE-5
P50187550008,P778810,FASCIA MONTAGGIO P77-8810,https://e-commerce.michelecaroli.com/wso/pages/user/wso0205.jsf?idaa=157886&codart=P778810&marart=227&seopth=DONALDSON-FILTRI-P778810-FASCIA-MONTAGGIO-P77-8810
P50187550007,SAHB0108P002,,https://e-commerce.michelecaroli.com/wso/pages/user/wso0205.jsf?idaa=438613&codart=SAHB0108P002&marart=230&seopth=HIFI-FILTRI-SAHB0108P002-FILTRO
P501817550007,SAHB0108P002,,https://e-commerce.michelecaroli.com/wso/pages/user/wso0205.jsf?idaa=438613&codart=SAHB0108P002&marart=230&seopth=HIFI-FILTRI-SAHB0108P002-FILTRO
P501757037,P115204,"CLAMP, HOSE-TYPE LINED HIGH TORQUE",https://e-commerce.michelecaroli.com/wso/pages/user/wso0205.jsf?idaa=440921&codart=P115204&marart=227&seopth=DONALDSON-FILTRI-P115204-CLAMP-HOSE-TYPE-LINED-HIGH-TORQUE
P50170909,M065030,MUFFLER,https://e-commerce.michelecaroli.com/wso/pages/user/wso0205.jsf?idaa=154469&codart=M065030&marart=227&seopth=DONALDSON-FILTRI-M065030-MUFFLER
P501709012,M100016,SPARK ARRESTOR,https://e-commerce.michelecaroli.com/wso/pages/user/wso0205.jsf?idaa=442917&codart=M100016&marart=227&seopth=DONALDSON-FILTRI-M100016-SPARK-ARRESTOR
P501709010,M070069,SPARK ARRESTOR,https://e-commerce.michelecaroli.com/wso/pages/user/wso0205.jsf?idaa=442870&codart=M070069&marart=227&seopth=DONALDSON-FILTRI-M070069-SPARK-ARRESTOR
P50112100,P169017,FILTRO IDRAULICO,https://e-commerce.michelecaroli.com/wso/pages/user/wso0205.jsf?idaa=313729&codart=P169017&marart=227&seopth=DONALDSON-FILTRI-P169017-FILTRO-IDRAULICO
P500941,P500940,FILTRO ARIA DONALDSON P50-0940 ACCOPPIATO CON P500941,https://e-commerce.michelecaroli.com/wso/pages/user/wso0205.jsf?idaa=155982&codart=P500940&marart=227&seopth=DONALDSON-FILTRI-P500940-FILTRO-ARIA-DONALDSON-P50-0940
P500941,P500940,FILTRO ARIA DONALDSON P50-0940 ACCOPPIATO CON P500941,https://e-commerce.michelecaroli.com/wso/pages/user/wso0205.jsf?idaa=155982&codart=P500940&marart=227&seopth=DONALDSON-FILTRI-P500940-FILTRO-ARIA-DONALDSON-P50-0940
P5005,51637,FILTRO OLIO,https://e-commerce.michelecaroli.com/wso/pages/user/wso0205.jsf?idaa=368510&codart=51637&marart=218&seopth=WIX-INDUSTRIAL-HD-51637-FILTRO-OLIO
P500276,P500276,FILTRO ARIA PRIMARIO DONALDSON,https://e-commerce.michelecaroli.com/wso/pages/user/wso0205.jsf?idaa=441437&codart=P500276&marart=227&seopth=DONALDSON-FILTRI-P500276-FILTRO-ARIA-PRIMARIO-DONALDSON
P500244,93206E,,https://e-commerce.michelecaroli.com/wso/pages/user/wso0205.jsf?idaa=466775&codart=93206E&marart=218&seopth=WIX-INDUSTRIAL-HD-93206E-FILTRO-WIX
P500231,P778605,FILTRO ARIA DONALDSON P77-8605 ABBINATO CON P500231,https://e-commerce.michelecaroli.com/wso/pages/user/wso0205.jsf?idaa=157877&codart=P778605&marart=227&seopth=DONALDSON-FILTRI-P778605-FILTRO-ARIA-DONALDSON-P77-8605
P500231,P778605,FILTRO ARIA DONALDSON P77-8605 ABBINATO CON P500231,https://e-commerce.michelecaroli.com/wso/pages/user/wso0205.jsf?idaa=157877&codart=P778605&marart=227&seopth=DONALDSON-FILTRI-P778605-FILTRO-ARIA-DONALDSON-P77-8605
P500231,P778605,FILTRO ARIA DONALDSON P77-8605 ABBINATO CON P500231,https://e-commerce.michelecaroli.com/wso/pages/user/wso0205.jsf?idaa=157877&codart=P778605&marart=227&seopth=DONALDSON-FILTRI-P778605-FILTRO-ARIA-DONALDSON-P77-8605
P500191,P500191,FILTRO ARIA,https://e-commerce.michelecaroli.com/wso/pages/user/wso0205.jsf?idaa=311907&codart=P500191&marart=227&seopth=DONALDSON-FILTRI-P500191-FILTRO-ARIA
P500191,P500191,FILTRO ARIA,https://e-commerce.michelecaroli.com/wso/pages/user/wso0205.jsf?idaa=311907&codart=P500191&marart=227&seopth=DONALDSON-FILTRI-P500191-FILTRO-ARIA
P500187,P500187,FILTRO ARIA SICUREZZA DONALDSON ABBINATO CON P500186,https://e-commerce.michelecaroli.com/wso/pages/user/wso0205.jsf?idaa=379029&codart=P500187&marart=227&seopth=DONALDSON-FILTRI-P500187-FILTRO-ARIA-SICUREZZA-DONALDSON
P500186,P500186,FILTRO ARIA DONALDSON P50-0186,https://e-commerce.michelecaroli.com/wso/pages/user/wso0205.jsf?idaa=379028&codart=P500186&marart=227&seopth=DONALDSON-FILTRI-P500186-FILTRO-ARIA-DONALDSON-P50-0186
P500185,93240E,FILTRO ARIA# P784457,https://e-commerce.michelecaroli.com/wso/pages/user/wso0205.jsf?idaa=369520&codart=93240E&marart=218&seopth=WIX-INDUSTRIAL-HD-93240E-FILTRO-ARIA-P784457
P500144,49471,FILTRO ABITACOLO,https://e-commerce.michelecaroli.com/wso/pages/user/wso0205.jsf?idaa=367933&codart=49471&marart=218&seopth=WIX-INDUSTRIAL-HD-49471-FILTRO-ABITACOLO
P500078,P500078,FILTRO ARIA OBSOLETO,https://e-commerce.michelecaroli.com/wso/pages/user/wso0205.jsf?idaa=155961&codart=P500078&marart=227&seopth=DONALDSON-FILTRI-P500078-FILTRO-ARIA
P500061,P500061,"AIR FILTER, PRIMARY ROUND",https://e-commerce.michelecaroli.com/wso/pages/user/wso0205.jsf?idaa=441425&codart=P500061&marart=227&seopth=DONALDSON-FILTRI-P500061-AIR-FILTER-PRIMARY-ROUND
P500056,P500056,FILTRO ARIA,https://e-commerce.michelecaroli.com/wso/pages/user/wso0205.jsf?idaa=155958&codart=P500056&marart=227&seopth=DONALDSON-FILTRI-P500056-FILTRO-ARIA
P500042,P500042,,https://e-commerce.michelecaroli.com/wso/pages/user/wso0205.jsf?idaa=155955&codart=P500042&marart=227&seopth=DONALDSON-FILTRI-P500042-FILTRO-ARIA
P500020,P500020,FILTRO ARIA,https://e-commerce.michelecaroli.com/wso/pages/user/wso0205.jsf?idaa=155952&codart=P500020&marart=227&seopth=DONALDSON-FILTRI-P500020-FILTRO-ARIA
P500010,P500010,,https://e-commerce.michelecaroli.com/wso/pages/user/wso0205.jsf?idaa=155949&codart=P500010&marart=227&seopth=DONALDSON-FILTRI-P500010-FILTRO-ARIA-DONALDSON-P50-0010
P50,51021E,FILTRO OLIO#,https://e-commerce.michelecaroli.com/wso/pages/user/wso0205.jsf?idaa=369090&codart=51021E&marart=218&seopth=WIX-INDUSTRIAL-HD-51021E-FILTRO-OLIO-
P5,SN185,FILTRO NAFTA P557440# HIFI,https://e-commerce.michelecaroli.com/wso/pages/user/wso0205.jsf?idaa=298907&codart=SN185&marart=230&seopth=HIFI-FILTRI-SN185-FILTRO-NAFTA-P557440-HIFI
P5,SN185,FILTRO NAFTA P557440# HIFI,https://e-commerce.michelecaroli.com/wso/pages/user/wso0205.jsf?idaa=298907&codart=SN185&marart=230&seopth=HIFI-FILTRI-SN185-FILTRO-NAFTA-P557440-HIFI
P4U,42577,,https://e-commerce.michelecaroli.com/wso/pages/user/wso0205.jsf?idaa=366637&codart=42577&marart=218&seopth=WIX-INDUSTRIAL-HD-42577-FILTRO-ARIA
P4REP205,51197,FILTRO IDRAULICO,https://e-commerce.michelecaroli.com/wso/pages/user/wso0205.jsf?idaa=368174&codart=51197&marart=218&seopth=WIX-INDUSTRIAL-HD-51197-FILTRO-IDRAULICO
P4J606410,51197,FILTRO IDRAULICO,https://e-commerce.michelecaroli.com/wso/pages/user/wso0205.jsf?idaa=368174&codart=51197&marart=218&seopth=WIX-INDUSTRIAL-HD-51197-FILTRO-IDRAULICO
P4J6064,51197,FILTRO IDRAULICO,https://e-commerce.michelecaroli.com/wso/pages/user/wso0205.jsf?idaa=368174&codart=51197&marart=218&seopth=WIX-INDUSTRIAL-HD-51197-FILTRO-IDRAULICO
P4H8792,MD-067,FILTRO CARB.,https://e-commerce.michelecaroli.com/wso/pages/user/wso0205.jsf?idaa=463455&codart=MD-067&marart=ALCO&seopth=ALCO-MD-067-FILTRO-CARB-
P4H4120,33144,FILTRO NAFTA,https://e-commerce.michelecaroli.com/wso/pages/user/wso0205.jsf?idaa=365852&codart=33144&marart=218&seopth=WIX-INDUSTRIAL-HD-33144-FILTRO-NAFTA
P49947,P105608,MANICOTTO S/RIDUZIONE 76X76X135,https://e-commerce.michelecaroli.com/wso/pages/user/wso0205.jsf?idaa=154538&codart=P105608&marart=227&seopth=DONALDSON-FILTRI-P105608-MANICOTTO-S-RIDUZIONE-76X76X135
P4911,SN149,FILTRO NAFTA P550012 HIFI,https://e-commerce.michelecaroli.com/wso/pages/user/wso0205.jsf?idaa=298903&codart=SN149&marart=230&seopth=HIFI-FILTRI-SN149-FILTRO-NAFTA-P550012-HIFI
P49,51271,FILTRO OLIO,https://e-commerce.michelecaroli.com/wso/pages/user/wso0205.jsf?idaa=368221&codart=51271&marart=218&seopth=WIX-INDUSTRIAL-HD-51271-FILTRO-OLIO
P48T,51475,FILTRO OLIO,https://e-commerce.michelecaroli.com/wso/pages/user/wso0205.jsf?idaa=368369&codart=51475&marart=218&seopth=WIX-INDUSTRIAL-HD-51475-FILTRO-OLIO
P48874,P182045,,https://e-commerce.michelecaroli.com/wso/pages/user/wso0205.jsf?idaa=155911&codart=P182045&marart=227&seopth=DONALDSON-FILTRI-P182045-FILTRO-ARIA-SOSTITUITO-DA-P181045
P487,51487,FILTRO OLIO,https://e-commerce.michelecaroli.com/wso/pages/user/wso0205.jsf?idaa=368377&codart=51487&marart=218&seopth=WIX-INDUSTRIAL-HD-51487-FILTRO-OLIO
P481,SO667,FILTRO OLIO P554004 HIFI,https://e-commerce.michelecaroli.com/wso/pages/user/wso0205.jsf?idaa=300364&codart=SO667&marart=230&seopth=HIFI-FILTRI-SO667-FILTRO-OLIO-P554004-HIFI
P4808,51475,FILTRO OLIO,https://e-commerce.michelecaroli.com/wso/pages/user/wso0205.jsf?idaa=368369&codart=51475&marart=218&seopth=WIX-INDUSTRIAL-HD-51475-FILTRO-OLIO
P4806,51475,FILTRO OLIO,https://e-commerce.michelecaroli.com/wso/pages/user/wso0205.jsf?idaa=368369&codart=51475&marart=218&seopth=WIX-INDUSTRIAL-HD-51475-FILTRO-OLIO
P47984,M070008,"MUFFLER, ROUND STYLE 1",https://e-commerce.michelecaroli.com/wso/pages/user/wso0205.jsf?idaa=442866&codart=M070008&marart=227&seopth=DONALDSON-FILTRI-M070008-MUFFLER-ROUND-STYLE-1
P47954,X002015,RAIN CAP DONALDSON X00-2015,https://e-commerce.michelecaroli.com/wso/pages/user/wso0205.jsf?idaa=158292&codart=X002015&marart=227&seopth=DONALDSON-FILTRI-X002015-RAIN-CAP-DONALDSON-X00-2015
P47952,P004076,FASCIA MONTAGGIO P00-4076,https://e-commerce.michelecaroli.com/wso/pages/user/wso0205.jsf?idaa=154484&codart=P004076&marart=227&seopth=DONALDSON-FILTRI-P004076-FASCIA-MONTAGGIO-P00-4076
P47951,P101291,RIDUTTORE DONALDSON 76X102X133,https://e-commerce.michelecaroli.com/wso/pages/user/wso0205.jsf?idaa=154507&codart=P101291&marart=227&seopth=DONALDSON-FILTRI-P101291-RIDUTTORE-DONALDSON-76X102X133
P47937,P182045,,https://e-commerce.michelecaroli.com/wso/pages/user/wso0205.jsf?idaa=155911&codart=P182045&marart=227&seopth=DONALDSON-FILTRI-P182045-FILTRO-ARIA-SOSTITUITO-DA-P181045
P477,SN204,FILTRO NAFTA P553693 HIFI,https://e-commerce.michelecaroli.com/wso/pages/user/wso0205.jsf?idaa=299717&codart=SN204&marart=230&seopth=HIFI-FILTRI-SN204-FILTRO-NAFTA-P553693-HIFI
P47632,SAT01SCB076001,,https://e-commerce.michelecaroli.com/wso/pages/user/wso0205.jsf?idaa=438641&codart=SAT01SCB076001&marart=230&seopth=HIFI-FILTRI-SAT01SCB076001-FILTRO
P4744,WE2060,FILTRO ACQUA P554073 HIFI,https://e-commerce.michelecaroli.com/wso/pages/user/wso0205.jsf?idaa=424763&codart=WE2060&marart=230&seopth=HIFI-FILTRI-WE2060-FILTRO-ACQUA-P554073-HIFI
P472281,P176565,,https://e-commerce.michelecaroli.com/wso/pages/user/wso0205.jsf?idaa=155698&codart=P176565&marart=227&seopth=DONALDSON-FILTRI-P176565-FILTRO-IDRAULICO
P471419,P102948,RIDUTTORE DONALDSON 44X61X64,https://e-commerce.michelecaroli.com/wso/pages/user/wso0205.jsf?idaa=154517&codart=P102948&marart=227&seopth=DONALDSON-FILTRI-P102948-RIDUTTORE-DONALDSON-44X61X64
P470821,P105530,MANICOTTO DONALDSON PIO 5530,https://e-commerce.michelecaroli.com/wso/pages/user/wso0205.jsf?idaa=154531&codart=P105530&marart=227&seopth=DONALDSON-FILTRI-P105530-MANICOTTO-DONALDSON-PIO-5530
P4688,SP-821,FILTRO CARB.,https://e-commerce.michelecaroli.com/wso/pages/user/wso0205.jsf?idaa=466319&codart=SP-821&marart=ALCO&seopth=ALCO-SP-821-FILTRO-CARB-
P468,51468,FILTRO IDRAULICO,https://e-commerce.michelecaroli.com/wso/pages/user/wso0205.jsf?idaa=368363&codart=51468&marart=218&seopth=WIX-INDUSTRIAL-HD-51468-FILTRO-IDRAULICO
P4637A,P552409,FILTRO IDRAULICO,https://e-commerce.michelecaroli.com/wso/pages/user/wso0205.jsf?idaa=157045&codart=P552409&marart=227&seopth=DONALDSON-FILTRI-P552409-FILTRO-IDRAULICO
P4592,P206339,"ELBOW, 90 DEGREE 2.5 IN (64 MM) OD-",https://e-commerce.michelecaroli.com/wso/pages/user/wso0205.jsf?idaa=441159&codart=P206339&marart=227&seopth=DONALDSON-FILTRI-P206339-ELBOW-90-DEGREE-2-5-IN-64-MM-OD-
P459,51137,FILTRO TRASMISSIONE,https://e-commerce.michelecaroli.com/wso/pages/user/wso0205.jsf?idaa=368128&codart=51137&marart=218&seopth=WIX-INDUSTRIAL-HD-51137-FILTRO-TRASMISSIONE
P459,51137,FILTRO TRASMISSIONE,https://e-commerce.michelecaroli.com/wso/pages/user/wso0205.jsf?idaa=368128&codart=51137&marart=218&seopth=WIX-INDUSTRIAL-HD-51137-FILTRO-TRASMISSIONE
P4530,SP-902,FILTRO CARB.,https://e-commerce.michelecaroli.com/wso/pages/user/wso0205.jsf?idaa=466374&codart=SP-902&marart=ALCO&seopth=ALCO-SP-902-FILTRO-CARB-
P4529,23.108.01,FILTRO OLIO UFI P553411 ex.codice 23.108.00,https://e-commerce.michelecaroli.com/wso/pages/user/wso0205.jsf?idaa=149348&codart=23.108.01&marart=UFIHD&seopth=UFI-HD-23-108-01-FILTRO-OLIO-UFI-P553411
P450544,42920,FILTRO ARIA P119375,https://e-commerce.michelecaroli.com/wso/pages/user/wso0205.jsf?idaa=366896&codart=42920&marart=218&seopth=WIX-INDUSTRIAL-HD-42920-FILTRO-ARIA-P119375
P450,FT7231,FILTRO NAFTA P552561 HIFI,https://e-commerce.michelecaroli.com/wso/pages/user/wso0205.jsf?idaa=394793&codart=FT7231&marart=230&seopth=HIFI-FILTRI-FT7231-FILTRO-NAFTA-P552561-HIFI
P4452890,23.127.00,FILTRO OLIO UFI 23.127.00,https://e-commerce.michelecaroli.com/wso/pages/user/wso0205.jsf?idaa=149367&codart=23.127.00&marart=UFIHD&seopth=UFI-HD-23-127-00-FILTRO-OLIO-UFI-23-127-00
P444,51592,FILTRO OLIO P550166,https://e-commerce.michelecaroli.com/wso/pages/user/wso0205.jsf?idaa=368470&codart=51592&marart=218&seopth=WIX-INDUSTRIAL-HD-51592-FILTRO-OLIO-P550166
P443,SO3360,FILTRO OLIO P550157 HIFI,https://e-commerce.michelecaroli.com/wso/pages/user/wso0205.jsf?idaa=300906&codart=SO3360&marart=230&seopth=HIFI-FILTRI-SO3360-FILTRO-OLIO-P550157-HIFI
P442,P550731,ATTUALE PP59126,https://e-commerce.michelecaroli.com/wso/pages/user/wso0205.jsf?idaa=156768&codart=P550731&marart=227&seopth=DONALDSON-FILTRI-P550731-ATTUALE-PP59126
P441,P550784,,https://e-commerce.michelecaroli.com/wso/pages/user/wso0205.jsf?idaa=156801&codart=P550784&marart=227&seopth=DONALDSON-FILTRI-P550784-SOSTITUITO-DAL-P551864
P440,SO3317,FILTRO OLIO P558329 HIFI,https://e-commerce.michelecaroli.com/wso/pages/user/wso0205.jsf?idaa=300886&codart=SO3317&marart=230&seopth=HIFI-FILTRI-SO3317-FILTRO-OLIO-P558329-HIFI
P44,33354,FILTRO NAFTA P551127,https://e-commerce.michelecaroli.com/wso/pages/user/wso0205.jsf?idaa=365345&codart=33354&marart=218&seopth=WIX-INDUSTRIAL-HD-33354-FILTRO-NAFTA-P551127
P439,P550777,FILTRO@OLIO DONALDSON conf.6,https://e-commerce.michelecaroli.com/wso/pages/user/wso0205.jsf?idaa=156797&codart=P550777&marart=227&seopth=DONALDSON-FILTRI-P550777-FILTRO-OLIO-DONALDSON-conf-6
P43891,P101290,RIDUTTORE DONALDSON 64X76X114,https://e-commerce.michelecaroli.com/wso/pages/user/wso0205.jsf?idaa=154506&codart=P101290&marart=227&seopth=DONALDSON-FILTRI-P101290-RIDUTTORE-DONALDSON-64X76X114
P43890,P102820,RIDUTTORE DONALDSON 64X76X114,https://e-commerce.michelecaroli.com/wso/pages/user/wso0205.jsf?idaa=154516&codart=P102820&marart=227&seopth=DONALDSON-FILTRI-P102820-RIDUTTORE-DONALDSON-64X76X114
P438,P550671,FILTRO OLIO,https://e-commerce.michelecaroli.com/wso/pages/user/wso0205.jsf?idaa=156730&codart=P550671&marart=227&seopth=DONALDSON-FILTRI-P550671-FILTRO-OLIO
P43720,51517,FILTRO IDRAULICO,https://e-commerce.michelecaroli.com/wso/pages/user/wso0205.jsf?idaa=368401&codart=51517&marart=218&seopth=WIX-INDUSTRIAL-HD-51517-FILTRO-IDRAULICO
P437,SO475,FILTRO OLIO P554408 HIFI,https://e-commerce.michelecaroli.com/wso/pages/user/wso0205.jsf?idaa=300159&codart=SO475&marart=230&seopth=HIFI-FILTRI-SO475-FILTRO-OLIO-P554408-HIFI
P435,51802,FILTRO OLIO,https://e-commerce.michelecaroli.com/wso/pages/user/wso0205.jsf?idaa=368641&codart=51802&marart=218&seopth=WIX-INDUSTRIAL-HD-51802-FILTRO-OLIO
P4349745,51348,FILTRO OLIO# P550335,https://e-commerce.michelecaroli.com/wso/pages/user/wso0205.jsf?idaa=368274&codart=51348&marart=218&seopth=WIX-INDUSTRIAL-HD-51348-FILTRO-OLIO-P550335
P4349744,51348,FILTRO OLIO# P550335,https://e-commerce.michelecaroli.com/wso/pages/user/wso0205.jsf?idaa=368274&codart=51348&marart=218&seopth=WIX-INDUSTRIAL-HD-51348-FILTRO-OLIO-P550335
P433,P551304,ATTUALE P559130,https://e-commerce.michelecaroli.com/wso/pages/user/wso0205.jsf?idaa=157661&codart=P551304&marart=227&seopth=DONALDSON-FILTRI-P551304-ATTUALE-P559130
P432X,SO599,FILTRO OLIO HIFI,https://e-commerce.michelecaroli.com/wso/pages/user/wso0205.jsf?idaa=300207&codart=SO599&marart=230&seopth=HIFI-FILTRI-SO599-FILTRO-OLIO-HIFI
P432,SO3333,FILTRO OLIO P551670# HIFI,https://e-commerce.michelecaroli.com/wso/pages/user/wso0205.jsf?idaa=300892&codart=SO3333&marart=230&seopth=HIFI-FILTRI-SO3333-FILTRO-OLIO-P551670-HIFI
P4302,M065030,MUFFLER,https://e-commerce.michelecaroli.com/wso/pages/user/wso0205.jsf?idaa=154469&codart=M065030&marart=227&seopth=DONALDSON-FILTRI-M065030-MUFFLER
