Code searched,Matched code,Part Category on Michele,Link to Michele product
OF2027,SO10034,,https://e-commerce.michelecaroli.com/wso/pages/user/wso0205.jsf?idaa=300686&codart=SO10034&marart=230&seopth=HIFI-FILTRI-SO10034-FILTRO-OLIO-P550371-HIFI
OF2023,P550173,FILTRO OLIO ATTUALE P550935,https://e-commerce.michelecaroli.com/wso/pages/user/wso0205.jsf?idaa=156489&codart=P550173&marart=227&seopth=DONALDSON-FILTRI-P550173-FILTRO-OLIO-ATTUALE-P550935
OF2022,2654403-ATS,FILTRO OLIO/OIL FILTER# PERKINS,https://e-commerce.michelecaroli.com/wso/pages/user/wso0205.jsf?idaa=485766&codart=2654403-ATS&marart=156&seopth=ATS-RICAMBI-PERKINS-CC-2654403-ATS-FILTRO-OLIO-OIL-FILTER-PERKINS
OF2021,SP-1002,FILTRO OLIO,https://e-commerce.michelecaroli.com/wso/pages/user/wso0205.jsf?idaa=465814&codart=SP-1002&marart=ALCO&seopth=ALCO-SP-1002-FILTRO-OLIO
OF2019,P550173,FILTRO OLIO ATTUALE P550935,https://e-commerce.michelecaroli.com/wso/pages/user/wso0205.jsf?idaa=156489&codart=P550173&marart=227&seopth=DONALDSON-FILTRI-P550173-FILTRO-OLIO-ATTUALE-P550935
OF2018,SP-812,FILTRO OLIO,https://e-commerce.michelecaroli.com/wso/pages/user/wso0205.jsf?idaa=466312&codart=SP-812&marart=ALCO&seopth=ALCO-SP-812-FILTRO-OLIO
OF2017,P550714,FILTRO OLIO DONALDSON P55-0714,https://e-commerce.michelecaroli.com/wso/pages/user/wso0205.jsf?idaa=156759&codart=P550714&marart=227&seopth=DONALDSON-FILTRI-P550714-FILTRO-OLIO-DONALDSON-P55-0714
OF2016,SP-1008,FILTRO OLIO,https://e-commerce.michelecaroli.com/wso/pages/user/wso0205.jsf?idaa=465818&codart=SP-1008&marart=ALCO&seopth=ALCO-SP-1008-FILTRO-OLIO
OF2015,SO689,FILTRO OLIO P552518 HIFI,https://e-commerce.michelecaroli.com/wso/pages/user/wso0205.jsf?idaa=300375&codart=SO689&marart=230&seopth=HIFI-FILTRI-SO689-FILTRO-OLIO-P552518-HIFI
OF2014,P550965,FILTRO OLIO,https://e-commerce.michelecaroli.com/wso/pages/user/wso0205.jsf?idaa=156876&codart=P550965&marart=227&seopth=DONALDSON-FILTRI-P550965-FILTRO-OLIO
OF2013,P550173,FILTRO OLIO ATTUALE P550935,https://e-commerce.michelecaroli.com/wso/pages/user/wso0205.jsf?idaa=156489&codart=P550173&marart=227&seopth=DONALDSON-FILTRI-P550173-FILTRO-OLIO-ATTUALE-P550935
OF2012,23.265.00,FILTRO OLIO UFI 23.265.00,https://e-commerce.michelecaroli.com/wso/pages/user/wso0205.jsf?idaa=149484&codart=23.265.00&marart=224&seopth=UFI-SOFIMA-FILTRI-23-265-00-FILTRO-OLIO-UFI-23-265-00
OF2011,T1639,FILTRO OLIO P502019 HIFI,https://e-commerce.michelecaroli.com/wso/pages/user/wso0205.jsf?idaa=395324&codart=T1639&marart=230&seopth=HIFI-FILTRI-T1639-FILTRO-OLIO-P502019-HIFI
OF2010,T1624,FILTRO OLIO P550227 HIFI,https://e-commerce.michelecaroli.com/wso/pages/user/wso0205.jsf?idaa=395320&codart=T1624&marart=230&seopth=HIFI-FILTRI-T1624-FILTRO-OLIO-P550227-HIFI
OF2009,SP-934,FILTRO OLIO,https://e-commerce.michelecaroli.com/wso/pages/user/wso0205.jsf?idaa=466400&codart=SP-934&marart=ALCO&seopth=ALCO-SP-934-FILTRO-OLIO
OF2008,T1637,FILTRO OLIO P502016 HIFI,https://e-commerce.michelecaroli.com/wso/pages/user/wso0205.jsf?idaa=344931&codart=T1637&marart=230&seopth=HIFI-FILTRI-T1637-FILTRO-OLIO-P502016-HIFI
OF2007,SP-812,FILTRO OLIO,https://e-commerce.michelecaroli.com/wso/pages/user/wso0205.jsf?idaa=466312&codart=SP-812&marart=ALCO&seopth=ALCO-SP-812-FILTRO-OLIO
OF2006,51036,FILTRO OLIO P550051,https://e-commerce.michelecaroli.com/wso/pages/user/wso0205.jsf?idaa=368073&codart=51036&marart=218&seopth=WIX-INDUSTRIAL-HD-51036-FILTRO-OLIO-P550051
OF2003,T1624,FILTRO OLIO P550227 HIFI,https://e-commerce.michelecaroli.com/wso/pages/user/wso0205.jsf?idaa=395320&codart=T1624&marart=230&seopth=HIFI-FILTRI-T1624-FILTRO-OLIO-P550227-HIFI
OF20,SP-934,FILTRO OLIO,https://e-commerce.michelecaroli.com/wso/pages/user/wso0205.jsf?idaa=466400&codart=SP-934&marart=ALCO&seopth=ALCO-SP-934-FILTRO-OLIO
OF2,23.127.00,FILTRO OLIO UFI 23.127.00,https://e-commerce.michelecaroli.com/wso/pages/user/wso0205.jsf?idaa=149367&codart=23.127.00&marart=UFIHD&seopth=UFI-HD-23-127-00-FILTRO-OLIO-UFI-23-127-00
OF195,SP-812,FILTRO OLIO,https://e-commerce.michelecaroli.com/wso/pages/user/wso0205.jsf?idaa=466312&codart=SP-812&marart=ALCO&seopth=ALCO-SP-812-FILTRO-OLIO
OF19,51521,FILTRO OLIO,https://e-commerce.michelecaroli.com/wso/pages/user/wso0205.jsf?idaa=368404&codart=51521&marart=218&seopth=WIX-INDUSTRIAL-HD-51521-FILTRO-OLIO
OF1839,51839,,https://e-commerce.michelecaroli.com/wso/pages/user/wso0205.jsf?idaa=368663&codart=51839&marart=218&seopth=WIX-INDUSTRIAL-HD-51839-FILTRO-OLIO
OF18,P550095,FILTRO OLIO DONALDSON P55-0095 OBSO LETO,https://e-commerce.michelecaroli.com/wso/pages/user/wso0205.jsf?idaa=156453&codart=P550095&marart=227&seopth=DONALDSON-FILTRI-P550095-FILTRO-OLIO-DONALDSON-P55-0095-OBSO
OF18,P550095,FILTRO OLIO DONALDSON P55-0095 OBSO LETO,https://e-commerce.michelecaroli.com/wso/pages/user/wso0205.jsf?idaa=156453&codart=P550095&marart=227&seopth=DONALDSON-FILTRI-P550095-FILTRO-OLIO-DONALDSON-P55-0095-OBSO
OF1797,WL7107,"FIILTRO OLIO BEDFO.BOBCATCASE JOHN DEERE. KUBOTA. HON. ACCORD, CIVIC,",https://e-commerce.michelecaroli.com/wso/pages/user/wso0205.jsf?idaa=143507&codart=WL7107&marart=219&seopth=WIX-AUTO-FILTRI-WL7107-FIILTRO-OLIO-BEDFO-BOBCATCASE-JOHN
OF1797,WL7107,"FIILTRO OLIO BEDFO.BOBCATCASE JOHN DEERE. KUBOTA. HON. ACCORD, CIVIC,",https://e-commerce.michelecaroli.com/wso/pages/user/wso0205.jsf?idaa=143507&codart=WL7107&marart=219&seopth=WIX-AUTO-FILTRI-WL7107-FIILTRO-OLIO-BEDFO-BOBCATCASE-JOHN
OF1773,51773,FILTRO OLIO,https://e-commerce.michelecaroli.com/wso/pages/user/wso0205.jsf?idaa=368617&codart=51773&marart=218&seopth=WIX-INDUSTRIAL-HD-51773-FILTRO-OLIO
OF1773,51773,FILTRO OLIO,https://e-commerce.michelecaroli.com/wso/pages/user/wso0205.jsf?idaa=368617&codart=51773&marart=218&seopth=WIX-INDUSTRIAL-HD-51773-FILTRO-OLIO
OF1742,P550784,,https://e-commerce.michelecaroli.com/wso/pages/user/wso0205.jsf?idaa=156801&codart=P550784&marart=227&seopth=DONALDSON-FILTRI-P550784-SOSTITUITO-DAL-P551864
OF17,T1624,FILTRO OLIO P550227 HIFI,https://e-commerce.michelecaroli.com/wso/pages/user/wso0205.jsf?idaa=395320&codart=T1624&marart=230&seopth=HIFI-FILTRI-T1624-FILTRO-OLIO-P550227-HIFI
OF164,P550173,FILTRO OLIO ATTUALE P550935,https://e-commerce.michelecaroli.com/wso/pages/user/wso0205.jsf?idaa=156489&codart=P550173&marart=227&seopth=DONALDSON-FILTRI-P550173-FILTRO-OLIO-ATTUALE-P550935
OF163,T6720,FILTRO OLIO P550078 HIFI,https://e-commerce.michelecaroli.com/wso/pages/user/wso0205.jsf?idaa=395341&codart=T6720&marart=230&seopth=HIFI-FILTRI-T6720-FILTRO-OLIO-P550078-HIFI
OF161,51348,FILTRO OLIO# P550335,https://e-commerce.michelecaroli.com/wso/pages/user/wso0205.jsf?idaa=368274&codart=51348&marart=218&seopth=WIX-INDUSTRIAL-HD-51348-FILTRO-OLIO-P550335
OF160,SP-915,FILTRO OLIO ALCO,https://e-commerce.michelecaroli.com/wso/pages/user/wso0205.jsf?idaa=466385&codart=SP-915&marart=ALCO&seopth=ALCO-SP-915-FILTRO-OLIO-ALCO
OF16,SO8000,FILTRO OLIO HIFI,https://e-commerce.michelecaroli.com/wso/pages/user/wso0205.jsf?idaa=301383&codart=SO8000&marart=230&seopth=HIFI-FILTRI-SO8000-FILTRO-OLIO-HIFI
OF16,SO8000,FILTRO OLIO HIFI,https://e-commerce.michelecaroli.com/wso/pages/user/wso0205.jsf?idaa=301383&codart=SO8000&marart=230&seopth=HIFI-FILTRI-SO8000-FILTRO-OLIO-HIFI
OF157,SO941,FILTRO OLIO P550361 HIFI,https://e-commerce.michelecaroli.com/wso/pages/user/wso0205.jsf?idaa=301517&codart=SO941&marart=230&seopth=HIFI-FILTRI-SO941-FILTRO-OLIO-P550361-HIFI
OF155,SO8000,FILTRO OLIO HIFI,https://e-commerce.michelecaroli.com/wso/pages/user/wso0205.jsf?idaa=301383&codart=SO8000&marart=230&seopth=HIFI-FILTRI-SO8000-FILTRO-OLIO-HIFI
OF1523,T6730,FILTRO OLIO P550067 HIFI,https://e-commerce.michelecaroli.com/wso/pages/user/wso0205.jsf?idaa=395343&codart=T6730&marart=230&seopth=HIFI-FILTRI-T6730-FILTRO-OLIO-P550067-HIFI
OF1522,51042,FILTRO OLIO,https://e-commerce.michelecaroli.com/wso/pages/user/wso0205.jsf?idaa=368076&codart=51042&marart=218&seopth=WIX-INDUSTRIAL-HD-51042-FILTRO-OLIO
OF152,SP-915,FILTRO OLIO ALCO,https://e-commerce.michelecaroli.com/wso/pages/user/wso0205.jsf?idaa=466385&codart=SP-915&marart=ALCO&seopth=ALCO-SP-915-FILTRO-OLIO-ALCO
OF151,P555522,SOSTITUITO,https://e-commerce.michelecaroli.com/wso/pages/user/wso0205.jsf?idaa=157135&codart=P555522&marart=227&seopth=DONALDSON-FILTRI-P555522-SOSTITUITO
OF150,SP-812,FILTRO OLIO,https://e-commerce.michelecaroli.com/wso/pages/user/wso0205.jsf?idaa=466312&codart=SP-812&marart=ALCO&seopth=ALCO-SP-812-FILTRO-OLIO
OF150,SP-812,FILTRO OLIO,https://e-commerce.michelecaroli.com/wso/pages/user/wso0205.jsf?idaa=466312&codart=SP-812&marart=ALCO&seopth=ALCO-SP-812-FILTRO-OLIO
OF15,P502048,FILTRO OLIO,https://e-commerce.michelecaroli.com/wso/pages/user/wso0205.jsf?idaa=155998&codart=P502048&marart=227&seopth=DONALDSON-FILTRI-P502048-FILTRO-OLIO
OF146,P550173,FILTRO OLIO ATTUALE P550935,https://e-commerce.michelecaroli.com/wso/pages/user/wso0205.jsf?idaa=156489&codart=P550173&marart=227&seopth=DONALDSON-FILTRI-P550173-FILTRO-OLIO-ATTUALE-P550935
OF144,51036,FILTRO OLIO P550051,https://e-commerce.michelecaroli.com/wso/pages/user/wso0205.jsf?idaa=368073&codart=51036&marart=218&seopth=WIX-INDUSTRIAL-HD-51036-FILTRO-OLIO-P550051
OF142,P550173,FILTRO OLIO ATTUALE P550935,https://e-commerce.michelecaroli.com/wso/pages/user/wso0205.jsf?idaa=156489&codart=P550173&marart=227&seopth=DONALDSON-FILTRI-P550173-FILTRO-OLIO-ATTUALE-P550935
OF14,P550173,FILTRO OLIO ATTUALE P550935,https://e-commerce.michelecaroli.com/wso/pages/user/wso0205.jsf?idaa=156489&codart=P550173&marart=227&seopth=DONALDSON-FILTRI-P550173-FILTRO-OLIO-ATTUALE-P550935
OF1385,P552471,FILTRO OLIO,https://e-commerce.michelecaroli.com/wso/pages/user/wso0205.jsf?idaa=311988&codart=P552471&marart=227&seopth=DONALDSON-FILTRI-P552471-FILTRO-OLIO
OF138,SO633,FILTRO OLIO HIFI,https://e-commerce.michelecaroli.com/wso/pages/user/wso0205.jsf?idaa=300350&codart=SO633&marart=230&seopth=HIFI-FILTRI-SO633-FILTRO-OLIO-HIFI
OF137,P550210,FILTRO HYDR.ATTUALE P550940,https://e-commerce.michelecaroli.com/wso/pages/user/wso0205.jsf?idaa=156505&codart=P550210&marart=227&seopth=DONALDSON-FILTRI-P550210-FILTRO-HYDR-ATTUALE-P550940
OF136,P502020,"LUBE FILTER, SPIN-ON FULL FLOW",https://e-commerce.michelecaroli.com/wso/pages/user/wso0205.jsf?idaa=441443&codart=P502020&marart=227&seopth=DONALDSON-FILTRI-P502020-LUBE-FILTER-SPIN-ON-FULL-FLOW
OF135,P550173,FILTRO OLIO ATTUALE P550935,https://e-commerce.michelecaroli.com/wso/pages/user/wso0205.jsf?idaa=156489&codart=P550173&marart=227&seopth=DONALDSON-FILTRI-P550173-FILTRO-OLIO-ATTUALE-P550935
OF134,SP-915,FILTRO OLIO ALCO,https://e-commerce.michelecaroli.com/wso/pages/user/wso0205.jsf?idaa=466385&codart=SP-915&marart=ALCO&seopth=ALCO-SP-915-FILTRO-OLIO-ALCO
OF133A,T6720,FILTRO OLIO P550078 HIFI,https://e-commerce.michelecaroli.com/wso/pages/user/wso0205.jsf?idaa=395341&codart=T6720&marart=230&seopth=HIFI-FILTRI-T6720-FILTRO-OLIO-P550078-HIFI
OF133,T6720,FILTRO OLIO P550078 HIFI,https://e-commerce.michelecaroli.com/wso/pages/user/wso0205.jsf?idaa=395341&codart=T6720&marart=230&seopth=HIFI-FILTRI-T6720-FILTRO-OLIO-P550078-HIFI
OF1324,T6730,FILTRO OLIO P550067 HIFI,https://e-commerce.michelecaroli.com/wso/pages/user/wso0205.jsf?idaa=395343&codart=T6730&marart=230&seopth=HIFI-FILTRI-T6730-FILTRO-OLIO-P550067-HIFI
OF132,SO780,FILTRO OLIO P550047 HIFI,https://e-commerce.michelecaroli.com/wso/pages/user/wso0205.jsf?idaa=301372&codart=SO780&marart=230&seopth=HIFI-FILTRI-SO780-FILTRO-OLIO-P550047-HIFI
OF130,P502020,"LUBE FILTER, SPIN-ON FULL FLOW",https://e-commerce.michelecaroli.com/wso/pages/user/wso0205.jsf?idaa=441443&codart=P502020&marart=227&seopth=DONALDSON-FILTRI-P502020-LUBE-FILTER-SPIN-ON-FULL-FLOW
OF13,T6720,FILTRO OLIO P550078 HIFI,https://e-commerce.michelecaroli.com/wso/pages/user/wso0205.jsf?idaa=395341&codart=T6720&marart=230&seopth=HIFI-FILTRI-T6720-FILTRO-OLIO-P550078-HIFI
OF13,T6720,FILTRO OLIO P550078 HIFI,https://e-commerce.michelecaroli.com/wso/pages/user/wso0205.jsf?idaa=395341&codart=T6720&marart=230&seopth=HIFI-FILTRI-T6720-FILTRO-OLIO-P550078-HIFI
OF1289,SO941,FILTRO OLIO P550361 HIFI,https://e-commerce.michelecaroli.com/wso/pages/user/wso0205.jsf?idaa=301517&codart=SO941&marart=230&seopth=HIFI-FILTRI-SO941-FILTRO-OLIO-P550361-HIFI
OF1283,P552819,FILTRO OLIO DONALDSON P55-2819,https://e-commerce.michelecaroli.com/wso/pages/user/wso0205.jsf?idaa=157063&codart=P552819&marart=227&seopth=DONALDSON-FILTRI-P552819-FILTRO-OLIO-DONALDSON-P55-2819
OF1271,51271,FILTRO OLIO,https://e-commerce.michelecaroli.com/wso/pages/user/wso0205.jsf?idaa=368221&codart=51271&marart=218&seopth=WIX-INDUSTRIAL-HD-51271-FILTRO-OLIO
OF127,51010,FILTRO OLIO,https://e-commerce.michelecaroli.com/wso/pages/user/wso0205.jsf?idaa=368066&codart=51010&marart=218&seopth=WIX-INDUSTRIAL-HD-51010-FILTRO-OLIO
OF126,P552471,FILTRO OLIO,https://e-commerce.michelecaroli.com/wso/pages/user/wso0205.jsf?idaa=311988&codart=P552471&marart=227&seopth=DONALDSON-FILTRI-P552471-FILTRO-OLIO
OF125,P502048,FILTRO OLIO,https://e-commerce.michelecaroli.com/wso/pages/user/wso0205.jsf?idaa=155998&codart=P502048&marart=227&seopth=DONALDSON-FILTRI-P502048-FILTRO-OLIO
OF124,SP-915,FILTRO OLIO ALCO,https://e-commerce.michelecaroli.com/wso/pages/user/wso0205.jsf?idaa=466385&codart=SP-915&marart=ALCO&seopth=ALCO-SP-915-FILTRO-OLIO-ALCO
OF123,T1624,FILTRO OLIO P550227 HIFI,https://e-commerce.michelecaroli.com/wso/pages/user/wso0205.jsf?idaa=395320&codart=T1624&marart=230&seopth=HIFI-FILTRI-T1624-FILTRO-OLIO-P550227-HIFI
OF121,26540153,FILTRO OLIO/OIL FILTER,https://e-commerce.michelecaroli.com/wso/pages/user/wso0205.jsf?idaa=46765&codart=26540153&marart=155&seopth=PERKINS-26540153-FILTRO-OLIO-OIL-FILTER
OF12,SP-915,FILTRO OLIO ALCO,https://e-commerce.michelecaroli.com/wso/pages/user/wso0205.jsf?idaa=466385&codart=SP-915&marart=ALCO&seopth=ALCO-SP-915-FILTRO-OLIO-ALCO
OF1189,SP-907,FILTRO OLIO,https://e-commerce.michelecaroli.com/wso/pages/user/wso0205.jsf?idaa=466379&codart=SP-907&marart=ALCO&seopth=ALCO-SP-907-FILTRO-OLIO
OF116,P552819,FILTRO OLIO DONALDSON P55-2819,https://e-commerce.michelecaroli.com/wso/pages/user/wso0205.jsf?idaa=157063&codart=P552819&marart=227&seopth=DONALDSON-FILTRI-P552819-FILTRO-OLIO-DONALDSON-P55-2819
OF115,SP4464,,https://e-commerce.michelecaroli.com/wso/pages/user/wso0205.jsf?idaa=414708&codart=SP4464&marart=233&seopth=SF-FILTER-SP4464-FILTRO-OLIO
OF111,SP-915,FILTRO OLIO ALCO,https://e-commerce.michelecaroli.com/wso/pages/user/wso0205.jsf?idaa=466385&codart=SP-915&marart=ALCO&seopth=ALCO-SP-915-FILTRO-OLIO-ALCO
OF110,SO8000,FILTRO OLIO HIFI,https://e-commerce.michelecaroli.com/wso/pages/user/wso0205.jsf?idaa=301383&codart=SO8000&marart=230&seopth=HIFI-FILTRI-SO8000-FILTRO-OLIO-HIFI
OF11,P550400,FILTRO OLIO DONALDSON P55-0400,https://e-commerce.michelecaroli.com/wso/pages/user/wso0205.jsf?idaa=156593&codart=P550400&marart=227&seopth=DONALDSON-FILTRI-P550400-FILTRO-OLIO-DONALDSON-P55-0400
OF11,P550400,FILTRO OLIO DONALDSON P55-0400,https://e-commerce.michelecaroli.com/wso/pages/user/wso0205.jsf?idaa=156593&codart=P550400&marart=227&seopth=DONALDSON-FILTRI-P550400-FILTRO-OLIO-DONALDSON-P55-0400
OF109,P550210,FILTRO HYDR.ATTUALE P550940,https://e-commerce.michelecaroli.com/wso/pages/user/wso0205.jsf?idaa=156505&codart=P550210&marart=227&seopth=DONALDSON-FILTRI-P550210-FILTRO-HYDR-ATTUALE-P550940
OF1076,51076,FILTRO OLIO,https://e-commerce.michelecaroli.com/wso/pages/user/wso0205.jsf?idaa=368095&codart=51076&marart=218&seopth=WIX-INDUSTRIAL-HD-51076-FILTRO-OLIO
OF107,P502020,"LUBE FILTER, SPIN-ON FULL FLOW",https://e-commerce.michelecaroli.com/wso/pages/user/wso0205.jsf?idaa=441443&codart=P502020&marart=227&seopth=DONALDSON-FILTRI-P502020-LUBE-FILTER-SPIN-ON-FULL-FLOW
OF106,P502020,"LUBE FILTER, SPIN-ON FULL FLOW",https://e-commerce.michelecaroli.com/wso/pages/user/wso0205.jsf?idaa=441443&codart=P502020&marart=227&seopth=DONALDSON-FILTRI-P502020-LUBE-FILTER-SPIN-ON-FULL-FLOW
OF1050,51050,FILTRO OLIO,https://e-commerce.michelecaroli.com/wso/pages/user/wso0205.jsf?idaa=368079&codart=51050&marart=218&seopth=WIX-INDUSTRIAL-HD-51050-FILTRO-OLIO
OF1042,51042,FILTRO OLIO,https://e-commerce.michelecaroli.com/wso/pages/user/wso0205.jsf?idaa=368076&codart=51042&marart=218&seopth=WIX-INDUSTRIAL-HD-51042-FILTRO-OLIO
OF104,P550882,,https://e-commerce.michelecaroli.com/wso/pages/user/wso0205.jsf?idaa=156838&codart=P550882&marart=227&seopth=DONALDSON-FILTRI-P550882-ATTUALE-P550939
OF103,P550095,FILTRO OLIO DONALDSON P55-0095 OBSO LETO,https://e-commerce.michelecaroli.com/wso/pages/user/wso0205.jsf?idaa=156453&codart=P550095&marart=227&seopth=DONALDSON-FILTRI-P550095-FILTRO-OLIO-DONALDSON-P55-0095-OBSO
OF102,SO580,FILTRO OLIO P550008# HIFI,https://e-commerce.michelecaroli.com/wso/pages/user/wso0205.jsf?idaa=300199&codart=SO580&marart=230&seopth=HIFI-FILTRI-SO580-FILTRO-OLIO-P550008-HIFI
OF1010,51010,FILTRO OLIO,https://e-commerce.michelecaroli.com/wso/pages/user/wso0205.jsf?idaa=368066&codart=51010&marart=218&seopth=WIX-INDUSTRIAL-HD-51010-FILTRO-OLIO
OF101,SP-907,FILTRO OLIO,https://e-commerce.michelecaroli.com/wso/pages/user/wso0205.jsf?idaa=466379&codart=SP-907&marart=ALCO&seopth=ALCO-SP-907-FILTRO-OLIO
OF10,51348,FILTRO OLIO# P550335,https://e-commerce.michelecaroli.com/wso/pages/user/wso0205.jsf?idaa=368274&codart=51348&marart=218&seopth=WIX-INDUSTRIAL-HD-51348-FILTRO-OLIO-P550335
OF09,SP-812,FILTRO OLIO,https://e-commerce.michelecaroli.com/wso/pages/user/wso0205.jsf?idaa=466312&codart=SP-812&marart=ALCO&seopth=ALCO-SP-812-FILTRO-OLIO
OF08,51036,FILTRO OLIO P550051,https://e-commerce.michelecaroli.com/wso/pages/user/wso0205.jsf?idaa=368073&codart=51036&marart=218&seopth=WIX-INDUSTRIAL-HD-51036-FILTRO-OLIO-P550051
OF0630,P206375,"CONNECTOR, 5 IN (127 MM) ID-ID",https://e-commerce.michelecaroli.com/wso/pages/user/wso0205.jsf?idaa=441184&codart=P206375&marart=227&seopth=DONALDSON-FILTRI-P206375-CONNECTOR-5-IN-127-MM-ID-ID
OF05,51061,FILTRO OLIO,https://e-commerce.michelecaroli.com/wso/pages/user/wso0205.jsf?idaa=368085&codart=51061&marart=218&seopth=WIX-INDUSTRIAL-HD-51061-FILTRO-OLIO
OF04,SO689,FILTRO OLIO P552518 HIFI,https://e-commerce.michelecaroli.com/wso/pages/user/wso0205.jsf?idaa=300375&codart=SO689&marart=230&seopth=HIFI-FILTRI-SO689-FILTRO-OLIO-P552518-HIFI
OF03,SP4464,,https://e-commerce.michelecaroli.com/wso/pages/user/wso0205.jsf?idaa=414708&codart=SP4464&marart=233&seopth=SF-FILTER-SP4464-FILTRO-OLIO
OF02,SO780,FILTRO OLIO P550047 HIFI,https://e-commerce.michelecaroli.com/wso/pages/user/wso0205.jsf?idaa=301372&codart=SO780&marart=230&seopth=HIFI-FILTRI-SO780-FILTRO-OLIO-P550047-HIFI
OF01,SO580,FILTRO OLIO P550008# HIFI,https://e-commerce.michelecaroli.com/wso/pages/user/wso0205.jsf?idaa=300199&codart=SO580&marart=230&seopth=HIFI-FILTRI-SO580-FILTRO-OLIO-P550008-HIFI
