Code searched,Matched code,Part Category on Michele,Link to Michele product
P557373,P557373,FILTRO HYDR.DONALDSON P55-7373,https://e-commerce.michelecaroli.com/wso/pages/user/wso0205.jsf?idaa=157174&codart=P557373&marart=227&seopth=DONALDSON-FILTRI-P557373-FILTRO-HYDR-DONALDSON-P55-7373
P557356,P557356,,https://e-commerce.michelecaroli.com/wso/pages/user/wso0205.jsf?idaa=534528&codart=P557356&marart=227&seopth=DONALDSON-FILTRI-P557356-LUBE-FILTER-CARTRIDGE
P556917,P556917,FILTRO GASOLIO,https://e-commerce.michelecaroli.com/wso/pages/user/wso0205.jsf?idaa=157161&codart=P556917&marart=227&seopth=DONALDSON-FILTRI-P556917-FILTRO-GASOLIO
P556745288140,SN5045,FILTRO NAFTA P556745 HIFI A SCATO LA,https://e-commerce.michelecaroli.com/wso/pages/user/wso0205.jsf?idaa=299362&codart=SN5045&marart=230&seopth=HIFI-FILTRI-SN5045-FILTRO-NAFTA-P556745-HIFI-A-SCATO
P556731,1R0659,,https://e-commerce.michelecaroli.com/wso/pages/user/wso0205.jsf?idaa=146663&codart=1R0659&marart=222&seopth=FILTRI-VARI-1R0659-FILTRO-OLIO-CAT
P556352,SO10116,FILTRO OLIO HIFI,https://e-commerce.michelecaroli.com/wso/pages/user/wso0205.jsf?idaa=395622&codart=SO10116&marart=230&seopth=HIFI-FILTRI-SO10116-FILTRO-OLIO-HIFI
P55613,P182045,,https://e-commerce.michelecaroli.com/wso/pages/user/wso0205.jsf?idaa=155911&codart=P182045&marart=227&seopth=DONALDSON-FILTRI-P182045-FILTRO-ARIA-SOSTITUITO-DA-P181045
P55605,P182046,FILTRO ARIA DONALDSON P18-2046 ABBINATO C/FILTRO INTERNO P119373,https://e-commerce.michelecaroli.com/wso/pages/user/wso0205.jsf?idaa=155912&codart=P182046&marart=227&seopth=DONALDSON-FILTRI-P182046-FILTRO-ARIA-DONALDSON-P18-2046
P55602,SA10440,FILTRO ARIA SICUREZZ P119374 HIFI ACCOPPIATO CON SA10368,https://e-commerce.michelecaroli.com/wso/pages/user/wso0205.jsf?idaa=336026&codart=SA10440&marart=230&seopth=HIFI-FILTRI-SA10440-FILTRO-ARIA-SICUREZZ-P119374-HIFI
P556004,P556004,FILTRO HYDR.DONALDSON P55-6004,https://e-commerce.michelecaroli.com/wso/pages/user/wso0205.jsf?idaa=157146&codart=P556004&marart=227&seopth=DONALDSON-FILTRI-P556004-FILTRO-HYDR-DONALDSON-P55-6004
P55596,42119,FILTRO ARIA P181034/P182034,https://e-commerce.michelecaroli.com/wso/pages/user/wso0205.jsf?idaa=366333&codart=42119&marart=218&seopth=WIX-INDUSTRIAL-HD-42119-FILTRO-ARIA-P181034-P182034
P555935,SO601,FILTRO HYDR. P555935 HIFI,https://e-commerce.michelecaroli.com/wso/pages/user/wso0205.jsf?idaa=300214&codart=SO601&marart=230&seopth=HIFI-FILTRI-SO601-FILTRO-HYDR-P555935-HIFI
P555935,SO601,FILTRO HYDR. P555935 HIFI,https://e-commerce.michelecaroli.com/wso/pages/user/wso0205.jsf?idaa=300214&codart=SO601&marart=230&seopth=HIFI-FILTRI-SO601-FILTRO-HYDR-P555935-HIFI
P55591,42119,FILTRO ARIA P181034/P182034,https://e-commerce.michelecaroli.com/wso/pages/user/wso0205.jsf?idaa=366333&codart=42119&marart=218&seopth=WIX-INDUSTRIAL-HD-42119-FILTRO-ARIA-P181034-P182034
P555625,P555625,,https://e-commerce.michelecaroli.com/wso/pages/user/wso0205.jsf?idaa=157140&codart=P555625&marart=227&seopth=DONALDSON-FILTRI-P555625-FILTRO-OLIO-DONALDSON-P55-5625
P55561,42490,FILTRO ARIA,https://e-commerce.michelecaroli.com/wso/pages/user/wso0205.jsf?idaa=366557&codart=42490&marart=218&seopth=WIX-INDUSTRIAL-HD-42490-FILTRO-ARIA
P555575,P555575,,https://e-commerce.michelecaroli.com/wso/pages/user/wso0205.jsf?idaa=157137&codart=P555575&marart=227&seopth=DONALDSON-FILTRI-P555575-FILTRO-OLIO-DONALDSON-P55-5575
P555088,P555088,FILTRO OLIO DONALDSON P55-5088,https://e-commerce.michelecaroli.com/wso/pages/user/wso0205.jsf?idaa=157129&codart=P555088&marart=227&seopth=DONALDSON-FILTRI-P555088-FILTRO-OLIO-DONALDSON-P55-5088
P555088,P555088,FILTRO OLIO DONALDSON P55-5088,https://e-commerce.michelecaroli.com/wso/pages/user/wso0205.jsf?idaa=157129&codart=P555088&marart=227&seopth=DONALDSON-FILTRI-P555088-FILTRO-OLIO-DONALDSON-P55-5088
P555060,P555060,FILTRO NAFTA DONALDSON P55-5060,https://e-commerce.michelecaroli.com/wso/pages/user/wso0205.jsf?idaa=157128&codart=P555060&marart=227&seopth=DONALDSON-FILTRI-P555060-FILTRO-NAFTA-DONALDSON-P55-5060
P555010,P555010,,https://e-commerce.michelecaroli.com/wso/pages/user/wso0205.jsf?idaa=157127&codart=P555010&marart=227&seopth=DONALDSON-FILTRI-P555010-FILTRO-GASOLIO-DONALDSON-P55-5010-V
P555004,SN1212,FILTRO NAFTA P558000 HIFI,https://e-commerce.michelecaroli.com/wso/pages/user/wso0205.jsf?idaa=298888&codart=SN1212&marart=230&seopth=HIFI-FILTRI-SN1212-FILTRO-NAFTA-P558000-HIFI
P555001,P555001,,https://e-commerce.michelecaroli.com/wso/pages/user/wso0205.jsf?idaa=157124&codart=P555001&marart=227&seopth=DONALDSON-FILTRI-P555001-FILTRO-NAFTA-SEP-COMPLETO-OBSOLET
P555,51178,,https://e-commerce.michelecaroli.com/wso/pages/user/wso0205.jsf?idaa=368161&codart=51178&marart=218&seopth=WIX-INDUSTRIAL-HD-51178-FILTRO-IDRAULICO
P554731,P554731,ATTUALE P556004,https://e-commerce.michelecaroli.com/wso/pages/user/wso0205.jsf?idaa=157119&codart=P554731&marart=227&seopth=DONALDSON-FILTRI-P554731-ATTUALE-P556004
P554470,SN55433,,https://e-commerce.michelecaroli.com/wso/pages/user/wso0205.jsf?idaa=299423&codart=SN55433&marart=230&seopth=HIFI-FILTRI-SN55433-FILTRO-NAFTA-P554470-HIFI
P554470,SN55433,,https://e-commerce.michelecaroli.com/wso/pages/user/wso0205.jsf?idaa=299423&codart=SN55433&marart=230&seopth=HIFI-FILTRI-SN55433-FILTRO-NAFTA-P554470-HIFI
P554136,P554136,FILTRO@OLIO DONALDSON P55-4136,https://e-commerce.michelecaroli.com/wso/pages/user/wso0205.jsf?idaa=157107&codart=P554136&marart=227&seopth=DONALDSON-FILTRI-P554136-FILTRO-OLIO-DONALDSON-P55-4136
P554104,SO045,FILTRO OLIO P551604# HIFI,https://e-commerce.michelecaroli.com/wso/pages/user/wso0205.jsf?idaa=300661&codart=SO045&marart=230&seopth=HIFI-FILTRI-SO045-FILTRO-OLIO-P551604-HIFI
P554075,P554075,FILTRO ACQUA DONALDSON P55-4075,https://e-commerce.michelecaroli.com/wso/pages/user/wso0205.jsf?idaa=157105&codart=P554075&marart=227&seopth=DONALDSON-FILTRI-P554075-FILTRO-ACQUA-DONALDSON-P55-4075
P554075,P554075,FILTRO ACQUA DONALDSON P55-4075,https://e-commerce.michelecaroli.com/wso/pages/user/wso0205.jsf?idaa=157105&codart=P554075&marart=227&seopth=DONALDSON-FILTRI-P554075-FILTRO-ACQUA-DONALDSON-P55-4075
P554016,WE2060,FILTRO ACQUA P554073 HIFI,https://e-commerce.michelecaroli.com/wso/pages/user/wso0205.jsf?idaa=424763&codart=WE2060&marart=230&seopth=HIFI-FILTRI-WE2060-FILTRO-ACQUA-P554073-HIFI
P553925,P553925,FILTRO OLIO DONALDSON P55-3925,https://e-commerce.michelecaroli.com/wso/pages/user/wso0205.jsf?idaa=157095&codart=P553925&marart=227&seopth=DONALDSON-FILTRI-P553925-FILTRO-OLIO-DONALDSON-P55-3925
P553315,SO3315,FILTRO OLIO P553315# HIFI,https://e-commerce.michelecaroli.com/wso/pages/user/wso0205.jsf?idaa=300884&codart=SO3315&marart=230&seopth=HIFI-FILTRI-SO3315-FILTRO-OLIO-P553315-HIFI
P553315,SO3315,FILTRO OLIO P553315# HIFI,https://e-commerce.michelecaroli.com/wso/pages/user/wso0205.jsf?idaa=300884&codart=SO3315&marart=230&seopth=HIFI-FILTRI-SO3315-FILTRO-OLIO-P553315-HIFI
P553314,23.256.00,FILTRO OLIO UFI 23.256.00,https://e-commerce.michelecaroli.com/wso/pages/user/wso0205.jsf?idaa=149475&codart=23.256.00&marart=224&seopth=UFI-SOFIMA-FILTRI-23-256-00-FILTRO-OLIO-UFI-23-256-00
P553211,P553211,SEPARATORE,https://e-commerce.michelecaroli.com/wso/pages/user/wso0205.jsf?idaa=311993&codart=P553211&marart=227&seopth=DONALDSON-FILTRI-P553211-SEPARATORE
P553201,p553201,FILTRO SEPARATORE (conf.12),https://e-commerce.michelecaroli.com/wso/pages/user/wso0205.jsf?idaa=157071&codart=p553201&marart=227&seopth=DONALDSON-FILTRI-p553201-FILTRO-SEPARATORE
P553009,P553009,,https://e-commerce.michelecaroli.com/wso/pages/user/wso0205.jsf?idaa=534527&codart=P553009&marart=227&seopth=DONALDSON-FILTRI-P553009-FUEL-FILTER-SPIN-ON
P553,P553205,FILTRO GASOLIO,https://e-commerce.michelecaroli.com/wso/pages/user/wso0205.jsf?idaa=157073&codart=P553205&marart=227&seopth=DONALDSON-FILTRI-P553205-FILTRO-GASOLIO
P552565,P552565,FILTRO SEPARATORE DONALDSON P55-256 5 VEDI P553201,https://e-commerce.michelecaroli.com/wso/pages/user/wso0205.jsf?idaa=157061&codart=P552565&marart=227&seopth=DONALDSON-FILTRI-P552565-FILTRO-SEPARATORE-DONALDSON-P55-256
P552474,P552474,FILTRO OLIO,https://e-commerce.michelecaroli.com/wso/pages/user/wso0205.jsf?idaa=311989&codart=P552474&marart=227&seopth=DONALDSON-FILTRI-P552474-FILTRO-OLIO
P552471,P552471,FILTRO OLIO,https://e-commerce.michelecaroli.com/wso/pages/user/wso0205.jsf?idaa=311988&codart=P552471&marart=227&seopth=DONALDSON-FILTRI-P552471-FILTRO-OLIO
P552467,P552467,TRANSMISSION FILTER KIT,https://e-commerce.michelecaroli.com/wso/pages/user/wso0205.jsf?idaa=441618&codart=P552467&marart=227&seopth=DONALDSON-FILTRI-P552467-TRANSMISSION-FILTER-KIT
P552462,P552462,FILTRO OLIO,https://e-commerce.michelecaroli.com/wso/pages/user/wso0205.jsf?idaa=157052&codart=P552462&marart=227&seopth=DONALDSON-FILTRI-P552462-FILTRO-OLIO
P552461,P552461,FILTRO HYDRAULIC,https://e-commerce.michelecaroli.com/wso/pages/user/wso0205.jsf?idaa=157051&codart=P552461&marart=227&seopth=DONALDSON-FILTRI-P552461-FILTRO-HYDRAULIC
P552461,P552461,FILTRO HYDRAULIC,https://e-commerce.michelecaroli.com/wso/pages/user/wso0205.jsf?idaa=157051&codart=P552461&marart=227&seopth=DONALDSON-FILTRI-P552461-FILTRO-HYDRAULIC
P552459,P552459,FILTRO IDRAULICO,https://e-commerce.michelecaroli.com/wso/pages/user/wso0205.jsf?idaa=311986&codart=P552459&marart=227&seopth=DONALDSON-FILTRI-P552459-FILTRO-IDRAULICO
P552452,P552452,FILTRO IDRAULICO,https://e-commerce.michelecaroli.com/wso/pages/user/wso0205.jsf?idaa=157050&codart=P552452&marart=227&seopth=DONALDSON-FILTRI-P552452-FILTRO-IDRAULICO
P552451,P552451,"LUBE FILTER, SPIN-ON BYPASS",https://e-commerce.michelecaroli.com/wso/pages/user/wso0205.jsf?idaa=441616&codart=P552451&marart=227&seopth=DONALDSON-FILTRI-P552451-LUBE-FILTER-SPIN-ON-BYPASS
P552440,P552440,FILTRO GASOLIO,https://e-commerce.michelecaroli.com/wso/pages/user/wso0205.jsf?idaa=157049&codart=P552440&marart=227&seopth=DONALDSON-FILTRI-P552440-FILTRO-GASOLIO
P552414,P552414,FILTRO OLIO,https://e-commerce.michelecaroli.com/wso/pages/user/wso0205.jsf?idaa=157048&codart=P552414&marart=227&seopth=DONALDSON-FILTRI-P552414-FILTRO-OLIO
P552411,WL7107,"FIILTRO OLIO BEDFO.BOBCATCASE JOHN DEERE. KUBOTA. HON. ACCORD, CIVIC,",https://e-commerce.michelecaroli.com/wso/pages/user/wso0205.jsf?idaa=143507&codart=WL7107&marart=219&seopth=WIX-AUTO-FILTRI-WL7107-FIILTRO-OLIO-BEDFO-BOBCATCASE-JOHN
P552398,P552398,"FUEL FILTER, IN-LINE",https://e-commerce.michelecaroli.com/wso/pages/user/wso0205.jsf?idaa=441614&codart=P552398&marart=227&seopth=DONALDSON-FILTRI-P552398-FUEL-FILTER-IN-LINE
P552378,SN21585,FILTRO NAFTA P552378 HIFI,https://e-commerce.michelecaroli.com/wso/pages/user/wso0205.jsf?idaa=299744&codart=SN21585&marart=230&seopth=HIFI-FILTRI-SN21585-FILTRO-NAFTA-P552378-HIFI
P552378,SN21585,FILTRO NAFTA P552378 HIFI,https://e-commerce.michelecaroli.com/wso/pages/user/wso0205.jsf?idaa=299744&codart=SN21585&marart=230&seopth=HIFI-FILTRI-SN21585-FILTRO-NAFTA-P552378-HIFI
P552378,SN21585,FILTRO NAFTA P552378 HIFI,https://e-commerce.michelecaroli.com/wso/pages/user/wso0205.jsf?idaa=299744&codart=SN21585&marart=230&seopth=HIFI-FILTRI-SN21585-FILTRO-NAFTA-P552378-HIFI
P552375,51842,FILTRO OLIO,https://e-commerce.michelecaroli.com/wso/pages/user/wso0205.jsf?idaa=368664&codart=51842&marart=218&seopth=WIX-INDUSTRIAL-HD-51842-FILTRO-OLIO
P552311,P552311,FILTRO OLIO DONALDSON P55-2311 NON ESISTE SU DATABASE DONALDSON,https://e-commerce.michelecaroli.com/wso/pages/user/wso0205.jsf?idaa=157040&codart=P552311&marart=227&seopth=DONALDSON-FILTRI-P552311-FILTRO-OLIO-DONALDSON-P55-2311
P552290,P552290,FILTRO OLIO ESAURITO VEDI P550941 IRTO,https://e-commerce.michelecaroli.com/wso/pages/user/wso0205.jsf?idaa=157039&codart=P552290&marart=227&seopth=DONALDSON-FILTRI-P552290-FILTRO-OLIO-ESAURITO-VEDI-P550941
P552290,P552290,FILTRO OLIO ESAURITO VEDI P550941 IRTO,https://e-commerce.michelecaroli.com/wso/pages/user/wso0205.jsf?idaa=157039&codart=P552290&marart=227&seopth=DONALDSON-FILTRI-P552290-FILTRO-OLIO-ESAURITO-VEDI-P550941
P552253,P552253,FILTRO NAFTA DONALDSON P55-2253,https://e-commerce.michelecaroli.com/wso/pages/user/wso0205.jsf?idaa=157038&codart=P552253&marart=227&seopth=DONALDSON-FILTRI-P552253-FILTRO-NAFTA-DONALDSON-P55-2253
P552250,SN194,FILTRO NAFTA HIFI,https://e-commerce.michelecaroli.com/wso/pages/user/wso0205.jsf?idaa=298909&codart=SN194&marart=230&seopth=HIFI-FILTRI-SN194-FILTRO-NAFTA-HIFI
P552206,57706,FILTRO OLIO,https://e-commerce.michelecaroli.com/wso/pages/user/wso0205.jsf?idaa=368916&codart=57706&marart=218&seopth=WIX-INDUSTRIAL-HD-57706-FILTRO-OLIO
P552081,1901599,,https://e-commerce.michelecaroli.com/wso/pages/user/wso0205.jsf?idaa=529088&codart=1901599&marart=IVECO&seopth=IVECO-1901599-FILTRO-OLIO-IMM-UFI-25-401-00
P551853,P551853,"FUEL FILTER, WATER SEPARATOR SPIN-O",https://e-commerce.michelecaroli.com/wso/pages/user/wso0205.jsf?idaa=441601&codart=P551853&marart=227&seopth=DONALDSON-FILTRI-P551853-FUEL-FILTER-WATER-SEPARATOR-SPIN-O
P551852,SN55002,FILTRO NAFTA P551852 HIFI,https://e-commerce.michelecaroli.com/wso/pages/user/wso0205.jsf?idaa=299391&codart=SN55002&marart=230&seopth=HIFI-FILTRI-SN55002-FILTRO-NAFTA-P551852-HIFI
P551852,SN55002,FILTRO NAFTA P551852 HIFI,https://e-commerce.michelecaroli.com/wso/pages/user/wso0205.jsf?idaa=299391&codart=SN55002&marart=230&seopth=HIFI-FILTRI-SN55002-FILTRO-NAFTA-P551852-HIFI
P551847,P551847,"FUEL FILTER, WATER SEPARATOR SPIN-O",https://e-commerce.michelecaroli.com/wso/pages/user/wso0205.jsf?idaa=441598&codart=P551847&marart=227&seopth=DONALDSON-FILTRI-P551847-FUEL-FILTER-WATER-SEPARATOR-SPIN-O
P551846,SN902610,FILTRO SEPAR. P551846 HIFI,https://e-commerce.michelecaroli.com/wso/pages/user/wso0205.jsf?idaa=395589&codart=SN902610&marart=230&seopth=HIFI-FILTRI-SN902610-FILTRO-SEPAR-P551846-HIFI
P551846,SN902610,FILTRO SEPAR. P551846 HIFI,https://e-commerce.michelecaroli.com/wso/pages/user/wso0205.jsf?idaa=395589&codart=SN902610&marart=230&seopth=HIFI-FILTRI-SN902610-FILTRO-SEPAR-P551846-HIFI
P551844,P551844,"FUEL FILTER, WATER SEPARATOR SPIN-O",https://e-commerce.michelecaroli.com/wso/pages/user/wso0205.jsf?idaa=441596&codart=P551844&marart=227&seopth=DONALDSON-FILTRI-P551844-FUEL-FILTER-WATER-SEPARATOR-SPIN-O
P551780,P551780,FILTRO IDRAULICO,https://e-commerce.michelecaroli.com/wso/pages/user/wso0205.jsf?idaa=311980&codart=P551780&marart=227&seopth=DONALDSON-FILTRI-P551780-FILTRO-IDRAULICO
P551778,51236,FILTRO IDRAULICO,https://e-commerce.michelecaroli.com/wso/pages/user/wso0205.jsf?idaa=368199&codart=51236&marart=218&seopth=WIX-INDUSTRIAL-HD-51236-FILTRO-IDRAULICO
P551761,P551761,FILTRO OLIO DONALDSON P55-1761 FUORI PRODUZIONE VEDI HIFI,https://e-commerce.michelecaroli.com/wso/pages/user/wso0205.jsf?idaa=314165&codart=P551761&marart=227&seopth=DONALDSON-FILTRI-P551761-FILTRO-OLIO-DONALDSON-P55-1761
P551752,SN40586,FILTRO NAFTA HIFI,https://e-commerce.michelecaroli.com/wso/pages/user/wso0205.jsf?idaa=300110&codart=SN40586&marart=230&seopth=HIFI-FILTRI-SN40586-FILTRO-NAFTA-HIFI
P551748,P551748,FILTRO GASOLIO,https://e-commerce.michelecaroli.com/wso/pages/user/wso0205.jsf?idaa=311977&codart=P551748&marart=227&seopth=DONALDSON-FILTRI-P551748-FILTRO-GASOLIO
P551748,P551748,FILTRO GASOLIO,https://e-commerce.michelecaroli.com/wso/pages/user/wso0205.jsf?idaa=311977&codart=P551748&marart=227&seopth=DONALDSON-FILTRI-P551748-FILTRO-GASOLIO
P551453,2654407-ATS,FILTRO OLIO/OIL FILTER,https://e-commerce.michelecaroli.com/wso/pages/user/wso0205.jsf?idaa=485768&codart=2654407-ATS&marart=156&seopth=ATS-RICAMBI-PERKINS-CC-2654407-ATS-FILTRO-OLIO-OIL-FILTER
P551446,2654407-ATS,FILTRO OLIO/OIL FILTER,https://e-commerce.michelecaroli.com/wso/pages/user/wso0205.jsf?idaa=485768&codart=2654407-ATS&marart=156&seopth=ATS-RICAMBI-PERKINS-CC-2654407-ATS-FILTRO-OLIO-OIL-FILTER
P551437,SN70172,FILTRO NAFTA P551437 HIFI,https://e-commerce.michelecaroli.com/wso/pages/user/wso0205.jsf?idaa=299498&codart=SN70172&marart=230&seopth=HIFI-FILTRI-SN70172-FILTRO-NAFTA-P551437-HIFI
P551437,SN70172,FILTRO NAFTA P551437 HIFI,https://e-commerce.michelecaroli.com/wso/pages/user/wso0205.jsf?idaa=299498&codart=SN70172&marart=230&seopth=HIFI-FILTRI-SN70172-FILTRO-NAFTA-P551437-HIFI
P551345,P551345,"LUBE FILTER, CARTRIDGE",https://e-commerce.michelecaroli.com/wso/pages/user/wso0205.jsf?idaa=441587&codart=P551345&marart=227&seopth=DONALDSON-FILTRI-P551345-LUBE-FILTER-CARTRIDGE
P551344,P551344,FILTRO HYDR.DONALDSON P55-1344,https://e-commerce.michelecaroli.com/wso/pages/user/wso0205.jsf?idaa=157683&codart=P551344&marart=227&seopth=DONALDSON-FILTRI-P551344-FILTRO-HYDR-DONALDSON-P55-1344
P551343,T7317,FILTRO OLIO P551343 HIFI,https://e-commerce.michelecaroli.com/wso/pages/user/wso0205.jsf?idaa=395353&codart=T7317&marart=230&seopth=HIFI-FILTRI-T7317-FILTRO-OLIO-P551343-HIFI
P551343,T7317,FILTRO OLIO P551343 HIFI,https://e-commerce.michelecaroli.com/wso/pages/user/wso0205.jsf?idaa=395353&codart=T7317&marart=230&seopth=HIFI-FILTRI-T7317-FILTRO-OLIO-P551343-HIFI
P551339,P551339,FILTRO GASOLIO,https://e-commerce.michelecaroli.com/wso/pages/user/wso0205.jsf?idaa=157681&codart=P551339&marart=227&seopth=DONALDSON-FILTRI-P551339-FILTRO-GASOLIO
P551337,P551337,"FUEL FILTER, CARTRIDGE",https://e-commerce.michelecaroli.com/wso/pages/user/wso0205.jsf?idaa=441586&codart=P551337&marart=227&seopth=DONALDSON-FILTRI-P551337-FUEL-FILTER-CARTRIDGE
P551336,P551336,FILTRO OLIO,https://e-commerce.michelecaroli.com/wso/pages/user/wso0205.jsf?idaa=157679&codart=P551336&marart=227&seopth=DONALDSON-FILTRI-P551336-FILTRO-OLIO
P551335,SN40657,FILTRO NAFTA P551335 HIFI,https://e-commerce.michelecaroli.com/wso/pages/user/wso0205.jsf?idaa=299323&codart=SN40657&marart=230&seopth=HIFI-FILTRI-SN40657-FILTRO-NAFTA-P551335-HIFI
P551335,SN40657,FILTRO NAFTA P551335 HIFI,https://e-commerce.michelecaroli.com/wso/pages/user/wso0205.jsf?idaa=299323&codart=SN40657&marart=230&seopth=HIFI-FILTRI-SN40657-FILTRO-NAFTA-P551335-HIFI
P551331,P551331,FILTRO OLIO DONALDSON P55-1331,https://e-commerce.michelecaroli.com/wso/pages/user/wso0205.jsf?idaa=157675&codart=P551331&marart=227&seopth=DONALDSON-FILTRI-P551331-FILTRO-OLIO-DONALDSON-P55-1331
P551331,P551331,FILTRO OLIO DONALDSON P55-1331,https://e-commerce.michelecaroli.com/wso/pages/user/wso0205.jsf?idaa=157675&codart=P551331&marart=227&seopth=DONALDSON-FILTRI-P551331-FILTRO-OLIO-DONALDSON-P55-1331
P551325,P551238,FILTRO HYDR.ATTUALE P569383,https://e-commerce.michelecaroli.com/wso/pages/user/wso0205.jsf?idaa=156938&codart=P551238&marart=227&seopth=DONALDSON-FILTRI-P551238-FILTRO-HYDR-ATTUALE-P569383
P551305,P551305,FILTRO OLIO DONALDSON P55-1305 NON ESISTE SU DATABASE DONALDSON,https://e-commerce.michelecaroli.com/wso/pages/user/wso0205.jsf?idaa=439231&codart=P551305&marart=227&seopth=DONALDSON-FILTRI-P551305-FILTRO-OLIO-DONALDSON-P55-1305
P551299,51828,FILTRO OLIO,https://e-commerce.michelecaroli.com/wso/pages/user/wso0205.jsf?idaa=368657&codart=51828&marart=218&seopth=WIX-INDUSTRIAL-HD-51828-FILTRO-OLIO
P551294,P551294,FILTRO OLIO,https://e-commerce.michelecaroli.com/wso/pages/user/wso0205.jsf?idaa=311975&codart=P551294&marart=227&seopth=DONALDSON-FILTRI-P551294-FILTRO-OLIO
P551291,P551291,FILTRO OLIO,https://e-commerce.michelecaroli.com/wso/pages/user/wso0205.jsf?idaa=157655&codart=P551291&marart=227&seopth=DONALDSON-FILTRI-P551291-FILTRO-OLIO
P551284,P551284,,https://e-commerce.michelecaroli.com/wso/pages/user/wso0205.jsf?idaa=157651&codart=P551284&marart=227&seopth=DONALDSON-FILTRI-P551284-FILTRO-OLIO-DONALDSON-P55-1284
P551282,SO569,FILTRO NAFTA HIFI,https://e-commerce.michelecaroli.com/wso/pages/user/wso0205.jsf?idaa=416810&codart=SO569&marart=230&seopth=HIFI-FILTRI-SO569-FILTRO-NAFTA-HIFI
P551280,P551280,,https://e-commerce.michelecaroli.com/wso/pages/user/wso0205.jsf?idaa=157650&codart=P551280&marart=227&seopth=DONALDSON-FILTRI-P551280-FILTRO-OLIO-DONALDSON-P55-1280
