Code searched,Matched code,Part Category on Michele,Link to Michele product
P206336,P206336,"TUBING, STRAIGHT, 4 IN (102 MM) OD",https://e-commerce.michelecaroli.com/wso/pages/user/wso0205.jsf?idaa=441156&codart=P206336&marart=227&seopth=DONALDSON-FILTRI-P206336-TUBING-STRAIGHT-4-IN-102-MM-OD
P206335,P206335,"TUBING, STRAIGHT, 3.5 IN (89 MM) OD",https://e-commerce.michelecaroli.com/wso/pages/user/wso0205.jsf?idaa=441155&codart=P206335&marart=227&seopth=DONALDSON-FILTRI-P206335-TUBING-STRAIGHT-3-5-IN-89-MM-OD
P206334,P206334,"TUBING, STRAIGHT, 3 IN (76 MM) OD X",https://e-commerce.michelecaroli.com/wso/pages/user/wso0205.jsf?idaa=441154&codart=P206334&marart=227&seopth=DONALDSON-FILTRI-P206334-TUBING-STRAIGHT-3-IN-76-MM-OD-X
P206333,P206333,"TUBING, STRAIGHT, 2.5 IN (64 MM) OD",https://e-commerce.michelecaroli.com/wso/pages/user/wso0205.jsf?idaa=441153&codart=P206333&marart=227&seopth=DONALDSON-FILTRI-P206333-TUBING-STRAIGHT-2-5-IN-64-MM-OD
P206328,P206328,"REDUCER, 5-4 IN (127-102 MM) OD-ID",https://e-commerce.michelecaroli.com/wso/pages/user/wso0205.jsf?idaa=441151&codart=P206328&marart=227&seopth=DONALDSON-FILTRI-P206328-REDUCER-5-4-IN-127-102-MM-OD-ID
P206327,P206327,"REDUCER, 4-3.5 IN (102-89 MM) OD-ID",https://e-commerce.michelecaroli.com/wso/pages/user/wso0205.jsf?idaa=441150&codart=P206327&marart=227&seopth=DONALDSON-FILTRI-P206327-REDUCER-4-3-5-IN-102-89-MM-OD-ID
P206324,P206324,"REDUCER, 3-2.5 IN (76-64 MM) OD-ID",https://e-commerce.michelecaroli.com/wso/pages/user/wso0205.jsf?idaa=441147&codart=P206324&marart=227&seopth=DONALDSON-FILTRI-P206324-REDUCER-3-2-5-IN-76-64-MM-OD-ID
P206323,P206323,"REDUCER, 5-4 IN (127-102 MM) ID-OD",https://e-commerce.michelecaroli.com/wso/pages/user/wso0205.jsf?idaa=441146&codart=P206323&marart=227&seopth=DONALDSON-FILTRI-P206323-REDUCER-5-4-IN-127-102-MM-ID-OD
P206319,P206319,"REDUCER, 3-2.5 IN (76-64 MM) ID-OD",https://e-commerce.michelecaroli.com/wso/pages/user/wso0205.jsf?idaa=441142&codart=P206319&marart=227&seopth=DONALDSON-FILTRI-P206319-REDUCER-3-2-5-IN-76-64-MM-ID-OD
P206318,P206318,"REDUCER, 6-5 IN (152-127 MM) ID-ID",https://e-commerce.michelecaroli.com/wso/pages/user/wso0205.jsf?idaa=441141&codart=P206318&marart=227&seopth=DONALDSON-FILTRI-P206318-REDUCER-6-5-IN-152-127-MM-ID-ID
P206317,P206317,"REDUCER, 5-4 IN (127-102 MM) ID-ID",https://e-commerce.michelecaroli.com/wso/pages/user/wso0205.jsf?idaa=441140&codart=P206317&marart=227&seopth=DONALDSON-FILTRI-P206317-REDUCER-5-4-IN-127-102-MM-ID-ID
P206315,P206315,"REDUCER, 4-3 IN (102-76 MM) ID-ID",https://e-commerce.michelecaroli.com/wso/pages/user/wso0205.jsf?idaa=441138&codart=P206315&marart=227&seopth=DONALDSON-FILTRI-P206315-REDUCER-4-3-IN-102-76-MM-ID-ID
P206314,P206314,"REDUCER, 3.5-3 IN (89-76 MM) ID-ID",https://e-commerce.michelecaroli.com/wso/pages/user/wso0205.jsf?idaa=441137&codart=P206314&marart=227&seopth=DONALDSON-FILTRI-P206314-REDUCER-3-5-3-IN-89-76-MM-ID-ID
P206302,P206302,"TAILPIPE, 3 IN (76 MM) ID X 12 IN (",https://e-commerce.michelecaroli.com/wso/pages/user/wso0205.jsf?idaa=441128&codart=P206302&marart=227&seopth=DONALDSON-FILTRI-P206302-TAILPIPE-3-IN-76-MM-ID-X-12-IN-
P206284,P207359,"ELBOW, 45 DEGREE 6 IN (152 MM) OD-I",https://e-commerce.michelecaroli.com/wso/pages/user/wso0205.jsf?idaa=441287&codart=P207359&marart=227&seopth=DONALDSON-FILTRI-P207359-ELBOW-45-DEGREE-6-IN-152-MM-OD-I
P206281,P206281,"ELBOW, 45 DEGREE 3.5 IN (89 MM) OD-",https://e-commerce.michelecaroli.com/wso/pages/user/wso0205.jsf?idaa=441122&codart=P206281&marart=227&seopth=DONALDSON-FILTRI-P206281-ELBOW-45-DEGREE-3-5-IN-89-MM-OD-
P206280,P206280,"ELBOW, 45 DEGREE 3 IN (76 MM) OD-ID",https://e-commerce.michelecaroli.com/wso/pages/user/wso0205.jsf?idaa=441121&codart=P206280&marart=227&seopth=DONALDSON-FILTRI-P206280-ELBOW-45-DEGREE-3-IN-76-MM-OD-ID
P206279,P206279,"ELBOW, 45 DEGREE 2.5 IN (64 MM) OD-",https://e-commerce.michelecaroli.com/wso/pages/user/wso0205.jsf?idaa=441120&codart=P206279&marart=227&seopth=DONALDSON-FILTRI-P206279-ELBOW-45-DEGREE-2-5-IN-64-MM-OD-
P204567,42490,FILTRO ARIA,https://e-commerce.michelecaroli.com/wso/pages/user/wso0205.jsf?idaa=366557&codart=42490&marart=218&seopth=WIX-INDUSTRIAL-HD-42490-FILTRO-ARIA
P204555,42490,FILTRO ARIA,https://e-commerce.michelecaroli.com/wso/pages/user/wso0205.jsf?idaa=366557&codart=42490&marart=218&seopth=WIX-INDUSTRIAL-HD-42490-FILTRO-ARIA
P2045,42490,FILTRO ARIA,https://e-commerce.michelecaroli.com/wso/pages/user/wso0205.jsf?idaa=366557&codart=42490&marart=218&seopth=WIX-INDUSTRIAL-HD-42490-FILTRO-ARIA
P2044,51348,FILTRO OLIO# P550335,https://e-commerce.michelecaroli.com/wso/pages/user/wso0205.jsf?idaa=368274&codart=51348&marart=218&seopth=WIX-INDUSTRIAL-HD-51348-FILTRO-OLIO-P550335
P2044,51348,FILTRO OLIO# P550335,https://e-commerce.michelecaroli.com/wso/pages/user/wso0205.jsf?idaa=368274&codart=51348&marart=218&seopth=WIX-INDUSTRIAL-HD-51348-FILTRO-OLIO-P550335
P2041,23.265.00,FILTRO OLIO UFI 23.265.00,https://e-commerce.michelecaroli.com/wso/pages/user/wso0205.jsf?idaa=149484&codart=23.265.00&marart=224&seopth=UFI-SOFIMA-FILTRI-23-265-00-FILTRO-OLIO-UFI-23-265-00
P204,51010,FILTRO OLIO,https://e-commerce.michelecaroli.com/wso/pages/user/wso0205.jsf?idaa=368066&codart=51010&marart=218&seopth=WIX-INDUSTRIAL-HD-51010-FILTRO-OLIO
P204,51010,FILTRO OLIO,https://e-commerce.michelecaroli.com/wso/pages/user/wso0205.jsf?idaa=368066&codart=51010&marart=218&seopth=WIX-INDUSTRIAL-HD-51010-FILTRO-OLIO
P203X,51010,FILTRO OLIO,https://e-commerce.michelecaroli.com/wso/pages/user/wso0205.jsf?idaa=368066&codart=51010&marart=218&seopth=WIX-INDUSTRIAL-HD-51010-FILTRO-OLIO
P203HD,51404,FILTRO IDRAULICO,https://e-commerce.michelecaroli.com/wso/pages/user/wso0205.jsf?idaa=368309&codart=51404&marart=218&seopth=WIX-INDUSTRIAL-HD-51404-FILTRO-IDRAULICO
P203980,P162400,INDICATORE ELETTRICO,https://e-commerce.michelecaroli.com/wso/pages/user/wso0205.jsf?idaa=311847&codart=P162400&marart=227&seopth=DONALDSON-FILTRI-P162400-INDICATORE-ELETTRICO
P203467,42760,FILTRO ARIA,https://e-commerce.michelecaroli.com/wso/pages/user/wso0205.jsf?idaa=366794&codart=42760&marart=218&seopth=WIX-INDUSTRIAL-HD-42760-FILTRO-ARIA
P203455,42760,FILTRO ARIA,https://e-commerce.michelecaroli.com/wso/pages/user/wso0205.jsf?idaa=366794&codart=42760&marart=218&seopth=WIX-INDUSTRIAL-HD-42760-FILTRO-ARIA
P20343,P115202,"CLAMP, HOSE-TYPE LINED",https://e-commerce.michelecaroli.com/wso/pages/user/wso0205.jsf?idaa=440919&codart=P115202&marart=227&seopth=DONALDSON-FILTRI-P115202-CLAMP-HOSE-TYPE-LINED
P20342,P103198,VALVOLA D'EVACUAZIONE DIAM.76,https://e-commerce.michelecaroli.com/wso/pages/user/wso0205.jsf?idaa=154520&codart=P103198&marart=227&seopth=DONALDSON-FILTRI-P103198-VALVOLA-D-EVACUAZIONE-DIAM-76
P2034,42760,FILTRO ARIA,https://e-commerce.michelecaroli.com/wso/pages/user/wso0205.jsf?idaa=366794&codart=42760&marart=218&seopth=WIX-INDUSTRIAL-HD-42760-FILTRO-ARIA
P203,51404,FILTRO IDRAULICO,https://e-commerce.michelecaroli.com/wso/pages/user/wso0205.jsf?idaa=368309&codart=51404&marart=218&seopth=WIX-INDUSTRIAL-HD-51404-FILTRO-IDRAULICO
P203,51404,FILTRO IDRAULICO,https://e-commerce.michelecaroli.com/wso/pages/user/wso0205.jsf?idaa=368309&codart=51404&marart=218&seopth=WIX-INDUSTRIAL-HD-51404-FILTRO-IDRAULICO
P2028,P502020,"LUBE FILTER, SPIN-ON FULL FLOW",https://e-commerce.michelecaroli.com/wso/pages/user/wso0205.jsf?idaa=441443&codart=P502020&marart=227&seopth=DONALDSON-FILTRI-P502020-LUBE-FILTER-SPIN-ON-FULL-FLOW
P126442,42949,FILTRO ARIA,https://e-commerce.michelecaroli.com/wso/pages/user/wso0205.jsf?idaa=366920&codart=42949&marart=218&seopth=WIX-INDUSTRIAL-HD-42949-FILTRO-ARIA
P126343,SA10440,FILTRO ARIA SICUREZZ P119374 HIFI ACCOPPIATO CON SA10368,https://e-commerce.michelecaroli.com/wso/pages/user/wso0205.jsf?idaa=336026&codart=SA10440&marart=230&seopth=HIFI-FILTRI-SA10440-FILTRO-ARIA-SICUREZZ-P119374-HIFI
P126334,SA10384K,FILTRO ARIA ESTERNO P772545 HIFI ACCOPPIATO CON SA10754,https://e-commerce.michelecaroli.com/wso/pages/user/wso0205.jsf?idaa=336010&codart=SA10384K&marart=230&seopth=HIFI-FILTRI-SA10384K-FILTRO-ARIA-ESTERNO-P772545-HIFI
P126227,P126227,"FILTRO ABITACOLO 152,4X647,8X55,6 DONALDSON",https://e-commerce.michelecaroli.com/wso/pages/user/wso0205.jsf?idaa=154678&codart=P126227&marart=227&seopth=DONALDSON-FILTRI-P126227-FILTRO-ABITACOLO-152-4X647-8X55-6
P1262,P552467,TRANSMISSION FILTER KIT,https://e-commerce.michelecaroli.com/wso/pages/user/wso0205.jsf?idaa=441618&codart=P552467&marart=227&seopth=DONALDSON-FILTRI-P552467-TRANSMISSION-FILTER-KIT
P126064,MD-120K,FILTRO ARIA ALCO P181054,https://e-commerce.michelecaroli.com/wso/pages/user/wso0205.jsf?idaa=463489&codart=MD-120K&marart=ALCO&seopth=ALCO-MD-120K-FILTRO-ARIA-ALCO-P181054
P126,SO4003,FILTRO OLIO P502225 HIFI,https://e-commerce.michelecaroli.com/wso/pages/user/wso0205.jsf?idaa=300126&codart=SO4003&marart=230&seopth=HIFI-FILTRI-SO4003-FILTRO-OLIO-P502225-HIFI
P125306,46654,FILTRO ARIA,https://e-commerce.michelecaroli.com/wso/pages/user/wso0205.jsf?idaa=367401&codart=46654&marart=218&seopth=WIX-INDUSTRIAL-HD-46654-FILTRO-ARIA
P124866016140,42236,FILTRO ARIA,https://e-commerce.michelecaroli.com/wso/pages/user/wso0205.jsf?idaa=366396&codart=42236&marart=218&seopth=WIX-INDUSTRIAL-HD-42236-FILTRO-ARIA
P124852,MD-7102,FILTRO ARIA,https://e-commerce.michelecaroli.com/wso/pages/user/wso0205.jsf?idaa=464129&codart=MD-7102&marart=ALCO&seopth=ALCO-MD-7102-FILTRO-ARIA
P124797,46346,FILTRO ARIA,https://e-commerce.michelecaroli.com/wso/pages/user/wso0205.jsf?idaa=367140&codart=46346&marart=218&seopth=WIX-INDUSTRIAL-HD-46346-FILTRO-ARIA
P124551,42622,FILTRO ARIA,https://e-commerce.michelecaroli.com/wso/pages/user/wso0205.jsf?idaa=366675&codart=42622&marart=218&seopth=WIX-INDUSTRIAL-HD-42622-FILTRO-ARIA
P124551,42622,FILTRO ARIA,https://e-commerce.michelecaroli.com/wso/pages/user/wso0205.jsf?idaa=366675&codart=42622&marart=218&seopth=WIX-INDUSTRIAL-HD-42622-FILTRO-ARIA
P124366,P124366,FILTRO ARIA SICUREZZA DONALDSON ABBINATO CON P124370,https://e-commerce.michelecaroli.com/wso/pages/user/wso0205.jsf?idaa=154669&codart=P124366&marart=227&seopth=DONALDSON-FILTRI-P124366-FILTRO-ARIA-SICUREZZA-DONALDSON
P124366,P124366,FILTRO ARIA SICUREZZA DONALDSON ABBINATO CON P124370,https://e-commerce.michelecaroli.com/wso/pages/user/wso0205.jsf?idaa=154669&codart=P124366&marart=227&seopth=DONALDSON-FILTRI-P124366-FILTRO-ARIA-SICUREZZA-DONALDSON
P124178,MD-120K,FILTRO ARIA ALCO P181054,https://e-commerce.michelecaroli.com/wso/pages/user/wso0205.jsf?idaa=463489&codart=MD-120K&marart=ALCO&seopth=ALCO-MD-120K-FILTRO-ARIA-ALCO-P181054
P124154,MD-120K,FILTRO ARIA ALCO P181054,https://e-commerce.michelecaroli.com/wso/pages/user/wso0205.jsf?idaa=463489&codart=MD-120K&marart=ALCO&seopth=ALCO-MD-120K-FILTRO-ARIA-ALCO-P181054
P124069,42543,FILTRO ARIA,https://e-commerce.michelecaroli.com/wso/pages/user/wso0205.jsf?idaa=366607&codart=42543&marart=218&seopth=WIX-INDUSTRIAL-HD-42543-FILTRO-ARIA
P124069,42543,FILTRO ARIA,https://e-commerce.michelecaroli.com/wso/pages/user/wso0205.jsf?idaa=366607&codart=42543&marart=218&seopth=WIX-INDUSTRIAL-HD-42543-FILTRO-ARIA
P124044,SA11884,FILTRO ARIA P181070 HIFI,https://e-commerce.michelecaroli.com/wso/pages/user/wso0205.jsf?idaa=336306&codart=SA11884&marart=230&seopth=HIFI-FILTRI-SA11884-FILTRO-ARIA-P181070-HIFI
P124034,SA10384K,FILTRO ARIA ESTERNO P772545 HIFI ACCOPPIATO CON SA10754,https://e-commerce.michelecaroli.com/wso/pages/user/wso0205.jsf?idaa=336010&codart=SA10384K&marart=230&seopth=HIFI-FILTRI-SA10384K-FILTRO-ARIA-ESTERNO-P772545-HIFI
P124,MD-013,FILTRO OLIO,https://e-commerce.michelecaroli.com/wso/pages/user/wso0205.jsf?idaa=463424&codart=MD-013&marart=ALCO&seopth=ALCO-MD-013-FILTRO-OLIO
P123753,SA14009K,FILTRO ARIA HIFI,https://e-commerce.michelecaroli.com/wso/pages/user/wso0205.jsf?idaa=288854&codart=SA14009K&marart=230&seopth=HIFI-FILTRI-SA14009K-FILTRO-ARIA-HIFI
P123629,42712,FILTRO ARIA,https://e-commerce.michelecaroli.com/wso/pages/user/wso0205.jsf?idaa=366751&codart=42712&marart=218&seopth=WIX-INDUSTRIAL-HD-42712-FILTRO-ARIA
P123440,P123440,"FILTRO ABITACOLO 203,2X432X55,6 DO NALDSON",https://e-commerce.michelecaroli.com/wso/pages/user/wso0205.jsf?idaa=154658&codart=P123440&marart=227&seopth=DONALDSON-FILTRI-P123440-FILTRO-ABITACOLO-203-2X432X55-6-DO
P123412,SA11819,PANNELLO P150135 HIFI,https://e-commerce.michelecaroli.com/wso/pages/user/wso0205.jsf?idaa=336285&codart=SA11819&marart=230&seopth=HIFI-FILTRI-SA11819-PANNELLO-P150135-HIFI
P123405,SA14009K,FILTRO ARIA HIFI,https://e-commerce.michelecaroli.com/wso/pages/user/wso0205.jsf?idaa=288854&codart=SA14009K&marart=230&seopth=HIFI-FILTRI-SA14009K-FILTRO-ARIA-HIFI
P1234,2040TM,FILTRO RACOR 10 MICRON BLU#,https://e-commerce.michelecaroli.com/wso/pages/user/wso0205.jsf?idaa=159116&codart=2040TM&marart=228&seopth=RACOR-PARKER-2040TM-FILTRO-RACOR-10-MICRON-BLU-
P123370,SA14100,FILTRO ARIA P119778 HIFI,https://e-commerce.michelecaroli.com/wso/pages/user/wso0205.jsf?idaa=288876&codart=SA14100&marart=230&seopth=HIFI-FILTRI-SA14100-FILTRO-ARIA-P119778-HIFI
P123316,46618,FILTRO ARIA,https://e-commerce.michelecaroli.com/wso/pages/user/wso0205.jsf?idaa=367367&codart=46618&marart=218&seopth=WIX-INDUSTRIAL-HD-46618-FILTRO-ARIA
P123315,SA14114K,FILTRO ARIA P772564 HIFI,https://e-commerce.michelecaroli.com/wso/pages/user/wso0205.jsf?idaa=288877&codart=SA14114K&marart=230&seopth=HIFI-FILTRI-SA14114K-FILTRO-ARIA-P772564-HIFI
P122854,SA10303K,FILTRO ARIA P181035 HIFI,https://e-commerce.michelecaroli.com/wso/pages/user/wso0205.jsf?idaa=335984&codart=SA10303K&marart=230&seopth=HIFI-FILTRI-SA10303K-FILTRO-ARIA-P181035-HIFI
P122695,P182045,,https://e-commerce.michelecaroli.com/wso/pages/user/wso0205.jsf?idaa=155911&codart=P182045&marart=227&seopth=DONALDSON-FILTRI-P182045-FILTRO-ARIA-SOSTITUITO-DA-P181045
P122694,42890,FILTRO ARIA,https://e-commerce.michelecaroli.com/wso/pages/user/wso0205.jsf?idaa=366876&codart=42890&marart=218&seopth=WIX-INDUSTRIAL-HD-42890-FILTRO-ARIA
P122594,MD-192K,FILTRO ARIA ALCO,https://e-commerce.michelecaroli.com/wso/pages/user/wso0205.jsf?idaa=463524&codart=MD-192K&marart=ALCO&seopth=ALCO-MD-192K-FILTRO-ARIA-ALCO
P122529,SA10301K,FILTRO ARIA HIFI,https://e-commerce.michelecaroli.com/wso/pages/user/wso0205.jsf?idaa=505471&codart=SA10301K&marart=230&seopth=HIFI-FILTRI-SA10301K-FILTRO-ARIA-HIFI
P122517,P182045,,https://e-commerce.michelecaroli.com/wso/pages/user/wso0205.jsf?idaa=155911&codart=P182045&marart=227&seopth=DONALDSON-FILTRI-P182045-FILTRO-ARIA-SOSTITUITO-DA-P181045
P122516,MD-192K,FILTRO ARIA ALCO,https://e-commerce.michelecaroli.com/wso/pages/user/wso0205.jsf?idaa=463524&codart=MD-192K&marart=ALCO&seopth=ALCO-MD-192K-FILTRO-ARIA-ALCO
P122424,42637,FILTRO ARIA,https://e-commerce.michelecaroli.com/wso/pages/user/wso0205.jsf?idaa=366688&codart=42637&marart=218&seopth=WIX-INDUSTRIAL-HD-42637-FILTRO-ARIA
P122424,42637,FILTRO ARIA,https://e-commerce.michelecaroli.com/wso/pages/user/wso0205.jsf?idaa=366688&codart=42637&marart=218&seopth=WIX-INDUSTRIAL-HD-42637-FILTRO-ARIA
P122328,P182045,,https://e-commerce.michelecaroli.com/wso/pages/user/wso0205.jsf?idaa=155911&codart=P182045&marart=227&seopth=DONALDSON-FILTRI-P182045-FILTRO-ARIA-SOSTITUITO-DA-P181045
P1221723,SH52172,FILTRO HYDR. P173485 HIFI,https://e-commerce.michelecaroli.com/wso/pages/user/wso0205.jsf?idaa=293377&codart=SH52172&marart=230&seopth=HIFI-FILTRI-SH52172-FILTRO-HYDR-P173485-HIFI
P122133,SA14100,FILTRO ARIA P119778 HIFI,https://e-commerce.michelecaroli.com/wso/pages/user/wso0205.jsf?idaa=288876&codart=SA14100&marart=230&seopth=HIFI-FILTRI-SA14100-FILTRO-ARIA-P119778-HIFI
P12211712,SH52172,FILTRO HYDR. P173485 HIFI,https://e-commerce.michelecaroli.com/wso/pages/user/wso0205.jsf?idaa=293377&codart=SH52172&marart=230&seopth=HIFI-FILTRI-SH52172-FILTRO-HYDR-P173485-HIFI
P122115,P122115,"FILTRO ABITACOLO 165,1X597X55,7 DO NALDSON",https://e-commerce.michelecaroli.com/wso/pages/user/wso0205.jsf?idaa=154648&codart=P122115&marart=227&seopth=DONALDSON-FILTRI-P122115-FILTRO-ABITACOLO-165-1X597X55-7-DO
P122112,MD-7102,FILTRO ARIA,https://e-commerce.michelecaroli.com/wso/pages/user/wso0205.jsf?idaa=464129&codart=MD-7102&marart=ALCO&seopth=ALCO-MD-7102-FILTRO-ARIA
P122,SO4032,FILTRO OLIO HIFI,https://e-commerce.michelecaroli.com/wso/pages/user/wso0205.jsf?idaa=300132&codart=SO4032&marart=230&seopth=HIFI-FILTRI-SO4032-FILTRO-OLIO-HIFI
P122,SO4032,FILTRO OLIO HIFI,https://e-commerce.michelecaroli.com/wso/pages/user/wso0205.jsf?idaa=300132&codart=SO4032&marart=230&seopth=HIFI-FILTRI-SO4032-FILTRO-OLIO-HIFI
P12179,MD-192K,FILTRO ARIA ALCO,https://e-commerce.michelecaroli.com/wso/pages/user/wso0205.jsf?idaa=463524&codart=MD-192K&marart=ALCO&seopth=ALCO-MD-192K-FILTRO-ARIA-ALCO
P12165,P007191,FASCIA MONTAGGIO P00-7191,https://e-commerce.michelecaroli.com/wso/pages/user/wso0205.jsf?idaa=154488&codart=P007191&marart=227&seopth=DONALDSON-FILTRI-P007191-FASCIA-MONTAGGIO-P00-7191
P121607,P121607,,https://e-commerce.michelecaroli.com/wso/pages/user/wso0205.jsf?idaa=154646&codart=P121607&marart=227&seopth=DONALDSON-FILTRI-P121607-FILTRO-ARIA-DONALDSON-P12-1607
P121557,P121557,FILTRO ARIA OBSOLETO,https://e-commerce.michelecaroli.com/wso/pages/user/wso0205.jsf?idaa=154644&codart=P121557&marart=227&seopth=DONALDSON-FILTRI-P121557-FILTRO-ARIA
P121534,P182063,FILTRO ARIA DONALDSON P18-2063 ABBINATO CON P119778,https://e-commerce.michelecaroli.com/wso/pages/user/wso0205.jsf?idaa=155918&codart=P182063&marart=227&seopth=DONALDSON-FILTRI-P182063-FILTRO-ARIA-DONALDSON-P18-2063
P1214,P1214,,https://e-commerce.michelecaroli.com/wso/pages/user/wso0205.jsf?idaa=154642&codart=P1214&marart=227&seopth=DONALDSON-FILTRI-P1214-RIDUTTORE-A-GOMITO-P12-14
P120304,SA11774,FILTRO ARIA SICUREZZA P120307 HIFI ACCOPPIATO CON SA11773K,https://e-commerce.michelecaroli.com/wso/pages/user/wso0205.jsf?idaa=336260&codart=SA11774&marart=230&seopth=HIFI-FILTRI-SA11774-FILTRO-ARIA-SICUREZZA-P120307-HIFI
P1202,58917,FILTRO TRASMISSIONE,https://e-commerce.michelecaroli.com/wso/pages/user/wso0205.jsf?idaa=368725&codart=58917&marart=218&seopth=WIX-INDUSTRIAL-HD-58917-FILTRO-TRASMISSIONE
P120014,MD-192K,FILTRO ARIA ALCO,https://e-commerce.michelecaroli.com/wso/pages/user/wso0205.jsf?idaa=463524&codart=MD-192K&marart=ALCO&seopth=ALCO-MD-192K-FILTRO-ARIA-ALCO
P120013,SA10385K,FILTRO ARIA P181050# HIFI ABBINATO CON SA14762,https://e-commerce.michelecaroli.com/wso/pages/user/wso0205.jsf?idaa=336011&codart=SA10385K&marart=230&seopth=HIFI-FILTRI-SA10385K-FILTRO-ARIA-P181050-HIFI
P119961,42652,FILTRO ARIA,https://e-commerce.michelecaroli.com/wso/pages/user/wso0205.jsf?idaa=366698&codart=42652&marart=218&seopth=WIX-INDUSTRIAL-HD-42652-FILTRO-ARIA
P119778016140,SA14100,FILTRO ARIA P119778 HIFI,https://e-commerce.michelecaroli.com/wso/pages/user/wso0205.jsf?idaa=288876&codart=SA14100&marart=230&seopth=HIFI-FILTRI-SA14100-FILTRO-ARIA-P119778-HIFI
P119732,MD-372,FILTRO ARIA,https://e-commerce.michelecaroli.com/wso/pages/user/wso0205.jsf?idaa=463642&codart=MD-372&marart=ALCO&seopth=ALCO-MD-372-FILTRO-ARIA
P119695,42119,FILTRO ARIA P181034/P182034,https://e-commerce.michelecaroli.com/wso/pages/user/wso0205.jsf?idaa=366333&codart=42119&marart=218&seopth=WIX-INDUSTRIAL-HD-42119-FILTRO-ARIA-P181034-P182034
P119694,SA10312,FILTRO ARIA HIFI,https://e-commerce.michelecaroli.com/wso/pages/user/wso0205.jsf?idaa=335989&codart=SA10312&marart=230&seopth=HIFI-FILTRI-SA10312-FILTRO-ARIA-HIFI
P119693,42890,FILTRO ARIA,https://e-commerce.michelecaroli.com/wso/pages/user/wso0205.jsf?idaa=366876&codart=42890&marart=218&seopth=WIX-INDUSTRIAL-HD-42890-FILTRO-ARIA
