Code searched,Matched code,Part Category on Michele,Link to Michele product
PSL038,T7315,FILTRO OLIO HIFI,https://e-commerce.michelecaroli.com/wso/pages/user/wso0205.jsf?idaa=395352&codart=T7315&marart=230&seopth=HIFI-FILTRI-T7315-FILTRO-OLIO-HIFI
PSL037,FT7220,FILTRO NAFTA P550049 HIFI,https://e-commerce.michelecaroli.com/wso/pages/user/wso0205.jsf?idaa=394792&codart=FT7220&marart=230&seopth=HIFI-FILTRI-FT7220-FILTRO-NAFTA-P550049-HIFI
PSJJ153Z,33112E,FILTRO NAFTA# P550861,https://e-commerce.michelecaroli.com/wso/pages/user/wso0205.jsf?idaa=368986&codart=33112E&marart=218&seopth=WIX-INDUSTRIAL-HD-33112E-FILTRO-NAFTA-P550861
PSJ183Z,33167E,FILTRO NAFTA# P550060,https://e-commerce.michelecaroli.com/wso/pages/user/wso0205.jsf?idaa=368995&codart=33167E&marart=218&seopth=WIX-INDUSTRIAL-HD-33167E-FILTRO-NAFTA-P550060
PSJ183Z,33167E,FILTRO NAFTA# P550060,https://e-commerce.michelecaroli.com/wso/pages/user/wso0205.jsf?idaa=368995&codart=33167E&marart=218&seopth=WIX-INDUSTRIAL-HD-33167E-FILTRO-NAFTA-P550060
PSJ183,33167E,FILTRO NAFTA# P550060,https://e-commerce.michelecaroli.com/wso/pages/user/wso0205.jsf?idaa=368995&codart=33167E&marart=218&seopth=WIX-INDUSTRIAL-HD-33167E-FILTRO-NAFTA-P550060
PSJ182,33167E,FILTRO NAFTA# P550060,https://e-commerce.michelecaroli.com/wso/pages/user/wso0205.jsf?idaa=368995&codart=33167E&marart=218&seopth=WIX-INDUSTRIAL-HD-33167E-FILTRO-NAFTA-P550060
PSJ154Z,33112E,FILTRO NAFTA# P550861,https://e-commerce.michelecaroli.com/wso/pages/user/wso0205.jsf?idaa=368986&codart=33112E&marart=218&seopth=WIX-INDUSTRIAL-HD-33112E-FILTRO-NAFTA-P550861
PSJ153Z,33112E,FILTRO NAFTA# P550861,https://e-commerce.michelecaroli.com/wso/pages/user/wso0205.jsf?idaa=368986&codart=33112E&marart=218&seopth=WIX-INDUSTRIAL-HD-33112E-FILTRO-NAFTA-P550861
PSJ153,P550349,FILTRO GASOLIO,https://e-commerce.michelecaroli.com/wso/pages/user/wso0205.jsf?idaa=156557&codart=P550349&marart=227&seopth=DONALDSON-FILTRI-P550349-FILTRO-GASOLIO
PSH96H,SH59314,FILTRO HYDR. P551323 HIFI,https://e-commerce.michelecaroli.com/wso/pages/user/wso0205.jsf?idaa=295143&codart=SH59314&marart=230&seopth=HIFI-FILTRI-SH59314-FILTRO-HYDR-P551323-HIFI
PSH962H,SH56255,FILTRO HYDR. P763577 HIFI,https://e-commerce.michelecaroli.com/wso/pages/user/wso0205.jsf?idaa=294092&codart=SH56255&marart=230&seopth=HIFI-FILTRI-SH56255-FILTRO-HYDR-P763577-HIFI
PSH962,SP-1414,FILTRO OLIO ALCO,https://e-commerce.michelecaroli.com/wso/pages/user/wso0205.jsf?idaa=466102&codart=SP-1414&marart=ALCO&seopth=ALCO-SP-1414-FILTRO-OLIO-ALCO
PSH616,51455,FILTRO IDRAULICO P164375,https://e-commerce.michelecaroli.com/wso/pages/user/wso0205.jsf?idaa=368350&codart=51455&marart=218&seopth=WIX-INDUSTRIAL-HD-51455-FILTRO-IDRAULICO-P164375
PSH582,57220,FILTRO OLIO,https://e-commerce.michelecaroli.com/wso/pages/user/wso0205.jsf?idaa=368777&codart=57220&marart=218&seopth=WIX-INDUSTRIAL-HD-57220-FILTRO-OLIO
PSH486,SH59314,FILTRO HYDR. P551323 HIFI,https://e-commerce.michelecaroli.com/wso/pages/user/wso0205.jsf?idaa=295143&codart=SH59314&marart=230&seopth=HIFI-FILTRI-SH59314-FILTRO-HYDR-P551323-HIFI
PSH26056,51551,FILTRO IDRAULICO,https://e-commerce.michelecaroli.com/wso/pages/user/wso0205.jsf?idaa=368432&codart=51551&marart=218&seopth=WIX-INDUSTRIAL-HD-51551-FILTRO-IDRAULICO
PSH211,SH56761,FILTRO HYDR. P165880 HIFI,https://e-commerce.michelecaroli.com/wso/pages/user/wso0205.jsf?idaa=294223&codart=SH56761&marart=230&seopth=HIFI-FILTRI-SH56761-FILTRO-HYDR-P165880-HIFI
PSH140,51551,FILTRO IDRAULICO,https://e-commerce.michelecaroli.com/wso/pages/user/wso0205.jsf?idaa=368432&codart=51551&marart=218&seopth=WIX-INDUSTRIAL-HD-51551-FILTRO-IDRAULICO
PSH084,51730,FILTRO IDRAULICO WIX P165569,https://e-commerce.michelecaroli.com/wso/pages/user/wso0205.jsf?idaa=368584&codart=51730&marart=218&seopth=WIX-INDUSTRIAL-HD-51730-FILTRO-IDRAULICO-WIX-P165569
PSD4701,P550730,,https://e-commerce.michelecaroli.com/wso/pages/user/wso0205.jsf?idaa=156767&codart=P550730&marart=227&seopth=DONALDSON-FILTRI-P550730-SOSTITUITO-DA-P551852
PSD470,P550730,,https://e-commerce.michelecaroli.com/wso/pages/user/wso0205.jsf?idaa=156767&codart=P550730&marart=227&seopth=DONALDSON-FILTRI-P550730-SOSTITUITO-DA-P551852
PSC84,95008E,FILTRO NAFTA# P550495,https://e-commerce.michelecaroli.com/wso/pages/user/wso0205.jsf?idaa=369625&codart=95008E&marart=218&seopth=WIX-INDUSTRIAL-HD-95008E-FILTRO-NAFTA-P550495
PSC80,24.120.00,FILTRO NAFTA,https://e-commerce.michelecaroli.com/wso/pages/user/wso0205.jsf?idaa=370201&codart=24.120.00&marart=UFIHD&seopth=UFI-HD-24-120-00-FILTRO-NAFTA
PSC744,SN185,FILTRO NAFTA P557440# HIFI,https://e-commerce.michelecaroli.com/wso/pages/user/wso0205.jsf?idaa=298907&codart=SN185&marart=230&seopth=HIFI-FILTRI-SN185-FILTRO-NAFTA-P557440-HIFI
PSC722,SP-821,FILTRO CARB.,https://e-commerce.michelecaroli.com/wso/pages/user/wso0205.jsf?idaa=466319&codart=SP-821&marart=ALCO&seopth=ALCO-SP-821-FILTRO-CARB-
PSC6191,SP-902,FILTRO CARB.,https://e-commerce.michelecaroli.com/wso/pages/user/wso0205.jsf?idaa=466374&codart=SP-902&marart=ALCO&seopth=ALCO-SP-902-FILTRO-CARB-
PSC496,SN1251,FILTRO NAFTA P550248 HIFI,https://e-commerce.michelecaroli.com/wso/pages/user/wso0205.jsf?idaa=298896&codart=SN1251&marart=230&seopth=HIFI-FILTRI-SN1251-FILTRO-NAFTA-P550248-HIFI
PSC410,SN5038,FILTRO NAFTA P551329 HIFI,https://e-commerce.michelecaroli.com/wso/pages/user/wso0205.jsf?idaa=299361&codart=SN5038&marart=230&seopth=HIFI-FILTRI-SN5038-FILTRO-NAFTA-P551329-HIFI
PSC3132,SN216,FILTRO NAFTA P554347 HIFI,https://e-commerce.michelecaroli.com/wso/pages/user/wso0205.jsf?idaa=299762&codart=SN216&marart=230&seopth=HIFI-FILTRI-SN216-FILTRO-NAFTA-P554347-HIFI
PSC200,33353,FILTRO NAFTA,https://e-commerce.michelecaroli.com/wso/pages/user/wso0205.jsf?idaa=365344&codart=33353&marart=218&seopth=WIX-INDUSTRIAL-HD-33353-FILTRO-NAFTA
PSC139,SN206,FILTRO NAFTA P556916 HIFI,https://e-commerce.michelecaroli.com/wso/pages/user/wso0205.jsf?idaa=299720&codart=SN206&marart=230&seopth=HIFI-FILTRI-SN206-FILTRO-NAFTA-P556916-HIFI
PSC138,33118,FILTRO NAFTA P556915,https://e-commerce.michelecaroli.com/wso/pages/user/wso0205.jsf?idaa=365835&codart=33118&marart=218&seopth=WIX-INDUSTRIAL-HD-33118-FILTRO-NAFTA-P556915
PSC100,24.308.00,FILTRO NAFTA UFI 24.308.00,https://e-commerce.michelecaroli.com/wso/pages/user/wso0205.jsf?idaa=148896&codart=24.308.00&marart=UFIHD&seopth=UFI-HD-24-308-00-FILTRO-NAFTA-UFI-24-308-00
PSC065,SN158,FILTRO NAFTA HIFI,https://e-commerce.michelecaroli.com/wso/pages/user/wso0205.jsf?idaa=298904&codart=SN158&marart=230&seopth=HIFI-FILTRI-SN158-FILTRO-NAFTA-HIFI
PSA331,P552071,FILTRO ACQUA DONALDSON conf.12 50 M ICRON,https://e-commerce.michelecaroli.com/wso/pages/user/wso0205.jsf?idaa=157025&codart=P552071&marart=227&seopth=DONALDSON-FILTRI-P552071-FILTRO-ACQUA-DONALDSON-conf-12-50-M
PSA299,P552071,FILTRO ACQUA DONALDSON conf.12 50 M ICRON,https://e-commerce.michelecaroli.com/wso/pages/user/wso0205.jsf?idaa=157025&codart=P552071&marart=227&seopth=DONALDSON-FILTRI-P552071-FILTRO-ACQUA-DONALDSON-conf-12-50-M
PS9809,WF8364,"FILTRO CARB.REN. CLIO III, MODUS",https://e-commerce.michelecaroli.com/wso/pages/user/wso0205.jsf?idaa=143363&codart=WF8364&marart=219&seopth=WIX-AUTO-FILTRI-WF8364-FILTRO-CARB-REN-CLIO-III-MODUS
PS9809,WF8364,"FILTRO CARB.REN. CLIO III, MODUS",https://e-commerce.michelecaroli.com/wso/pages/user/wso0205.jsf?idaa=143363&codart=WF8364&marart=219&seopth=WIX-AUTO-FILTRI-WF8364-FILTRO-CARB-REN-CLIO-III-MODUS
PS9804,WF8357,"FILTRO CARB.REN. CLIO II, KANGOOSUZ UKI JIMNY",https://e-commerce.michelecaroli.com/wso/pages/user/wso0205.jsf?idaa=143356&codart=WF8357&marart=219&seopth=WIX-AUTO-FILTRI-WF8357-FILTRO-CARB-REN-CLIO-II-KANGOOSUZ
PS980,WF8322,"FILTRO CARB.REN. ESPACE III (96-02) , KANGOO, LAGUNA I, LAGUNA II, MAST",https://e-commerce.michelecaroli.com/wso/pages/user/wso0205.jsf?idaa=143321&codart=WF8322&marart=219&seopth=WIX-AUTO-FILTRI-WF8322-FILTRO-CARB-REN-ESPACE-III-96-02-
PS9794,SN922630,FILTRO NAFTA HIFI P502594,https://e-commerce.michelecaroli.com/wso/pages/user/wso0205.jsf?idaa=395610&codart=SN922630&marart=230&seopth=HIFI-FILTRI-SN922630-FILTRO-NAFTA-HIFI-P502594
PS962H,SH56255,FILTRO HYDR. P763577 HIFI,https://e-commerce.michelecaroli.com/wso/pages/user/wso0205.jsf?idaa=294092&codart=SH56255&marart=230&seopth=HIFI-FILTRI-SH56255-FILTRO-HYDR-P763577-HIFI
PS962,SO040,FILTRO OLIO P553771# HIFI,https://e-commerce.michelecaroli.com/wso/pages/user/wso0205.jsf?idaa=300659&codart=SO040&marart=230&seopth=HIFI-FILTRI-SO040-FILTRO-OLIO-P553771-HIFI
PS959,51061,FILTRO OLIO,https://e-commerce.michelecaroli.com/wso/pages/user/wso0205.jsf?idaa=368085&codart=51061&marart=218&seopth=WIX-INDUSTRIAL-HD-51061-FILTRO-OLIO
PS9301,WF8334,FILTRO CARB.HON. ACCORD VII (98-02),https://e-commerce.michelecaroli.com/wso/pages/user/wso0205.jsf?idaa=143333&codart=WF8334&marart=219&seopth=WIX-AUTO-FILTRI-WF8334-FILTRO-CARB-HON-ACCORD-VII-98-02-
PS921,WF8152,"FILTRO CARB.FIAT ALBEA, PALIO, SEIC ENTO, SIENA, STRADA, UNO",https://e-commerce.michelecaroli.com/wso/pages/user/wso0205.jsf?idaa=143213&codart=WF8152&marart=219&seopth=WIX-AUTO-FILTRI-WF8152-FILTRO-CARB-FIAT-ALBEA-PALIO-SEIC
PS913,WF8147,FILTRO NAFTA,https://e-commerce.michelecaroli.com/wso/pages/user/wso0205.jsf?idaa=144038&codart=WF8147&marart=219&seopth=WIX-AUTO-FILTRI-WF8147-FILTRO-NAFTA
PS903640,SP-821,FILTRO CARB.,https://e-commerce.michelecaroli.com/wso/pages/user/wso0205.jsf?idaa=466319&codart=SP-821&marart=ALCO&seopth=ALCO-SP-821-FILTRO-CARB-
PS900,2654403-ATS,FILTRO OLIO/OIL FILTER# PERKINS,https://e-commerce.michelecaroli.com/wso/pages/user/wso0205.jsf?idaa=485766&codart=2654403-ATS&marart=156&seopth=ATS-RICAMBI-PERKINS-CC-2654403-ATS-FILTRO-OLIO-OIL-FILTER-PERKINS
PS893,WF8143,"FILTRO CARB.MITS. COLT II, COLT III , DELICIA, GALANT III (84-87), GALA",https://e-commerce.michelecaroli.com/wso/pages/user/wso0205.jsf?idaa=144035&codart=WF8143&marart=219&seopth=WIX-AUTO-FILTRI-WF8143-FILTRO-CARB-MITS-COLT-II-COLT-III
PS877,500318246,PREFILTRO IVECO DAILY III,https://e-commerce.michelecaroli.com/wso/pages/user/wso0205.jsf?idaa=444209&codart=500318246&marart=IVECO&seopth=IVECO-500318246-PREFILTRO-IVECO-DAILY-III
PS8688,P551040,FILTRO NAFTA ATTUALE P551047,https://e-commerce.michelecaroli.com/wso/pages/user/wso0205.jsf?idaa=156901&codart=P551040&marart=227&seopth=DONALDSON-FILTRI-P551040-FILTRO-NAFTA-ATTUALE-P551047
PS868,WF8136,"FILTRO CARB.HON. ACCORD III (85-89) , ACCORD IV (90-93), CIVIC IV, PREL",https://e-commerce.michelecaroli.com/wso/pages/user/wso0205.jsf?idaa=144030&codart=WF8136&marart=219&seopth=WIX-AUTO-FILTRI-WF8136-FILTRO-CARB-HON-ACCORD-III-85-89-
PS8654,WF8266,"FILTRO CARB.FO.FIESTA V (02-), FUSI ON/FUSION PLUSMAZDA 2",https://e-commerce.michelecaroli.com/wso/pages/user/wso0205.jsf?idaa=143290&codart=WF8266&marart=219&seopth=WIX-AUTO-FILTRI-WF8266-FILTRO-CARB-FO-FIESTA-V-02-FUSI
PS862,WF8134,FILTRO NAFTA,https://e-commerce.michelecaroli.com/wso/pages/user/wso0205.jsf?idaa=144028&codart=WF8134&marart=219&seopth=WIX-AUTO-FILTRI-WF8134-FILTRO-NAFTA
PS846,WF8131,"FILTRO CARB.BEDFO.. DAI.. HYUN.. IS UZU. MITS. CELESTE, COLT, CORDIA, D",https://e-commerce.michelecaroli.com/wso/pages/user/wso0205.jsf?idaa=144025&codart=WF8131&marart=219&seopth=WIX-AUTO-FILTRI-WF8131-FILTRO-CARB-BEDFO-DAI-HYUN-IS
PS8450,P555060,FILTRO NAFTA DONALDSON P55-5060,https://e-commerce.michelecaroli.com/wso/pages/user/wso0205.jsf?idaa=157128&codart=P555060&marart=227&seopth=DONALDSON-FILTRI-P555060-FILTRO-NAFTA-DONALDSON-P55-5060
PS826,51348,FILTRO OLIO# P550335,https://e-commerce.michelecaroli.com/wso/pages/user/wso0205.jsf?idaa=368274&codart=51348&marart=218&seopth=WIX-INDUSTRIAL-HD-51348-FILTRO-OLIO-P550335
PS825,T6720,FILTRO OLIO P550078 HIFI,https://e-commerce.michelecaroli.com/wso/pages/user/wso0205.jsf?idaa=395341&codart=T6720&marart=230&seopth=HIFI-FILTRI-T6720-FILTRO-OLIO-P550078-HIFI
PS8187,P550730,,https://e-commerce.michelecaroli.com/wso/pages/user/wso0205.jsf?idaa=156767&codart=P550730&marart=227&seopth=DONALDSON-FILTRI-P550730-SOSTITUITO-DA-P551852
PS8186,33232,FILTRO NAFTA,https://e-commerce.michelecaroli.com/wso/pages/user/wso0205.jsf?idaa=365901&codart=33232&marart=218&seopth=WIX-INDUSTRIAL-HD-33232-FILTRO-NAFTA
PS8132,P553375,FILTRO NAFTA DONALDSON P55-3375,https://e-commerce.michelecaroli.com/wso/pages/user/wso0205.jsf?idaa=157081&codart=P553375&marart=227&seopth=DONALDSON-FILTRI-P553375-FILTRO-NAFTA-DONALDSON-P55-3375
PS7716,P551767,FILTRO NAFTA ATTUALE P551067,https://e-commerce.michelecaroli.com/wso/pages/user/wso0205.jsf?idaa=157728&codart=P551767&marart=227&seopth=DONALDSON-FILTRI-P551767-FILTRO-NAFTA-ATTUALE-P551067
PS7714,SN922630,FILTRO NAFTA HIFI P502594,https://e-commerce.michelecaroli.com/wso/pages/user/wso0205.jsf?idaa=395610&codart=SN922630&marart=230&seopth=HIFI-FILTRI-SN922630-FILTRO-NAFTA-HIFI-P502594
PS7713,P550436,FILTRO NAFTA DONALDSON P55-0436,https://e-commerce.michelecaroli.com/wso/pages/user/wso0205.jsf?idaa=156614&codart=P550436&marart=227&seopth=DONALDSON-FILTRI-P550436-FILTRO-NAFTA-DONALDSON-P55-0436
PS7569A,33543,FILTRO NAFTA,https://e-commerce.michelecaroli.com/wso/pages/user/wso0205.jsf?idaa=365952&codart=33543&marart=218&seopth=WIX-INDUSTRIAL-HD-33543-FILTRO-NAFTA
PS744,SN185,FILTRO NAFTA P557440# HIFI,https://e-commerce.michelecaroli.com/wso/pages/user/wso0205.jsf?idaa=298907&codart=SN185&marart=230&seopth=HIFI-FILTRI-SN185-FILTRO-NAFTA-P557440-HIFI
PS7412,P550401,ATTUALE P551424,https://e-commerce.michelecaroli.com/wso/pages/user/wso0205.jsf?idaa=156594&codart=P550401&marart=227&seopth=DONALDSON-FILTRI-P550401-ATTUALE-P551424
PS7409,P550398,ATTUALE P551427,https://e-commerce.michelecaroli.com/wso/pages/user/wso0205.jsf?idaa=156591&codart=P550398&marart=227&seopth=DONALDSON-FILTRI-P550398-ATTUALE-P551427
PS7408,P550397,FILTRO GASOLIO CANCELLATO VEDI P551 424,https://e-commerce.michelecaroli.com/wso/pages/user/wso0205.jsf?idaa=156590&codart=P550397&marart=227&seopth=DONALDSON-FILTRI-P550397-FILTRO-GASOLIO-CANCELLATO-VEDI-P551
PS7407,P550351,ATTUALE P551423,https://e-commerce.michelecaroli.com/wso/pages/user/wso0205.jsf?idaa=156558&codart=P550351&marart=227&seopth=DONALDSON-FILTRI-P550351-ATTUALE-P551423
PS7331,P270541,TETTUCCIO PARAPIOGGIA,https://e-commerce.michelecaroli.com/wso/pages/user/wso0205.jsf?idaa=155946&codart=P270541&marart=227&seopth=DONALDSON-FILTRI-P270541-TETTUCCIO-PARAPIOGGIA
PS731,33358SE,FILTRO GASOLIO P553004,https://e-commerce.michelecaroli.com/wso/pages/user/wso0205.jsf?idaa=348479&codart=33358SE&marart=219&seopth=WIX-AUTO-FILTRI-33358SE-FILTRO-GASOLIO-P553004
PS7172,P558040,,https://e-commerce.michelecaroli.com/wso/pages/user/wso0205.jsf?idaa=157184&codart=P558040&marart=227&seopth=DONALDSON-FILTRI-P558040-FILTRO-NAFTA-SEP-P55-8040
PS7171,P550730,,https://e-commerce.michelecaroli.com/wso/pages/user/wso0205.jsf?idaa=156767&codart=P550730&marart=227&seopth=DONALDSON-FILTRI-P550730-SOSTITUITO-DA-P551852
PS7170,P550548,,https://e-commerce.michelecaroli.com/wso/pages/user/wso0205.jsf?idaa=156670&codart=P550548&marart=227&seopth=DONALDSON-FILTRI-P550548-SOSTITUITO-DAL-P551056
PS7149,P552440,FILTRO GASOLIO,https://e-commerce.michelecaroli.com/wso/pages/user/wso0205.jsf?idaa=157049&codart=P552440&marart=227&seopth=DONALDSON-FILTRI-P552440-FILTRO-GASOLIO
PS714,SO580,FILTRO OLIO P550008# HIFI,https://e-commerce.michelecaroli.com/wso/pages/user/wso0205.jsf?idaa=300199&codart=SO580&marart=230&seopth=HIFI-FILTRI-SO580-FILTRO-OLIO-P550008-HIFI
PS6838,SN1212,FILTRO NAFTA P558000 HIFI,https://e-commerce.michelecaroli.com/wso/pages/user/wso0205.jsf?idaa=298888&codart=SN1212&marart=230&seopth=HIFI-FILTRI-SN1212-FILTRO-NAFTA-P558000-HIFI
PS6835,P550687,FILTRO NAFTA ATTUALE P552216,https://e-commerce.michelecaroli.com/wso/pages/user/wso0205.jsf?idaa=156742&codart=P550687&marart=227&seopth=DONALDSON-FILTRI-P550687-FILTRO-NAFTA-ATTUALE-P552216
PS6833,P558040,,https://e-commerce.michelecaroli.com/wso/pages/user/wso0205.jsf?idaa=157184&codart=P558040&marart=227&seopth=DONALDSON-FILTRI-P558040-FILTRO-NAFTA-SEP-P55-8040
PS6831,P555003,,https://e-commerce.michelecaroli.com/wso/pages/user/wso0205.jsf?idaa=157125&codart=P555003&marart=227&seopth=DONALDSON-FILTRI-P555003-SOSTITUITO
PS6829,P550901,"FUEL FILTER, WATER SEPARATOR SPIN-O",https://e-commerce.michelecaroli.com/wso/pages/user/wso0205.jsf?idaa=441568&codart=P550901&marart=227&seopth=DONALDSON-FILTRI-P550901-FUEL-FILTER-WATER-SEPARATOR-SPIN-O
PS67682,P207332,"ELBOW, 90 DEGREE 5 IN (127 MM) OD-O",https://e-commerce.michelecaroli.com/wso/pages/user/wso0205.jsf?idaa=441275&codart=P207332&marart=227&seopth=DONALDSON-FILTRI-P207332-ELBOW-90-DEGREE-5-IN-127-MM-OD-O
PS675,2654407-ATS,FILTRO OLIO/OIL FILTER,https://e-commerce.michelecaroli.com/wso/pages/user/wso0205.jsf?idaa=485768&codart=2654407-ATS&marart=156&seopth=ATS-RICAMBI-PERKINS-CC-2654407-ATS-FILTRO-OLIO-OIL-FILTER
PS67253,X004539,"SEAL CLAMP, 6 IN (152 MM) STAINLESS",https://e-commerce.michelecaroli.com/wso/pages/user/wso0205.jsf?idaa=443369&codart=X004539&marart=227&seopth=DONALDSON-FILTRI-X004539-SEAL-CLAMP-6-IN-152-MM-STAINLESS
PS6554A,P553375,FILTRO NAFTA DONALDSON P55-3375,https://e-commerce.michelecaroli.com/wso/pages/user/wso0205.jsf?idaa=157081&codart=P553375&marart=227&seopth=DONALDSON-FILTRI-P553375-FILTRO-NAFTA-DONALDSON-P55-3375
PS6554,P553375,FILTRO NAFTA DONALDSON P55-3375,https://e-commerce.michelecaroli.com/wso/pages/user/wso0205.jsf?idaa=157081&codart=P553375&marart=227&seopth=DONALDSON-FILTRI-P553375-FILTRO-NAFTA-DONALDSON-P55-3375
PS62,SO780,FILTRO OLIO P550047 HIFI,https://e-commerce.michelecaroli.com/wso/pages/user/wso0205.jsf?idaa=301372&codart=SO780&marart=230&seopth=HIFI-FILTRI-SO780-FILTRO-OLIO-P550047-HIFI
PS6191,SP-902,FILTRO CARB.,https://e-commerce.michelecaroli.com/wso/pages/user/wso0205.jsf?idaa=466374&codart=SP-902&marart=ALCO&seopth=ALCO-SP-902-FILTRO-CARB-
PS5A,P551305,FILTRO OLIO DONALDSON P55-1305 NON ESISTE SU DATABASE DONALDSON,https://e-commerce.michelecaroli.com/wso/pages/user/wso0205.jsf?idaa=439231&codart=P551305&marart=227&seopth=DONALDSON-FILTRI-P551305-FILTRO-OLIO-DONALDSON-P55-1305
PS570,P550731,ATTUALE PP59126,https://e-commerce.michelecaroli.com/wso/pages/user/wso0205.jsf?idaa=156768&codart=P550731&marart=227&seopth=DONALDSON-FILTRI-P550731-ATTUALE-PP59126
PS569,P550731,ATTUALE PP59126,https://e-commerce.michelecaroli.com/wso/pages/user/wso0205.jsf?idaa=156768&codart=P550731&marart=227&seopth=DONALDSON-FILTRI-P550731-ATTUALE-PP59126
PS568,SP-1014,FILTRO OLIO ALCO,https://e-commerce.michelecaroli.com/wso/pages/user/wso0205.jsf?idaa=465824&codart=SP-1014&marart=ALCO&seopth=ALCO-SP-1014-FILTRO-OLIO-ALCO
PS567,SO3360,FILTRO OLIO P550157 HIFI,https://e-commerce.michelecaroli.com/wso/pages/user/wso0205.jsf?idaa=300906&codart=SO3360&marart=230&seopth=HIFI-FILTRI-SO3360-FILTRO-OLIO-P550157-HIFI
PS562,51133,FILTRO OLIO# P550132,https://e-commerce.michelecaroli.com/wso/pages/user/wso0205.jsf?idaa=368125&codart=51133&marart=218&seopth=WIX-INDUSTRIAL-HD-51133-FILTRO-OLIO-P550132
PS561,2654407-ATS,FILTRO OLIO/OIL FILTER,https://e-commerce.michelecaroli.com/wso/pages/user/wso0205.jsf?idaa=485768&codart=2654407-ATS&marart=156&seopth=ATS-RICAMBI-PERKINS-CC-2654407-ATS-FILTRO-OLIO-OIL-FILTER
PS5138,FT3228,FILTRO NAFTA P551351 HIFI,https://e-commerce.michelecaroli.com/wso/pages/user/wso0205.jsf?idaa=394786&codart=FT3228&marart=230&seopth=HIFI-FILTRI-FT3228-FILTRO-NAFTA-P551351-HIFI
PS50,P550173,FILTRO OLIO ATTUALE P550935,https://e-commerce.michelecaroli.com/wso/pages/user/wso0205.jsf?idaa=156489&codart=P550173&marart=227&seopth=DONALDSON-FILTRI-P550173-FILTRO-OLIO-ATTUALE-P550935
PS4922,FT1182,FILTRO NAFTA P550385 HIFI,https://e-commerce.michelecaroli.com/wso/pages/user/wso0205.jsf?idaa=394780&codart=FT1182&marart=230&seopth=HIFI-FILTRI-FT1182-FILTRO-NAFTA-P550385-HIFI
