Code searched,Matched code,Part Category on Michele,Link to Michele product
P85843,SA10440,FILTRO ARIA SICUREZZ P119374 HIFI ACCOPPIATO CON SA10368,https://e-commerce.michelecaroli.com/wso/pages/user/wso0205.jsf?idaa=336026&codart=SA10440&marart=230&seopth=HIFI-FILTRI-SA10440-FILTRO-ARIA-SICUREZZ-P119374-HIFI
P85842,42119,FILTRO ARIA P181034/P182034,https://e-commerce.michelecaroli.com/wso/pages/user/wso0205.jsf?idaa=366333&codart=42119&marart=218&seopth=WIX-INDUSTRIAL-HD-42119-FILTRO-ARIA-P181034-P182034
P85841,P103198,VALVOLA D'EVACUAZIONE DIAM.76,https://e-commerce.michelecaroli.com/wso/pages/user/wso0205.jsf?idaa=154520&codart=P103198&marart=227&seopth=DONALDSON-FILTRI-P103198-VALVOLA-D-EVACUAZIONE-DIAM-76
P85785,SAIN01AF016201,,https://e-commerce.michelecaroli.com/wso/pages/user/wso0205.jsf?idaa=438695&codart=SAIN01AF016201&marart=230&seopth=HIFI-FILTRI-SAIN01AF016201-FILTRO
P85672,SAT01SDB127001,,https://e-commerce.michelecaroli.com/wso/pages/user/wso0205.jsf?idaa=438562&codart=SAT01SDB127001&marart=230&seopth=HIFI-FILTRI-SAT01SDB127001-FILTRO
P85664,SAT01SAB127001,,https://e-commerce.michelecaroli.com/wso/pages/user/wso0205.jsf?idaa=438642&codart=SAT01SAB127001&marart=230&seopth=HIFI-FILTRI-SAT01SAB127001-FILTRO
P85570,H000349,FASCIA MONTAGGIO H00-0349,https://e-commerce.michelecaroli.com/wso/pages/user/wso0205.jsf?idaa=154168&codart=H000349&marart=227&seopth=DONALDSON-FILTRI-H000349-FASCIA-MONTAGGIO-H00-0349
P854,33073,FILTRO NAFTA,https://e-commerce.michelecaroli.com/wso/pages/user/wso0205.jsf?idaa=365761&codart=33073&marart=218&seopth=WIX-INDUSTRIAL-HD-33073-FILTRO-NAFTA
P85196,P004307,FASCIA MONTAGGIO P00-4307,https://e-commerce.michelecaroli.com/wso/pages/user/wso0205.jsf?idaa=154486&codart=P004307&marart=227&seopth=DONALDSON-FILTRI-P004307-FASCIA-MONTAGGIO-P00-4307
P8519,57084,FILTRO OLIO,https://e-commerce.michelecaroli.com/wso/pages/user/wso0205.jsf?idaa=369410&codart=57084&marart=218&seopth=WIX-INDUSTRIAL-HD-57084-FILTRO-OLIO
P85149,MD-7392K,FILTRO ARIA,https://e-commerce.michelecaroli.com/wso/pages/user/wso0205.jsf?idaa=464238&codart=MD-7392K&marart=ALCO&seopth=ALCO-MD-7392K-FILTRO-ARIA
P85149,MD-7392K,FILTRO ARIA,https://e-commerce.michelecaroli.com/wso/pages/user/wso0205.jsf?idaa=464238&codart=MD-7392K&marart=ALCO&seopth=ALCO-MD-7392K-FILTRO-ARIA
P85148,SA11774,FILTRO ARIA SICUREZZA P120307 HIFI ACCOPPIATO CON SA11773K,https://e-commerce.michelecaroli.com/wso/pages/user/wso0205.jsf?idaa=336260&codart=SA11774&marart=230&seopth=HIFI-FILTRI-SA11774-FILTRO-ARIA-SICUREZZA-P120307-HIFI
P85148,SA11774,FILTRO ARIA SICUREZZA P120307 HIFI ACCOPPIATO CON SA11773K,https://e-commerce.michelecaroli.com/wso/pages/user/wso0205.jsf?idaa=336260&codart=SA11774&marart=230&seopth=HIFI-FILTRI-SA11774-FILTRO-ARIA-SICUREZZA-P120307-HIFI
P85059,P182063,FILTRO ARIA DONALDSON P18-2063 ABBINATO CON P119778,https://e-commerce.michelecaroli.com/wso/pages/user/wso0205.jsf?idaa=155918&codart=P182063&marart=227&seopth=DONALDSON-FILTRI-P182063-FILTRO-ARIA-DONALDSON-P18-2063
P85059,P182063,FILTRO ARIA DONALDSON P18-2063 ABBINATO CON P119778,https://e-commerce.michelecaroli.com/wso/pages/user/wso0205.jsf?idaa=155918&codart=P182063&marart=227&seopth=DONALDSON-FILTRI-P182063-FILTRO-ARIA-DONALDSON-P18-2063
P85058,SA14100,FILTRO ARIA P119778 HIFI,https://e-commerce.michelecaroli.com/wso/pages/user/wso0205.jsf?idaa=288876&codart=SA14100&marart=230&seopth=HIFI-FILTRI-SA14100-FILTRO-ARIA-P119778-HIFI
P85058,SA14100,FILTRO ARIA P119778 HIFI,https://e-commerce.michelecaroli.com/wso/pages/user/wso0205.jsf?idaa=288876&codart=SA14100&marart=230&seopth=HIFI-FILTRI-SA14100-FILTRO-ARIA-P119778-HIFI
P85057,P112803,VALVOLA D'EVACUAZIONE DIAM.76,https://e-commerce.michelecaroli.com/wso/pages/user/wso0205.jsf?idaa=154572&codart=P112803&marart=227&seopth=DONALDSON-FILTRI-P112803-VALVOLA-D-EVACUAZIONE-DIAM-76
P85057,P112803,VALVOLA D'EVACUAZIONE DIAM.76,https://e-commerce.michelecaroli.com/wso/pages/user/wso0205.jsf?idaa=154572&codart=P112803&marart=227&seopth=DONALDSON-FILTRI-P112803-VALVOLA-D-EVACUAZIONE-DIAM-76
P850553,G120332,"AIR CLEANER, STG DONACLONE TUBULAR",https://e-commerce.michelecaroli.com/wso/pages/user/wso0205.jsf?idaa=442455&codart=G120332&marart=227&seopth=DONALDSON-FILTRI-G120332-AIR-CLEANER-STG-DONACLONE-TUBULAR
P850510,SA14009K,FILTRO ARIA HIFI,https://e-commerce.michelecaroli.com/wso/pages/user/wso0205.jsf?idaa=288854&codart=SA14009K&marart=230&seopth=HIFI-FILTRI-SA14009K-FILTRO-ARIA-HIFI
P850,51050,FILTRO OLIO,https://e-commerce.michelecaroli.com/wso/pages/user/wso0205.jsf?idaa=368079&codart=51050&marart=218&seopth=WIX-INDUSTRIAL-HD-51050-FILTRO-OLIO
P8490,P551315,FILTRO NAFTA conf.12,https://e-commerce.michelecaroli.com/wso/pages/user/wso0205.jsf?idaa=157667&codart=P551315&marart=227&seopth=DONALDSON-FILTRI-P551315-FILTRO-NAFTA-conf-12
P847,SO7035,FILTRO OLIO P550563 HIFI,https://e-commerce.michelecaroli.com/wso/pages/user/wso0205.jsf?idaa=300450&codart=SO7035&marart=230&seopth=HIFI-FILTRI-SO7035-FILTRO-OLIO-P550563-HIFI
P8465,P173521,"HYDRAULIC FILTER, SPIN-ON DURAMAX",https://e-commerce.michelecaroli.com/wso/pages/user/wso0205.jsf?idaa=441065&codart=P173521&marart=227&seopth=DONALDSON-FILTRI-P173521-HYDRAULIC-FILTER-SPIN-ON-DURAMAX
P8463,51729,FILTRO IDRAULICO,https://e-commerce.michelecaroli.com/wso/pages/user/wso0205.jsf?idaa=368583&codart=51729&marart=218&seopth=WIX-INDUSTRIAL-HD-51729-FILTRO-IDRAULICO
P8434,33358SE,FILTRO GASOLIO P553004,https://e-commerce.michelecaroli.com/wso/pages/user/wso0205.jsf?idaa=348479&codart=33358SE&marart=219&seopth=WIX-AUTO-FILTRI-33358SE-FILTRO-GASOLIO-P553004
P836,SO599,FILTRO OLIO HIFI,https://e-commerce.michelecaroli.com/wso/pages/user/wso0205.jsf?idaa=300207&codart=SO599&marart=230&seopth=HIFI-FILTRI-SO599-FILTRO-OLIO-HIFI
P83579,51407XE,FILTRO IDRAULICO,https://e-commerce.michelecaroli.com/wso/pages/user/wso0205.jsf?idaa=369116&codart=51407XE&marart=218&seopth=WIX-INDUSTRIAL-HD-51407XE-FILTRO-IDRAULICO
P832X,33512,FILTRO NAFTA,https://e-commerce.michelecaroli.com/wso/pages/user/wso0205.jsf?idaa=365932&codart=33512&marart=218&seopth=WIX-INDUSTRIAL-HD-33512-FILTRO-NAFTA
P8318,P174675,FILTRO HYDR.DONALDSON P17-4 675,https://e-commerce.michelecaroli.com/wso/pages/user/wso0205.jsf?idaa=155655&codart=P174675&marart=227&seopth=DONALDSON-FILTRI-P174675-FILTRO-HYDR-DONALDSON-P17-4-675
P8317,SP-1445,FILTRO IDRAULICO,https://e-commerce.michelecaroli.com/wso/pages/user/wso0205.jsf?idaa=466131&codart=SP-1445&marart=ALCO&seopth=ALCO-SP-1445-FILTRO-IDRAULICO
P83150,1561.02,PASTIGLIA FR.TOY. Auris II,https://e-commerce.michelecaroli.com/wso/pages/user/wso0205.jsf?idaa=312920&codart=1561.02&marart=REMS&seopth=REMSA-1561-02-PASTIGLIA-FR-TOY-Auris-II
P83137,h002436,"PRE FILTRO TOP SPIN 2,5 64X162X146 MM",https://e-commerce.michelecaroli.com/wso/pages/user/wso0205.jsf?idaa=154217&codart=h002436&marart=227&seopth=DONALDSON-FILTRI-h002436-PRE-FILTRO-TOP-SPIN-2-5
P83137,h002436,"PRE FILTRO TOP SPIN 2,5 64X162X146 MM",https://e-commerce.michelecaroli.com/wso/pages/user/wso0205.jsf?idaa=154217&codart=h002436&marart=227&seopth=DONALDSON-FILTRI-h002436-PRE-FILTRO-TOP-SPIN-2-5
P83100,0621.10,PASTIGLIA FR.TOY. Previa II,https://e-commerce.michelecaroli.com/wso/pages/user/wso0205.jsf?idaa=182195&codart=0621.10&marart=REMS&seopth=REMSA-0621-10-PASTIGLIA-FR-TOY-Previa-II
P830T,33512,FILTRO NAFTA,https://e-commerce.michelecaroli.com/wso/pages/user/wso0205.jsf?idaa=365932&codart=33512&marart=218&seopth=WIX-INDUSTRIAL-HD-33512-FILTRO-NAFTA
P83090,X002325,,https://e-commerce.michelecaroli.com/wso/pages/user/wso0205.jsf?idaa=534813&codart=X002325&marart=227&seopth=DONALDSON-FILTRI-X002325-RESTRICTION-INDICATOR-KIT
P83089,24171,FILTRO ARIA,https://e-commerce.michelecaroli.com/wso/pages/user/wso0205.jsf?idaa=365512&codart=24171&marart=218&seopth=WIX-INDUSTRIAL-HD-24171-FILTRO-ARIA
P83089,24171,FILTRO ARIA,https://e-commerce.michelecaroli.com/wso/pages/user/wso0205.jsf?idaa=365512&codart=24171&marart=218&seopth=WIX-INDUSTRIAL-HD-24171-FILTRO-ARIA
P8306,P170089,,https://e-commerce.michelecaroli.com/wso/pages/user/wso0205.jsf?idaa=155073&codart=P170089&marart=227&seopth=DONALDSON-FILTRI-P170089-FILTRO-HYDR-DONALDSON-P17-0089
P829,SO941,FILTRO OLIO P550361 HIFI,https://e-commerce.michelecaroli.com/wso/pages/user/wso0205.jsf?idaa=301517&codart=SO941&marart=230&seopth=HIFI-FILTRI-SO941-FILTRO-OLIO-P550361-HIFI
P828,P552459,FILTRO IDRAULICO,https://e-commerce.michelecaroli.com/wso/pages/user/wso0205.jsf?idaa=311986&codart=P552459&marart=227&seopth=DONALDSON-FILTRI-P552459-FILTRO-IDRAULICO
P828,P552459,FILTRO IDRAULICO,https://e-commerce.michelecaroli.com/wso/pages/user/wso0205.jsf?idaa=311986&codart=P552459&marart=227&seopth=DONALDSON-FILTRI-P552459-FILTRO-IDRAULICO
P8263,FT6245,FILTRO NAFTA P552564 HIFI,https://e-commerce.michelecaroli.com/wso/pages/user/wso0205.jsf?idaa=394790&codart=FT6245&marart=230&seopth=HIFI-FILTRI-FT6245-FILTRO-NAFTA-P552564-HIFI
P825X,SN109,FILTRO NAFTA P553261 HIFI,https://e-commerce.michelecaroli.com/wso/pages/user/wso0205.jsf?idaa=298873&codart=SN109&marart=230&seopth=HIFI-FILTRI-SN109-FILTRO-NAFTA-P553261-HIFI
P825T,SN109,FILTRO NAFTA P553261 HIFI,https://e-commerce.michelecaroli.com/wso/pages/user/wso0205.jsf?idaa=298873&codart=SN109&marart=230&seopth=HIFI-FILTRI-SN109-FILTRO-NAFTA-P553261-HIFI
P825O,SN109,FILTRO NAFTA P553261 HIFI,https://e-commerce.michelecaroli.com/wso/pages/user/wso0205.jsf?idaa=298873&codart=SN109&marart=230&seopth=HIFI-FILTRI-SN109-FILTRO-NAFTA-P553261-HIFI
P8259964,SA16068,FILTRO ARIA P827655 HIFI,https://e-commerce.michelecaroli.com/wso/pages/user/wso0205.jsf?idaa=289053&codart=SA16068&marart=230&seopth=HIFI-FILTRI-SA16068-FILTRO-ARIA-P827655-HIFI
P825769,MD-7560S,FILTRO ARIA,https://e-commerce.michelecaroli.com/wso/pages/user/wso0205.jsf?idaa=464335&codart=MD-7560S&marart=ALCO&seopth=ALCO-MD-7560S-FILTRO-ARIA
P8253X,SN109,FILTRO NAFTA P553261 HIFI,https://e-commerce.michelecaroli.com/wso/pages/user/wso0205.jsf?idaa=298873&codart=SN109&marart=230&seopth=HIFI-FILTRI-SN109-FILTRO-NAFTA-P553261-HIFI
P8251,33512,FILTRO NAFTA,https://e-commerce.michelecaroli.com/wso/pages/user/wso0205.jsf?idaa=365932&codart=33512&marart=218&seopth=WIX-INDUSTRIAL-HD-33512-FILTRO-NAFTA
P825,33167FE,FILTRO NAFTA# P550860,https://e-commerce.michelecaroli.com/wso/pages/user/wso0205.jsf?idaa=368996&codart=33167FE&marart=218&seopth=WIX-INDUSTRIAL-HD-33167FE-FILTRO-NAFTA-P550860
P825,33167FE,FILTRO NAFTA# P550860,https://e-commerce.michelecaroli.com/wso/pages/user/wso0205.jsf?idaa=368996&codart=33167FE&marart=218&seopth=WIX-INDUSTRIAL-HD-33167FE-FILTRO-NAFTA-P550860
P824,SN158,FILTRO NAFTA HIFI,https://e-commerce.michelecaroli.com/wso/pages/user/wso0205.jsf?idaa=298904&codart=SN158&marart=230&seopth=HIFI-FILTRI-SN158-FILTRO-NAFTA-HIFI
P824,SN158,FILTRO NAFTA HIFI,https://e-commerce.michelecaroli.com/wso/pages/user/wso0205.jsf?idaa=298904&codart=SN158&marart=230&seopth=HIFI-FILTRI-SN158-FILTRO-NAFTA-HIFI
P823295,ASR989201AG043,FILTRO ARIA HIFI,https://e-commerce.michelecaroli.com/wso/pages/user/wso0205.jsf?idaa=396140&codart=ASR989201AG043&marart=230&seopth=HIFI-FILTRI-ASR989201AG043-FILTRO-ARIA-HIFI
P82301,SA10385K,FILTRO ARIA P181050# HIFI ABBINATO CON SA14762,https://e-commerce.michelecaroli.com/wso/pages/user/wso0205.jsf?idaa=336011&codart=SA10385K&marart=230&seopth=HIFI-FILTRI-SA10385K-FILTRO-ARIA-P181050-HIFI
P823,51348,FILTRO OLIO# P550335,https://e-commerce.michelecaroli.com/wso/pages/user/wso0205.jsf?idaa=368274&codart=51348&marart=218&seopth=WIX-INDUSTRIAL-HD-51348-FILTRO-OLIO-P550335
P823,51348,FILTRO OLIO# P550335,https://e-commerce.michelecaroli.com/wso/pages/user/wso0205.jsf?idaa=368274&codart=51348&marart=218&seopth=WIX-INDUSTRIAL-HD-51348-FILTRO-OLIO-P550335
P822145,MD-372,FILTRO ARIA,https://e-commerce.michelecaroli.com/wso/pages/user/wso0205.jsf?idaa=463642&codart=MD-372&marart=ALCO&seopth=ALCO-MD-372-FILTRO-ARIA
P822143,SA10440,FILTRO ARIA SICUREZZ P119374 HIFI ACCOPPIATO CON SA10368,https://e-commerce.michelecaroli.com/wso/pages/user/wso0205.jsf?idaa=336026&codart=SA10440&marart=230&seopth=HIFI-FILTRI-SA10440-FILTRO-ARIA-SICUREZZ-P119374-HIFI
P822141,46514,FILTRO ARIA,https://e-commerce.michelecaroli.com/wso/pages/user/wso0205.jsf?idaa=367281&codart=46514&marart=218&seopth=WIX-INDUSTRIAL-HD-46514-FILTRO-ARIA
P821963J,MD-7712S,FILTRO ARIA,https://e-commerce.michelecaroli.com/wso/pages/user/wso0205.jsf?idaa=464511&codart=MD-7712S&marart=ALCO&seopth=ALCO-MD-7712S-FILTRO-ARIA
P820634,SA10926,FILTRO ARIA SICUREZZA P124047 HIFI ABBINATO CON SA10925,https://e-commerce.michelecaroli.com/wso/pages/user/wso0205.jsf?idaa=336108&codart=SA10926&marart=230&seopth=HIFI-FILTRI-SA10926-FILTRO-ARIA-SICUREZZA-P124047-HIFI
P82030HFB,P566461,"HYDRAULIC FILTER, CARTRIDGE DT",https://e-commerce.michelecaroli.com/wso/pages/user/wso0205.jsf?idaa=441871&codart=P566461&marart=227&seopth=DONALDSON-FILTRI-P566461-HYDRAULIC-FILTER-CARTRIDGE-DT
P820,P551761,FILTRO OLIO DONALDSON P55-1761 FUORI PRODUZIONE VEDI HIFI,https://e-commerce.michelecaroli.com/wso/pages/user/wso0205.jsf?idaa=314165&codart=P551761&marart=227&seopth=DONALDSON-FILTRI-P551761-FILTRO-OLIO-DONALDSON-P55-1761
P8191,SN5269,,https://e-commerce.michelecaroli.com/wso/pages/user/wso0205.jsf?idaa=299382&codart=SN5269&marart=230&seopth=HIFI-FILTRI-SN5269-FILTRO-NAFTA-P551318-HIFI
P8191,SN5269,,https://e-commerce.michelecaroli.com/wso/pages/user/wso0205.jsf?idaa=299382&codart=SN5269&marart=230&seopth=HIFI-FILTRI-SN5269-FILTRO-NAFTA-P551318-HIFI
P818X,P550672,FILTRO NAFTA DONALDSON P55-0672,https://e-commerce.michelecaroli.com/wso/pages/user/wso0205.jsf?idaa=156731&codart=P550672&marart=227&seopth=DONALDSON-FILTRI-P550672-FILTRO-NAFTA-DONALDSON-P55-0672
P817549,SA16018,FILTRO ARIA P775687 HIFI,https://e-commerce.michelecaroli.com/wso/pages/user/wso0205.jsf?idaa=289022&codart=SA16018&marart=230&seopth=HIFI-FILTRI-SA16018-FILTRO-ARIA-P775687-HIFI
P815N,51010,FILTRO OLIO,https://e-commerce.michelecaroli.com/wso/pages/user/wso0205.jsf?idaa=368066&codart=51010&marart=218&seopth=WIX-INDUSTRIAL-HD-51010-FILTRO-OLIO
P815N,51010,FILTRO OLIO,https://e-commerce.michelecaroli.com/wso/pages/user/wso0205.jsf?idaa=368066&codart=51010&marart=218&seopth=WIX-INDUSTRIAL-HD-51010-FILTRO-OLIO
P815K,51010,FILTRO OLIO,https://e-commerce.michelecaroli.com/wso/pages/user/wso0205.jsf?idaa=368066&codart=51010&marart=218&seopth=WIX-INDUSTRIAL-HD-51010-FILTRO-OLIO
P815K,51010,FILTRO OLIO,https://e-commerce.michelecaroli.com/wso/pages/user/wso0205.jsf?idaa=368066&codart=51010&marart=218&seopth=WIX-INDUSTRIAL-HD-51010-FILTRO-OLIO
P815881,SA14009K,FILTRO ARIA HIFI,https://e-commerce.michelecaroli.com/wso/pages/user/wso0205.jsf?idaa=288854&codart=SA14009K&marart=230&seopth=HIFI-FILTRI-SA14009K-FILTRO-ARIA-HIFI
P815870,MD-120K,FILTRO ARIA ALCO P181054,https://e-commerce.michelecaroli.com/wso/pages/user/wso0205.jsf?idaa=463489&codart=MD-120K&marart=ALCO&seopth=ALCO-MD-120K-FILTRO-ARIA-ALCO-P181054
P815857,SA10385K,FILTRO ARIA P181050# HIFI ABBINATO CON SA14762,https://e-commerce.michelecaroli.com/wso/pages/user/wso0205.jsf?idaa=336011&codart=SA10385K&marart=230&seopth=HIFI-FILTRI-SA10385K-FILTRO-ARIA-P181050-HIFI
P815851,SA10385K,FILTRO ARIA P181050# HIFI ABBINATO CON SA14762,https://e-commerce.michelecaroli.com/wso/pages/user/wso0205.jsf?idaa=336011&codart=SA10385K&marart=230&seopth=HIFI-FILTRI-SA10385K-FILTRO-ARIA-P181050-HIFI
P81573,P002348,FASCIA MONTAGGIO PO0-2348,https://e-commerce.michelecaroli.com/wso/pages/user/wso0205.jsf?idaa=154481&codart=P002348&marart=227&seopth=DONALDSON-FILTRI-P002348-FASCIA-MONTAGGIO-PO0-2348
P81571,SA10385K,FILTRO ARIA P181050# HIFI ABBINATO CON SA14762,https://e-commerce.michelecaroli.com/wso/pages/user/wso0205.jsf?idaa=336011&codart=SA10385K&marart=230&seopth=HIFI-FILTRI-SA10385K-FILTRO-ARIA-P181050-HIFI
P8153,MD-337C,FILTRO OLIO ALCO,https://e-commerce.michelecaroli.com/wso/pages/user/wso0205.jsf?idaa=463617&codart=MD-337C&marart=ALCO&seopth=ALCO-MD-337C-FILTRO-OLIO-ALCO
P815288,P815288,FILTRO ARIA,https://e-commerce.michelecaroli.com/wso/pages/user/wso0205.jsf?idaa=158233&codart=P815288&marart=227&seopth=DONALDSON-FILTRI-P815288-FILTRO-ARIA
P815288,P815288,FILTRO ARIA,https://e-commerce.michelecaroli.com/wso/pages/user/wso0205.jsf?idaa=158233&codart=P815288&marart=227&seopth=DONALDSON-FILTRI-P815288-FILTRO-ARIA
P815278,P812800,FILTRO ARIA,https://e-commerce.michelecaroli.com/wso/pages/user/wso0205.jsf?idaa=158227&codart=P812800&marart=227&seopth=DONALDSON-FILTRI-P812800-FILTRO-ARIA
P8150,51010,FILTRO OLIO,https://e-commerce.michelecaroli.com/wso/pages/user/wso0205.jsf?idaa=368066&codart=51010&marart=218&seopth=WIX-INDUSTRIAL-HD-51010-FILTRO-OLIO
P815,SO7007,FILTRO OLIO HIFI,https://e-commerce.michelecaroli.com/wso/pages/user/wso0205.jsf?idaa=300423&codart=SO7007&marart=230&seopth=HIFI-FILTRI-SO7007-FILTRO-OLIO-HIFI
P814539,SA10440,FILTRO ARIA SICUREZZ P119374 HIFI ACCOPPIATO CON SA10368,https://e-commerce.michelecaroli.com/wso/pages/user/wso0205.jsf?idaa=336026&codart=SA10440&marart=230&seopth=HIFI-FILTRI-SA10440-FILTRO-ARIA-SICUREZZ-P119374-HIFI
P8132,SO7106,FILTRO OLIO P550170 HIFI,https://e-commerce.michelecaroli.com/wso/pages/user/wso0205.jsf?idaa=301239&codart=SO7106&marart=230&seopth=HIFI-FILTRI-SO7106-FILTRO-OLIO-P550170-HIFI
P812924,42330,FILTRO ARIA P780522,https://e-commerce.michelecaroli.com/wso/pages/user/wso0205.jsf?idaa=366456&codart=42330&marart=218&seopth=WIX-INDUSTRIAL-HD-42330-FILTRO-ARIA-P780522
P812924,42330,FILTRO ARIA P780522,https://e-commerce.michelecaroli.com/wso/pages/user/wso0205.jsf?idaa=366456&codart=42330&marart=218&seopth=WIX-INDUSTRIAL-HD-42330-FILTRO-ARIA-P780522
P812924,42330,FILTRO ARIA P780522,https://e-commerce.michelecaroli.com/wso/pages/user/wso0205.jsf?idaa=366456&codart=42330&marart=218&seopth=WIX-INDUSTRIAL-HD-42330-FILTRO-ARIA-P780522
P812800,P812800,FILTRO ARIA,https://e-commerce.michelecaroli.com/wso/pages/user/wso0205.jsf?idaa=158227&codart=P812800&marart=227&seopth=DONALDSON-FILTRI-P812800-FILTRO-ARIA
P812612,MD-192K,FILTRO ARIA ALCO,https://e-commerce.michelecaroli.com/wso/pages/user/wso0205.jsf?idaa=463524&codart=MD-192K&marart=ALCO&seopth=ALCO-MD-192K-FILTRO-ARIA-ALCO
P812507,P812507,FILTRO ARIA DONALDSON P81-2507,https://e-commerce.michelecaroli.com/wso/pages/user/wso0205.jsf?idaa=158226&codart=P812507&marart=227&seopth=DONALDSON-FILTRI-P812507-FILTRO-ARIA-DONALDSON-P81-2507
P812506,SA10385K,FILTRO ARIA P181050# HIFI ABBINATO CON SA14762,https://e-commerce.michelecaroli.com/wso/pages/user/wso0205.jsf?idaa=336011&codart=SA10385K&marart=230&seopth=HIFI-FILTRI-SA10385K-FILTRO-ARIA-P181050-HIFI
P812417,P812417,FILTRO ARIA DONALDSON P81-2417,https://e-commerce.michelecaroli.com/wso/pages/user/wso0205.jsf?idaa=158225&codart=P812417&marart=227&seopth=DONALDSON-FILTRI-P812417-FILTRO-ARIA-DONALDSON-P81-2417
P812405,P182046,FILTRO ARIA DONALDSON P18-2046 ABBINATO C/FILTRO INTERNO P119373,https://e-commerce.michelecaroli.com/wso/pages/user/wso0205.jsf?idaa=155912&codart=P182046&marart=227&seopth=DONALDSON-FILTRI-P182046-FILTRO-ARIA-DONALDSON-P18-2046
P812044,42033,FILTRO ARIA,https://e-commerce.michelecaroli.com/wso/pages/user/wso0205.jsf?idaa=366263&codart=42033&marart=218&seopth=WIX-INDUSTRIAL-HD-42033-FILTRO-ARIA
P812017,MD-7716,FILTRO ARIA,https://e-commerce.michelecaroli.com/wso/pages/user/wso0205.jsf?idaa=464513&codart=MD-7716&marart=ALCO&seopth=ALCO-MD-7716-FILTRO-ARIA
